Ticker,Company,Country,Sector,RawTicker,Exchange,ISIN,WeightPct,SourceFund,SourceURL,SourceAsOf,MappingConfidence
AFFLE.NS,AFFLE I LTD,India,Communication Services,AFFLE,National Stock Exchange Of India,,0.29,EWY,https://www.ishares.com/us/products/239660/ishares-msci-south-korea-etf/1467271812596.ajax?dataType=fund&fileName=EWY_holdings&fileType=csv,,high
HFCL.NS,HFCL LTD,India,Communication Services,HFCL,National Stock Exchange Of India,,0.21,EWY,https://www.ishares.com/us/products/239660/ishares-msci-south-korea-etf/1467271812596.ajax?dataType=fund&fileName=EWY_holdings&fileType=csv,,high
NAZARA.NS,NAZARA TECHNOLOGIES LTD,India,Communication Services,NAZARA,National Stock Exchange Of India,,0.12,EWY,https://www.ishares.com/us/products/239660/ishares-msci-south-korea-etf/1467271812596.ajax?dataType=fund&fileName=EWY_holdings&fileType=csv,,high
NETWORK18.NS,NETWORK18 MEDIA AND INVESTMENTS LT,India,Communication Services,NETWORK18,National Stock Exchange Of India,,0.06,EWY,https://www.ishares.com/us/products/239660/ishares-msci-south-korea-etf/1467271812596.ajax?dataType=fund&fileName=EWY_holdings&fileType=csv,,high
PVRINOX.NS,PVR INOX LTD,India,Communication Services,PVRINOX,National Stock Exchange Of India,,0.25,EWY,https://www.ishares.com/us/products/239660/ishares-msci-south-korea-etf/1467271812596.ajax?dataType=fund&fileName=EWY_holdings&fileType=csv,,high
RAILTEL.NS,RAILTEL CORP OF INDIA LTD,India,Communication Services,RAILTEL,National Stock Exchange Of India,,0.09,EWY,https://www.ishares.com/us/products/239660/ishares-msci-south-korea-etf/1467271812596.ajax?dataType=fund&fileName=EWY_holdings&fileType=csv,,high
SAREGAMA.NS,SAREGAMA INDIA LTD,India,Communication Services,SAREGAMA,National Stock Exchange Of India,,0.08,EWY,https://www.ishares.com/us/products/239660/ishares-msci-south-korea-etf/1467271812596.ajax?dataType=fund&fileName=EWY_holdings&fileType=csv,,high
SUNTV.NS,SUN TV NETWORK LTD,India,Communication Services,SUNTV,National Stock Exchange Of India,,0.19,EWY,https://www.ishares.com/us/products/239660/ishares-msci-south-korea-etf/1467271812596.ajax?dataType=fund&fileName=EWY_holdings&fileType=csv,,high
TTML.NS,TATA TELESERVICES MAHARASHTRA LTD,India,Communication Services,TTML,National Stock Exchange Of India,,0.06,EWY,https://www.ishares.com/us/products/239660/ishares-msci-south-korea-etf/1467271812596.ajax?dataType=fund&fileName=EWY_holdings&fileType=csv,,high
TIPSMUSIC.NS,TIPS MUSIC LTD,India,Communication Services,TIPSMUSIC,National Stock Exchange Of India,,0.07,EWY,https://www.ishares.com/us/products/239660/ishares-msci-south-korea-etf/1467271812596.ajax?dataType=fund&fileName=EWY_holdings&fileType=csv,,high
ZEEL.NS,ZEE ENTERTAINMENT ENTERPRISES LTD,India,Communication Services,ZEEL,National Stock Exchange Of India,,0.2,EWY,https://www.ishares.com/us/products/239660/ishares-msci-south-korea-etf/1467271812596.ajax?dataType=fund&fileName=EWY_holdings&fileType=csv,,high
ABFRL.NS,ADITYA BIRLA FASHION AND RETAIL LT,India,Consumer Discretionary,ABFRL,National Stock Exchange Of India,,0.1,EWY,https://www.ishares.com/us/products/239660/ishares-msci-south-korea-etf/1467271812596.ajax?dataType=fund&fileName=EWY_holdings&fileType=csv,,high
ABLBL.NS,ADITYA BIRLA LIFESTYLE BRANDS LTD,India,Consumer Discretionary,ABLBL,National Stock Exchange Of India,,0.14,EWY,https://www.ishares.com/us/products/239660/ishares-msci-south-korea-etf/1467271812596.ajax?dataType=fund&fileName=EWY_holdings&fileType=csv,,high
AVL.NS,ADITYA VISION LTD,India,Consumer Discretionary,AVL,National Stock Exchange Of India,,0.09,EWY,https://www.ishares.com/us/products/239660/ishares-msci-south-korea-etf/1467271812596.ajax?dataType=fund&fileName=EWY_holdings&fileType=csv,,high
ALOKINDS.NS,ALOK INDUSTRIES LTD,India,Consumer Discretionary,ALOKINDS,National Stock Exchange Of India,,0.05,EWY,https://www.ishares.com/us/products/239660/ishares-msci-south-korea-etf/1467271812596.ajax?dataType=fund&fileName=EWY_holdings&fileType=csv,,high
AMBER.NS,AMBER ENTERPRISES INDIA LTD,India,Consumer Discretionary,AMBER,National Stock Exchange Of India,,0.51,EWY,https://www.ishares.com/us/products/239660/ishares-msci-south-korea-etf/1467271812596.ajax?dataType=fund&fileName=EWY_holdings&fileType=csv,,high
APOLLOTYRE.NS,APOLLO TYRES LTD,India,Consumer Discretionary,APOLLOTYRE,National Stock Exchange Of India,,0.41,EWY,https://www.ishares.com/us/products/239660/ishares-msci-south-korea-etf/1467271812596.ajax?dataType=fund&fileName=EWY_holdings&fileType=csv,,high
ARVINDFASN.NS,ARVIND FASHIONS LTD,India,Consumer Discretionary,ARVINDFASN,National Stock Exchange Of India,,0.11,EWY,https://www.ishares.com/us/products/239660/ishares-msci-south-korea-etf/1467271812596.ajax?dataType=fund&fileName=EWY_holdings&fileType=csv,,high
ARVIND.NS,ARVIND LTD,India,Consumer Discretionary,ARVIND,National Stock Exchange Of India,,0.17,EWY,https://www.ishares.com/us/products/239660/ishares-msci-south-korea-etf/1467271812596.ajax?dataType=fund&fileName=EWY_holdings&fileType=csv,,high
ASAHIINDIA.NS,ASAHI INDIA GLASS LTD,India,Consumer Discretionary,ASAHIINDIA,National Stock Exchange Of India,,0.21,EWY,https://www.ishares.com/us/products/239660/ishares-msci-south-korea-etf/1467271812596.ajax?dataType=fund&fileName=EWY_holdings&fileType=csv,,high
ASKAUTOLTD.NS,ASK AUTOMOTIVE LTD,India,Consumer Discretionary,ASKAUTOLTD,National Stock Exchange Of India,,0.06,EWY,https://www.ishares.com/us/products/239660/ishares-msci-south-korea-etf/1467271812596.ajax?dataType=fund&fileName=EWY_holdings&fileType=csv,,high
BAJAJELEC.NS,BAJAJ ELECTRICALS LTD,India,Consumer Discretionary,BAJAJELEC,National Stock Exchange Of India,,0.05,EWY,https://www.ishares.com/us/products/239660/ishares-msci-south-korea-etf/1467271812596.ajax?dataType=fund&fileName=EWY_holdings&fileType=csv,,high
BANCOINDIA.NS,BANCO PRODUCTS INDIA LTD,India,Consumer Discretionary,BANCOINDIA,National Stock Exchange Of India,,0.08,EWY,https://www.ishares.com/us/products/239660/ishares-msci-south-korea-etf/1467271812596.ajax?dataType=fund&fileName=EWY_holdings&fileType=csv,,high
BATAINDIA.NS,BATA INDIA LTD,India,Consumer Discretionary,BATAINDIA,National Stock Exchange Of India,,0.12,EWY,https://www.ishares.com/us/products/239660/ishares-msci-south-korea-etf/1467271812596.ajax?dataType=fund&fileName=EWY_holdings&fileType=csv,,high
BELRISE.NS,BELRISE INDUSTRIES LTD,India,Consumer Discretionary,BELRISE,National Stock Exchange Of India,,0.14,EWY,https://www.ishares.com/us/products/239660/ishares-msci-south-korea-etf/1467271812596.ajax?dataType=fund&fileName=EWY_holdings&fileType=csv,,high
FIRSTCRY.NS,BRAINBEES SOLUTIONS LTD,India,Consumer Discretionary,FIRSTCRY,National Stock Exchange Of India,,0.07,EWY,https://www.ishares.com/us/products/239660/ishares-msci-south-korea-etf/1467271812596.ajax?dataType=fund&fileName=EWY_holdings&fileType=csv,,high
CAMPUS.NS,CAMPUS ACTIVEWEAR LTD,India,Consumer Discretionary,CAMPUS,National Stock Exchange Of India,,0.07,EWY,https://www.ishares.com/us/products/239660/ishares-msci-south-korea-etf/1467271812596.ajax?dataType=fund&fileName=EWY_holdings&fileType=csv,,high
CARTRADE.NS,CARTRADE TECH LTD,India,Consumer Discretionary,CARTRADE,National Stock Exchange Of India,,0.25,EWY,https://www.ishares.com/us/products/239660/ishares-msci-south-korea-etf/1467271812596.ajax?dataType=fund&fileName=EWY_holdings&fileType=csv,,high
CEATLTD.NS,CEAT LTD,India,Consumer Discretionary,CEATLTD,National Stock Exchange Of India,,0.22,EWY,https://www.ishares.com/us/products/239660/ishares-msci-south-korea-etf/1467271812596.ajax?dataType=fund&fileName=EWY_holdings&fileType=csv,,high
CELLO.NS,CELLO WORLD LTD,India,Consumer Discretionary,CELLO,National Stock Exchange Of India,,0.06,EWY,https://www.ishares.com/us/products/239660/ishares-msci-south-korea-etf/1467271812596.ajax?dataType=fund&fileName=EWY_holdings&fileType=csv,,high
CHALET.NS,CHALET HOTELS LTD,India,Consumer Discretionary,CHALET,National Stock Exchange Of India,,0.19,EWY,https://www.ishares.com/us/products/239660/ishares-msci-south-korea-etf/1467271812596.ajax?dataType=fund&fileName=EWY_holdings&fileType=csv,,high
CIEINDIA.NS,CIE AUTOMOTIVE INDIA LTD,India,Consumer Discretionary,CIEINDIA,National Stock Exchange Of India,,0.2,EWY,https://www.ishares.com/us/products/239660/ishares-msci-south-korea-etf/1467271812596.ajax?dataType=fund&fileName=EWY_holdings&fileType=csv,,high
CROMPTON.NS,CROMPTON GREAVES CONSUMER ELECTRIC,India,Consumer Discretionary,CROMPTON,National Stock Exchange Of India,,0.52,EWY,https://www.ishares.com/us/products/239660/ishares-msci-south-korea-etf/1467271812596.ajax?dataType=fund&fileName=EWY_holdings&fileType=csv,,high
DEVYANI.NS,DEVYANI INTERNATIONAL LTD,India,Consumer Discretionary,DEVYANI,National Stock Exchange Of India,,0.16,EWY,https://www.ishares.com/us/products/239660/ishares-msci-south-korea-etf/1467271812596.ajax?dataType=fund&fileName=EWY_holdings&fileType=csv,,high
DYNAMATECH.NS,DYNAMATIC TECHNOLOGIES LTD,India,Consumer Discretionary,DYNAMATECH,National Stock Exchange Of India,,0.11,EWY,https://www.ishares.com/us/products/239660/ishares-msci-south-korea-etf/1467271812596.ajax?dataType=fund&fileName=EWY_holdings&fileType=csv,,high
EIHOTEL.NS,EIH LTD,India,Consumer Discretionary,EIHOTEL,National Stock Exchange Of India,,0.23,EWY,https://www.ishares.com/us/products/239660/ishares-msci-south-korea-etf/1467271812596.ajax?dataType=fund&fileName=EWY_holdings&fileType=csv,,high
ENDURANCE.NS,ENDURANCE TECHNOLOGIES LTD,India,Consumer Discretionary,ENDURANCE,National Stock Exchange Of India,,0.28,EWY,https://www.ishares.com/us/products/239660/ishares-msci-south-korea-etf/1467271812596.ajax?dataType=fund&fileName=EWY_holdings&fileType=csv,,high
ETHOSLTD.NS,ETHOS LTD,India,Consumer Discretionary,ETHOSLTD,National Stock Exchange Of India,,0.1,EWY,https://www.ishares.com/us/products/239660/ishares-msci-south-korea-etf/1467271812596.ajax?dataType=fund&fileName=EWY_holdings&fileType=csv,,high
EUREKAFORB.NS,EUREKA FORBES LTD,India,Consumer Discretionary,EUREKAFORB,National Stock Exchange Of India,,0.1,EWY,https://www.ishares.com/us/products/239660/ishares-msci-south-korea-etf/1467271812596.ajax?dataType=fund&fileName=EWY_holdings&fileType=csv,,high
EXIDEIND.NS,EXIDE INDUSTRIES LTD,India,Consumer Discretionary,EXIDEIND,National Stock Exchange Of India,,0.44,EWY,https://www.ishares.com/us/products/239660/ishares-msci-south-korea-etf/1467271812596.ajax?dataType=fund&fileName=EWY_holdings&fileType=csv,,high
GABRIEL.NS,GABRIEL INDIA LTD,India,Consumer Discretionary,GABRIEL,National Stock Exchange Of India,,0.19,EWY,https://www.ishares.com/us/products/239660/ishares-msci-south-korea-etf/1467271812596.ajax?dataType=fund&fileName=EWY_holdings&fileType=csv,,high
GARFIBRES.NS,GARWARE TECHNICAL FIBRES LTD,India,Consumer Discretionary,GARFIBRES,National Stock Exchange Of India,,0.09,EWY,https://www.ishares.com/us/products/239660/ishares-msci-south-korea-etf/1467271812596.ajax?dataType=fund&fileName=EWY_holdings&fileType=csv,,high
ICIL.NS,INDO COUNT INDUSTRIES LTD,India,Consumer Discretionary,ICIL,National Stock Exchange Of India,,0.06,EWY,https://www.ishares.com/us/products/239660/ishares-msci-south-korea-etf/1467271812596.ajax?dataType=fund&fileName=EWY_holdings&fileType=csv,,high
ITCHOTELS.NS,ITC HOTELS LTD,India,Consumer Discretionary,ITCHOTELS,National Stock Exchange Of India,,0.34,EWY,https://www.ishares.com/us/products/239660/ishares-msci-south-korea-etf/1467271812596.ajax?dataType=fund&fileName=EWY_holdings&fileType=csv,,high
JBMA.NS,JBM AUTO LTD,India,Consumer Discretionary,JBMA,National Stock Exchange Of India,,0.08,EWY,https://www.ishares.com/us/products/239660/ishares-msci-south-korea-etf/1467271812596.ajax?dataType=fund&fileName=EWY_holdings&fileType=csv,,high
JKTYRE.NS,JK TYRE AND INDUSTRIES LTD,India,Consumer Discretionary,JKTYRE,National Stock Exchange Of India,,0.15,EWY,https://www.ishares.com/us/products/239660/ishares-msci-south-korea-etf/1467271812596.ajax?dataType=fund&fileName=EWY_holdings&fileType=csv,,high
KPRMILL.NS,KPR MILL LTD,India,Consumer Discretionary,KPRMILL,National Stock Exchange Of India,,0.33,EWY,https://www.ishares.com/us/products/239660/ishares-msci-south-korea-etf/1467271812596.ajax?dataType=fund&fileName=EWY_holdings&fileType=csv,,high
IXIGO.NS,LE TRAVENUES TECHNOLOGY LTD,India,Consumer Discretionary,IXIGO,National Stock Exchange Of India,,0.11,EWY,https://www.ishares.com/us/products/239660/ishares-msci-south-korea-etf/1467271812596.ajax?dataType=fund&fileName=EWY_holdings&fileType=csv,,high
THELEELA.NS,LEELA PALACES HOTELS & RESORTS LTD,India,Consumer Discretionary,THELEELA,National Stock Exchange Of India,,0.12,EWY,https://www.ishares.com/us/products/239660/ishares-msci-south-korea-etf/1467271812596.ajax?dataType=fund&fileName=EWY_holdings&fileType=csv,,high
LEMONTREE.NS,LEMON TREE HOTELS LTD,India,Consumer Discretionary,LEMONTREE,National Stock Exchange Of India,,0.17,EWY,https://www.ishares.com/us/products/239660/ishares-msci-south-korea-etf/1467271812596.ajax?dataType=fund&fileName=EWY_holdings&fileType=csv,,high
LUMAXTECH.NS,LUMAX AUTO TECHNOLOGIES LTD,India,Consumer Discretionary,LUMAXTECH,National Stock Exchange Of India,,0.15,EWY,https://www.ishares.com/us/products/239660/ishares-msci-south-korea-etf/1467271812596.ajax?dataType=fund&fileName=EWY_holdings&fileType=csv,,high
MHRIL.NS,MAHINDRA HOLIDAYS AND RESORTS INDI,India,Consumer Discretionary,MHRIL,National Stock Exchange Of India,,0.06,EWY,https://www.ishares.com/us/products/239660/ishares-msci-south-korea-etf/1467271812596.ajax?dataType=fund&fileName=EWY_holdings&fileType=csv,,high
MINDACORP.NS,MINDA CORPORATION LTD,India,Consumer Discretionary,MINDACORP,National Stock Exchange Of India,,0.13,EWY,https://www.ishares.com/us/products/239660/ishares-msci-south-korea-etf/1467271812596.ajax?dataType=fund&fileName=EWY_holdings&fileType=csv,,high
MSUMI.NS,MOTHERSON SUMI WIRING INDIA LTD,India,Consumer Discretionary,MSUMI,National Stock Exchange Of India,,0.35,EWY,https://www.ishares.com/us/products/239660/ishares-msci-south-korea-etf/1467271812596.ajax?dataType=fund&fileName=EWY_holdings&fileType=csv,,high
NIITMTS.NS,NIIT LEARNING SYSTEMS LTD,India,Consumer Discretionary,NIITMTS,National Stock Exchange Of India,,0.08,EWY,https://www.ishares.com/us/products/239660/ishares-msci-south-korea-etf/1467271812596.ajax?dataType=fund&fileName=EWY_holdings&fileType=csv,,high
OLAELEC.NS,OLA ELECTRIC MOBILITY LTD,India,Consumer Discretionary,OLAELEC,National Stock Exchange Of India,,0.1,EWY,https://www.ishares.com/us/products/239660/ishares-msci-south-korea-etf/1467271812596.ajax?dataType=fund&fileName=EWY_holdings&fileType=csv,,high
PCJEWELLER.NS,PC JEWELLER LTD,India,Consumer Discretionary,PCJEWELLER,National Stock Exchange Of India,,0.06,EWY,https://www.ishares.com/us/products/239660/ishares-msci-south-korea-etf/1467271812596.ajax?dataType=fund&fileName=EWY_holdings&fileType=csv,,high
PRICOLLTD.NS,PRICOL LTD,India,Consumer Discretionary,PRICOLLTD,National Stock Exchange Of India,,0.13,EWY,https://www.ishares.com/us/products/239660/ishares-msci-south-korea-etf/1467271812596.ajax?dataType=fund&fileName=EWY_holdings&fileType=csv,,high
RAJESHEXPO.NS,RAJESH EXPORTS LTD,India,Consumer Discretionary,RAJESHEXPO,National Stock Exchange Of India,,0.02,EWY,https://www.ishares.com/us/products/239660/ishares-msci-south-korea-etf/1467271812596.ajax?dataType=fund&fileName=EWY_holdings&fileType=csv,,high
RAYMONDLSL.NS,RAYMOND LIFESTYLE LTD,India,Consumer Discretionary,RAYMONDLSL,National Stock Exchange Of India,,0.06,EWY,https://www.ishares.com/us/products/239660/ishares-msci-south-korea-etf/1467271812596.ajax?dataType=fund&fileName=EWY_holdings&fileType=csv,,high
REDTAPE.NS,REDTAPE,India,Consumer Discretionary,REDTAPE,National Stock Exchange Of India,,0.05,EWY,https://www.ishares.com/us/products/239660/ishares-msci-south-korea-etf/1467271812596.ajax?dataType=fund&fileName=EWY_holdings&fileType=csv,,high
RELAXO.NS,RELAXO FOOTWEARS LTD,India,Consumer Discretionary,RELAXO,National Stock Exchange Of India,,0.08,EWY,https://www.ishares.com/us/products/239660/ishares-msci-south-korea-etf/1467271812596.ajax?dataType=fund&fileName=EWY_holdings&fileType=csv,,high
SAFARI.NS,SAFARI INDUSTRIES INDIA LTD,India,Consumer Discretionary,SAFARI,National Stock Exchange Of India,,0.12,EWY,https://www.ishares.com/us/products/239660/ishares-msci-south-korea-etf/1467271812596.ajax?dataType=fund&fileName=EWY_holdings&fileType=csv,,high
SANSERA.NS,SANSERA ENGINEERING LTD,India,Consumer Discretionary,SANSERA,National Stock Exchange Of India,,0.3,EWY,https://www.ishares.com/us/products/239660/ishares-msci-south-korea-etf/1467271812596.ajax?dataType=fund&fileName=EWY_holdings&fileType=csv,,high
SAPPHIRE.NS,SAPPHIRE FOODS INDIA LTD,India,Consumer Discretionary,SAPPHIRE,National Stock Exchange Of India,,0.14,EWY,https://www.ishares.com/us/products/239660/ishares-msci-south-korea-etf/1467271812596.ajax?dataType=fund&fileName=EWY_holdings&fileType=csv,,high
SENCO.NS,SENCO GOLD LTD,India,Consumer Discretionary,SENCO,National Stock Exchange Of India,,0.06,EWY,https://www.ishares.com/us/products/239660/ishares-msci-south-korea-etf/1467271812596.ajax?dataType=fund&fileName=EWY_holdings&fileType=csv,,high
SHARDAMOTR.NS,SHARDA MOTOR INDUSTRIES LTD,India,Consumer Discretionary,SHARDAMOTR,National Stock Exchange Of India,,0.06,EWY,https://www.ishares.com/us/products/239660/ishares-msci-south-korea-etf/1467271812596.ajax?dataType=fund&fileName=EWY_holdings&fileType=csv,,high
SFL.NS,SHEELA FOAM LTD,India,Consumer Discretionary,SFL,National Stock Exchange Of India,,0.06,EWY,https://www.ishares.com/us/products/239660/ishares-msci-south-korea-etf/1467271812596.ajax?dataType=fund&fileName=EWY_holdings&fileType=csv,,high
SHRIPISTON.NS,SHRIRAM PISTONS & RINGS LTD,India,Consumer Discretionary,SHRIPISTON,National Stock Exchange Of India,,0.12,EWY,https://www.ishares.com/us/products/239660/ishares-msci-south-korea-etf/1467271812596.ajax?dataType=fund&fileName=EWY_holdings&fileType=csv,,high
SKFINDIA.NS,SKF INDIA LTD,India,Consumer Discretionary,SKFINDIA,National Stock Exchange Of India,,0.14,EWY,https://www.ishares.com/us/products/239660/ishares-msci-south-korea-etf/1467271812596.ajax?dataType=fund&fileName=EWY_holdings&fileType=csv,,high
SONACOMS.NS,SONA BLW PRECISION FORGINGS LTD,India,Consumer Discretionary,SONACOMS,National Stock Exchange Of India,,0.72,EWY,https://www.ishares.com/us/products/239660/ishares-msci-south-korea-etf/1467271812596.ajax?dataType=fund&fileName=EWY_holdings&fileType=csv,,high
SUNDRMFAST.NS,SUNDRAM FASTENERS LTD,India,Consumer Discretionary,SUNDRMFAST,National Stock Exchange Of India,,0.29,EWY,https://www.ishares.com/us/products/239660/ishares-msci-south-korea-etf/1467271812596.ajax?dataType=fund&fileName=EWY_holdings&fileType=csv,,high
SUPRAJIT.NS,SUPRAJIT ENGINEERING LTD,India,Consumer Discretionary,SUPRAJIT,National Stock Exchange Of India,,0.1,EWY,https://www.ishares.com/us/products/239660/ishares-msci-south-korea-etf/1467271812596.ajax?dataType=fund&fileName=EWY_holdings&fileType=csv,,high
SWANCORP.NS,SWAN CORP LTD,India,Consumer Discretionary,SWANCORP,National Stock Exchange Of India,,0.12,EWY,https://www.ishares.com/us/products/239660/ishares-msci-south-korea-etf/1467271812596.ajax?dataType=fund&fileName=EWY_holdings&fileType=csv,,high
TBOTEK.NS,TBO TEK LTD,India,Consumer Discretionary,TBOTEK,National Stock Exchange Of India,,0.15,EWY,https://www.ishares.com/us/products/239660/ishares-msci-south-korea-etf/1467271812596.ajax?dataType=fund&fileName=EWY_holdings&fileType=csv,,high
THANGAMAYL.NS,THANGAMAYIL JEWELLERY LTD,India,Consumer Discretionary,THANGAMAYL,National Stock Exchange Of India,,0.13,EWY,https://www.ishares.com/us/products/239660/ishares-msci-south-korea-etf/1467271812596.ajax?dataType=fund&fileName=EWY_holdings&fileType=csv,,high
THOMASCOOK.NS,THOMAS COOK INDIA LTD,India,Consumer Discretionary,THOMASCOOK,National Stock Exchange Of India,,0.05,EWY,https://www.ishares.com/us/products/239660/ishares-msci-south-korea-etf/1467271812596.ajax?dataType=fund&fileName=EWY_holdings&fileType=csv,,high
TRIDENT.NS,TRIDENT LTD,India,Consumer Discretionary,TRIDENT,National Stock Exchange Of India,,0.1,EWY,https://www.ishares.com/us/products/239660/ishares-msci-south-korea-etf/1467271812596.ajax?dataType=fund&fileName=EWY_holdings&fileType=csv,,high
TSFINV.NS,TSF INVESTMENTS LTD,India,Consumer Discretionary,TSFINV,National Stock Exchange Of India,,0.11,EWY,https://www.ishares.com/us/products/239660/ishares-msci-south-korea-etf/1467271812596.ajax?dataType=fund&fileName=EWY_holdings&fileType=csv,,high
TTKPRESTIG.NS,TTK PRESTIGE LTD,India,Consumer Discretionary,TTKPRESTIG,National Stock Exchange Of India,,0.06,EWY,https://www.ishares.com/us/products/239660/ishares-msci-south-korea-etf/1467271812596.ajax?dataType=fund&fileName=EWY_holdings&fileType=csv,,high
TVSHLTD.NS,TVS HOLDINGS LTD,India,Consumer Discretionary,TVSHLTD,National Stock Exchange Of India,,0.23,EWY,https://www.ishares.com/us/products/239660/ishares-msci-south-korea-etf/1467271812596.ajax?dataType=fund&fileName=EWY_holdings&fileType=csv,,high
UNOMINDA.NS,UNO MINDA LTD,India,Consumer Discretionary,UNOMINDA,National Stock Exchange Of India,,0.72,EWY,https://www.ishares.com/us/products/239660/ishares-msci-south-korea-etf/1467271812596.ajax?dataType=fund&fileName=EWY_holdings&fileType=csv,,high
VMART.NS,V MART RETAIL LTD,India,Consumer Discretionary,VMART,National Stock Exchange Of India,,0.07,EWY,https://www.ishares.com/us/products/239660/ishares-msci-south-korea-etf/1467271812596.ajax?dataType=fund&fileName=EWY_holdings&fileType=csv,,high
V2RETAIL.NS,V2 RETAIL LTD,India,Consumer Discretionary,V2RETAIL,National Stock Exchange Of India,,0.09,EWY,https://www.ishares.com/us/products/239660/ishares-msci-south-korea-etf/1467271812596.ajax?dataType=fund&fileName=EWY_holdings&fileType=csv,,high
VTL.NS,VARDHMAN TEXTILES LTD,India,Consumer Discretionary,VTL,National Stock Exchange Of India,,0.18,EWY,https://www.ishares.com/us/products/239660/ishares-msci-south-korea-etf/1467271812596.ajax?dataType=fund&fileName=EWY_holdings&fileType=csv,,high
VARROC.NS,VARROC ENGINEERING LTD,India,Consumer Discretionary,VARROC,National Stock Exchange Of India,,0.06,EWY,https://www.ishares.com/us/products/239660/ishares-msci-south-korea-etf/1467271812596.ajax?dataType=fund&fileName=EWY_holdings&fileType=csv,,high
MANYAVAR.NS,VEDANT FASHIONS LTD,India,Consumer Discretionary,MANYAVAR,National Stock Exchange Of India,,0.07,EWY,https://www.ishares.com/us/products/239660/ishares-msci-south-korea-etf/1467271812596.ajax?dataType=fund&fileName=EWY_holdings&fileType=csv,,high
VIPIND.NS,VIP INDUSTRIES LTD,India,Consumer Discretionary,VIPIND,National Stock Exchange Of India,,0.07,EWY,https://www.ishares.com/us/products/239660/ishares-msci-south-korea-etf/1467271812596.ajax?dataType=fund&fileName=EWY_holdings&fileType=csv,,high
WELSPUNLIV.NS,WELSPUN LIVING LTD,India,Consumer Discretionary,WELSPUNLIV,National Stock Exchange Of India,,0.11,EWY,https://www.ishares.com/us/products/239660/ishares-msci-south-korea-etf/1467271812596.ajax?dataType=fund&fileName=EWY_holdings&fileType=csv,,high
WESTLIFE.NS,WESTLIFE FOODWORLD LTD,India,Consumer Discretionary,WESTLIFE,National Stock Exchange Of India,,0.1,EWY,https://www.ishares.com/us/products/239660/ishares-msci-south-korea-etf/1467271812596.ajax?dataType=fund&fileName=EWY_holdings&fileType=csv,,high
WHIRL.NS,WHIRLPOOL OF INDIA LTD,India,Consumer Discretionary,WHIRL,National Stock Exchange Of India,,0.22,EWY,https://www.ishares.com/us/products/239660/ishares-msci-south-korea-etf/1467271812596.ajax?dataType=fund&fileName=EWY_holdings&fileType=csv,,high
ZFCVINDIA.NS,ZF COMMERCIAL VEHICLE CONTROL SYST,India,Consumer Discretionary,ZFCVINDIA,National Stock Exchange Of India,,0.35,EWY,https://www.ishares.com/us/products/239660/ishares-msci-south-korea-etf/1467271812596.ajax?dataType=fund&fileName=EWY_holdings&fileType=csv,,high
ABDL.NS,ALLIED BLENDERS AND DISTILLERS LTD,India,Consumer Staples,ABDL,National Stock Exchange Of India,,0.09,EWY,https://www.ishares.com/us/products/239660/ishares-msci-south-korea-etf/1467271812596.ajax?dataType=fund&fileName=EWY_holdings&fileType=csv,,high
AVANTIFEED.NS,AVANTI FEEDS LTD,India,Consumer Staples,AVANTIFEED,National Stock Exchange Of India,,0.16,EWY,https://www.ishares.com/us/products/239660/ishares-msci-south-korea-etf/1467271812596.ajax?dataType=fund&fileName=EWY_holdings&fileType=csv,,high
AWL.NS,AWL AGRI BUSINESS LTD,India,Consumer Staples,AWL,National Stock Exchange Of India,,0.23,EWY,https://www.ishares.com/us/products/239660/ishares-msci-south-korea-etf/1467271812596.ajax?dataType=fund&fileName=EWY_holdings&fileType=csv,,high
BALRAMCHIN.NS,BALRAMPUR CHINI MILLS LTD,India,Consumer Staples,BALRAMCHIN,National Stock Exchange Of India,,0.2,EWY,https://www.ishares.com/us/products/239660/ishares-msci-south-korea-etf/1467271812596.ajax?dataType=fund&fileName=EWY_holdings&fileType=csv,,high
BIKAJI.NS,BIKAJI FOODS INTERNATIONAL LTD,India,Consumer Staples,BIKAJI,National Stock Exchange Of India,,0.13,EWY,https://www.ishares.com/us/products/239660/ishares-msci-south-korea-etf/1467271812596.ajax?dataType=fund&fileName=EWY_holdings&fileType=csv,,high
CCL.NS,CCL PRODUCTS INDIA LTD,India,Consumer Staples,CCL,National Stock Exchange Of India,,0.25,EWY,https://www.ishares.com/us/products/239660/ishares-msci-south-korea-etf/1467271812596.ajax?dataType=fund&fileName=EWY_holdings&fileType=csv,,high
DODLA.NS,DODLA DAIRY LTD,India,Consumer Staples,DODLA,National Stock Exchange Of India,,0.08,EWY,https://www.ishares.com/us/products/239660/ishares-msci-south-korea-etf/1467271812596.ajax?dataType=fund&fileName=EWY_holdings&fileType=csv,,high
EMAMILTD.NS,EMAMI LTD,India,Consumer Staples,EMAMILTD,National Stock Exchange Of India,,0.29,EWY,https://www.ishares.com/us/products/239660/ishares-msci-south-korea-etf/1467271812596.ajax?dataType=fund&fileName=EWY_holdings&fileType=csv,,high
GILLETTE.NS,GILLETTE INDIA LTD,India,Consumer Staples,GILLETTE,National Stock Exchange Of India,,0.17,EWY,https://www.ishares.com/us/products/239660/ishares-msci-south-korea-etf/1467271812596.ajax?dataType=fund&fileName=EWY_holdings&fileType=csv,,high
GODFRYPHLP.NS,GODFREY PHILLIPS INDIA LTD,India,Consumer Staples,GODFRYPHLP,National Stock Exchange Of India,,0.25,EWY,https://www.ishares.com/us/products/239660/ishares-msci-south-korea-etf/1467271812596.ajax?dataType=fund&fileName=EWY_holdings&fileType=csv,,high
GODREJAGRO.NS,GODREJ AGROVET LTD,India,Consumer Staples,GODREJAGRO,National Stock Exchange Of India,,0.1,EWY,https://www.ishares.com/us/products/239660/ishares-msci-south-korea-etf/1467271812596.ajax?dataType=fund&fileName=EWY_holdings&fileType=csv,,high
HNDFDS.NS,HINDUSTAN FOODS LTD,India,Consumer Staples,HNDFDS,National Stock Exchange Of India,,0.05,EWY,https://www.ishares.com/us/products/239660/ishares-msci-south-korea-etf/1467271812596.ajax?dataType=fund&fileName=EWY_holdings&fileType=csv,,high
HONASA.NS,HONASA CONSUMER LTD,India,Consumer Staples,HONASA,National Stock Exchange Of India,,0.12,EWY,https://www.ishares.com/us/products/239660/ishares-msci-south-korea-etf/1467271812596.ajax?dataType=fund&fileName=EWY_holdings&fileType=csv,,high
JYOTHYLAB.NS,JYOTHY LABS LTD,India,Consumer Staples,JYOTHYLAB,National Stock Exchange Of India,,0.12,EWY,https://www.ishares.com/us/products/239660/ishares-msci-south-korea-etf/1467271812596.ajax?dataType=fund&fileName=EWY_holdings&fileType=csv,,high
KRBL.NS,KRBL LTD,India,Consumer Staples,KRBL,National Stock Exchange Of India,,0.06,EWY,https://www.ishares.com/us/products/239660/ishares-msci-south-korea-etf/1467271812596.ajax?dataType=fund&fileName=EWY_holdings&fileType=csv,,high
KWIL.NS,KWALITY WALL S (INDIA) LTD,India,Consumer Staples,KWIL,National Stock Exchange Of India,,0.07,EWY,https://www.ishares.com/us/products/239660/ishares-msci-south-korea-etf/1467271812596.ajax?dataType=fund&fileName=EWY_holdings&fileType=csv,,high
LTFOODS.NS,LT FOODS LTD,India,Consumer Staples,LTFOODS,National Stock Exchange Of India,,0.17,EWY,https://www.ishares.com/us/products/239660/ishares-msci-south-korea-etf/1467271812596.ajax?dataType=fund&fileName=EWY_holdings&fileType=csv,,high
MANORAMA.NS,MANORAMA INDUSTRIES LTD,India,Consumer Staples,MANORAMA,National Stock Exchange Of India,,0.08,EWY,https://www.ishares.com/us/products/239660/ishares-msci-south-korea-etf/1467271812596.ajax?dataType=fund&fileName=EWY_holdings&fileType=csv,,high
MEDPLUS.NS,MEDPLUS HEALTH SERVICES LTD,India,Consumer Staples,MEDPLUS,National Stock Exchange Of India,,0.2,EWY,https://www.ishares.com/us/products/239660/ishares-msci-south-korea-etf/1467271812596.ajax?dataType=fund&fileName=EWY_holdings&fileType=csv,,high
BECTORFOOD.NS,MRS BECTORS FOOD SPECIALITIES LTD,India,Consumer Staples,BECTORFOOD,National Stock Exchange Of India,,0.1,EWY,https://www.ishares.com/us/products/239660/ishares-msci-south-korea-etf/1467271812596.ajax?dataType=fund&fileName=EWY_holdings&fileType=csv,,high
RADICO.NS,RADICO KHAITAN LTD,India,Consumer Staples,RADICO,National Stock Exchange Of India,,0.67,EWY,https://www.ishares.com/us/products/239660/ishares-msci-south-korea-etf/1467271812596.ajax?dataType=fund&fileName=EWY_holdings&fileType=csv,,high
RENUKA.NS,SHREE RENUKA SUGARS LTD,India,Consumer Staples,RENUKA,National Stock Exchange Of India,,0.05,EWY,https://www.ishares.com/us/products/239660/ishares-msci-south-korea-etf/1467271812596.ajax?dataType=fund&fileName=EWY_holdings&fileType=csv,,high
BBTC.NS,THE BOMBAY BURMAH TRADING CORPORAT,India,Consumer Staples,BBTC,National Stock Exchange Of India,,0.09,EWY,https://www.ishares.com/us/products/239660/ishares-msci-south-korea-etf/1467271812596.ajax?dataType=fund&fileName=EWY_holdings&fileType=csv,,high
TI.NS,TILAKNAGAR INDUSTRIES LTD,India,Consumer Staples,TI,National Stock Exchange Of India,,0.16,EWY,https://www.ishares.com/us/products/239660/ishares-msci-south-korea-etf/1467271812596.ajax?dataType=fund&fileName=EWY_holdings&fileType=csv,,high
TRIVENI.NS,TRIVENI ENGINEERING AND INDUSTRIES,India,Consumer Staples,TRIVENI,National Stock Exchange Of India,,0.09,EWY,https://www.ishares.com/us/products/239660/ishares-msci-south-korea-etf/1467271812596.ajax?dataType=fund&fileName=EWY_holdings&fileType=csv,,high
ZYDUSWELL.NS,ZYDUS WELLNESS LTD,India,Consumer Staples,ZYDUSWELL,National Stock Exchange Of India,,0.12,EWY,https://www.ishares.com/us/products/239660/ishares-msci-south-korea-etf/1467271812596.ajax?dataType=fund&fileName=EWY_holdings&fileType=csv,,high
AEGISLOG.NS,AEGIS LOGISTICS LTD,India,Energy,AEGISLOG,National Stock Exchange Of India,,0.26,EWY,https://www.ishares.com/us/products/239660/ishares-msci-south-korea-etf/1467271812596.ajax?dataType=fund&fileName=EWY_holdings&fileType=csv,,high
CHENNPETRO.NS,CHENNAI PETROLEUM CORPORATION LTD,India,Energy,CHENNPETRO,National Stock Exchange Of India,,0.16,EWY,https://www.ishares.com/us/products/239660/ishares-msci-south-korea-etf/1467271812596.ajax?dataType=fund&fileName=EWY_holdings&fileType=csv,,high
GESHIP.NS,GREAT EASTERN SHIPPING COMPANY LTD,India,Energy,GESHIP,National Stock Exchange Of India,,0.45,EWY,https://www.ishares.com/us/products/239660/ishares-msci-south-korea-etf/1467271812596.ajax?dataType=fund&fileName=EWY_holdings&fileType=csv,,high
GMDCLTD.NS,GUJARAT MINERAL DEVELOPMENT CORPOR,India,Energy,GMDCLTD,National Stock Exchange Of India,,0.14,EWY,https://www.ishares.com/us/products/239660/ishares-msci-south-korea-etf/1467271812596.ajax?dataType=fund&fileName=EWY_holdings&fileType=csv,,high
360ONE.NS,360 ONE WAM LTD,India,Financials,360ONE,National Stock Exchange Of India,,0.76,EWY,https://www.ishares.com/us/products/239660/ishares-msci-south-korea-etf/1467271812596.ajax?dataType=fund&fileName=EWY_holdings&fileType=csv,,high
AADHARHFC.NS,AADHAR HOUSING FINANCE LTD,India,Financials,AADHARHFC,National Stock Exchange Of India,,0.17,EWY,https://www.ishares.com/us/products/239660/ishares-msci-south-korea-etf/1467271812596.ajax?dataType=fund&fileName=EWY_holdings&fileType=csv,,high
AAVAS.NS,AAVAS FINANCIERS LTD,India,Financials,AAVAS,National Stock Exchange Of India,,0.16,EWY,https://www.ishares.com/us/products/239660/ishares-msci-south-korea-etf/1467271812596.ajax?dataType=fund&fileName=EWY_holdings&fileType=csv,,high
ABSLAMC.NS,ADITYA BIRLA SUN LIFE AMC LTD,India,Financials,ABSLAMC,National Stock Exchange Of India,,0.21,EWY,https://www.ishares.com/us/products/239660/ishares-msci-south-korea-etf/1467271812596.ajax?dataType=fund&fileName=EWY_holdings&fileType=csv,,high
ANANDRATHI.NS,ANAND RATHI WEALTH LTD,India,Financials,ANANDRATHI,National Stock Exchange Of India,,0.43,EWY,https://www.ishares.com/us/products/239660/ishares-msci-south-korea-etf/1467271812596.ajax?dataType=fund&fileName=EWY_holdings&fileType=csv,,high
ANGELONE.NS,ANGEL ONE LTD,India,Financials,ANGELONE,National Stock Exchange Of India,,0.33,EWY,https://www.ishares.com/us/products/239660/ishares-msci-south-korea-etf/1467271812596.ajax?dataType=fund&fileName=EWY_holdings&fileType=csv,,high
APTUS.NS,APTUS VALUE HOUSING FINANCE INDIA,India,Financials,APTUS,National Stock Exchange Of India,,0.27,EWY,https://www.ishares.com/us/products/239660/ishares-msci-south-korea-etf/1467271812596.ajax?dataType=fund&fileName=EWY_holdings&fileType=csv,,high
AIIL.NS,AUTHUM INVESTMENT AND INFRASTRUCTU,India,Financials,AIIL,National Stock Exchange Of India,,0.23,EWY,https://www.ishares.com/us/products/239660/ishares-msci-south-korea-etf/1467271812596.ajax?dataType=fund&fileName=EWY_holdings&fileType=csv,,high
CCAVENUE.NS,AVENUESAI LTD,India,Financials,CCAVENUE,National Stock Exchange Of India,,0.08,EWY,https://www.ishares.com/us/products/239660/ishares-msci-south-korea-etf/1467271812596.ajax?dataType=fund&fileName=EWY_holdings&fileType=csv,,high
BANDHANBNK.NS,BANDHAN BANK LTD,India,Financials,BANDHANBNK,National Stock Exchange Of India,,0.46,EWY,https://www.ishares.com/us/products/239660/ishares-msci-south-korea-etf/1467271812596.ajax?dataType=fund&fileName=EWY_holdings&fileType=csv,,high
CANFINHOME.NS,CAN FIN HOMES LTD,India,Financials,CANFINHOME,National Stock Exchange Of India,,0.21,EWY,https://www.ishares.com/us/products/239660/ishares-msci-south-korea-etf/1467271812596.ajax?dataType=fund&fileName=EWY_holdings&fileType=csv,,high
CANHLIFE.NS,CANARA HSBC ORIENTAL BANK OF COMME,India,Financials,CANHLIFE,National Stock Exchange Of India,,0.09,EWY,https://www.ishares.com/us/products/239660/ishares-msci-south-korea-etf/1467271812596.ajax?dataType=fund&fileName=EWY_holdings&fileType=csv,,high
CGCL.NS,CAPRI GLOBAL CAPITAL LTD,India,Financials,CGCL,National Stock Exchange Of India,,0.13,EWY,https://www.ishares.com/us/products/239660/ishares-msci-south-korea-etf/1467271812596.ajax?dataType=fund&fileName=EWY_holdings&fileType=csv,,high
CDSL.NS,CENTRAL DEPOSITORY SERVICES (INDIA,India,Financials,CDSL,National Stock Exchange Of India,,0.41,EWY,https://www.ishares.com/us/products/239660/ishares-msci-south-korea-etf/1467271812596.ajax?dataType=fund&fileName=EWY_holdings&fileType=csv,,high
CHOICEIN.NS,CHOICE INTERNATIONAL LTD,India,Financials,CHOICEIN,National Stock Exchange Of India,,0.13,EWY,https://www.ishares.com/us/products/239660/ishares-msci-south-korea-etf/1467271812596.ajax?dataType=fund&fileName=EWY_holdings&fileType=csv,,high
CHOLAHLDNG.NS,CHOLAMANDALAM FINANCIAL HOLDINGS L,India,Financials,CHOLAHLDNG,National Stock Exchange Of India,,0.48,EWY,https://www.ishares.com/us/products/239660/ishares-msci-south-korea-etf/1467271812596.ajax?dataType=fund&fileName=EWY_holdings&fileType=csv,,high
CUB.NS,CITY UNION BANK LTD,India,Financials,CUB,National Stock Exchange Of India,,0.3,EWY,https://www.ishares.com/us/products/239660/ishares-msci-south-korea-etf/1467271812596.ajax?dataType=fund&fileName=EWY_holdings&fileType=csv,,high
CREDITACC.NS,CREDITACCESS GRAMEEN LTD,India,Financials,CREDITACC,National Stock Exchange Of India,,0.21,EWY,https://www.ishares.com/us/products/239660/ishares-msci-south-korea-etf/1467271812596.ajax?dataType=fund&fileName=EWY_holdings&fileType=csv,,high
CRISIL.NS,CRISIL LTD,India,Financials,CRISIL,National Stock Exchange Of India,,0.26,EWY,https://www.ishares.com/us/products/239660/ishares-msci-south-korea-etf/1467271812596.ajax?dataType=fund&fileName=EWY_holdings&fileType=csv,,high
CSBBANK.NS,CSB BANK LTD,India,Financials,CSBBANK,National Stock Exchange Of India,,0.06,EWY,https://www.ishares.com/us/products/239660/ishares-msci-south-korea-etf/1467271812596.ajax?dataType=fund&fileName=EWY_holdings&fileType=csv,,high
EDELWEISS.NS,EDELWEISS FINANCIAL SERVICES LTD,India,Financials,EDELWEISS,National Stock Exchange Of India,,0.2,EWY,https://www.ishares.com/us/products/239660/ishares-msci-south-korea-etf/1467271812596.ajax?dataType=fund&fileName=EWY_holdings&fileType=csv,,high
EQUITASBNK.NS,EQUITAS SMALL FINANCE BANK LTD,India,Financials,EQUITASBNK,National Stock Exchange Of India,,0.11,EWY,https://www.ishares.com/us/products/239660/ishares-msci-south-korea-etf/1467271812596.ajax?dataType=fund&fileName=EWY_holdings&fileType=csv,,high
FEDERALBNK.NS,FEDERAL BANK LTD,India,Financials,FEDERALBNK,National Stock Exchange Of India,,1.65,EWY,https://www.ishares.com/us/products/239660/ishares-msci-south-korea-etf/1467271812596.ajax?dataType=fund&fileName=EWY_holdings&fileType=csv,,high
FIVESTAR.NS,FIVE-STAR BUSINESS FINANCE LTD,India,Financials,FIVESTAR,National Stock Exchange Of India,,0.24,EWY,https://www.ishares.com/us/products/239660/ishares-msci-south-korea-etf/1467271812596.ajax?dataType=fund&fileName=EWY_holdings&fileType=csv,,high
GODIGIT.NS,GO DIGIT GENERAL INSURANCE LTD,India,Financials,GODIGIT,National Stock Exchange Of India,,0.3,EWY,https://www.ishares.com/us/products/239660/ishares-msci-south-korea-etf/1467271812596.ajax?dataType=fund&fileName=EWY_holdings&fileType=csv,,high
HOMEFIRST.NS,HOME FIRST FINANCE INDIA LTD,India,Financials,HOMEFIRST,National Stock Exchange Of India,,0.25,EWY,https://www.ishares.com/us/products/239660/ishares-msci-south-korea-etf/1467271812596.ajax?dataType=fund&fileName=EWY_holdings&fileType=csv,,high
ICRA.NS,ICRA LTD,India,Financials,ICRA,National Stock Exchange Of India,,0.08,EWY,https://www.ishares.com/us/products/239660/ishares-msci-south-korea-etf/1467271812596.ajax?dataType=fund&fileName=EWY_holdings&fileType=csv,,high
IFCI.NS,IFCI LTD,India,Financials,IFCI,National Stock Exchange Of India,,0.12,EWY,https://www.ishares.com/us/products/239660/ishares-msci-south-korea-etf/1467271812596.ajax?dataType=fund&fileName=EWY_holdings&fileType=csv,,high
IIFLCAPS.NS,IIFL CAPITAL SERVICES LTD,India,Financials,IIFLCAPS,National Stock Exchange Of India,,0.12,EWY,https://www.ishares.com/us/products/239660/ishares-msci-south-korea-etf/1467271812596.ajax?dataType=fund&fileName=EWY_holdings&fileType=csv,,high
IIFL.NS,IIFL FINANCE LTD,India,Financials,IIFL,National Stock Exchange Of India,,0.36,EWY,https://www.ishares.com/us/products/239660/ishares-msci-south-korea-etf/1467271812596.ajax?dataType=fund&fileName=EWY_holdings&fileType=csv,,high
INDIASHLTR.NS,INDIA SHELTER FINANCE LTD,India,Financials,INDIASHLTR,National Stock Exchange Of India,,0.09,EWY,https://www.ishares.com/us/products/239660/ishares-msci-south-korea-etf/1467271812596.ajax?dataType=fund&fileName=EWY_holdings&fileType=csv,,high
IEX.NS,INDIAN ENERGY EXCHANGE LTDINARY,India,Financials,IEX,National Stock Exchange Of India,,0.17,EWY,https://www.ishares.com/us/products/239660/ishares-msci-south-korea-etf/1467271812596.ajax?dataType=fund&fileName=EWY_holdings&fileType=csv,,high
JKBANK.NS,JAMMU AND KASHMIR BANK LTD,India,Financials,J&KBANK,National Stock Exchange Of India,,0.14,EWY,https://www.ishares.com/us/products/239660/ishares-msci-south-korea-etf/1467271812596.ajax?dataType=fund&fileName=EWY_holdings&fileType=csv,,high
JMFINANCIL.NS,JM FINANCIAL LTD,India,Financials,JMFINANCIL,National Stock Exchange Of India,,0.15,EWY,https://www.ishares.com/us/products/239660/ishares-msci-south-korea-etf/1467271812596.ajax?dataType=fund&fileName=EWY_holdings&fileType=csv,,high
JSWHL.NS,JSW HOLDINGS LTD,India,Financials,JSWHL,National Stock Exchange Of India,,0.18,EWY,https://www.ishares.com/us/products/239660/ishares-msci-south-korea-etf/1467271812596.ajax?dataType=fund&fileName=EWY_holdings&fileType=csv,,high
KTKBANK.NS,KARNATAKA BANK LTD,India,Financials,KTKBANK,National Stock Exchange Of India,,0.13,EWY,https://www.ishares.com/us/products/239660/ishares-msci-south-korea-etf/1467271812596.ajax?dataType=fund&fileName=EWY_holdings&fileType=csv,,high
KARURVYSYA.NS,KARUR VYSYA BANK LTD,India,Financials,KARURVYSYA,National Stock Exchange Of India,,0.46,EWY,https://www.ishares.com/us/products/239660/ishares-msci-south-korea-etf/1467271812596.ajax?dataType=fund&fileName=EWY_holdings&fileType=csv,,high
KFINTECH.NS,KFIN TECHNOLOGIES LTD,India,Financials,KFINTECH,National Stock Exchange Of India,,0.31,EWY,https://www.ishares.com/us/products/239660/ishares-msci-south-korea-etf/1467271812596.ajax?dataType=fund&fileName=EWY_holdings&fileType=csv,,high
LICHSGFIN.NS,LIC HOUSING FINANCE LTD,India,Financials,LICHSGFIN,National Stock Exchange Of India,,0.5,EWY,https://www.ishares.com/us/products/239660/ishares-msci-south-korea-etf/1467271812596.ajax?dataType=fund&fileName=EWY_holdings&fileType=csv,,high
MAHSCOOTER.NS,MAHARASHTRA SCOOTERS LTD,India,Financials,MAHSCOOTER,National Stock Exchange Of India,,0.11,EWY,https://www.ishares.com/us/products/239660/ishares-msci-south-korea-etf/1467271812596.ajax?dataType=fund&fileName=EWY_holdings&fileType=csv,,high
MMFIN.NS,MAHINDRA AND MAHINDRA FINANCIAL SE,India,Financials,M&MFIN,National Stock Exchange Of India,,0.64,EWY,https://www.ishares.com/us/products/239660/ishares-msci-south-korea-etf/1467271812596.ajax?dataType=fund&fileName=EWY_holdings&fileType=csv,,high
MANAPPURAM.NS,MANAPPURAM FINANCE LTD,India,Financials,MANAPPURAM,National Stock Exchange Of India,,0.43,EWY,https://www.ishares.com/us/products/239660/ishares-msci-south-korea-etf/1467271812596.ajax?dataType=fund&fileName=EWY_holdings&fileType=csv,,high
MASFIN.NS,MAS FINANCIAL SERVICES LTD,India,Financials,MASFIN,National Stock Exchange Of India,,0.06,EWY,https://www.ishares.com/us/products/239660/ishares-msci-south-korea-etf/1467271812596.ajax?dataType=fund&fileName=EWY_holdings&fileType=csv,,high
MFSL.NS,MAX FINANCIAL SERVICES LTD,India,Financials,MFSL,National Stock Exchange Of India,,1.56,EWY,https://www.ishares.com/us/products/239660/ishares-msci-south-korea-etf/1467271812596.ajax?dataType=fund&fileName=EWY_holdings&fileType=csv,,high
MOTILALOFS.NS,MOTILAL OSWAL FINANCIAL SERVICES L,India,Financials,MOTILALOFS,National Stock Exchange Of India,,0.34,EWY,https://www.ishares.com/us/products/239660/ishares-msci-south-korea-etf/1467271812596.ajax?dataType=fund&fileName=EWY_holdings&fileType=csv,,high
NUVAMA.NS,NUVAMA WEALTH MANAGEMENT LTD,India,Financials,NUVAMA,National Stock Exchange Of India,,0.29,EWY,https://www.ishares.com/us/products/239660/ishares-msci-south-korea-etf/1467271812596.ajax?dataType=fund&fileName=EWY_holdings&fileType=csv,,high
PIRAMALFIN.NS,PIRAMAL FINANCE LTD,India,Financials,PIRAMALFIN,National Stock Exchange Of India,,0.6,EWY,https://www.ishares.com/us/products/239660/ishares-msci-south-korea-etf/1467271812596.ajax?dataType=fund&fileName=EWY_holdings&fileType=csv,,high
PNBHOUSING.NS,PNB HOUSING FINANCE LTD,India,Financials,PNBHOUSING,National Stock Exchange Of India,,0.49,EWY,https://www.ishares.com/us/products/239660/ishares-msci-south-korea-etf/1467271812596.ajax?dataType=fund&fileName=EWY_holdings&fileType=csv,,high
POONAWALLA.NS,POONAWALLA FINCORP LTD,India,Financials,POONAWALLA,National Stock Exchange Of India,,0.33,EWY,https://www.ishares.com/us/products/239660/ishares-msci-south-korea-etf/1467271812596.ajax?dataType=fund&fileName=EWY_holdings&fileType=csv,,high
PRUDENT.NS,PRUDENT CORPORATE ADVISORY SERVICE,India,Financials,PRUDENT,National Stock Exchange Of India,,0.14,EWY,https://www.ishares.com/us/products/239660/ishares-msci-south-korea-etf/1467271812596.ajax?dataType=fund&fileName=EWY_holdings&fileType=csv,,high
RBLBANK.NS,RBL BANK LTD,India,Financials,RBLBANK,National Stock Exchange Of India,,0.45,EWY,https://www.ishares.com/us/products/239660/ishares-msci-south-korea-etf/1467271812596.ajax?dataType=fund&fileName=EWY_holdings&fileType=csv,,high
RELIGARE.NS,RELIGARE ENTERPRISES LTD,India,Financials,RELIGARE,National Stock Exchange Of India,,0.07,EWY,https://www.ishares.com/us/products/239660/ishares-msci-south-korea-etf/1467271812596.ajax?dataType=fund&fileName=EWY_holdings&fileType=csv,,high
SAMMAANCAP.NS,SAMMAAN CAPITAL LTD,India,Financials,SAMMAANCAP,National Stock Exchange Of India,,0.27,EWY,https://www.ishares.com/us/products/239660/ishares-msci-south-korea-etf/1467271812596.ajax?dataType=fund&fileName=EWY_holdings&fileType=csv,,high
SBFC.NS,SBFC FINANCE LTD,India,Financials,SBFC,National Stock Exchange Of India,,0.12,EWY,https://www.ishares.com/us/products/239660/ishares-msci-south-korea-etf/1467271812596.ajax?dataType=fund&fileName=EWY_holdings&fileType=csv,,high
SOUTHBANK.NS,SOUTH INDIAN BANK LTD,India,Financials,SOUTHBANK,National Stock Exchange Of India,,0.16,EWY,https://www.ishares.com/us/products/239660/ishares-msci-south-korea-etf/1467271812596.ajax?dataType=fund&fileName=EWY_holdings&fileType=csv,,high
STARHEALTH.NS,STAR HEALTH AND ALLIED INSURANCE C,India,Financials,STARHEALTH,National Stock Exchange Of India,,0.35,EWY,https://www.ishares.com/us/products/239660/ishares-msci-south-korea-etf/1467271812596.ajax?dataType=fund&fileName=EWY_holdings&fileType=csv,,high
TMB.NS,TAMILNAD MERCANTILE BANK LTD,India,Financials,TMB,National Stock Exchange Of India,,0.15,EWY,https://www.ishares.com/us/products/239660/ishares-msci-south-korea-etf/1467271812596.ajax?dataType=fund&fileName=EWY_holdings&fileType=csv,,high
TATAINVEST.NS,TATA INVESTMENT CORPORATION LTD,India,Financials,TATAINVEST,National Stock Exchange Of India,,0.26,EWY,https://www.ishares.com/us/products/239660/ishares-msci-south-korea-etf/1467271812596.ajax?dataType=fund&fileName=EWY_holdings&fileType=csv,,high
UJJIVANSFB.NS,UJJIVAN SMALL FINANCE BANK LTD,India,Financials,UJJIVANSFB,National Stock Exchange Of India,,0.17,EWY,https://www.ishares.com/us/products/239660/ishares-msci-south-korea-etf/1467271812596.ajax?dataType=fund&fileName=EWY_holdings&fileType=csv,,high
UTIAMC.NS,UTI ASSET MANAGEM LTD,India,Financials,UTIAMC,National Stock Exchange Of India,,0.14,EWY,https://www.ishares.com/us/products/239660/ishares-msci-south-korea-etf/1467271812596.ajax?dataType=fund&fileName=EWY_holdings&fileType=csv,,high
AARTIPHARM.NS,AARTI PHARMALABS LTD,India,Health Care,AARTIPHARM,National Stock Exchange Of India,,0.1,EWY,https://www.ishares.com/us/products/239660/ishares-msci-south-korea-etf/1467271812596.ajax?dataType=fund&fileName=EWY_holdings&fileType=csv,,high
ACUTAAS.NS,ACUTAAS CHEMICALS LTD,India,Health Care,ACUTAAS,National Stock Exchange Of India,,0.38,EWY,https://www.ishares.com/us/products/239660/ishares-msci-south-korea-etf/1467271812596.ajax?dataType=fund&fileName=EWY_holdings&fileType=csv,,high
AETHER.NS,AETHER INDUSTRIES LTD,India,Health Care,AETHER,National Stock Exchange Of India,,0.11,EWY,https://www.ishares.com/us/products/239660/ishares-msci-south-korea-etf/1467271812596.ajax?dataType=fund&fileName=EWY_holdings&fileType=csv,,high
AJANTPHARM.NS,AJANTA PHARMA LTD,India,Health Care,AJANTPHARM,National Stock Exchange Of India,,0.43,EWY,https://www.ishares.com/us/products/239660/ishares-msci-south-korea-etf/1467271812596.ajax?dataType=fund&fileName=EWY_holdings&fileType=csv,,high
APLLTD.NS,ALEMBIC PHARMACEUTICALS LTD,India,Health Care,APLLTD,National Stock Exchange Of India,,0.11,EWY,https://www.ishares.com/us/products/239660/ishares-msci-south-korea-etf/1467271812596.ajax?dataType=fund&fileName=EWY_holdings&fileType=csv,,high
ALIVUS.NS,ALIVUS LIFE SCIENCES LTD,India,Health Care,ALIVUS,National Stock Exchange Of India,,0.09,EWY,https://www.ishares.com/us/products/239660/ishares-msci-south-korea-etf/1467271812596.ajax?dataType=fund&fileName=EWY_holdings&fileType=csv,,high
ASTERDM.NS,ASTER DM HEALTHCARE LTD,India,Health Care,ASTERDM,National Stock Exchange Of India,,0.51,EWY,https://www.ishares.com/us/products/239660/ishares-msci-south-korea-etf/1467271812596.ajax?dataType=fund&fileName=EWY_holdings&fileType=csv,,high
ASTRAZEN.NS,ASTRAZENECA PHARMA INDIA LTD,India,Health Care,ASTRAZEN,National Stock Exchange Of India,,0.14,EWY,https://www.ishares.com/us/products/239660/ishares-msci-south-korea-etf/1467271812596.ajax?dataType=fund&fileName=EWY_holdings&fileType=csv,,high
BIOCON.NS,BIOCON LTD,India,Health Care,BIOCON,National Stock Exchange Of India,,0.78,EWY,https://www.ishares.com/us/products/239660/ishares-msci-south-korea-etf/1467271812596.ajax?dataType=fund&fileName=EWY_holdings&fileType=csv,,high
BLUEJET.NS,BLUE JET HEALTHCARE LTD,India,Health Care,BLUEJET,National Stock Exchange Of India,,0.04,EWY,https://www.ishares.com/us/products/239660/ishares-msci-south-korea-etf/1467271812596.ajax?dataType=fund&fileName=EWY_holdings&fileType=csv,,high
CAPLIPOINT.NS,CAPLIN POINT LABORATORIES LTD,India,Health Care,CAPLIPOINT,National Stock Exchange Of India,,0.11,EWY,https://www.ishares.com/us/products/239660/ishares-msci-south-korea-etf/1467271812596.ajax?dataType=fund&fileName=EWY_holdings&fileType=csv,,high
COHANCE.NS,COHANCE LIFESCIENCES LTD,India,Health Care,COHANCE,National Stock Exchange Of India,,0.11,EWY,https://www.ishares.com/us/products/239660/ishares-msci-south-korea-etf/1467271812596.ajax?dataType=fund&fileName=EWY_holdings&fileType=csv,,high
CONCORDBIO.NS,CONCORD BIOTECH LTD,India,Health Care,CONCORDBIO,National Stock Exchange Of India,,0.1,EWY,https://www.ishares.com/us/products/239660/ishares-msci-south-korea-etf/1467271812596.ajax?dataType=fund&fileName=EWY_holdings&fileType=csv,,high
AGARWALEYE.NS,DR AGARWALS HEALTH CARE LTD,India,Health Care,AGARWALEYE,National Stock Exchange Of India,,0.12,EWY,https://www.ishares.com/us/products/239660/ishares-msci-south-korea-etf/1467271812596.ajax?dataType=fund&fileName=EWY_holdings&fileType=csv,,high
LALPATHLAB.NS,DR LAL PATHLABS LTD,India,Health Care,LALPATHLAB,National Stock Exchange Of India,,0.34,EWY,https://www.ishares.com/us/products/239660/ishares-msci-south-korea-etf/1467271812596.ajax?dataType=fund&fileName=EWY_holdings&fileType=csv,,high
EMCURE.NS,EMCURE PHARMACEUTICALS LTD,India,Health Care,EMCURE,National Stock Exchange Of India,,0.14,EWY,https://www.ishares.com/us/products/239660/ishares-msci-south-korea-etf/1467271812596.ajax?dataType=fund&fileName=EWY_holdings&fileType=csv,,high
ENTERO.NS,ENTERO HEALTHCARE SOLUTIONS LTD,India,Health Care,ENTERO,National Stock Exchange Of India,,0.06,EWY,https://www.ishares.com/us/products/239660/ishares-msci-south-korea-etf/1467271812596.ajax?dataType=fund&fileName=EWY_holdings&fileType=csv,,high
ERIS.NS,ERIS LIFESCIENCES LTD,India,Health Care,ERIS,National Stock Exchange Of India,,0.21,EWY,https://www.ishares.com/us/products/239660/ishares-msci-south-korea-etf/1467271812596.ajax?dataType=fund&fileName=EWY_holdings&fileType=csv,,high
FDC.NS,FDC LTD,India,Health Care,FDC,National Stock Exchange Of India,,0.06,EWY,https://www.ishares.com/us/products/239660/ishares-msci-south-korea-etf/1467271812596.ajax?dataType=fund&fileName=EWY_holdings&fileType=csv,,high
GLAND.NS,GLAND PHARMA LTD,India,Health Care,GLAND,National Stock Exchange Of India,,0.21,EWY,https://www.ishares.com/us/products/239660/ishares-msci-south-korea-etf/1467271812596.ajax?dataType=fund&fileName=EWY_holdings&fileType=csv,,high
GLAXO.NS,GLAXOSMITHKLINE PHARMACEUTICALS LT,India,Health Care,GLAXO,National Stock Exchange Of India,,0.35,EWY,https://www.ishares.com/us/products/239660/ishares-msci-south-korea-etf/1467271812596.ajax?dataType=fund&fileName=EWY_holdings&fileType=csv,,high
GLENMARK.NS,GLENMARK PHARMACEUTICALS LTD,India,Health Care,GLENMARK,National Stock Exchange Of India,,1.09,EWY,https://www.ishares.com/us/products/239660/ishares-msci-south-korea-etf/1467271812596.ajax?dataType=fund&fileName=EWY_holdings&fileType=csv,,high
MEDANTA.NS,GLOBAL HEALTH LTD,India,Health Care,MEDANTA,National Stock Exchange Of India,,0.29,EWY,https://www.ishares.com/us/products/239660/ishares-msci-south-korea-etf/1467271812596.ajax?dataType=fund&fileName=EWY_holdings&fileType=csv,,high
GRANULES.NS,GRANULES INDIA LTD,India,Health Care,GRANULES,National Stock Exchange Of India,,0.22,EWY,https://www.ishares.com/us/products/239660/ishares-msci-south-korea-etf/1467271812596.ajax?dataType=fund&fileName=EWY_holdings&fileType=csv,,high
HCG.NS,HEALTHCARE GLOBAL ENTERPRISES LTD,India,Health Care,HCG,National Stock Exchange Of India,,0.08,EWY,https://www.ishares.com/us/products/239660/ishares-msci-south-korea-etf/1467271812596.ajax?dataType=fund&fileName=EWY_holdings&fileType=csv,,high
INDGN.NS,INDEGENE LTD,India,Health Care,INDGN,National Stock Exchange Of India,,0.12,EWY,https://www.ishares.com/us/products/239660/ishares-msci-south-korea-etf/1467271812596.ajax?dataType=fund&fileName=EWY_holdings&fileType=csv,,high
IKS.NS,INVENTURUS KNOWLEDGE SOLUTIONS LTD,India,Health Care,IKS,National Stock Exchange Of India,,0.18,EWY,https://www.ishares.com/us/products/239660/ishares-msci-south-korea-etf/1467271812596.ajax?dataType=fund&fileName=EWY_holdings&fileType=csv,,high
IPCALAB.NS,IPCA LABORATORIES LTD,India,Health Care,IPCALAB,National Stock Exchange Of India,,0.7,EWY,https://www.ishares.com/us/products/239660/ishares-msci-south-korea-etf/1467271812596.ajax?dataType=fund&fileName=EWY_holdings&fileType=csv,,high
JBCHEPHARM.NS,J.B. CHEMICALS AND PHARMACEUTICALS,India,Health Care,JBCHEPHARM,National Stock Exchange Of India,,0.59,EWY,https://www.ishares.com/us/products/239660/ishares-msci-south-korea-etf/1467271812596.ajax?dataType=fund&fileName=EWY_holdings&fileType=csv,,high
JUBLPHARMA.NS,JUBILANT PHARMOVA LTD,India,Health Care,JUBLPHARMA,National Stock Exchange Of India,,0.19,EWY,https://www.ishares.com/us/products/239660/ishares-msci-south-korea-etf/1467271812596.ajax?dataType=fund&fileName=EWY_holdings&fileType=csv,,high
JLHL.NS,JUPITER LIFE LINE HOSPITALS LTD,India,Health Care,JLHL,National Stock Exchange Of India,,0.1,EWY,https://www.ishares.com/us/products/239660/ishares-msci-south-korea-etf/1467271812596.ajax?dataType=fund&fileName=EWY_holdings&fileType=csv,,high
KIMS.NS,KRISHNA INSTITUTE OF MEDICAL SCIEN,India,Health Care,KIMS,National Stock Exchange Of India,,0.55,EWY,https://www.ishares.com/us/products/239660/ishares-msci-south-korea-etf/1467271812596.ajax?dataType=fund&fileName=EWY_holdings&fileType=csv,,high
LAURUSLABS.NS,LAURUS LABS LTD,India,Health Care,LAURUSLABS,National Stock Exchange Of India,,1.19,EWY,https://www.ishares.com/us/products/239660/ishares-msci-south-korea-etf/1467271812596.ajax?dataType=fund&fileName=EWY_holdings&fileType=csv,,high
MARKSANS.NS,MARKSANS PHARMA LTD,India,Health Care,MARKSANS,National Stock Exchange Of India,,0.13,EWY,https://www.ishares.com/us/products/239660/ishares-msci-south-korea-etf/1467271812596.ajax?dataType=fund&fileName=EWY_holdings&fileType=csv,,high
METROPOLIS.NS,METROPOLIS HEALTHCARE LTD,India,Health Care,METROPOLIS,National Stock Exchange Of India,,0.15,EWY,https://www.ishares.com/us/products/239660/ishares-msci-south-korea-etf/1467271812596.ajax?dataType=fund&fileName=EWY_holdings&fileType=csv,,high
NH.NS,NARAYANA HRUDAYALAYA LTD,India,Health Care,NH,National Stock Exchange Of India,,0.41,EWY,https://www.ishares.com/us/products/239660/ishares-msci-south-korea-etf/1467271812596.ajax?dataType=fund&fileName=EWY_holdings&fileType=csv,,high
NATCOPHARM.NS,NATCO PHARMA LTD,India,Health Care,NATCOPHARM,National Stock Exchange Of India,,0.27,EWY,https://www.ishares.com/us/products/239660/ishares-msci-south-korea-etf/1467271812596.ajax?dataType=fund&fileName=EWY_holdings&fileType=csv,,high
NEULANDLAB.NS,NEULAND LABORATORIES LTD,India,Health Care,NEULANDLAB,National Stock Exchange Of India,,0.32,EWY,https://www.ishares.com/us/products/239660/ishares-msci-south-korea-etf/1467271812596.ajax?dataType=fund&fileName=EWY_holdings&fileType=csv,,high
ONESOURCE.NS,ONESOURCE SPECIALTY PHARMA LTD,India,Health Care,ONESOURCE,National Stock Exchange Of India,,0.23,EWY,https://www.ishares.com/us/products/239660/ishares-msci-south-korea-etf/1467271812596.ajax?dataType=fund&fileName=EWY_holdings&fileType=csv,,high
PPLPHARMA.NS,PIRAMAL PHARMA LTD,India,Health Care,PPLPHARMA,National Stock Exchange Of India,,0.3,EWY,https://www.ishares.com/us/products/239660/ishares-msci-south-korea-etf/1467271812596.ajax?dataType=fund&fileName=EWY_holdings&fileType=csv,,high
POLYMED.NS,POLY MEDICURE LTD,India,Health Care,POLYMED,National Stock Exchange Of India,,0.16,EWY,https://www.ishares.com/us/products/239660/ishares-msci-south-korea-etf/1467271812596.ajax?dataType=fund&fileName=EWY_holdings&fileType=csv,,high
PGHL.NS,PROCTER & GAMBLE HEALTH LTD,India,Health Care,PGHL,National Stock Exchange Of India,,0.12,EWY,https://www.ishares.com/us/products/239660/ishares-msci-south-korea-etf/1467271812596.ajax?dataType=fund&fileName=EWY_holdings&fileType=csv,,high
RAINBOW.NS,RAINBOW CHILDRENS MEDICARE LTD,India,Health Care,RAINBOW,National Stock Exchange Of India,,0.2,EWY,https://www.ishares.com/us/products/239660/ishares-msci-south-korea-etf/1467271812596.ajax?dataType=fund&fileName=EWY_holdings&fileType=csv,,high
SAILIFE.NS,SAI LIFE SCIENCES LTD,India,Health Care,SAILIFE,National Stock Exchange Of India,,0.46,EWY,https://www.ishares.com/us/products/239660/ishares-msci-south-korea-etf/1467271812596.ajax?dataType=fund&fileName=EWY_holdings&fileType=csv,,high
SANOFICONR.NS,SANOFI CONSUMER HEALTHCARE INDIA L,India,Health Care,SANOFICONR,National Stock Exchange Of India,,0.1,EWY,https://www.ishares.com/us/products/239660/ishares-msci-south-korea-etf/1467271812596.ajax?dataType=fund&fileName=EWY_holdings&fileType=csv,,high
SANOFI.NS,SANOFI INDIA LTD,India,Health Care,SANOFI,National Stock Exchange Of India,,0.1,EWY,https://www.ishares.com/us/products/239660/ishares-msci-south-korea-etf/1467271812596.ajax?dataType=fund&fileName=EWY_holdings&fileType=csv,,high
SHILPAMED.NS,SHILPA MEDICARE LTD,India,Health Care,SHILPAMED,National Stock Exchange Of India,,0.1,EWY,https://www.ishares.com/us/products/239660/ishares-msci-south-korea-etf/1467271812596.ajax?dataType=fund&fileName=EWY_holdings&fileType=csv,,high
STAR.NS,STRIDES PHARMA SCIENCE LTD,India,Health Care,STAR,National Stock Exchange Of India,,0.17,EWY,https://www.ishares.com/us/products/239660/ishares-msci-south-korea-etf/1467271812596.ajax?dataType=fund&fileName=EWY_holdings&fileType=csv,,high
SYNGENE.NS,SYNGENE INTERNATIONAL LTD,India,Health Care,SYNGENE,National Stock Exchange Of India,,0.24,EWY,https://www.ishares.com/us/products/239660/ishares-msci-south-korea-etf/1467271812596.ajax?dataType=fund&fileName=EWY_holdings&fileType=csv,,high
THYROCARE.NS,THYROCARE TECHNOLOGIES LTD,India,Health Care,THYROCARE,National Stock Exchange Of India,,0.08,EWY,https://www.ishares.com/us/products/239660/ishares-msci-south-korea-etf/1467271812596.ajax?dataType=fund&fileName=EWY_holdings&fileType=csv,,high
VIJAYA.NS,VIJAYA DIAGNOSTIC CENTRE LTD,India,Health Care,VIJAYA,National Stock Exchange Of India,,0.16,EWY,https://www.ishares.com/us/products/239660/ishares-msci-south-korea-etf/1467271812596.ajax?dataType=fund&fileName=EWY_holdings&fileType=csv,,high
WOCKPHARMA.NS,WOCKHARDT LTD,India,Health Care,WOCKPHARMA,National Stock Exchange Of India,,0.31,EWY,https://www.ishares.com/us/products/239660/ishares-msci-south-korea-etf/1467271812596.ajax?dataType=fund&fileName=EWY_holdings&fileType=csv,,high
YATHARTH.NS,YATHARTH HOSPITAL & TRAUMA CARE SE,India,Health Care,YATHARTH,National Stock Exchange Of India,,0.07,EWY,https://www.ishares.com/us/products/239660/ishares-msci-south-korea-etf/1467271812596.ajax?dataType=fund&fileName=EWY_holdings&fileType=csv,,high
3MINDIA.NS,3M INDIA LTD,India,Industrials,3MINDIA,National Stock Exchange Of India,,0.31,EWY,https://www.ishares.com/us/products/239660/ishares-msci-south-korea-etf/1467271812596.ajax?dataType=fund&fileName=EWY_holdings&fileType=csv,,high
ACE.NS,ACTION CONSTRUCTION EQUIPMENT LTD,India,Industrials,ACE,National Stock Exchange Of India,,0.12,EWY,https://www.ishares.com/us/products/239660/ishares-msci-south-korea-etf/1467271812596.ajax?dataType=fund&fileName=EWY_holdings&fileType=csv,,high
AFCONS.NS,AFCONS INFRASTRUCTURE LTD,India,Industrials,AFCONS,National Stock Exchange Of India,,0.15,EWY,https://www.ishares.com/us/products/239660/ishares-msci-south-korea-etf/1467271812596.ajax?dataType=fund&fileName=EWY_holdings&fileType=csv,,high
AHLUCONT.NS,AHLUWALIA CONTRACTS (INDIA) LTD,India,Industrials,AHLUCONT,National Stock Exchange Of India,,0.07,EWY,https://www.ishares.com/us/products/239660/ishares-msci-south-korea-etf/1467271812596.ajax?dataType=fund&fileName=EWY_holdings&fileType=csv,,high
AIAENG.NS,AIA ENGINEERING LTD,India,Industrials,AIAENG,National Stock Exchange Of India,,0.5,EWY,https://www.ishares.com/us/products/239660/ishares-msci-south-korea-etf/1467271812596.ajax?dataType=fund&fileName=EWY_holdings&fileType=csv,,high
AREM.NS,AMARA RAJA ENERGY & MOBILITY LTD,India,Industrials,ARE&M,National Stock Exchange Of India,,0.28,EWY,https://www.ishares.com/us/products/239660/ishares-msci-south-korea-etf/1467271812596.ajax?dataType=fund&fileName=EWY_holdings&fileType=csv,,high
APARINDS.NS,APAR INDUSTRIES LTD,India,Industrials,APARINDS,National Stock Exchange Of India,,0.61,EWY,https://www.ishares.com/us/products/239660/ishares-msci-south-korea-etf/1467271812596.ajax?dataType=fund&fileName=EWY_holdings&fileType=csv,,high
AZAD.NS,AZAD ENGINEERING LTD,India,Industrials,AZAD,National Stock Exchange Of India,,0.15,EWY,https://www.ishares.com/us/products/239660/ishares-msci-south-korea-etf/1467271812596.ajax?dataType=fund&fileName=EWY_holdings&fileType=csv,,high
BALUFORGE.NS,BALU FORGE INDUSTRIES LTD,India,Industrials,BALUFORGE,National Stock Exchange Of India,,0.05,EWY,https://www.ishares.com/us/products/239660/ishares-msci-south-korea-etf/1467271812596.ajax?dataType=fund&fileName=EWY_holdings&fileType=csv,,high
BLS.NS,BLS INTERNATIONAL SERVICES LTD,India,Industrials,BLS,National Stock Exchange Of India,,0.1,EWY,https://www.ishares.com/us/products/239660/ishares-msci-south-korea-etf/1467271812596.ajax?dataType=fund&fileName=EWY_holdings&fileType=csv,,high
BLUEDART.NS,BLUE DART EXPRESS LTD,India,Industrials,BLUEDART,National Stock Exchange Of India,,0.11,EWY,https://www.ishares.com/us/products/239660/ishares-msci-south-korea-etf/1467271812596.ajax?dataType=fund&fileName=EWY_holdings&fileType=csv,,high
BLUESTARCO.NS,BLUE STAR LTD,India,Industrials,BLUESTARCO,National Stock Exchange Of India,,0.83,EWY,https://www.ishares.com/us/products/239660/ishares-msci-south-korea-etf/1467271812596.ajax?dataType=fund&fileName=EWY_holdings&fileType=csv,,high
CEMPRO.NS,CEMINDIA PROJECTS LTD,India,Industrials,CEMPRO,National Stock Exchange Of India,,0.09,EWY,https://www.ishares.com/us/products/239660/ishares-msci-south-korea-etf/1467271812596.ajax?dataType=fund&fileName=EWY_holdings&fileType=csv,,high
CERA.NS,CERA SANITARYWARE LTD,India,Industrials,CERA,National Stock Exchange Of India,,0.09,EWY,https://www.ishares.com/us/products/239660/ishares-msci-south-korea-etf/1467271812596.ajax?dataType=fund&fileName=EWY_holdings&fileType=csv,,high
CMSINFO.NS,CMS INFO SYSTEMS LTD,India,Industrials,CMSINFO,National Stock Exchange Of India,,0.15,EWY,https://www.ishares.com/us/products/239660/ishares-msci-south-korea-etf/1467271812596.ajax?dataType=fund&fileName=EWY_holdings&fileType=csv,,high
CAMS.NS,COMPUTER AGE MANAGEMENT SERVICES L,India,Industrials,CAMS,National Stock Exchange Of India,,0.51,EWY,https://www.ishares.com/us/products/239660/ishares-msci-south-korea-etf/1467271812596.ajax?dataType=fund&fileName=EWY_holdings&fileType=csv,,high
CONCOR.NS,CONTAINER CORPORATION OF INDIA LTD,India,Industrials,CONCOR,National Stock Exchange Of India,,0.42,EWY,https://www.ishares.com/us/products/239660/ishares-msci-south-korea-etf/1467271812596.ajax?dataType=fund&fileName=EWY_holdings&fileType=csv,,high
CRAFTSMAN.NS,CRAFTSMAN AUTOMATION LTD,India,Industrials,CRAFTSMAN,National Stock Exchange Of India,,0.29,EWY,https://www.ishares.com/us/products/239660/ishares-msci-south-korea-etf/1467271812596.ajax?dataType=fund&fileName=EWY_holdings&fileType=csv,,high
DATAPATTNS.NS,DATA PATTERNS INDIA LTD,India,Industrials,DATAPATTNS,National Stock Exchange Of India,,0.29,EWY,https://www.ishares.com/us/products/239660/ishares-msci-south-korea-etf/1467271812596.ajax?dataType=fund&fileName=EWY_holdings&fileType=csv,,high
DELHIVERY.NS,DELHIVERY LTD,India,Industrials,DELHIVERY,National Stock Exchange Of India,,0.72,EWY,https://www.ishares.com/us/products/239660/ishares-msci-south-korea-etf/1467271812596.ajax?dataType=fund&fileName=EWY_holdings&fileType=csv,,high
DOMS.NS,DOMS INDUSTRIES LTD,India,Industrials,DOMS,National Stock Exchange Of India,,0.12,EWY,https://www.ishares.com/us/products/239660/ishares-msci-south-korea-etf/1467271812596.ajax?dataType=fund&fileName=EWY_holdings&fileType=csv,,high
ECLERX.NS,ECLERX SERVICES,India,Industrials,ECLERX,National Stock Exchange Of India,,0.21,EWY,https://www.ishares.com/us/products/239660/ishares-msci-south-korea-etf/1467271812596.ajax?dataType=fund&fileName=EWY_holdings&fileType=csv,,high
ELECON.NS,ELECON ENGINEERING CO LTD,India,Industrials,ELECON,National Stock Exchange Of India,,0.11,EWY,https://www.ishares.com/us/products/239660/ishares-msci-south-korea-etf/1467271812596.ajax?dataType=fund&fileName=EWY_holdings&fileType=csv,,high
ELECTCAST.NS,ELECTROSTEEL CASTINGS LTD,India,Industrials,ELECTCAST,National Stock Exchange Of India,,0.06,EWY,https://www.ishares.com/us/products/239660/ishares-msci-south-korea-etf/1467271812596.ajax?dataType=fund&fileName=EWY_holdings&fileType=csv,,high
ELGIEQUIP.NS,ELGI EQUIPMENTS LTD,India,Industrials,ELGIEQUIP,National Stock Exchange Of India,,0.32,EWY,https://www.ishares.com/us/products/239660/ishares-msci-south-korea-etf/1467271812596.ajax?dataType=fund&fileName=EWY_holdings&fileType=csv,,high
ENGINERSIN.NS,ENGINEERS INDIA LTD,India,Industrials,ENGINERSIN,National Stock Exchange Of India,,0.18,EWY,https://www.ishares.com/us/products/239660/ishares-msci-south-korea-etf/1467271812596.ajax?dataType=fund&fileName=EWY_holdings&fileType=csv,,high
ESABINDIA.NS,ESAB INDIA LTD,India,Industrials,ESABINDIA,National Stock Exchange Of India,,0.08,EWY,https://www.ishares.com/us/products/239660/ishares-msci-south-korea-etf/1467271812596.ajax?dataType=fund&fileName=EWY_holdings&fileType=csv,,high
FINCABLES.NS,FINOLEX CABLES LTD,India,Industrials,FINCABLES,National Stock Exchange Of India,,0.22,EWY,https://www.ishares.com/us/products/239660/ishares-msci-south-korea-etf/1467271812596.ajax?dataType=fund&fileName=EWY_holdings&fileType=csv,,high
FSL.NS,FIRSTSOURCE SOLUTIONS LTD,India,Industrials,FSL,National Stock Exchange Of India,,0.19,EWY,https://www.ishares.com/us/products/239660/ishares-msci-south-korea-etf/1467271812596.ajax?dataType=fund&fileName=EWY_holdings&fileType=csv,,high
FORCEMOT.NS,FORCE MOTORS LTD,India,Industrials,FORCEMOT,National Stock Exchange Of India,,0.31,EWY,https://www.ishares.com/us/products/239660/ishares-msci-south-korea-etf/1467271812596.ajax?dataType=fund&fileName=EWY_holdings&fileType=csv,,high
GRINFRA.NS,G R INFRAPROJECTS LTD,India,Industrials,GRINFRA,National Stock Exchange Of India,,0.07,EWY,https://www.ishares.com/us/products/239660/ishares-msci-south-korea-etf/1467271812596.ajax?dataType=fund&fileName=EWY_holdings&fileType=csv,,high
GRSE.NS,GARDEN REACH SHIPBUILDERS & ENGINE,India,Industrials,GRSE,National Stock Exchange Of India,,0.23,EWY,https://www.ishares.com/us/products/239660/ishares-msci-south-korea-etf/1467271812596.ajax?dataType=fund&fileName=EWY_holdings&fileType=csv,,high
GMMPFAUDLR.NS,GMM PFAUDLER LTD,India,Industrials,GMMPFAUDLR,National Stock Exchange Of India,,0.09,EWY,https://www.ishares.com/us/products/239660/ishares-msci-south-korea-etf/1467271812596.ajax?dataType=fund&fileName=EWY_holdings&fileType=csv,,high
GMRPUI.NS,GMR POWER AND URBAN INFRA LTD,India,Industrials,GMRP&UI,National Stock Exchange Of India,,0.06,EWY,https://www.ishares.com/us/products/239660/ishares-msci-south-korea-etf/1467271812596.ajax?dataType=fund&fileName=EWY_holdings&fileType=csv,,high
GRAPHITE.NS,GRAPHITE INDIA LTD,India,Industrials,GRAPHITE,National Stock Exchange Of India,,0.14,EWY,https://www.ishares.com/us/products/239660/ishares-msci-south-korea-etf/1467271812596.ajax?dataType=fund&fileName=EWY_holdings&fileType=csv,,high
GREENLAM.NS,GREENLAM INDUSTRIES LTD,India,Industrials,GREENLAM,National Stock Exchange Of India,,0.05,EWY,https://www.ishares.com/us/products/239660/ishares-msci-south-korea-etf/1467271812596.ajax?dataType=fund&fileName=EWY_holdings&fileType=csv,,high
GRINDWELL.NS,GRINDWELL NORTON LTD,India,Industrials,GRINDWELL,National Stock Exchange Of India,,0.23,EWY,https://www.ishares.com/us/products/239660/ishares-msci-south-korea-etf/1467271812596.ajax?dataType=fund&fileName=EWY_holdings&fileType=csv,,high
GPPL.NS,GUJARAT PIPAVAV PORT LTD,India,Industrials,GPPL,National Stock Exchange Of India,,0.14,EWY,https://www.ishares.com/us/products/239660/ishares-msci-south-korea-etf/1467271812596.ajax?dataType=fund&fileName=EWY_holdings&fileType=csv,,high
HAPPYFORGE.NS,HAPPY FORGINGS LTD,India,Industrials,HAPPYFORGE,National Stock Exchange Of India,,0.08,EWY,https://www.ishares.com/us/products/239660/ishares-msci-south-korea-etf/1467271812596.ajax?dataType=fund&fileName=EWY_holdings&fileType=csv,,high
HBLENGINE.NS,HBL ENGINEERING LTD,India,Industrials,HBLENGINE,National Stock Exchange Of India,,0.24,EWY,https://www.ishares.com/us/products/239660/ishares-msci-south-korea-etf/1467271812596.ajax?dataType=fund&fileName=EWY_holdings&fileType=csv,,high
HEG.NS,HEG LTD,India,Industrials,HEG,National Stock Exchange Of India,,0.13,EWY,https://www.ishares.com/us/products/239660/ishares-msci-south-korea-etf/1467271812596.ajax?dataType=fund&fileName=EWY_holdings&fileType=csv,,high
HCC.NS,HINDUSTAN CONSTRUCTION COMPANY LTD,India,Industrials,HCC,National Stock Exchange Of India,,0.1,EWY,https://www.ishares.com/us/products/239660/ishares-msci-south-korea-etf/1467271812596.ajax?dataType=fund&fileName=EWY_holdings&fileType=csv,,high
INDIAMART.NS,INDIAMART INTERMESH LTD,India,Industrials,INDIAMART,National Stock Exchange Of India,,0.22,EWY,https://www.ishares.com/us/products/239660/ishares-msci-south-korea-etf/1467271812596.ajax?dataType=fund&fileName=EWY_holdings&fileType=csv,,high
INGERRAND.NS,INGERSOLL RAND INDIA LTD,India,Industrials,INGERRAND,National Stock Exchange Of India,,0.1,EWY,https://www.ishares.com/us/products/239660/ishares-msci-south-korea-etf/1467271812596.ajax?dataType=fund&fileName=EWY_holdings&fileType=csv,,high
INOXGREEN.NS,INOX GREEN ENERGY SERVICES LTD,India,Industrials,INOXGREEN,National Stock Exchange Of India,,0.05,EWY,https://www.ishares.com/us/products/239660/ishares-msci-south-korea-etf/1467271812596.ajax?dataType=fund&fileName=EWY_holdings&fileType=csv,,high
INOXINDIA.NS,INOX INDIA LTD,India,Industrials,INOXINDIA,National Stock Exchange Of India,,0.09,EWY,https://www.ishares.com/us/products/239660/ishares-msci-south-korea-etf/1467271812596.ajax?dataType=fund&fileName=EWY_holdings&fileType=csv,,high
INOXWIND.NS,INOX WIND LTD,India,Industrials,INOXWIND,National Stock Exchange Of India,,0.21,EWY,https://www.ishares.com/us/products/239660/ishares-msci-south-korea-etf/1467271812596.ajax?dataType=fund&fileName=EWY_holdings&fileType=csv,,high
IGIL.NS,INTERNATIONAL GEMMOLOGICAL INSTITU,India,Industrials,IGIL,National Stock Exchange Of India,,0.12,EWY,https://www.ishares.com/us/products/239660/ishares-msci-south-korea-etf/1467271812596.ajax?dataType=fund&fileName=EWY_holdings&fileType=csv,,high
IONEXCHANG.NS,ION EXCHANGE INDIA LTD,India,Industrials,IONEXCHANG,National Stock Exchange Of India,,0.09,EWY,https://www.ishares.com/us/products/239660/ishares-msci-south-korea-etf/1467271812596.ajax?dataType=fund&fileName=EWY_holdings&fileType=csv,,high
IRB.NS,IRB INFRASTRUCTURE DEVELOPERS LTD,India,Industrials,IRB,National Stock Exchange Of India,,0.24,EWY,https://www.ishares.com/us/products/239660/ishares-msci-south-korea-etf/1467271812596.ajax?dataType=fund&fileName=EWY_holdings&fileType=csv,,high
IRCON.NS,IRCON INTERNATIONAL LTD,India,Industrials,IRCON,National Stock Exchange Of India,,0.15,EWY,https://www.ishares.com/us/products/239660/ishares-msci-south-korea-etf/1467271812596.ajax?dataType=fund&fileName=EWY_holdings&fileType=csv,,high
ISGEC.NS,ISGEC HEAVY ENGINEERING LTD,India,Industrials,ISGEC,National Stock Exchange Of India,,0.08,EWY,https://www.ishares.com/us/products/239660/ishares-msci-south-korea-etf/1467271812596.ajax?dataType=fund&fileName=EWY_holdings&fileType=csv,,high
JWL.NS,JUPITER WAGONS LTD,India,Industrials,JWL,National Stock Exchange Of India,,0.1,EWY,https://www.ishares.com/us/products/239660/ishares-msci-south-korea-etf/1467271812596.ajax?dataType=fund&fileName=EWY_holdings&fileType=csv,,high
JYOTICNC.NS,JYOTI CNC AUTOMATION LTD,India,Industrials,JYOTICNC,National Stock Exchange Of India,,0.2,EWY,https://www.ishares.com/us/products/239660/ishares-msci-south-korea-etf/1467271812596.ajax?dataType=fund&fileName=EWY_holdings&fileType=csv,,high
KAJARIACER.NS,KAJARIA CERAMICS LTD,India,Industrials,KAJARIACER,National Stock Exchange Of India,,0.25,EWY,https://www.ishares.com/us/products/239660/ishares-msci-south-korea-etf/1467271812596.ajax?dataType=fund&fileName=EWY_holdings&fileType=csv,,high
KPIL.NS,KALPATARU PROJECTS INTERNATIONAL L,India,Industrials,KPIL,National Stock Exchange Of India,,0.43,EWY,https://www.ishares.com/us/products/239660/ishares-msci-south-korea-etf/1467271812596.ajax?dataType=fund&fileName=EWY_holdings&fileType=csv,,high
KEC.NS,KEC INTERNATIONAL LTD,India,Industrials,KEC,National Stock Exchange Of India,,0.23,EWY,https://www.ishares.com/us/products/239660/ishares-msci-south-korea-etf/1467271812596.ajax?dataType=fund&fileName=EWY_holdings&fileType=csv,,high
KEI.NS,KEI INDUSTRIES LTD,India,Industrials,KEI,National Stock Exchange Of India,,0.99,EWY,https://www.ishares.com/us/products/239660/ishares-msci-south-korea-etf/1467271812596.ajax?dataType=fund&fileName=EWY_holdings&fileType=csv,,high
KIRLOSBROS.NS,KIRLOSKAR BROTHERS LTD,India,Industrials,KIRLOSBROS,National Stock Exchange Of India,,0.12,EWY,https://www.ishares.com/us/products/239660/ishares-msci-south-korea-etf/1467271812596.ajax?dataType=fund&fileName=EWY_holdings&fileType=csv,,high
KIRLOSENG.NS,KIRLOSKAR OIL ENGINES LTD,India,Industrials,KIRLOSENG,National Stock Exchange Of India,,0.38,EWY,https://www.ishares.com/us/products/239660/ishares-msci-south-korea-etf/1467271812596.ajax?dataType=fund&fileName=EWY_holdings&fileType=csv,,high
KIRLPNU.NS,KIRLOSKAR PNEUMATIC CO LTD,India,Industrials,KIRLPNU,National Stock Exchange Of India,,0.14,EWY,https://www.ishares.com/us/products/239660/ishares-msci-south-korea-etf/1467271812596.ajax?dataType=fund&fileName=EWY_holdings&fileType=csv,,high
KSB.NS,KSB LTD,India,Industrials,KSB,National Stock Exchange Of India,,0.15,EWY,https://www.ishares.com/us/products/239660/ishares-msci-south-korea-etf/1467271812596.ajax?dataType=fund&fileName=EWY_holdings&fileType=csv,,high
LATENTVIEW.NS,LATENT VIEW ANALYTICS LTD,India,Industrials,LATENTVIEW,National Stock Exchange Of India,,0.05,EWY,https://www.ishares.com/us/products/239660/ishares-msci-south-korea-etf/1467271812596.ajax?dataType=fund&fileName=EWY_holdings&fileType=csv,,high
LLOYDSENGG.NS,LLOYDS ENGINEERING WORKS LTD,India,Industrials,LLOYDSENGG,National Stock Exchange Of India,,0.08,EWY,https://www.ishares.com/us/products/239660/ishares-msci-south-korea-etf/1467271812596.ajax?dataType=fund&fileName=EWY_holdings&fileType=csv,,high
LMW.NS,LMW LTD,India,Industrials,LMW,National Stock Exchange Of India,,0.18,EWY,https://www.ishares.com/us/products/239660/ishares-msci-south-korea-etf/1467271812596.ajax?dataType=fund&fileName=EWY_holdings&fileType=csv,,high
MTARTECH.NS,MTAR TECHNOLOGIES LTD,India,Industrials,MTARTECH,National Stock Exchange Of India,,0.26,EWY,https://www.ishares.com/us/products/239660/ishares-msci-south-korea-etf/1467271812596.ajax?dataType=fund&fileName=EWY_holdings&fileType=csv,,high
NAVA.NS,NAVA,India,Industrials,NAVA,National Stock Exchange Of India,,0.23,EWY,https://www.ishares.com/us/products/239660/ishares-msci-south-korea-etf/1467271812596.ajax?dataType=fund&fileName=EWY_holdings&fileType=csv,,high
NBCC.NS,NBCC INDIA LTD,India,Industrials,NBCC,National Stock Exchange Of India,,0.26,EWY,https://www.ishares.com/us/products/239660/ishares-msci-south-korea-etf/1467271812596.ajax?dataType=fund&fileName=EWY_holdings&fileType=csv,,high
NCC.NS,NCC LTD,India,Industrials,NCC,National Stock Exchange Of India,,0.19,EWY,https://www.ishares.com/us/products/239660/ishares-msci-south-korea-etf/1467271812596.ajax?dataType=fund&fileName=EWY_holdings&fileType=csv,,high
OLECTRA.NS,OLECTRA GREENTECH LTD,India,Industrials,OLECTRA,National Stock Exchange Of India,,0.12,EWY,https://www.ishares.com/us/products/239660/ishares-msci-south-korea-etf/1467271812596.ajax?dataType=fund&fileName=EWY_holdings&fileType=csv,,high
PARAS.NS,PARAS DEFENCE AND SPACE TECHNOLOGI,India,Industrials,PARAS,National Stock Exchange Of India,,0.09,EWY,https://www.ishares.com/us/products/239660/ishares-msci-south-korea-etf/1467271812596.ajax?dataType=fund&fileName=EWY_holdings&fileType=csv,,high
PNCINFRA.NS,PNC INFRATECH LTD,India,Industrials,PNCINFRA,National Stock Exchange Of India,,0.08,EWY,https://www.ishares.com/us/products/239660/ishares-msci-south-korea-etf/1467271812596.ajax?dataType=fund&fileName=EWY_holdings&fileType=csv,,high
POWERMECH.NS,POWER MECH PROJECTS LTD,India,Industrials,POWERMECH,National Stock Exchange Of India,,0.09,EWY,https://www.ishares.com/us/products/239660/ishares-msci-south-korea-etf/1467271812596.ajax?dataType=fund&fileName=EWY_holdings&fileType=csv,,high
PRAJIND.NS,PRAJ INDUSTRIES LTD,India,Industrials,PRAJIND,National Stock Exchange Of India,,0.13,EWY,https://www.ishares.com/us/products/239660/ishares-msci-south-korea-etf/1467271812596.ajax?dataType=fund&fileName=EWY_holdings&fileType=csv,,high
RRKABEL.NS,R R KABEL LTD,India,Industrials,RRKABEL,National Stock Exchange Of India,,0.17,EWY,https://www.ishares.com/us/products/239660/ishares-msci-south-korea-etf/1467271812596.ajax?dataType=fund&fileName=EWY_holdings&fileType=csv,,high
RITES.NS,RITES LTD,India,Industrials,RITES,National Stock Exchange Of India,,0.08,EWY,https://www.ishares.com/us/products/239660/ishares-msci-south-korea-etf/1467271812596.ajax?dataType=fund&fileName=EWY_holdings&fileType=csv,,high
SAGILITY.NS,SAGILITY LTD,India,Industrials,SAGILITY,National Stock Exchange Of India,,0.3,EWY,https://www.ishares.com/us/products/239660/ishares-msci-south-korea-etf/1467271812596.ajax?dataType=fund&fileName=EWY_holdings&fileType=csv,,high
SCHNEIDER.NS,SCHNEIDER ELECTRIC INFRASTRUCTURE,India,Industrials,SCHNEIDER,National Stock Exchange Of India,,0.14,EWY,https://www.ishares.com/us/products/239660/ishares-msci-south-korea-etf/1467271812596.ajax?dataType=fund&fileName=EWY_holdings&fileType=csv,,high
SHAILY.NS,SHAILY ENGINEERING PLASTICS LTD,India,Industrials,SHAILY,National Stock Exchange Of India,,0.13,EWY,https://www.ishares.com/us/products/239660/ishares-msci-south-korea-etf/1467271812596.ajax?dataType=fund&fileName=EWY_holdings&fileType=csv,,high
SHAKTIPUMP.NS,SHAKTI PUMPS INDIA LTD,India,Industrials,SHAKTIPUMP,National Stock Exchange Of India,,0.09,EWY,https://www.ishares.com/us/products/239660/ishares-msci-south-korea-etf/1467271812596.ajax?dataType=fund&fileName=EWY_holdings&fileType=csv,,high
SCI.NS,SHIPPING CORPORATION OF INDIA LTD,India,Industrials,SCI,National Stock Exchange Of India,,0.13,EWY,https://www.ishares.com/us/products/239660/ishares-msci-south-korea-etf/1467271812596.ajax?dataType=fund&fileName=EWY_holdings&fileType=csv,,high
SKFINDUS.NS,SKF INDIA (INDUSTRIAL) LTD,India,Industrials,SKFINDUS,National Stock Exchange Of India,,0.19,EWY,https://www.ishares.com/us/products/239660/ishares-msci-south-korea-etf/1467271812596.ajax?dataType=fund&fileName=EWY_holdings&fileType=csv,,high
SWSOLAR.NS,STERLING AND WILSON RENEWABLE ENER,India,Industrials,SWSOLAR,National Stock Exchange Of India,,0.07,EWY,https://www.ishares.com/us/products/239660/ishares-msci-south-korea-etf/1467271812596.ajax?dataType=fund&fileName=EWY_holdings&fileType=csv,,high
TDPOWERSYS.NS,TD POWER SYSTEMS LTD,India,Industrials,TDPOWERSYS,National Stock Exchange Of India,,0.33,EWY,https://www.ishares.com/us/products/239660/ishares-msci-south-korea-etf/1467271812596.ajax?dataType=fund&fileName=EWY_holdings&fileType=csv,,high
TECHNOE.NS,TECHNO ELECTRIC AND ENGINEERING LT,India,Industrials,TECHNOE,National Stock Exchange Of India,,0.19,EWY,https://www.ishares.com/us/products/239660/ishares-msci-south-korea-etf/1467271812596.ajax?dataType=fund&fileName=EWY_holdings&fileType=csv,,high
TEGA.NS,TEGA INDUSTRIES LTD,India,Industrials,TEGA,National Stock Exchange Of India,,0.1,EWY,https://www.ishares.com/us/products/239660/ishares-msci-south-korea-etf/1467271812596.ajax?dataType=fund&fileName=EWY_holdings&fileType=csv,,high
TEXRAIL.NS,TEXMACO RAIL AND ENGINEERING LTD,India,Industrials,TEXRAIL,National Stock Exchange Of India,,0.06,EWY,https://www.ishares.com/us/products/239660/ishares-msci-south-korea-etf/1467271812596.ajax?dataType=fund&fileName=EWY_holdings&fileType=csv,,high
THERMAX.NS,THERMAX,India,Industrials,THERMAX,National Stock Exchange Of India,,0.43,EWY,https://www.ishares.com/us/products/239660/ishares-msci-south-korea-etf/1467271812596.ajax?dataType=fund&fileName=EWY_holdings&fileType=csv,,high
TIMKEN.NS,TIMKEN INDIA LTD,India,Industrials,TIMKEN,National Stock Exchange Of India,,0.41,EWY,https://www.ishares.com/us/products/239660/ishares-msci-south-korea-etf/1467271812596.ajax?dataType=fund&fileName=EWY_holdings&fileType=csv,,high
TITAGARH.NS,TITAGARH RAIL SYSTEMS LTD,India,Industrials,TITAGARH,National Stock Exchange Of India,,0.17,EWY,https://www.ishares.com/us/products/239660/ishares-msci-south-korea-etf/1467271812596.ajax?dataType=fund&fileName=EWY_holdings&fileType=csv,,high
TARIL.NS,TRANSFORMERS AND RECTIFIERS INDIA,India,Industrials,TARIL,National Stock Exchange Of India,,0.1,EWY,https://www.ishares.com/us/products/239660/ishares-msci-south-korea-etf/1467271812596.ajax?dataType=fund&fileName=EWY_holdings&fileType=csv,,high
TCI.NS,TRANSPORT CORPORATION OF INDIA LTD,India,Industrials,TCI,National Stock Exchange Of India,,0.07,EWY,https://www.ishares.com/us/products/239660/ishares-msci-south-korea-etf/1467271812596.ajax?dataType=fund&fileName=EWY_holdings&fileType=csv,,high
TRANSRAILL.NS,TRANSRAIL LIGHTING LTD,India,Industrials,TRANSRAILL,National Stock Exchange Of India,,0.06,EWY,https://www.ishares.com/us/products/239660/ishares-msci-south-korea-etf/1467271812596.ajax?dataType=fund&fileName=EWY_holdings&fileType=csv,,high
TRITURBINE.NS,TRIVENI TURBINE LTD,India,Industrials,TRITURBINE,National Stock Exchange Of India,,0.22,EWY,https://www.ishares.com/us/products/239660/ishares-msci-south-korea-etf/1467271812596.ajax?dataType=fund&fileName=EWY_holdings&fileType=csv,,high
VGUARD.NS,V GUARD INDUSTRIES LTD,India,Industrials,VGUARD,National Stock Exchange Of India,,0.2,EWY,https://www.ishares.com/us/products/239660/ishares-msci-south-korea-etf/1467271812596.ajax?dataType=fund&fileName=EWY_holdings&fileType=csv,,high
VESUVIUS.NS,VESUVIUS INDIA LTD,India,Industrials,VESUVIUS,National Stock Exchange Of India,,0.15,EWY,https://www.ishares.com/us/products/239660/ishares-msci-south-korea-etf/1467271812596.ajax?dataType=fund&fileName=EWY_holdings&fileType=csv,,high
VOLTAMP.NS,VOLTAMP TRANSFORMERS LTD,India,Industrials,VOLTAMP,National Stock Exchange Of India,,0.2,EWY,https://www.ishares.com/us/products/239660/ishares-msci-south-korea-etf/1467271812596.ajax?dataType=fund&fileName=EWY_holdings&fileType=csv,,high
WAAREERTL.NS,WAAREE RENEWABLE TECHNOLOGIES LTD,India,Industrials,WAAREERTL,National Stock Exchange Of India,,0.07,EWY,https://www.ishares.com/us/products/239660/ishares-msci-south-korea-etf/1467271812596.ajax?dataType=fund&fileName=EWY_holdings&fileType=csv,,high
WELENT.NS,WELSPUN ENTERPRISES LTD,India,Industrials,WELENT,National Stock Exchange Of India,,0.06,EWY,https://www.ishares.com/us/products/239660/ishares-msci-south-korea-etf/1467271812596.ajax?dataType=fund&fileName=EWY_holdings&fileType=csv,,high
ZENTEC.NS,ZEN TECHNOLOGIES LTD,India,Industrials,ZENTEC,National Stock Exchange Of India,,0.21,EWY,https://www.ishares.com/us/products/239660/ishares-msci-south-korea-etf/1467271812596.ajax?dataType=fund&fileName=EWY_holdings&fileType=csv,,high
ASTRAMICRO.NS,ASTRA MICROWAVE PRODUCTS LTD,India,Information Technology,ASTRAMICRO,National Stock Exchange Of India,,0.16,EWY,https://www.ishares.com/us/products/239660/ishares-msci-south-korea-etf/1467271812596.ajax?dataType=fund&fileName=EWY_holdings&fileType=csv,,high
AURIONPRO.NS,AURIONPRO SOLUTIONS LTD,India,Information Technology,AURIONPRO,National Stock Exchange Of India,,0.06,EWY,https://www.ishares.com/us/products/239660/ishares-msci-south-korea-etf/1467271812596.ajax?dataType=fund&fileName=EWY_holdings&fileType=csv,,high
AVALON.NS,AVALON TECHNOLOGIES LTD,India,Information Technology,AVALON,National Stock Exchange Of India,,0.09,EWY,https://www.ishares.com/us/products/239660/ishares-msci-south-korea-etf/1467271812596.ajax?dataType=fund&fileName=EWY_holdings&fileType=csv,,high
BSOFT.NS,BIRLASOFT LTD,India,Information Technology,BSOFT,National Stock Exchange Of India,,0.2,EWY,https://www.ishares.com/us/products/239660/ishares-msci-south-korea-etf/1467271812596.ajax?dataType=fund&fileName=EWY_holdings&fileType=csv,,high
BBOX.NS,BLACK BOX LTD,India,Information Technology,BBOX,National Stock Exchange Of India,,0.05,EWY,https://www.ishares.com/us/products/239660/ishares-msci-south-korea-etf/1467271812596.ajax?dataType=fund&fileName=EWY_holdings&fileType=csv,,high
BLACKBUCK.NS,BLACKBUCK LTD,India,Information Technology,BLACKBUCK,National Stock Exchange Of India,,0.19,EWY,https://www.ishares.com/us/products/239660/ishares-msci-south-korea-etf/1467271812596.ajax?dataType=fund&fileName=EWY_holdings&fileType=csv,,high
BORORENEW.NS,BOROSIL RENEWABLES LTD,India,Information Technology,BORORENEW,National Stock Exchange Of India,,0.06,EWY,https://www.ishares.com/us/products/239660/ishares-msci-south-korea-etf/1467271812596.ajax?dataType=fund&fileName=EWY_holdings&fileType=csv,,high
MAPMYINDIA.NS,C E INFO SYSTEMS LTD,India,Information Technology,MAPMYINDIA,National Stock Exchange Of India,,0.05,EWY,https://www.ishares.com/us/products/239660/ishares-msci-south-korea-etf/1467271812596.ajax?dataType=fund&fileName=EWY_holdings&fileType=csv,,high
COFORGE.NS,COFORGE LTD,India,Information Technology,COFORGE,National Stock Exchange Of India,,1.23,EWY,https://www.ishares.com/us/products/239660/ishares-msci-south-korea-etf/1467271812596.ajax?dataType=fund&fileName=EWY_holdings&fileType=csv,,high
CYIENT.NS,CYIENT LTD,India,Information Technology,CYIENT,National Stock Exchange Of India,,0.24,EWY,https://www.ishares.com/us/products/239660/ishares-msci-south-korea-etf/1467271812596.ajax?dataType=fund&fileName=EWY_holdings&fileType=csv,,high
GENUSPOWER.NS,GENUS POWER INFRASTRUCTURES LTD,India,Information Technology,GENUSPOWER,National Stock Exchange Of India,,0.07,EWY,https://www.ishares.com/us/products/239660/ishares-msci-south-korea-etf/1467271812596.ajax?dataType=fund&fileName=EWY_holdings&fileType=csv,,high
HAPPSTMNDS.NS,HAPPIEST MINDS TECHNOLOGIES PVT LT,India,Information Technology,HAPPSTMNDS,National Stock Exchange Of India,,0.09,EWY,https://www.ishares.com/us/products/239660/ishares-msci-south-korea-etf/1467271812596.ajax?dataType=fund&fileName=EWY_holdings&fileType=csv,,high
HEXW.NS,HEXAWARE TECHNOLOGIES LTD,India,Information Technology,HEXW,National Stock Exchange Of India,,0.23,EWY,https://www.ishares.com/us/products/239660/ishares-msci-south-korea-etf/1467271812596.ajax?dataType=fund&fileName=EWY_holdings&fileType=csv,,high
HONAUT.NS,HONEYWELL AUTOMATION INDIA LTD,India,Information Technology,HONAUT,National Stock Exchange Of India,,0.22,EWY,https://www.ishares.com/us/products/239660/ishares-msci-south-korea-etf/1467271812596.ajax?dataType=fund&fileName=EWY_holdings&fileType=csv,,high
INTELLECT.NS,INTELLECT DESIGN ARENA LTD,India,Information Technology,INTELLECT,National Stock Exchange Of India,,0.19,EWY,https://www.ishares.com/us/products/239660/ishares-msci-south-korea-etf/1467271812596.ajax?dataType=fund&fileName=EWY_holdings&fileType=csv,,high
KAYNES.NS,KAYNES TECHNOLOGY INDIA LTD,India,Information Technology,KAYNES,National Stock Exchange Of India,,0.37,EWY,https://www.ishares.com/us/products/239660/ishares-msci-south-korea-etf/1467271812596.ajax?dataType=fund&fileName=EWY_holdings&fileType=csv,,high
KPITTECH.NS,KPIT TECHNOLOGIES LTD,India,Information Technology,KPITTECH,National Stock Exchange Of India,,0.34,EWY,https://www.ishares.com/us/products/239660/ishares-msci-south-korea-etf/1467271812596.ajax?dataType=fund&fileName=EWY_holdings&fileType=csv,,high
MASTEK.NS,MASTEK LTD,India,Information Technology,MASTEK,National Stock Exchange Of India,,0.08,EWY,https://www.ishares.com/us/products/239660/ishares-msci-south-korea-etf/1467271812596.ajax?dataType=fund&fileName=EWY_holdings&fileType=csv,,high
NETWEB.NS,NETWEB TECHNOLOGIES INDIA LTD,India,Information Technology,NETWEB,National Stock Exchange Of India,,0.18,EWY,https://www.ishares.com/us/products/239660/ishares-msci-south-korea-etf/1467271812596.ajax?dataType=fund&fileName=EWY_holdings&fileType=csv,,high
NEWGEN.NS,NEWGEN SOFTWARE TECHNOLOGIES LTD,India,Information Technology,NEWGEN,National Stock Exchange Of India,,0.1,EWY,https://www.ishares.com/us/products/239660/ishares-msci-south-korea-etf/1467271812596.ajax?dataType=fund&fileName=EWY_holdings&fileType=csv,,high
PREMIERENE.NS,PREMIER ENERGIES LTD,India,Information Technology,PREMIERENE,National Stock Exchange Of India,,0.27,EWY,https://www.ishares.com/us/products/239660/ishares-msci-south-korea-etf/1467271812596.ajax?dataType=fund&fileName=EWY_holdings&fileType=csv,,high
RATEGAIN.NS,RATEGAIN TRAVEL TECHNOLOGY LTD,India,Information Technology,RATEGAIN,National Stock Exchange Of India,,0.08,EWY,https://www.ishares.com/us/products/239660/ishares-msci-south-korea-etf/1467271812596.ajax?dataType=fund&fileName=EWY_holdings&fileType=csv,,high
REDINGTON.NS,REDINGTON LTD,India,Information Technology,REDINGTON,National Stock Exchange Of India,,0.45,EWY,https://www.ishares.com/us/products/239660/ishares-msci-south-korea-etf/1467271812596.ajax?dataType=fund&fileName=EWY_holdings&fileType=csv,,high
SONATSOFTW.NS,SONATA SOFTWARE LTD,India,Information Technology,SONATSOFTW,National Stock Exchange Of India,,0.14,EWY,https://www.ishares.com/us/products/239660/ishares-msci-south-korea-etf/1467271812596.ajax?dataType=fund&fileName=EWY_holdings&fileType=csv,,high
SYRMA.NS,SYRMA SGS TECHNOLOGY LTD,India,Information Technology,SYRMA,National Stock Exchange Of India,,0.19,EWY,https://www.ishares.com/us/products/239660/ishares-msci-south-korea-etf/1467271812596.ajax?dataType=fund&fileName=EWY_holdings&fileType=csv,,high
TANLA.NS,TANLA PLATFORMS LTD,India,Information Technology,TANLA,National Stock Exchange Of India,,0.08,EWY,https://www.ishares.com/us/products/239660/ishares-msci-south-korea-etf/1467271812596.ajax?dataType=fund&fileName=EWY_holdings&fileType=csv,,high
TATAELXSI.NS,TATA ELXSI LTD,India,Information Technology,TATAELXSI,National Stock Exchange Of India,,0.45,EWY,https://www.ishares.com/us/products/239660/ishares-msci-south-korea-etf/1467271812596.ajax?dataType=fund&fileName=EWY_holdings&fileType=csv,,high
TATATECH.NS,TATA TECHNOLOGIES LTD,India,Information Technology,TATATECH,National Stock Exchange Of India,,0.31,EWY,https://www.ishares.com/us/products/239660/ishares-msci-south-korea-etf/1467271812596.ajax?dataType=fund&fileName=EWY_holdings&fileType=csv,,high
TEJASNET.NS,TEJAS NETWORKS LTD,India,Information Technology,TEJASNET,National Stock Exchange Of India,,0.11,EWY,https://www.ishares.com/us/products/239660/ishares-msci-south-korea-etf/1467271812596.ajax?dataType=fund&fileName=EWY_holdings&fileType=csv,,high
ZENSARTECH.NS,ZENSAR TECHNOLOGIES LTD,India,Information Technology,ZENSARTECH,National Stock Exchange Of India,,0.2,EWY,https://www.ishares.com/us/products/239660/ishares-msci-south-korea-etf/1467271812596.ajax?dataType=fund&fileName=EWY_holdings&fileType=csv,,high
AARTIIND.NS,AARTI INDUSTRIES LTD,India,Materials,AARTIIND,National Stock Exchange Of India,,0.24,EWY,https://www.ishares.com/us/products/239660/ishares-msci-south-korea-etf/1467271812596.ajax?dataType=fund&fileName=EWY_holdings&fileType=csv,,high
ACC.NS,ACC LTD,India,Materials,ACC,National Stock Exchange Of India,,0.31,EWY,https://www.ishares.com/us/products/239660/ishares-msci-south-korea-etf/1467271812596.ajax?dataType=fund&fileName=EWY_holdings&fileType=csv,,high
AKZOINDIA.NS,AKZO NOBEL INDIA LTD,India,Materials,AKZOINDIA,National Stock Exchange Of India,,0.16,EWY,https://www.ishares.com/us/products/239660/ishares-msci-south-korea-etf/1467271812596.ajax?dataType=fund&fileName=EWY_holdings&fileType=csv,,high
ALKYLAMINE.NS,ALKYL AMINES CHEMICALS LTD,India,Materials,ALKYLAMINE,National Stock Exchange Of India,,0.07,EWY,https://www.ishares.com/us/products/239660/ishares-msci-south-korea-etf/1467271812596.ajax?dataType=fund&fileName=EWY_holdings&fileType=csv,,high
ACI.NS,ARCHEAN CHEMICAL INDUSTRIES LTD,India,Materials,ACI,National Stock Exchange Of India,,0.1,EWY,https://www.ishares.com/us/products/239660/ishares-msci-south-korea-etf/1467271812596.ajax?dataType=fund&fileName=EWY_holdings&fileType=csv,,high
ASHAPURMIN.NS,ASHAPURA MINECHEM LTD,India,Materials,ASHAPURMIN,National Stock Exchange Of India,,0.08,EWY,https://www.ishares.com/us/products/239660/ishares-msci-south-korea-etf/1467271812596.ajax?dataType=fund&fileName=EWY_holdings&fileType=csv,,high
ATUL.NS,ATUL LTD,India,Materials,ATUL,National Stock Exchange Of India,,0.27,EWY,https://www.ishares.com/us/products/239660/ishares-msci-south-korea-etf/1467271812596.ajax?dataType=fund&fileName=EWY_holdings&fileType=csv,,high
BASF.NS,BASF INDIA LTD,India,Materials,BASF,National Stock Exchange Of India,,0.12,EWY,https://www.ishares.com/us/products/239660/ishares-msci-south-korea-etf/1467271812596.ajax?dataType=fund&fileName=EWY_holdings&fileType=csv,,high
BAYERCROP.NS,BAYER CROPSCIENCE LTD,India,Materials,BAYERCROP,National Stock Exchange Of India,,0.2,EWY,https://www.ishares.com/us/products/239660/ishares-msci-south-korea-etf/1467271812596.ajax?dataType=fund&fileName=EWY_holdings&fileType=csv,,high
BIRLACORPN.NS,BIRLA LTD,India,Materials,BIRLACORPN,National Stock Exchange Of India,,0.07,EWY,https://www.ishares.com/us/products/239660/ishares-msci-south-korea-etf/1467271812596.ajax?dataType=fund&fileName=EWY_holdings&fileType=csv,,high
CARBORUNIV.NS,CARBORUNDUM UNIVERSAL LTD,India,Materials,CARBORUNIV,National Stock Exchange Of India,,0.3,EWY,https://www.ishares.com/us/products/239660/ishares-msci-south-korea-etf/1467271812596.ajax?dataType=fund&fileName=EWY_holdings&fileType=csv,,high
CASTROLIND.NS,CASTROL INDIA LTD,India,Materials,CASTROLIND,National Stock Exchange Of India,,0.24,EWY,https://www.ishares.com/us/products/239660/ishares-msci-south-korea-etf/1467271812596.ajax?dataType=fund&fileName=EWY_holdings&fileType=csv,,high
CENTURYPLY.NS,CENTURY PLYBOARDS INDIA LTD,India,Materials,CENTURYPLY,National Stock Exchange Of India,,0.12,EWY,https://www.ishares.com/us/products/239660/ishares-msci-south-korea-etf/1467271812596.ajax?dataType=fund&fileName=EWY_holdings&fileType=csv,,high
CHAMBLFERT.NS,CHAMBAL FERTILISERS AND CHEMICALS,India,Materials,CHAMBLFERT,National Stock Exchange Of India,,0.22,EWY,https://www.ishares.com/us/products/239660/ishares-msci-south-korea-etf/1467271812596.ajax?dataType=fund&fileName=EWY_holdings&fileType=csv,,high
CLEAN.NS,CLEAN SCIENCE AND TECHNOLOGY LTD,India,Materials,CLEAN,National Stock Exchange Of India,,0.12,EWY,https://www.ishares.com/us/products/239660/ishares-msci-south-korea-etf/1467271812596.ajax?dataType=fund&fileName=EWY_holdings&fileType=csv,,high
DCMSHRIRAM.NS,DCM SHRIRAM LTD,India,Materials,DCMSHRIRAM,National Stock Exchange Of India,,0.07,EWY,https://www.ishares.com/us/products/239660/ishares-msci-south-korea-etf/1467271812596.ajax?dataType=fund&fileName=EWY_holdings&fileType=csv,,high
DEEPAKFERT.NS,DEEPAK FERTILISERS AND PETROCHEMIC,India,Materials,DEEPAKFERT,National Stock Exchange Of India,,0.19,EWY,https://www.ishares.com/us/products/239660/ishares-msci-south-korea-etf/1467271812596.ajax?dataType=fund&fileName=EWY_holdings&fileType=csv,,high
DEEPAKNTR.NS,DEEPAK NITRITE LTD,India,Materials,DEEPAKNTR,National Stock Exchange Of India,,0.27,EWY,https://www.ishares.com/us/products/239660/ishares-msci-south-korea-etf/1467271812596.ajax?dataType=fund&fileName=EWY_holdings&fileType=csv,,high
EIDPARRY.NS,EID PARRY INDIA LTD,India,Materials,EIDPARRY,National Stock Exchange Of India,,0.23,EWY,https://www.ishares.com/us/products/239660/ishares-msci-south-korea-etf/1467271812596.ajax?dataType=fund&fileName=EWY_holdings&fileType=csv,,high
EPL.NS,EPL LTD,India,Materials,EPL,National Stock Exchange Of India,,0.09,EWY,https://www.ishares.com/us/products/239660/ishares-msci-south-korea-etf/1467271812596.ajax?dataType=fund&fileName=EWY_holdings&fileType=csv,,high
FINEORG.NS,FINE ORGANIC INDUSTRIES LTD,India,Materials,FINEORG,National Stock Exchange Of India,,0.11,EWY,https://www.ishares.com/us/products/239660/ishares-msci-south-korea-etf/1467271812596.ajax?dataType=fund&fileName=EWY_holdings&fileType=csv,,high
FINPIPE.NS,FINOLEX INDUSTRIES LTD,India,Materials,FINPIPE,National Stock Exchange Of India,,0.15,EWY,https://www.ishares.com/us/products/239660/ishares-msci-south-korea-etf/1467271812596.ajax?dataType=fund&fileName=EWY_holdings&fileType=csv,,high
GALAXYSURF.NS,GALAXY SURFACTANTS LTD,India,Materials,GALAXYSURF,National Stock Exchange Of India,,0.07,EWY,https://www.ishares.com/us/products/239660/ishares-msci-south-korea-etf/1467271812596.ajax?dataType=fund&fileName=EWY_holdings&fileType=csv,,high
GRWRHITECH.NS,GARWARE HI-TECH FILMS LTD,India,Materials,GRWRHITECH,National Stock Exchange Of India,,0.1,EWY,https://www.ishares.com/us/products/239660/ishares-msci-south-korea-etf/1467271812596.ajax?dataType=fund&fileName=EWY_holdings&fileType=csv,,high
GHCL.NS,GHCL LTD,India,Materials,GHCL,National Stock Exchange Of India,,0.1,EWY,https://www.ishares.com/us/products/239660/ishares-msci-south-korea-etf/1467271812596.ajax?dataType=fund&fileName=EWY_holdings&fileType=csv,,high
GPIL.NS,GODAWARI POWER AND ISPAT LTD,India,Materials,GPIL,National Stock Exchange Of India,,0.19,EWY,https://www.ishares.com/us/products/239660/ishares-msci-south-korea-etf/1467271812596.ajax?dataType=fund&fileName=EWY_holdings&fileType=csv,,high
GRAVITA.NS,GRAVITA INDIA LTD,India,Materials,GRAVITA,National Stock Exchange Of India,,0.16,EWY,https://www.ishares.com/us/products/239660/ishares-msci-south-korea-etf/1467271812596.ajax?dataType=fund&fileName=EWY_holdings&fileType=csv,,high
FLUOROCHEM.NS,GUJARAT FLUOROCHEMICALS LTD,India,Materials,FLUOROCHEM,National Stock Exchange Of India,,0.36,EWY,https://www.ishares.com/us/products/239660/ishares-msci-south-korea-etf/1467271812596.ajax?dataType=fund&fileName=EWY_holdings&fileType=csv,,high
GNFC.NS,GUJARAT NARMADA VALLEY FERTILIZERS,India,Materials,GNFC,National Stock Exchange Of India,,0.11,EWY,https://www.ishares.com/us/products/239660/ishares-msci-south-korea-etf/1467271812596.ajax?dataType=fund&fileName=EWY_holdings&fileType=csv,,high
GSFC.NS,GUJARAT STATE FERTILIZERS AND CHEM,India,Materials,GSFC,National Stock Exchange Of India,,0.11,EWY,https://www.ishares.com/us/products/239660/ishares-msci-south-korea-etf/1467271812596.ajax?dataType=fund&fileName=EWY_holdings&fileType=csv,,high
GULFOILLUB.NS,GULF OIL LUBRICANTS INDIA LTD,India,Materials,GULFOILLUB,National Stock Exchange Of India,,0.06,EWY,https://www.ishares.com/us/products/239660/ishares-msci-south-korea-etf/1467271812596.ajax?dataType=fund&fileName=EWY_holdings&fileType=csv,,high
HSCL.NS,HIMADRI SPECIALITY CHEMICAL LTD,India,Materials,HSCL,National Stock Exchange Of India,,0.26,EWY,https://www.ishares.com/us/products/239660/ishares-msci-south-korea-etf/1467271812596.ajax?dataType=fund&fileName=EWY_holdings&fileType=csv,,high
HINDCOPPER.NS,HINDUSTAN COPPER LTD,India,Materials,HINDCOPPER,National Stock Exchange Of India,,0.52,EWY,https://www.ishares.com/us/products/239660/ishares-msci-south-korea-etf/1467271812596.ajax?dataType=fund&fileName=EWY_holdings&fileType=csv,,high
INDIACEM.NS,INDIA CEMENTS LTD,India,Materials,INDIACEM,National Stock Exchange Of India,,0.06,EWY,https://www.ishares.com/us/products/239660/ishares-msci-south-korea-etf/1467271812596.ajax?dataType=fund&fileName=EWY_holdings&fileType=csv,,high
INDIAGLYCO.NS,INDIA GLYCOLS LTD,India,Materials,INDIAGLYCO,National Stock Exchange Of India,,0.06,EWY,https://www.ishares.com/us/products/239660/ishares-msci-south-korea-etf/1467271812596.ajax?dataType=fund&fileName=EWY_holdings&fileType=csv,,high
INDIGOPNTS.NS,INDIGO PAINTS LTD,India,Materials,INDIGOPNTS,National Stock Exchange Of India,,0.07,EWY,https://www.ishares.com/us/products/239660/ishares-msci-south-korea-etf/1467271812596.ajax?dataType=fund&fileName=EWY_holdings&fileType=csv,,high
JKCEMENT.NS,J.K. CEMENT LTD,India,Materials,JKCEMENT,National Stock Exchange Of India,,0.58,EWY,https://www.ishares.com/us/products/239660/ishares-msci-south-korea-etf/1467271812596.ajax?dataType=fund&fileName=EWY_holdings&fileType=csv,,high
JINDALSAW.NS,JINDAL SAW LTD,India,Materials,JINDALSAW,National Stock Exchange Of India,,0.12,EWY,https://www.ishares.com/us/products/239660/ishares-msci-south-korea-etf/1467271812596.ajax?dataType=fund&fileName=EWY_holdings&fileType=csv,,high
JKLAKSHMI.NS,JK LAKSHMI CEMENT LTD,India,Materials,JKLAKSHMI,National Stock Exchange Of India,,0.13,EWY,https://www.ishares.com/us/products/239660/ishares-msci-south-korea-etf/1467271812596.ajax?dataType=fund&fileName=EWY_holdings&fileType=csv,,high
JKPAPER.NS,JK PAPER LTD,India,Materials,JKPAPER,National Stock Exchange Of India,,0.08,EWY,https://www.ishares.com/us/products/239660/ishares-msci-south-korea-etf/1467271812596.ajax?dataType=fund&fileName=EWY_holdings&fileType=csv,,high
JSWCEMENT.NS,JSW CEMENT LTD,India,Materials,JSWCEMENT,National Stock Exchange Of India,,0.11,EWY,https://www.ishares.com/us/products/239660/ishares-msci-south-korea-etf/1467271812596.ajax?dataType=fund&fileName=EWY_holdings&fileType=csv,,high
JUBLINGREA.NS,JUBILANT INGREVIA LTD,India,Materials,JUBLINGREA,National Stock Exchange Of India,,0.14,EWY,https://www.ishares.com/us/products/239660/ishares-msci-south-korea-etf/1467271812596.ajax?dataType=fund&fileName=EWY_holdings&fileType=csv,,high
KANSAINER.NS,KANSAI NEROLAC PAINTS LTD,India,Materials,KANSAINER,National Stock Exchange Of India,,0.12,EWY,https://www.ishares.com/us/products/239660/ishares-msci-south-korea-etf/1467271812596.ajax?dataType=fund&fileName=EWY_holdings&fileType=csv,,high
MAHSEAMLES.NS,MAHARASHTRA SEAMLESS LTD,India,Materials,MAHSEAMLES,National Stock Exchange Of India,,0.07,EWY,https://www.ishares.com/us/products/239660/ishares-msci-south-korea-etf/1467271812596.ajax?dataType=fund&fileName=EWY_holdings&fileType=csv,,high
MIDHANI.NS,MISHRA DHATU NIGAM LTD,India,Materials,MIDHANI,National Stock Exchange Of India,,0.05,EWY,https://www.ishares.com/us/products/239660/ishares-msci-south-korea-etf/1467271812596.ajax?dataType=fund&fileName=EWY_holdings&fileType=csv,,high
MOIL.NS,MOIL LTD,India,Materials,MOIL,National Stock Exchange Of India,,0.06,EWY,https://www.ishares.com/us/products/239660/ishares-msci-south-korea-etf/1467271812596.ajax?dataType=fund&fileName=EWY_holdings&fileType=csv,,high
NATIONALUM.NS,NATIONAL ALUMINIUM CO LTD,India,Materials,NATIONALUM,National Stock Exchange Of India,,1.06,EWY,https://www.ishares.com/us/products/239660/ishares-msci-south-korea-etf/1467271812596.ajax?dataType=fund&fileName=EWY_holdings&fileType=csv,,high
NAVINFLUOR.NS,NAVIN FLUORINE INTERNATIONAL LTD,India,Materials,NAVINFLUOR,National Stock Exchange Of India,,0.71,EWY,https://www.ishares.com/us/products/239660/ishares-msci-south-korea-etf/1467271812596.ajax?dataType=fund&fileName=EWY_holdings&fileType=csv,,high
NSLNISP.NS,NMDC STEEL LTD,India,Materials,NSLNISP,National Stock Exchange Of India,,0.09,EWY,https://www.ishares.com/us/products/239660/ishares-msci-south-korea-etf/1467271812596.ajax?dataType=fund&fileName=EWY_holdings&fileType=csv,,high
NUVOCO.NS,NUVOCO VISTAS LTD,India,Materials,NUVOCO,National Stock Exchange Of India,,0.1,EWY,https://www.ishares.com/us/products/239660/ishares-msci-south-korea-etf/1467271812596.ajax?dataType=fund&fileName=EWY_holdings&fileType=csv,,high
PARADEEP.NS,PARADEEP PHOSPHATES LTD,India,Materials,PARADEEP,National Stock Exchange Of India,,0.16,EWY,https://www.ishares.com/us/products/239660/ishares-msci-south-korea-etf/1467271812596.ajax?dataType=fund&fileName=EWY_holdings&fileType=csv,,high
PCBL.NS,PCBL CHEMICAL LTD,India,Materials,PCBL,National Stock Exchange Of India,,0.14,EWY,https://www.ishares.com/us/products/239660/ishares-msci-south-korea-etf/1467271812596.ajax?dataType=fund&fileName=EWY_holdings&fileType=csv,,high
PRSMJOHNSN.NS,PRISM JOHNSON LTD,India,Materials,PRSMJOHNSN,National Stock Exchange Of India,,0.05,EWY,https://www.ishares.com/us/products/239660/ishares-msci-south-korea-etf/1467271812596.ajax?dataType=fund&fileName=EWY_holdings&fileType=csv,,high
PRIVISCL.NS,PRIVI SPECIALITY CHEMICALS LTD,India,Materials,PRIVISCL,National Stock Exchange Of India,,0.1,EWY,https://www.ishares.com/us/products/239660/ishares-msci-south-korea-etf/1467271812596.ajax?dataType=fund&fileName=EWY_holdings&fileType=csv,,high
PTCIL.NS,PTC INDUSTRIES LTD,India,Materials,PTCIL,National Stock Exchange Of India,,0.3,EWY,https://www.ishares.com/us/products/239660/ishares-msci-south-korea-etf/1467271812596.ajax?dataType=fund&fileName=EWY_holdings&fileType=csv,,high
RALLIS.NS,RALLIS INDIA LTD,India,Materials,RALLIS,National Stock Exchange Of India,,0.07,EWY,https://www.ishares.com/us/products/239660/ishares-msci-south-korea-etf/1467271812596.ajax?dataType=fund&fileName=EWY_holdings&fileType=csv,,high
RCF.NS,RASHTRIYA CHEMICALS AND FERTILIZER,India,Materials,RCF,National Stock Exchange Of India,,0.05,EWY,https://www.ishares.com/us/products/239660/ishares-msci-south-korea-etf/1467271812596.ajax?dataType=fund&fileName=EWY_holdings&fileType=csv,,high
RATNAMANI.NS,RATNAMANI METALS AND TUBES LTD,India,Materials,RATNAMANI,National Stock Exchange Of India,,0.21,EWY,https://www.ishares.com/us/products/239660/ishares-msci-south-korea-etf/1467271812596.ajax?dataType=fund&fileName=EWY_holdings&fileType=csv,,high
RHIM.NS,RHI MAGNESITA INDIA LTD,India,Materials,RHIM,National Stock Exchange Of India,,0.08,EWY,https://www.ishares.com/us/products/239660/ishares-msci-south-korea-etf/1467271812596.ajax?dataType=fund&fileName=EWY_holdings&fileType=csv,,high
SANDUMA.NS,SANDUR MANGANESE AND IRON ORES LTD,India,Materials,SANDUMA,National Stock Exchange Of India,,0.08,EWY,https://www.ishares.com/us/products/239660/ishares-msci-south-korea-etf/1467271812596.ajax?dataType=fund&fileName=EWY_holdings&fileType=csv,,high
SARDAEN.NS,SARDA ENERGY AND MINERALS LTD,India,Materials,SARDAEN,National Stock Exchange Of India,,0.16,EWY,https://www.ishares.com/us/products/239660/ishares-msci-south-korea-etf/1467271812596.ajax?dataType=fund&fileName=EWY_holdings&fileType=csv,,high
STARCEMENT.NS,STAR CEMENT LTD,India,Materials,STARCEMENT,National Stock Exchange Of India,,0.06,EWY,https://www.ishares.com/us/products/239660/ishares-msci-south-korea-etf/1467271812596.ajax?dataType=fund&fileName=EWY_holdings&fileType=csv,,high
SUDARSCHEM.NS,SUDARSHAN CHEMICAL INDUSTRIES LTD,India,Materials,SUDARSCHEM,National Stock Exchange Of India,,0.11,EWY,https://www.ishares.com/us/products/239660/ishares-msci-south-korea-etf/1467271812596.ajax?dataType=fund&fileName=EWY_holdings&fileType=csv,,high
SUMICHEM.NS,SUMITOMO CHEMICAL INDIA LTD,India,Materials,SUMICHEM,National Stock Exchange Of India,,0.16,EWY,https://www.ishares.com/us/products/239660/ishares-msci-south-korea-etf/1467271812596.ajax?dataType=fund&fileName=EWY_holdings&fileType=csv,,high
SPLPETRO.NS,SUPREME PETROCHEM LTD,India,Materials,SPLPETRO,National Stock Exchange Of India,,0.15,EWY,https://www.ishares.com/us/products/239660/ishares-msci-south-korea-etf/1467271812596.ajax?dataType=fund&fileName=EWY_holdings&fileType=csv,,high
SURYAROSNI.NS,SURYA ROSHNI LTD,India,Materials,SURYAROSNI,National Stock Exchange Of India,,0.05,EWY,https://www.ishares.com/us/products/239660/ishares-msci-south-korea-etf/1467271812596.ajax?dataType=fund&fileName=EWY_holdings&fileType=csv,,high
TATACHEM.NS,TATA CHEMICALS LTD,India,Materials,TATACHEM,National Stock Exchange Of India,,0.33,EWY,https://www.ishares.com/us/products/239660/ishares-msci-south-korea-etf/1467271812596.ajax?dataType=fund&fileName=EWY_holdings&fileType=csv,,high
RAMCOCEM.NS,THE RAMCO CEMENTS,India,Materials,RAMCOCEM,National Stock Exchange Of India,,0.36,EWY,https://www.ishares.com/us/products/239660/ishares-msci-south-korea-etf/1467271812596.ajax?dataType=fund&fileName=EWY_holdings&fileType=csv,,high
TIMETECHNO.NS,TIME TECHNOPLAST LTD,India,Materials,TIMETECHNO,National Stock Exchange Of India,,0.11,EWY,https://www.ishares.com/us/products/239660/ishares-msci-south-korea-etf/1467271812596.ajax?dataType=fund&fileName=EWY_holdings&fileType=csv,,high
USHAMART.NS,USHA MARTIN LTD,India,Materials,USHAMART,National Stock Exchange Of India,,0.2,EWY,https://www.ishares.com/us/products/239660/ishares-msci-south-korea-etf/1467271812596.ajax?dataType=fund&fileName=EWY_holdings&fileType=csv,,high
VINATIORGA.NS,VINATI ORGANICS LTD,India,Materials,VINATIORGA,National Stock Exchange Of India,,0.12,EWY,https://www.ishares.com/us/products/239660/ishares-msci-south-korea-etf/1467271812596.ajax?dataType=fund&fileName=EWY_holdings&fileType=csv,,high
WELCORP.NS,WELSPUN CORP LTD,India,Materials,WELCORP,National Stock Exchange Of India,,0.24,EWY,https://www.ishares.com/us/products/239660/ishares-msci-south-korea-etf/1467271812596.ajax?dataType=fund&fileName=EWY_holdings&fileType=csv,,high
ABREL.NS,ADITYA BIRLA REAL ESTATE LTD,India,Real Estate,ABREL,National Stock Exchange Of India,,0.2,EWY,https://www.ishares.com/us/products/239660/ishares-msci-south-korea-etf/1467271812596.ajax?dataType=fund&fileName=EWY_holdings&fileType=csv,,high
ANANTRAJ.NS,ANANT RAJ LTD,India,Real Estate,ANANTRAJ,National Stock Exchange Of India,,0.19,EWY,https://www.ishares.com/us/products/239660/ishares-msci-south-korea-etf/1467271812596.ajax?dataType=fund&fileName=EWY_holdings&fileType=csv,,high
BRIGADE.NS,BRIGADE ENTERPRISES LTD,India,Real Estate,BRIGADE,National Stock Exchange Of India,,0.29,EWY,https://www.ishares.com/us/products/239660/ishares-msci-south-korea-etf/1467271812596.ajax?dataType=fund&fileName=EWY_holdings&fileType=csv,,high
BIRET.NS,BROOKFIELD INDIA REAL ESTATE TRUST,India,Real Estate,BIRET,National Stock Exchange Of India,,0.51,EWY,https://www.ishares.com/us/products/239660/ishares-msci-south-korea-etf/1467271812596.ajax?dataType=fund&fileName=EWY_holdings&fileType=csv,,high
EMBASSY.NS,EMBASSY OFFICE PARKS REIT UNITS,India,Real Estate,EMBASSY,National Stock Exchange Of India,,1.2,EWY,https://www.ishares.com/us/products/239660/ishares-msci-south-korea-etf/1467271812596.ajax?dataType=fund&fileName=EWY_holdings&fileType=csv,,high
MAHLIFE.NS,MAHINDRA LIFESPACE DEVELOPERS LTD,India,Real Estate,MAHLIFE,National Stock Exchange Of India,,0.12,EWY,https://www.ishares.com/us/products/239660/ishares-msci-south-korea-etf/1467271812596.ajax?dataType=fund&fileName=EWY_holdings&fileType=csv,,high
MAXESTATES.NS,MAX ESTATES LTD,India,Real Estate,MAXESTATES,National Stock Exchange Of India,,0.07,EWY,https://www.ishares.com/us/products/239660/ishares-msci-south-korea-etf/1467271812596.ajax?dataType=fund&fileName=EWY_holdings&fileType=csv,,high
MINDSPACE.NS,MINDSPACE BUSINESS PARKS REITS UNI,India,Real Estate,MINDSPACE,National Stock Exchange Of India,,0.35,EWY,https://www.ishares.com/us/products/239660/ishares-msci-south-korea-etf/1467271812596.ajax?dataType=fund&fileName=EWY_holdings&fileType=csv,,high
NESCO.NS,NESCO LTD,India,Real Estate,NESCO,National Stock Exchange Of India,,0.08,EWY,https://www.ishares.com/us/products/239660/ishares-msci-south-korea-etf/1467271812596.ajax?dataType=fund&fileName=EWY_holdings&fileType=csv,,high
NXST.NS,NEXUS SELECT TRUST REIT UNITS,India,Real Estate,NXST,National Stock Exchange Of India,,0.43,EWY,https://www.ishares.com/us/products/239660/ishares-msci-south-korea-etf/1467271812596.ajax?dataType=fund&fileName=EWY_holdings&fileType=csv,,high
SIGNATURE.NS,SIGNATUREGLOBAL (INDIA) LTD,India,Real Estate,SIGNATURE,National Stock Exchange Of India,,0.08,EWY,https://www.ishares.com/us/products/239660/ishares-msci-south-korea-etf/1467271812596.ajax?dataType=fund&fileName=EWY_holdings&fileType=csv,,high
SOBHA.NS,SOBHA LTD,India,Real Estate,SOBHA,National Stock Exchange Of India,,0.2,EWY,https://www.ishares.com/us/products/239660/ishares-msci-south-korea-etf/1467271812596.ajax?dataType=fund&fileName=EWY_holdings&fileType=csv,,high
SUNTECK.NS,SUNTECK REALTY LTD,India,Real Estate,SUNTECK,National Stock Exchange Of India,,0.06,EWY,https://www.ishares.com/us/products/239660/ishares-msci-south-korea-etf/1467271812596.ajax?dataType=fund&fileName=EWY_holdings&fileType=csv,,high
DBREALTY.NS,VALOR ESTATE LTD,India,Real Estate,DBREALTY,National Stock Exchange Of India,,0.05,EWY,https://www.ishares.com/us/products/239660/ishares-msci-south-korea-etf/1467271812596.ajax?dataType=fund&fileName=EWY_holdings&fileType=csv,,high
ACMESOLAR.NS,ACME SOLAR HOLDINGS LTD,India,Utilities,ACMESOLAR,National Stock Exchange Of India,,0.09,EWY,https://www.ishares.com/us/products/239660/ishares-msci-south-korea-etf/1467271812596.ajax?dataType=fund&fileName=EWY_holdings&fileType=csv,,high
CESC.NS,CESC LTD,India,Utilities,CESC,National Stock Exchange Of India,,0.26,EWY,https://www.ishares.com/us/products/239660/ishares-msci-south-korea-etf/1467271812596.ajax?dataType=fund&fileName=EWY_holdings&fileType=csv,,high
GUJGASLTD.NS,GUJARAT GAS LTD,India,Utilities,GUJGASLTD,National Stock Exchange Of India,,0.17,EWY,https://www.ishares.com/us/products/239660/ishares-msci-south-korea-etf/1467271812596.ajax?dataType=fund&fileName=EWY_holdings&fileType=csv,,high
GSPL.NS,GUJARAT STATE PETRONET LTD,India,Utilities,GSPL,National Stock Exchange Of India,,0.25,EWY,https://www.ishares.com/us/products/239660/ishares-msci-south-korea-etf/1467271812596.ajax?dataType=fund&fileName=EWY_holdings&fileType=csv,,high
IGL.NS,INDRAPRASTHA GAS LTD,India,Utilities,IGL,National Stock Exchange Of India,,0.29,EWY,https://www.ishares.com/us/products/239660/ishares-msci-south-korea-etf/1467271812596.ajax?dataType=fund&fileName=EWY_holdings&fileType=csv,,high
JPPOWER.NS,JAIPRAKASH POWER VENTURES LTD,India,Utilities,JPPOWER,National Stock Exchange Of India,,0.15,EWY,https://www.ishares.com/us/products/239660/ishares-msci-south-korea-etf/1467271812596.ajax?dataType=fund&fileName=EWY_holdings&fileType=csv,,high
MGL.NS,MAHANAGAR GAS LTD,India,Utilities,MGL,National Stock Exchange Of India,,0.17,EWY,https://www.ishares.com/us/products/239660/ishares-msci-south-korea-etf/1467271812596.ajax?dataType=fund&fileName=EWY_holdings&fileType=csv,,high
NLCINDIA.NS,NLC INDIA LTD,India,Utilities,NLCINDIA,National Stock Exchange Of India,,0.27,EWY,https://www.ishares.com/us/products/239660/ishares-msci-south-korea-etf/1467271812596.ajax?dataType=fund&fileName=EWY_holdings&fileType=csv,,high
PTC.NS,PTC INDIA LTD,India,Utilities,PTC,National Stock Exchange Of India,,0.11,EWY,https://www.ishares.com/us/products/239660/ishares-msci-south-korea-etf/1467271812596.ajax?dataType=fund&fileName=EWY_holdings&fileType=csv,,high
RTNPOWER.NS,RATTANINDIA POWER LTD,India,Utilities,RTNPOWER,National Stock Exchange Of India,,0.07,EWY,https://www.ishares.com/us/products/239660/ishares-msci-south-korea-etf/1467271812596.ajax?dataType=fund&fileName=EWY_holdings&fileType=csv,,high
RPOWER.NS,RELIANCE POWER LTD,India,Utilities,RPOWER,National Stock Exchange Of India,,0.2,EWY,https://www.ishares.com/us/products/239660/ishares-msci-south-korea-etf/1467271812596.ajax?dataType=fund&fileName=EWY_holdings&fileType=csv,,high
SJVN.NS,SJVN LTD,India,Utilities,SJVN,National Stock Exchange Of India,,0.18,EWY,https://www.ishares.com/us/products/239660/ishares-msci-south-korea-etf/1467271812596.ajax?dataType=fund&fileName=EWY_holdings&fileType=csv,,high
WABAG.NS,VA TECH WABAG LTD,India,Utilities,WABAG,National Stock Exchange Of India,,0.17,EWY,https://www.ishares.com/us/products/239660/ishares-msci-south-korea-etf/1467271812596.ajax?dataType=fund&fileName=EWY_holdings&fileType=csv,,high
