Ticker,Company,Country,Sector,RawTicker,Exchange,ISIN,WeightPct,SourceFund,SourceURL,SourceAsOf,MappingConfidence
AAF.L,AIRTEL AFRICA PLC,United Kingdom,Communication Services,AAF,London Stock Exchange,,0.0,IWDA,https://www.ishares.com/uk/individual/en/products/251882/ishares-core-msci-world-ucits-etf-acc-fund/1506575576011.ajax?dataType=fund&fileName=IWDA_holdings&fileType=csv,,high
GOOGL,ALPHABET INC CLASS A,United States,Communication Services,GOOGL,NASDAQ,,2.15,IWDA,https://www.ishares.com/uk/individual/en/products/251882/ishares-core-msci-world-ucits-etf-acc-fund/1506575576011.ajax?dataType=fund&fileName=IWDA_holdings&fileType=csv,,high
GOOG,ALPHABET INC CLASS C,United States,Communication Services,GOOG,NASDAQ,,1.8,IWDA,https://www.ishares.com/uk/individual/en/products/251882/ishares-core-msci-world-ucits-etf-acc-fund/1506575576011.ajax?dataType=fund&fileName=IWDA_holdings&fileType=csv,,high
ASTS,AST SPACEMOBILE INC CLASS A,United States,Communication Services,ASTS,NASDAQ,,0.02,IWDA,https://www.ishares.com/uk/individual/en/products/251882/ishares-core-msci-world-ucits-etf-acc-fund/1506575576011.ajax?dataType=fund&fileName=IWDA_holdings&fileType=csv,,high
T,AT&T INC,United States,Communication Services,T,New York Stock Exchange Inc.,,0.24,IWDA,https://www.ishares.com/uk/individual/en/products/251882/ishares-core-msci-world-ucits-etf-acc-fund/1506575576011.ajax?dataType=fund&fileName=IWDA_holdings&fileType=csv,,high
AUTO.L,AUTOTRADER GROUP PLC,United Kingdom,Communication Services,AUTO,London Stock Exchange,,0.01,IWDA,https://www.ishares.com/uk/individual/en/products/251882/ishares-core-msci-world-ucits-etf-acc-fund/1506575576011.ajax?dataType=fund&fileName=IWDA_holdings&fileType=csv,,high
BCE.TO,BCE INC,Canada,Communication Services,BCE,Toronto Stock Exchange,,0.0,IWDA,https://www.ishares.com/uk/individual/en/products/251882/ishares-core-msci-world-ucits-etf-acc-fund/1506575576011.ajax?dataType=fund&fileName=IWDA_holdings&fileType=csv,,high
BT-A.L,BT GROUP PLC,United Kingdom,Communication Services,BT.A,London Stock Exchange,,0.02,IWDA,https://www.ishares.com/uk/individual/en/products/251882/ishares-core-msci-world-ucits-etf-acc-fund/1506575576011.ajax?dataType=fund&fileName=IWDA_holdings&fileType=csv,,high
CAR.AX,CAR GROUP LTD,Australia,Communication Services,CAR,Asx - All Markets,,0.01,IWDA,https://www.ishares.com/uk/individual/en/products/251882/ishares-core-msci-world-ucits-etf-acc-fund/1506575576011.ajax?dataType=fund&fileName=IWDA_holdings&fileType=csv,,high
CLNX.MC,CELLNEX TELECOM,Spain,Communication Services,CLNX,Bolsa De Madrid,,0.02,IWDA,https://www.ishares.com/uk/individual/en/products/251882/ishares-core-msci-world-ucits-etf-acc-fund/1506575576011.ajax?dataType=fund&fileName=IWDA_holdings&fileType=csv,,high
CHTR,CHARTER COMMUNICATIONS INC CLASS A,United States,Communication Services,CHTR,NASDAQ,,0.03,IWDA,https://www.ishares.com/uk/individual/en/products/251882/ishares-core-msci-world-ucits-etf-acc-fund/1506575576011.ajax?dataType=fund&fileName=IWDA_holdings&fileType=csv,,high
CMCSA,COMCAST CORP CLASS A,United States,Communication Services,CMCSA,NASDAQ,,0.14,IWDA,https://www.ishares.com/uk/individual/en/products/251882/ishares-core-msci-world-ucits-etf-acc-fund/1506575576011.ajax?dataType=fund&fileName=IWDA_holdings&fileType=csv,,high
EVD.DE,CTS EVENTIM AG,Germany,Communication Services,EVD,Xetra,,0.01,IWDA,https://www.ishares.com/uk/individual/en/products/251882/ishares-core-msci-world-ucits-etf-acc-fund/1506575576011.ajax?dataType=fund&fileName=IWDA_holdings&fileType=csv,,high
DTE.DE,DEUTSCHE TELEKOM N AG,Germany,Communication Services,DTE,Xetra,,0.17,IWDA,https://www.ishares.com/uk/individual/en/products/251882/ishares-core-msci-world-ucits-etf-acc-fund/1506575576011.ajax?dataType=fund&fileName=IWDA_holdings&fileType=csv,,high
SATS,ECHOSTAR CORP CLASS A,United States,Communication Services,SATS,NASDAQ,,0.02,IWDA,https://www.ishares.com/uk/individual/en/products/251882/ishares-core-msci-world-ucits-etf-acc-fund/1506575576011.ajax?dataType=fund&fileName=IWDA_holdings&fileType=csv,,high
EA,ELECTRONIC ARTS INC,United States,Communication Services,EA,NASDAQ,,0.06,IWDA,https://www.ishares.com/uk/individual/en/products/251882/ishares-core-msci-world-ucits-etf-acc-fund/1506575576011.ajax?dataType=fund&fileName=IWDA_holdings&fileType=csv,,high
ELISA.HE,ELISA,Finland,Communication Services,ELISA,Nasdaq Omx Helsinki Ltd.,,0.01,IWDA,https://www.ishares.com/uk/individual/en/products/251882/ishares-core-msci-world-ucits-etf-acc-fund/1506575576011.ajax?dataType=fund&fileName=IWDA_holdings&fileType=csv,,med
FOXA,FOX CORP CLASS A,United States,Communication Services,FOXA,NASDAQ,,0.02,IWDA,https://www.ishares.com/uk/individual/en/products/251882/ishares-core-msci-world-ucits-etf-acc-fund/1506575576011.ajax?dataType=fund&fileName=IWDA_holdings&fileType=csv,,high
FOX,FOX CORP CLASS B,United States,Communication Services,FOX,NASDAQ,,0.01,IWDA,https://www.ishares.com/uk/individual/en/products/251882/ishares-core-msci-world-ucits-etf-acc-fund/1506575576011.ajax?dataType=fund&fileName=IWDA_holdings&fileType=csv,,high
INF.L,INFORMA PLC,United Kingdom,Communication Services,INF,London Stock Exchange,,0.02,IWDA,https://www.ishares.com/uk/individual/en/products/251882/ishares-core-msci-world-ucits-etf-acc-fund/1506575576011.ajax?dataType=fund&fileName=IWDA_holdings&fileType=csv,,high
KPN.AS,KONINKLIJKE KPN NV,Netherlands,Communication Services,KPN,Euronext Amsterdam,,0.03,IWDA,https://www.ishares.com/uk/individual/en/products/251882/ishares-core-msci-world-ucits-etf-acc-fund/1506575576011.ajax?dataType=fund&fileName=IWDA_holdings&fileType=csv,,high
FWONK,LIBERTY MEDIA FORMULA ONE SERIES C,United States,Communication Services,FWONK,NASDAQ,,0.02,IWDA,https://www.ishares.com/uk/individual/en/products/251882/ishares-core-msci-world-ucits-etf-acc-fund/1506575576011.ajax?dataType=fund&fileName=IWDA_holdings&fileType=csv,,high
LYV,LIVE NATION ENTERTAINMENT INC,United States,Communication Services,LYV,New York Stock Exchange Inc.,,0.03,IWDA,https://www.ishares.com/uk/individual/en/products/251882/ishares-core-msci-world-ucits-etf-acc-fund/1506575576011.ajax?dataType=fund&fileName=IWDA_holdings&fileType=csv,,high
META,META PLATFORMS INC CLASS A,United States,Communication Services,META,NASDAQ,,1.7,IWDA,https://www.ishares.com/uk/individual/en/products/251882/ishares-core-msci-world-ucits-etf-acc-fund/1506575576011.ajax?dataType=fund&fileName=IWDA_holdings&fileType=csv,,high
NFLX,NETFLIX INC,United States,Communication Services,NFLX,NASDAQ,,0.5,IWDA,https://www.ishares.com/uk/individual/en/products/251882/ishares-core-msci-world-ucits-etf-acc-fund/1506575576011.ajax?dataType=fund&fileName=IWDA_holdings&fileType=csv,,high
NWSA,NEWS CORP CLASS A,United States,Communication Services,NWSA,NASDAQ,,0.01,IWDA,https://www.ishares.com/uk/individual/en/products/251882/ishares-core-msci-world-ucits-etf-acc-fund/1506575576011.ajax?dataType=fund&fileName=IWDA_holdings&fileType=csv,,high
OMC,OMNICOM GROUP INC,United States,Communication Services,OMC,New York Stock Exchange Inc.,,0.03,IWDA,https://www.ishares.com/uk/individual/en/products/251882/ishares-core-msci-world-ucits-etf-acc-fund/1506575576011.ajax?dataType=fund&fileName=IWDA_holdings&fileType=csv,,high
ORA.PA,ORANGE SA,France,Communication Services,ORA,Nyse Euronext - Euronext Paris,,0.05,IWDA,https://www.ishares.com/uk/individual/en/products/251882/ishares-core-msci-world-ucits-etf-acc-fund/1506575576011.ajax?dataType=fund&fileName=IWDA_holdings&fileType=csv,,high
PINS,PINTEREST INC CLASS A,United States,Communication Services,PINS,New York Stock Exchange Inc.,,0.01,IWDA,https://www.ishares.com/uk/individual/en/products/251882/ishares-core-msci-world-ucits-etf-acc-fund/1506575576011.ajax?dataType=fund&fileName=IWDA_holdings&fileType=csv,,high
PUB.PA,PUBLICIS GROUPE SA,France,Communication Services,PUB,Nyse Euronext - Euronext Paris,,0.02,IWDA,https://www.ishares.com/uk/individual/en/products/251882/ishares-core-msci-world-ucits-etf-acc-fund/1506575576011.ajax?dataType=fund&fileName=IWDA_holdings&fileType=csv,,high
REA.AX,REA GROUP LTD,Australia,Communication Services,REA,Asx - All Markets,,0.01,IWDA,https://www.ishares.com/uk/individual/en/products/251882/ishares-core-msci-world-ucits-etf-acc-fund/1506575576011.ajax?dataType=fund&fileName=IWDA_holdings&fileType=csv,,high
RDDT,REDDIT INC CLASS A,United States,Communication Services,RDDT,New York Stock Exchange Inc.,,0.02,IWDA,https://www.ishares.com/uk/individual/en/products/251882/ishares-core-msci-world-ucits-etf-acc-fund/1506575576011.ajax?dataType=fund&fileName=IWDA_holdings&fileType=csv,,high
RBLX,ROBLOX CORP CLASS A,United States,Communication Services,RBLX,New York Stock Exchange Inc.,,0.04,IWDA,https://www.ishares.com/uk/individual/en/products/251882/ishares-core-msci-world-ucits-etf-acc-fund/1506575576011.ajax?dataType=fund&fileName=IWDA_holdings&fileType=csv,,high
RCI-B.TO,ROGERS COMMUNICATIONS NON-VOTING I,Canada,Communication Services,RCI.B,Toronto Stock Exchange,,0.02,IWDA,https://www.ishares.com/uk/individual/en/products/251882/ishares-core-msci-world-ucits-etf-acc-fund/1506575576011.ajax?dataType=fund&fileName=IWDA_holdings&fileType=csv,,high
G24.DE,SCOUT24 N,Germany,Communication Services,G24,Xetra,,0.01,IWDA,https://www.ishares.com/uk/individual/en/products/251882/ishares-core-msci-world-ucits-etf-acc-fund/1506575576011.ajax?dataType=fund&fileName=IWDA_holdings&fileType=csv,,high
Z74.SI,SINGAPORE TELECOMMUNICATIONS LTD,Singapore,Communication Services,Z74,Singapore Exchange,,0.04,IWDA,https://www.ishares.com/uk/individual/en/products/251882/ishares-core-msci-world-ucits-etf-acc-fund/1506575576011.ajax?dataType=fund&fileName=IWDA_holdings&fileType=csv,,high
SNAP,SNAP INC CLASS A,United States,Communication Services,SNAP,New York Stock Exchange Inc.,,0.01,IWDA,https://www.ishares.com/uk/individual/en/products/251882/ishares-core-msci-world-ucits-etf-acc-fund/1506575576011.ajax?dataType=fund&fileName=IWDA_holdings&fileType=csv,,high
SPOT,SPOTIFY TECHNOLOGY SA,Sweden,Communication Services,SPOT,New York Stock Exchange Inc.,,0.1,IWDA,https://www.ishares.com/uk/individual/en/products/251882/ishares-core-msci-world-ucits-etf-acc-fund/1506575576011.ajax?dataType=fund&fileName=IWDA_holdings&fileType=csv,,high
SCMN.SW,SWISSCOM AG,Switzerland,Communication Services,SCMN,SIX Swiss Exchange,,0.03,IWDA,https://www.ishares.com/uk/individual/en/products/251882/ishares-core-msci-world-ucits-etf-acc-fund/1506575576011.ajax?dataType=fund&fileName=IWDA_holdings&fileType=csv,,med
TMUS,T MOBILE US INC,United States,Communication Services,TMUS,NASDAQ,,0.13,IWDA,https://www.ishares.com/uk/individual/en/products/251882/ishares-core-msci-world-ucits-etf-acc-fund/1506575576011.ajax?dataType=fund&fileName=IWDA_holdings&fileType=csv,,high
TTWO,TAKE TWO INTERACTIVE SOFTWARE INC,United States,Communication Services,TTWO,NASDAQ,,0.05,IWDA,https://www.ishares.com/uk/individual/en/products/251882/ishares-core-msci-world-ucits-etf-acc-fund/1506575576011.ajax?dataType=fund&fileName=IWDA_holdings&fileType=csv,,high
TEL2-B.ST,TELE2 B,Sweden,Communication Services,TEL2 B,Nasdaq Omx Nordic,,0.02,IWDA,https://www.ishares.com/uk/individual/en/products/251882/ishares-core-msci-world-ucits-etf-acc-fund/1506575576011.ajax?dataType=fund&fileName=IWDA_holdings&fileType=csv,,med
TIT.MI,TELECOM ITALIA,Italy,Communication Services,TIT,Borsa Italiana,,0.01,IWDA,https://www.ishares.com/uk/individual/en/products/251882/ishares-core-msci-world-ucits-etf-acc-fund/1506575576011.ajax?dataType=fund&fileName=IWDA_holdings&fileType=csv,,high
TITR.MI,TELECOM ITALIA S.P.A.,Italy,Communication Services,TITR,Borsa Italiana,,0.01,IWDA,https://www.ishares.com/uk/individual/en/products/251882/ishares-core-msci-world-ucits-etf-acc-fund/1506575576011.ajax?dataType=fund&fileName=IWDA_holdings&fileType=csv,,high
TITIM.MI,TELECOM ITALIA SPA,Italy,Communication Services,TITIM,Borsa Italiana,,0.0,IWDA,https://www.ishares.com/uk/individual/en/products/251882/ishares-core-msci-world-ucits-etf-acc-fund/1506575576011.ajax?dataType=fund&fileName=IWDA_holdings&fileType=csv,,high
TEF.MC,TELEFONICA SA,Spain,Communication Services,TEF,Bolsa De Madrid,,0.02,IWDA,https://www.ishares.com/uk/individual/en/products/251882/ishares-core-msci-world-ucits-etf-acc-fund/1506575576011.ajax?dataType=fund&fileName=IWDA_holdings&fileType=csv,,high
TEL.OL,TELENOR,Norway,Communication Services,TEL,Oslo Bors Asa,,0.01,IWDA,https://www.ishares.com/uk/individual/en/products/251882/ishares-core-msci-world-ucits-etf-acc-fund/1506575576011.ajax?dataType=fund&fileName=IWDA_holdings&fileType=csv,,high
TELIA.ST,TELIA COMPANY,Sweden,Communication Services,TELIA,Nasdaq Omx Nordic,,0.01,IWDA,https://www.ishares.com/uk/individual/en/products/251882/ishares-core-msci-world-ucits-etf-acc-fund/1506575576011.ajax?dataType=fund&fileName=IWDA_holdings&fileType=csv,,med
TLS.AX,TELSTRA GROUP LTD,Australia,Communication Services,TLS,Asx - All Markets,,0.02,IWDA,https://www.ishares.com/uk/individual/en/products/251882/ishares-core-msci-world-ucits-etf-acc-fund/1506575576011.ajax?dataType=fund&fileName=IWDA_holdings&fileType=csv,,high
T.TO,TELUS,Canada,Communication Services,T,Toronto Stock Exchange,,0.01,IWDA,https://www.ishares.com/uk/individual/en/products/251882/ishares-core-msci-world-ucits-etf-acc-fund/1506575576011.ajax?dataType=fund&fileName=IWDA_holdings&fileType=csv,,high
TTD,TRADE DESK INC CLASS A,United States,Communication Services,TTD,NASDAQ,,0.02,IWDA,https://www.ishares.com/uk/individual/en/products/251882/ishares-core-msci-world-ucits-etf-acc-fund/1506575576011.ajax?dataType=fund&fileName=IWDA_holdings&fileType=csv,,high
UMG.AS,UNIVERSAL MUSIC GROUP NV,Netherlands,Communication Services,UMG,Euronext Amsterdam,,0.03,IWDA,https://www.ishares.com/uk/individual/en/products/251882/ishares-core-msci-world-ucits-etf-acc-fund/1506575576011.ajax?dataType=fund&fileName=IWDA_holdings&fileType=csv,,high
VZ,VERIZON COMMUNICATIONS INC,United States,Communication Services,VZ,New York Stock Exchange Inc.,,0.26,IWDA,https://www.ishares.com/uk/individual/en/products/251882/ishares-core-msci-world-ucits-etf-acc-fund/1506575576011.ajax?dataType=fund&fileName=IWDA_holdings&fileType=csv,,high
VOD.L,VODAFONE GROUP PLC,United Kingdom,Communication Services,VOD,London Stock Exchange,,0.03,IWDA,https://www.ishares.com/uk/individual/en/products/251882/ishares-core-msci-world-ucits-etf-acc-fund/1506575576011.ajax?dataType=fund&fileName=IWDA_holdings&fileType=csv,,high
DIS,WALT DISNEY,United States,Communication Services,DIS,New York Stock Exchange Inc.,,0.22,IWDA,https://www.ishares.com/uk/individual/en/products/251882/ishares-core-msci-world-ucits-etf-acc-fund/1506575576011.ajax?dataType=fund&fileName=IWDA_holdings&fileType=csv,,high
WBD,WARNER BROS. DISCOVERY INC SERIES,United States,Communication Services,WBD,NASDAQ,,0.08,IWDA,https://www.ishares.com/uk/individual/en/products/251882/ishares-core-msci-world-ucits-etf-acc-fund/1506575576011.ajax?dataType=fund&fileName=IWDA_holdings&fileType=csv,,high
AC.PA,ACCOR SA,France,Consumer Discretionary,AC,Nyse Euronext - Euronext Paris,,0.01,IWDA,https://www.ishares.com/uk/individual/en/products/251882/ishares-core-msci-world-ucits-etf-acc-fund/1506575576011.ajax?dataType=fund&fileName=IWDA_holdings&fileType=csv,,high
ADS.DE,ADIDAS N AG,Germany,Consumer Discretionary,ADS,Xetra,,0.03,IWDA,https://www.ishares.com/uk/individual/en/products/251882/ishares-core-msci-world-ucits-etf-acc-fund/1506575576011.ajax?dataType=fund&fileName=IWDA_holdings&fileType=csv,,high
ABNB,AIRBNB INC CLASS A,United States,Consumer Discretionary,ABNB,NASDAQ,,0.07,IWDA,https://www.ishares.com/uk/individual/en/products/251882/ishares-core-msci-world-ucits-etf-acc-fund/1506575576011.ajax?dataType=fund&fileName=IWDA_holdings&fileType=csv,,high
AMS.MC,AMADEUS IT GROUP SA,Spain,Consumer Discretionary,AMS,Bolsa De Madrid,,0.03,IWDA,https://www.ishares.com/uk/individual/en/products/251882/ishares-core-msci-world-ucits-etf-acc-fund/1506575576011.ajax?dataType=fund&fileName=IWDA_holdings&fileType=csv,,high
AMZN,AMAZON COM INC,United States,Consumer Discretionary,AMZN,NASDAQ,,2.48,IWDA,https://www.ishares.com/uk/individual/en/products/251882/ishares-core-msci-world-ucits-etf-acc-fund/1506575576011.ajax?dataType=fund&fileName=IWDA_holdings&fileType=csv,,high
APTV,APTIV PLC,United States,Consumer Discretionary,APTV,New York Stock Exchange Inc.,,0.02,IWDA,https://www.ishares.com/uk/individual/en/products/251882/ishares-core-msci-world-ucits-etf-acc-fund/1506575576011.ajax?dataType=fund&fileName=IWDA_holdings&fileType=csv,,high
ALL.AX,ARISTOCRAT LEISURE LTD,Australia,Consumer Discretionary,ALL,Asx - All Markets,,0.02,IWDA,https://www.ishares.com/uk/individual/en/products/251882/ishares-core-msci-world-ucits-etf-acc-fund/1506575576011.ajax?dataType=fund&fileName=IWDA_holdings&fileType=csv,,high
AZO,AUTOZONE INC,United States,Consumer Discretionary,AZO,New York Stock Exchange Inc.,,0.08,IWDA,https://www.ishares.com/uk/individual/en/products/251882/ishares-core-msci-world-ucits-etf-acc-fund/1506575576011.ajax?dataType=fund&fileName=IWDA_holdings&fileType=csv,,high
AVOL.SW,AVOLTA AG,Switzerland,Consumer Discretionary,AVOL,SIX Swiss Exchange,,0.01,IWDA,https://www.ishares.com/uk/individual/en/products/251882/ishares-core-msci-world-ucits-etf-acc-fund/1506575576011.ajax?dataType=fund&fileName=IWDA_holdings&fileType=csv,,med
BTRW.L,BARRATT REDROW PLC,United Kingdom,Consumer Discretionary,BTRW,London Stock Exchange,,0.01,IWDA,https://www.ishares.com/uk/individual/en/products/251882/ishares-core-msci-world-ucits-etf-acc-fund/1506575576011.ajax?dataType=fund&fileName=IWDA_holdings&fileType=csv,,high
BBY,BEST BUY INC,United States,Consumer Discretionary,BBY,New York Stock Exchange Inc.,,0.02,IWDA,https://www.ishares.com/uk/individual/en/products/251882/ishares-core-msci-world-ucits-etf-acc-fund/1506575576011.ajax?dataType=fund&fileName=IWDA_holdings&fileType=csv,,high
BMW.DE,BMW AG,Germany,Consumer Discretionary,BMW,Xetra,,0.03,IWDA,https://www.ishares.com/uk/individual/en/products/251882/ishares-core-msci-world-ucits-etf-acc-fund/1506575576011.ajax?dataType=fund&fileName=IWDA_holdings&fileType=csv,,high
BMWG.DE,BMW PREF AG,Germany,Consumer Discretionary,BMW3,Xetra,,0.01,IWDA,https://www.ishares.com/uk/individual/en/products/251882/ishares-core-msci-world-ucits-etf-acc-fund/1506575576011.ajax?dataType=fund&fileName=IWDA_holdings&fileType=csv,,high
BKNG,BOOKING HOLDINGS INC,United States,Consumer Discretionary,BKNG,NASDAQ,,0.18,IWDA,https://www.ishares.com/uk/individual/en/products/251882/ishares-core-msci-world-ucits-etf-acc-fund/1506575576011.ajax?dataType=fund&fileName=IWDA_holdings&fileType=csv,,high
BURL,BURLINGTON STORES INC,United States,Consumer Discretionary,BURL,New York Stock Exchange Inc.,,0.02,IWDA,https://www.ishares.com/uk/individual/en/products/251882/ishares-core-msci-world-ucits-etf-acc-fund/1506575576011.ajax?dataType=fund&fileName=IWDA_holdings&fileType=csv,,high
CTC-A.TO,CANADIAN TIRE LTD CLASS A,Canada,Consumer Discretionary,CTC.A,Toronto Stock Exchange,,0.01,IWDA,https://www.ishares.com/uk/individual/en/products/251882/ishares-core-msci-world-ucits-etf-acc-fund/1506575576011.ajax?dataType=fund&fileName=IWDA_holdings&fileType=csv,,high
CCL,CARNIVAL CORP,United States,Consumer Discretionary,CCL,New York Stock Exchange Inc.,,0.04,IWDA,https://www.ishares.com/uk/individual/en/products/251882/ishares-core-msci-world-ucits-etf-acc-fund/1506575576011.ajax?dataType=fund&fileName=IWDA_holdings&fileType=csv,,high
CVNA,CARVANA CLASS A,United States,Consumer Discretionary,CVNA,New York Stock Exchange Inc.,,0.05,IWDA,https://www.ishares.com/uk/individual/en/products/251882/ishares-core-msci-world-ucits-etf-acc-fund/1506575576011.ajax?dataType=fund&fileName=IWDA_holdings&fileType=csv,,high
CMG,CHIPOTLE MEXICAN GRILL INC,United States,Consumer Discretionary,CMG,New York Stock Exchange Inc.,,0.06,IWDA,https://www.ishares.com/uk/individual/en/products/251882/ishares-core-msci-world-ucits-etf-acc-fund/1506575576011.ajax?dataType=fund&fileName=IWDA_holdings&fileType=csv,,high
CFR.SW,COMPAGNIE FINANCIERE RICHEMONT SA,Switzerland,Consumer Discretionary,CFR,SIX Swiss Exchange,,0.12,IWDA,https://www.ishares.com/uk/individual/en/products/251882/ishares-core-msci-world-ucits-etf-acc-fund/1506575576011.ajax?dataType=fund&fileName=IWDA_holdings&fileType=csv,,med
CPG.L,COMPASS GROUP PLC,United Kingdom,Consumer Discretionary,CPG,London Stock Exchange,,0.06,IWDA,https://www.ishares.com/uk/individual/en/products/251882/ishares-core-msci-world-ucits-etf-acc-fund/1506575576011.ajax?dataType=fund&fileName=IWDA_holdings&fileType=csv,,high
CON.DE,CONTINENTAL AG,Germany,Consumer Discretionary,CON,Xetra,,0.01,IWDA,https://www.ishares.com/uk/individual/en/products/251882/ishares-core-msci-world-ucits-etf-acc-fund/1506575576011.ajax?dataType=fund&fileName=IWDA_holdings&fileType=csv,,high
DHI,D R HORTON INC,United States,Consumer Discretionary,DHI,New York Stock Exchange Inc.,,0.05,IWDA,https://www.ishares.com/uk/individual/en/products/251882/ishares-core-msci-world-ucits-etf-acc-fund/1506575576011.ajax?dataType=fund&fileName=IWDA_holdings&fileType=csv,,high
DRI,DARDEN RESTAURANTS INC,United States,Consumer Discretionary,DRI,New York Stock Exchange Inc.,,0.03,IWDA,https://www.ishares.com/uk/individual/en/products/251882/ishares-core-msci-world-ucits-etf-acc-fund/1506575576011.ajax?dataType=fund&fileName=IWDA_holdings&fileType=csv,,high
DECK,DECKERS OUTDOOR CORP,United States,Consumer Discretionary,DECK,New York Stock Exchange Inc.,,0.02,IWDA,https://www.ishares.com/uk/individual/en/products/251882/ishares-core-msci-world-ucits-etf-acc-fund/1506575576011.ajax?dataType=fund&fileName=IWDA_holdings&fileType=csv,,high
DHER.DE,DELIVERY HERO,Germany,Consumer Discretionary,DHER,Xetra,,0.0,IWDA,https://www.ishares.com/uk/individual/en/products/251882/ishares-core-msci-world-ucits-etf-acc-fund/1506575576011.ajax?dataType=fund&fileName=IWDA_holdings&fileType=csv,,high
DKS,DICKS SPORTING INC,United States,Consumer Discretionary,DKS,New York Stock Exchange Inc.,,0.01,IWDA,https://www.ishares.com/uk/individual/en/products/251882/ishares-core-msci-world-ucits-etf-acc-fund/1506575576011.ajax?dataType=fund&fileName=IWDA_holdings&fileType=csv,,high
DIE.BR,DIETEREN (D) SA,Belgium,Consumer Discretionary,DIE,Nyse Euronext - Euronext Brussels,,0.01,IWDA,https://www.ishares.com/uk/individual/en/products/251882/ishares-core-msci-world-ucits-etf-acc-fund/1506575576011.ajax?dataType=fund&fileName=IWDA_holdings&fileType=csv,,high
DOL.TO,DOLLARAMA INC,Canada,Consumer Discretionary,DOL,Toronto Stock Exchange,,0.05,IWDA,https://www.ishares.com/uk/individual/en/products/251882/ishares-core-msci-world-ucits-etf-acc-fund/1506575576011.ajax?dataType=fund&fileName=IWDA_holdings&fileType=csv,,high
DPZ,DOMINOS PIZZA INC,United States,Consumer Discretionary,DPZ,NASDAQ,,0.02,IWDA,https://www.ishares.com/uk/individual/en/products/251882/ishares-core-msci-world-ucits-etf-acc-fund/1506575576011.ajax?dataType=fund&fileName=IWDA_holdings&fileType=csv,,high
DASH,DOORDASH INC CLASS A,United States,Consumer Discretionary,DASH,NASDAQ,,0.08,IWDA,https://www.ishares.com/uk/individual/en/products/251882/ishares-core-msci-world-ucits-etf-acc-fund/1506575576011.ajax?dataType=fund&fileName=IWDA_holdings&fileType=csv,,high
P911.DE,DR ING HC F PORSCHE PRF AG,Germany,Consumer Discretionary,P911,Xetra,,0.01,IWDA,https://www.ishares.com/uk/individual/en/products/251882/ishares-core-msci-world-ucits-etf-acc-fund/1506575576011.ajax?dataType=fund&fileName=IWDA_holdings&fileType=csv,,high
DKNG,DRAFTKINGS INC CLASS A,United States,Consumer Discretionary,DKNG,NASDAQ,,0.01,IWDA,https://www.ishares.com/uk/individual/en/products/251882/ishares-core-msci-world-ucits-etf-acc-fund/1506575576011.ajax?dataType=fund&fileName=IWDA_holdings&fileType=csv,,high
EBAY,EBAY INC,United States,Consumer Discretionary,EBAY,NASDAQ,,0.05,IWDA,https://www.ishares.com/uk/individual/en/products/251882/ishares-core-msci-world-ucits-etf-acc-fund/1506575576011.ajax?dataType=fund&fileName=IWDA_holdings&fileType=csv,,high
ENT.L,ENTAIN PLC,United Kingdom,Consumer Discretionary,ENT,London Stock Exchange,,0.0,IWDA,https://www.ishares.com/uk/individual/en/products/251882/ishares-core-msci-world-ucits-etf-acc-fund/1506575576011.ajax?dataType=fund&fileName=IWDA_holdings&fileType=csv,,high
EVO.ST,EVOLUTION,Sweden,Consumer Discretionary,EVO,Nasdaq Omx Nordic,,0.01,IWDA,https://www.ishares.com/uk/individual/en/products/251882/ishares-core-msci-world-ucits-etf-acc-fund/1506575576011.ajax?dataType=fund&fileName=IWDA_holdings&fileType=csv,,med
EXPE,EXPEDIA GROUP INC,United States,Consumer Discretionary,EXPE,NASDAQ,,0.04,IWDA,https://www.ishares.com/uk/individual/en/products/251882/ishares-core-msci-world-ucits-etf-acc-fund/1506575576011.ajax?dataType=fund&fileName=IWDA_holdings&fileType=csv,,high
RACE.MI,FERRARI NV,Italy,Consumer Discretionary,RACE,Borsa Italiana,,0.05,IWDA,https://www.ishares.com/uk/individual/en/products/251882/ishares-core-msci-world-ucits-etf-acc-fund/1506575576011.ajax?dataType=fund&fileName=IWDA_holdings&fileType=csv,,high
FLUT,FLUTTER ENTERTAINMENT PLC,United States,Consumer Discretionary,FLUT,New York Stock Exchange Inc.,,0.02,IWDA,https://www.ishares.com/uk/individual/en/products/251882/ishares-core-msci-world-ucits-etf-acc-fund/1506575576011.ajax?dataType=fund&fileName=IWDA_holdings&fileType=csv,,high
F,FORD MOTOR CO,United States,Consumer Discretionary,F,New York Stock Exchange Inc.,,0.06,IWDA,https://www.ishares.com/uk/individual/en/products/251882/ishares-core-msci-world-ucits-etf-acc-fund/1506575576011.ajax?dataType=fund&fileName=IWDA_holdings&fileType=csv,,high
GRMN,GARMIN LTD,United States,Consumer Discretionary,GRMN,New York Stock Exchange Inc.,,0.05,IWDA,https://www.ishares.com/uk/individual/en/products/251882/ishares-core-msci-world-ucits-etf-acc-fund/1506575576011.ajax?dataType=fund&fileName=IWDA_holdings&fileType=csv,,high
GM,GENERAL MOTORS,United States,Consumer Discretionary,GM,New York Stock Exchange Inc.,,0.09,IWDA,https://www.ishares.com/uk/individual/en/products/251882/ishares-core-msci-world-ucits-etf-acc-fund/1506575576011.ajax?dataType=fund&fileName=IWDA_holdings&fileType=csv,,high
GPC,GENUINE PARTS,United States,Consumer Discretionary,GPC,New York Stock Exchange Inc.,,0.02,IWDA,https://www.ishares.com/uk/individual/en/products/251882/ishares-core-msci-world-ucits-etf-acc-fund/1506575576011.ajax?dataType=fund&fileName=IWDA_holdings&fileType=csv,,high
GIL.TO,GILDAN ACTIVEWEAR INC,Canada,Consumer Discretionary,GIL,Toronto Stock Exchange,,0.01,IWDA,https://www.ishares.com/uk/individual/en/products/251882/ishares-core-msci-world-ucits-etf-acc-fund/1506575576011.ajax?dataType=fund&fileName=IWDA_holdings&fileType=csv,,high
HM-B.ST,HENNES & MAURITZ,Sweden,Consumer Discretionary,HM B,Nasdaq Omx Nordic,,0.01,IWDA,https://www.ishares.com/uk/individual/en/products/251882/ishares-core-msci-world-ucits-etf-acc-fund/1506575576011.ajax?dataType=fund&fileName=IWDA_holdings&fileType=csv,,med
RMS.PA,HERMES INTERNATIONAL,France,Consumer Discretionary,RMS,Nyse Euronext - Euronext Paris,,0.08,IWDA,https://www.ishares.com/uk/individual/en/products/251882/ishares-core-msci-world-ucits-etf-acc-fund/1506575576011.ajax?dataType=fund&fileName=IWDA_holdings&fileType=csv,,high
HLT,HILTON WORLDWIDE HOLDINGS INC,United States,Consumer Discretionary,HLT,New York Stock Exchange Inc.,,0.09,IWDA,https://www.ishares.com/uk/individual/en/products/251882/ishares-core-msci-world-ucits-etf-acc-fund/1506575576011.ajax?dataType=fund&fileName=IWDA_holdings&fileType=csv,,high
HD,HOME DEPOT INC,United States,Consumer Discretionary,HD,New York Stock Exchange Inc.,,0.42,IWDA,https://www.ishares.com/uk/individual/en/products/251882/ishares-core-msci-world-ucits-etf-acc-fund/1506575576011.ajax?dataType=fund&fileName=IWDA_holdings&fileType=csv,,high
H,HYATT HOTELS CORP CLASS A,United States,Consumer Discretionary,H,New York Stock Exchange Inc.,,0.01,IWDA,https://www.ishares.com/uk/individual/en/products/251882/ishares-core-msci-world-ucits-etf-acc-fund/1506575576011.ajax?dataType=fund&fileName=IWDA_holdings&fileType=csv,,high
ITX.MC,INDUSTRIA DE DISENO TEXTIL SA,Spain,Consumer Discretionary,ITX,Bolsa De Madrid,,0.08,IWDA,https://www.ishares.com/uk/individual/en/products/251882/ishares-core-msci-world-ucits-etf-acc-fund/1506575576011.ajax?dataType=fund&fileName=IWDA_holdings&fileType=csv,,high
IHG.L,INTERCONTINENTAL HOTELS GROUP PLC,United Kingdom,Consumer Discretionary,IHG,London Stock Exchange,,0.02,IWDA,https://www.ishares.com/uk/individual/en/products/251882/ishares-core-msci-world-ucits-etf-acc-fund/1506575576011.ajax?dataType=fund&fileName=IWDA_holdings&fileType=csv,,high
JD.L,JD SPORTS FASHION PLC,United Kingdom,Consumer Discretionary,JD.,London Stock Exchange,,0.0,IWDA,https://www.ishares.com/uk/individual/en/products/251882/ishares-core-msci-world-ucits-etf-acc-fund/1506575576011.ajax?dataType=fund&fileName=IWDA_holdings&fileType=csv,,high
KER.PA,KERING SA,France,Consumer Discretionary,KER,Nyse Euronext - Euronext Paris,,0.03,IWDA,https://www.ishares.com/uk/individual/en/products/251882/ishares-core-msci-world-ucits-etf-acc-fund/1506575576011.ajax?dataType=fund&fileName=IWDA_holdings&fileType=csv,,high
KGF.L,KINGFISHER PLC,United Kingdom,Consumer Discretionary,KGF,London Stock Exchange,,0.01,IWDA,https://www.ishares.com/uk/individual/en/products/251882/ishares-core-msci-world-ucits-etf-acc-fund/1506575576011.ajax?dataType=fund&fileName=IWDA_holdings&fileType=csv,,high
LVS,LAS VEGAS SANDS CORP,United States,Consumer Discretionary,LVS,New York Stock Exchange Inc.,,0.02,IWDA,https://www.ishares.com/uk/individual/en/products/251882/ishares-core-msci-world-ucits-etf-acc-fund/1506575576011.ajax?dataType=fund&fileName=IWDA_holdings&fileType=csv,,high
LEN,LENNAR A CORP CLASS A,United States,Consumer Discretionary,LEN,New York Stock Exchange Inc.,,0.03,IWDA,https://www.ishares.com/uk/individual/en/products/251882/ishares-core-msci-world-ucits-etf-acc-fund/1506575576011.ajax?dataType=fund&fileName=IWDA_holdings&fileType=csv,,high
LOW,LOWES COMPANIES INC,United States,Consumer Discretionary,LOW,New York Stock Exchange Inc.,,0.17,IWDA,https://www.ishares.com/uk/individual/en/products/251882/ishares-core-msci-world-ucits-etf-acc-fund/1506575576011.ajax?dataType=fund&fileName=IWDA_holdings&fileType=csv,,high
LULU,LULULEMON ATHLETICA INC,United States,Consumer Discretionary,LULU,NASDAQ,,0.02,IWDA,https://www.ishares.com/uk/individual/en/products/251882/ishares-core-msci-world-ucits-etf-acc-fund/1506575576011.ajax?dataType=fund&fileName=IWDA_holdings&fileType=csv,,high
MC.PA,LVMH,France,Consumer Discretionary,MC,Nyse Euronext - Euronext Paris,,0.17,IWDA,https://www.ishares.com/uk/individual/en/products/251882/ishares-core-msci-world-ucits-etf-acc-fund/1506575576011.ajax?dataType=fund&fileName=IWDA_holdings&fileType=csv,,high
MG.TO,MAGNA INTERNATIONAL INC,Canada,Consumer Discretionary,MG,Toronto Stock Exchange,,0.02,IWDA,https://www.ishares.com/uk/individual/en/products/251882/ishares-core-msci-world-ucits-etf-acc-fund/1506575576011.ajax?dataType=fund&fileName=IWDA_holdings&fileType=csv,,high
MAR,MARRIOTT INTERNATIONAL INC CLASS A,United States,Consumer Discretionary,MAR,NASDAQ,,0.09,IWDA,https://www.ishares.com/uk/individual/en/products/251882/ishares-core-msci-world-ucits-etf-acc-fund/1506575576011.ajax?dataType=fund&fileName=IWDA_holdings&fileType=csv,,high
MCD,MCDONALDS CORP,United States,Consumer Discretionary,MCD,New York Stock Exchange Inc.,,0.28,IWDA,https://www.ishares.com/uk/individual/en/products/251882/ishares-core-msci-world-ucits-etf-acc-fund/1506575576011.ajax?dataType=fund&fileName=IWDA_holdings&fileType=csv,,high
MELI,MERCADOLIBRE INC,United States,Consumer Discretionary,MELI,NASDAQ,,0.1,IWDA,https://www.ishares.com/uk/individual/en/products/251882/ishares-core-msci-world-ucits-etf-acc-fund/1506575576011.ajax?dataType=fund&fileName=IWDA_holdings&fileType=csv,,high
MBG.DE,MERCEDES-BENZ GROUP N AG,Germany,Consumer Discretionary,MBG,Xetra,,0.06,IWDA,https://www.ishares.com/uk/individual/en/products/251882/ishares-core-msci-world-ucits-etf-acc-fund/1506575576011.ajax?dataType=fund&fileName=IWDA_holdings&fileType=csv,,high
ML.PA,MICHELIN,France,Consumer Discretionary,ML,Nyse Euronext - Euronext Paris,,0.03,IWDA,https://www.ishares.com/uk/individual/en/products/251882/ishares-core-msci-world-ucits-etf-acc-fund/1506575576011.ajax?dataType=fund&fileName=IWDA_holdings&fileType=csv,,high
MONC.MI,MONCLER,Italy,Consumer Discretionary,MONC,Borsa Italiana,,0.02,IWDA,https://www.ishares.com/uk/individual/en/products/251882/ishares-core-msci-world-ucits-etf-acc-fund/1506575576011.ajax?dataType=fund&fileName=IWDA_holdings&fileType=csv,,high
NXT.L,NEXT PLC,United Kingdom,Consumer Discretionary,NXT,London Stock Exchange,,0.03,IWDA,https://www.ishares.com/uk/individual/en/products/251882/ishares-core-msci-world-ucits-etf-acc-fund/1506575576011.ajax?dataType=fund&fileName=IWDA_holdings&fileType=csv,,high
NKE,NIKE INC CLASS B,United States,Consumer Discretionary,NKE,New York Stock Exchange Inc.,,0.08,IWDA,https://www.ishares.com/uk/individual/en/products/251882/ishares-core-msci-world-ucits-etf-acc-fund/1506575576011.ajax?dataType=fund&fileName=IWDA_holdings&fileType=csv,,high
NVR,NVR INC,United States,Consumer Discretionary,NVR,New York Stock Exchange Inc.,,0.02,IWDA,https://www.ishares.com/uk/individual/en/products/251882/ishares-core-msci-world-ucits-etf-acc-fund/1506575576011.ajax?dataType=fund&fileName=IWDA_holdings&fileType=csv,,high
ORLY,OREILLY AUTOMOTIVE INC,United States,Consumer Discretionary,ORLY,NASDAQ,,0.1,IWDA,https://www.ishares.com/uk/individual/en/products/251882/ishares-core-msci-world-ucits-etf-acc-fund/1506575576011.ajax?dataType=fund&fileName=IWDA_holdings&fileType=csv,,high
PNDORA.CO,PANDORA,Denmark,Consumer Discretionary,PNDORA,Omx Nordic Exchange Copenhagen A/S,,0.01,IWDA,https://www.ishares.com/uk/individual/en/products/251882/ishares-core-msci-world-ucits-etf-acc-fund/1506575576011.ajax?dataType=fund&fileName=IWDA_holdings&fileType=csv,,med
PSON.L,PEARSON PLC,United Kingdom,Consumer Discretionary,PSON,London Stock Exchange,,0.01,IWDA,https://www.ishares.com/uk/individual/en/products/251882/ishares-core-msci-world-ucits-etf-acc-fund/1506575576011.ajax?dataType=fund&fileName=IWDA_holdings&fileType=csv,,high
PAH3.DE,PORSCHE AUTOMOBIL HOLDING PREF,Germany,Consumer Discretionary,PAH3,Xetra,,0.01,IWDA,https://www.ishares.com/uk/individual/en/products/251882/ishares-core-msci-world-ucits-etf-acc-fund/1506575576011.ajax?dataType=fund&fileName=IWDA_holdings&fileType=csv,,high
PRX.AS,PROSUS NV CLASS N,Netherlands,Consumer Discretionary,PRX,Euronext Amsterdam,,0.08,IWDA,https://www.ishares.com/uk/individual/en/products/251882/ishares-core-msci-world-ucits-etf-acc-fund/1506575576011.ajax?dataType=fund&fileName=IWDA_holdings&fileType=csv,,high
PHM,PULTEGROUP INC,United States,Consumer Discretionary,PHM,New York Stock Exchange Inc.,,0.03,IWDA,https://www.ishares.com/uk/individual/en/products/251882/ishares-core-msci-world-ucits-etf-acc-fund/1506575576011.ajax?dataType=fund&fileName=IWDA_holdings&fileType=csv,,high
RNO.PA,RENAULT SA,France,Consumer Discretionary,RNO,Nyse Euronext - Euronext Paris,,0.01,IWDA,https://www.ishares.com/uk/individual/en/products/251882/ishares-core-msci-world-ucits-etf-acc-fund/1506575576011.ajax?dataType=fund&fileName=IWDA_holdings&fileType=csv,,high
QSR.TO,RESTAURANTS BRANDS INTERNATIONAL I,Canada,Consumer Discretionary,QSR,Toronto Stock Exchange,,0.03,IWDA,https://www.ishares.com/uk/individual/en/products/251882/ishares-core-msci-world-ucits-etf-acc-fund/1506575576011.ajax?dataType=fund&fileName=IWDA_holdings&fileType=csv,,high
RIVN,RIVIAN AUTOMOTIVE INC CLASS A,United States,Consumer Discretionary,RIVN,NASDAQ,,0.01,IWDA,https://www.ishares.com/uk/individual/en/products/251882/ishares-core-msci-world-ucits-etf-acc-fund/1506575576011.ajax?dataType=fund&fileName=IWDA_holdings&fileType=csv,,high
ROST,ROSS STORES INC,United States,Consumer Discretionary,ROST,NASDAQ,,0.08,IWDA,https://www.ishares.com/uk/individual/en/products/251882/ishares-core-msci-world-ucits-etf-acc-fund/1506575576011.ajax?dataType=fund&fileName=IWDA_holdings&fileType=csv,,high
RCL,ROYAL CARIBBEAN GROUP LTD,United States,Consumer Discretionary,RCL,New York Stock Exchange Inc.,,0.09,IWDA,https://www.ishares.com/uk/individual/en/products/251882/ishares-core-msci-world-ucits-etf-acc-fund/1506575576011.ajax?dataType=fund&fileName=IWDA_holdings&fileType=csv,,high
SE,SEA ADS REPRESENTING LTD CLASS A,Singapore,Consumer Discretionary,SE,New York Stock Exchange Inc.,,0.04,IWDA,https://www.ishares.com/uk/individual/en/products/251882/ishares-core-msci-world-ucits-etf-acc-fund/1506575576011.ajax?dataType=fund&fileName=IWDA_holdings&fileType=csv,,high
SW.PA,SODEXO SA,France,Consumer Discretionary,SW,Nyse Euronext - Euronext Paris,,0.01,IWDA,https://www.ishares.com/uk/individual/en/products/251882/ishares-core-msci-world-ucits-etf-acc-fund/1506575576011.ajax?dataType=fund&fileName=IWDA_holdings&fileType=csv,,high
SBUX,STARBUCKS CORP,United States,Consumer Discretionary,SBUX,NASDAQ,,0.13,IWDA,https://www.ishares.com/uk/individual/en/products/251882/ishares-core-msci-world-ucits-etf-acc-fund/1506575576011.ajax?dataType=fund&fileName=IWDA_holdings&fileType=csv,,high
STLAM.MI,STELLANTIS NV,Italy,Consumer Discretionary,STLAM,Borsa Italiana,,0.02,IWDA,https://www.ishares.com/uk/individual/en/products/251882/ishares-core-msci-world-ucits-etf-acc-fund/1506575576011.ajax?dataType=fund&fileName=IWDA_holdings&fileType=csv,,high
TPR,TAPESTRY INC,United States,Consumer Discretionary,TPR,New York Stock Exchange Inc.,,0.04,IWDA,https://www.ishares.com/uk/individual/en/products/251882/ishares-core-msci-world-ucits-etf-acc-fund/1506575576011.ajax?dataType=fund&fileName=IWDA_holdings&fileType=csv,,high
TSLA,TESLA INC,United States,Consumer Discretionary,TSLA,NASDAQ,,1.36,IWDA,https://www.ishares.com/uk/individual/en/products/251882/ishares-core-msci-world-ucits-etf-acc-fund/1506575576011.ajax?dataType=fund&fileName=IWDA_holdings&fileType=csv,,high
TLC.AX,THE LOTTERY CORPORATION LTD,Australia,Consumer Discretionary,TLC,Asx - All Markets,,0.01,IWDA,https://www.ishares.com/uk/individual/en/products/251882/ishares-core-msci-world-ucits-etf-acc-fund/1506575576011.ajax?dataType=fund&fileName=IWDA_holdings&fileType=csv,,high
UHR.SW,THE SWATCH GROUP AG,Switzerland,Consumer Discretionary,UHR,SIX Swiss Exchange,,0.01,IWDA,https://www.ishares.com/uk/individual/en/products/251882/ishares-core-msci-world-ucits-etf-acc-fund/1506575576011.ajax?dataType=fund&fileName=IWDA_holdings&fileType=csv,,med
TJX,TJX INC,United States,Consumer Discretionary,TJX,New York Stock Exchange Inc.,,0.21,IWDA,https://www.ishares.com/uk/individual/en/products/251882/ishares-core-msci-world-ucits-etf-acc-fund/1506575576011.ajax?dataType=fund&fileName=IWDA_holdings&fileType=csv,,high
TSCO,TRACTOR SUPPLY,United States,Consumer Discretionary,TSCO,NASDAQ,,0.03,IWDA,https://www.ishares.com/uk/individual/en/products/251882/ishares-core-msci-world-ucits-etf-acc-fund/1506575576011.ajax?dataType=fund&fileName=IWDA_holdings&fileType=csv,,high
ULTA,ULTA BEAUTY INC,United States,Consumer Discretionary,ULTA,NASDAQ,,0.04,IWDA,https://www.ishares.com/uk/individual/en/products/251882/ishares-core-msci-world-ucits-etf-acc-fund/1506575576011.ajax?dataType=fund&fileName=IWDA_holdings&fileType=csv,,high
VOW3.DE,VOLKSWAGEN NON-VOTING PREF AG,Germany,Consumer Discretionary,VOW3,Xetra,,0.02,IWDA,https://www.ishares.com/uk/individual/en/products/251882/ishares-core-msci-world-ucits-etf-acc-fund/1506575576011.ajax?dataType=fund&fileName=IWDA_holdings&fileType=csv,,high
WES.AX,WESFARMERS LTD,Australia,Consumer Discretionary,WES,Asx - All Markets,,0.07,IWDA,https://www.ishares.com/uk/individual/en/products/251882/ishares-core-msci-world-ucits-etf-acc-fund/1506575576011.ajax?dataType=fund&fileName=IWDA_holdings&fileType=csv,,high
WTB.L,WHITBREAD PLC,United Kingdom,Consumer Discretionary,WTB,London Stock Exchange,,0.01,IWDA,https://www.ishares.com/uk/individual/en/products/251882/ishares-core-msci-world-ucits-etf-acc-fund/1506575576011.ajax?dataType=fund&fileName=IWDA_holdings&fileType=csv,,high
WSM,WILLIAMS SONOMA INC,United States,Consumer Discretionary,WSM,New York Stock Exchange Inc.,,0.03,IWDA,https://www.ishares.com/uk/individual/en/products/251882/ishares-core-msci-world-ucits-etf-acc-fund/1506575576011.ajax?dataType=fund&fileName=IWDA_holdings&fileType=csv,,high
YUM,YUM BRANDS INC,United States,Consumer Discretionary,YUM,New York Stock Exchange Inc.,,0.05,IWDA,https://www.ishares.com/uk/individual/en/products/251882/ishares-core-msci-world-ucits-etf-acc-fund/1506575576011.ajax?dataType=fund&fileName=IWDA_holdings&fileType=csv,,high
ZAL.DE,ZALANDO,Germany,Consumer Discretionary,ZAL,Xetra,,0.01,IWDA,https://www.ishares.com/uk/individual/en/products/251882/ishares-core-msci-world-ucits-etf-acc-fund/1506575576011.ajax?dataType=fund&fileName=IWDA_holdings&fileType=csv,,high
ATD.TO,ALIMENTATION COUCHE TARD INC,Canada,Consumer Staples,ATD,Toronto Stock Exchange,,0.05,IWDA,https://www.ishares.com/uk/individual/en/products/251882/ishares-core-msci-world-ucits-etf-acc-fund/1506575576011.ajax?dataType=fund&fileName=IWDA_holdings&fileType=csv,,high
MO,ALTRIA GROUP INC,United States,Consumer Staples,MO,New York Stock Exchange Inc.,,0.14,IWDA,https://www.ishares.com/uk/individual/en/products/251882/ishares-core-msci-world-ucits-etf-acc-fund/1506575576011.ajax?dataType=fund&fileName=IWDA_holdings&fileType=csv,,high
ABI.BR,ANHEUSER-BUSCH INBEV SA,Belgium,Consumer Staples,ABI,Nyse Euronext - Euronext Brussels,,0.09,IWDA,https://www.ishares.com/uk/individual/en/products/251882/ishares-core-msci-world-ucits-etf-acc-fund/1506575576011.ajax?dataType=fund&fileName=IWDA_holdings&fileType=csv,,high
ADM,ARCHER DANIELS MIDLAND,United States,Consumer Staples,ADM,New York Stock Exchange Inc.,,0.04,IWDA,https://www.ishares.com/uk/individual/en/products/251882/ishares-core-msci-world-ucits-etf-acc-fund/1506575576011.ajax?dataType=fund&fileName=IWDA_holdings&fileType=csv,,high
ABF.L,ASSOCIATED BRITISH FOODS PLC,United Kingdom,Consumer Staples,ABF,London Stock Exchange,,0.01,IWDA,https://www.ishares.com/uk/individual/en/products/251882/ishares-core-msci-world-ucits-etf-acc-fund/1506575576011.ajax?dataType=fund&fileName=IWDA_holdings&fileType=csv,,high
BARN.SW,BARRY CALLEBAUT AG,Switzerland,Consumer Staples,BARN,SIX Swiss Exchange,,0.01,IWDA,https://www.ishares.com/uk/individual/en/products/251882/ishares-core-msci-world-ucits-etf-acc-fund/1506575576011.ajax?dataType=fund&fileName=IWDA_holdings&fileType=csv,,med
BEI.DE,BEIERSDORF AG,Germany,Consumer Staples,BEI,Xetra,,0.01,IWDA,https://www.ishares.com/uk/individual/en/products/251882/ishares-core-msci-world-ucits-etf-acc-fund/1506575576011.ajax?dataType=fund&fileName=IWDA_holdings&fileType=csv,,high
BATS.L,BRITISH AMERICAN TOBACCO,United Kingdom,Consumer Staples,BATS,London Stock Exchange,,0.15,IWDA,https://www.ishares.com/uk/individual/en/products/251882/ishares-core-msci-world-ucits-etf-acc-fund/1506575576011.ajax?dataType=fund&fileName=IWDA_holdings&fileType=csv,,high
BG,BUNGE GLOBAL,United States,Consumer Staples,BG,New York Stock Exchange Inc.,,0.02,IWDA,https://www.ishares.com/uk/individual/en/products/251882/ishares-core-msci-world-ucits-etf-acc-fund/1506575576011.ajax?dataType=fund&fileName=IWDA_holdings&fileType=csv,,high
CARL-B.CO,CARLSBERG AS CL B,Denmark,Consumer Staples,CARL B,Omx Nordic Exchange Copenhagen A/S,,0.01,IWDA,https://www.ishares.com/uk/individual/en/products/251882/ishares-core-msci-world-ucits-etf-acc-fund/1506575576011.ajax?dataType=fund&fileName=IWDA_holdings&fileType=csv,,med
CA.PA,CARREFOUR SA,France,Consumer Staples,CA,Nyse Euronext - Euronext Paris,,0.01,IWDA,https://www.ishares.com/uk/individual/en/products/251882/ishares-core-msci-world-ucits-etf-acc-fund/1506575576011.ajax?dataType=fund&fileName=IWDA_holdings&fileType=csv,,high
CASY,CASEYS GENERAL STORES INC,United States,Consumer Staples,CASY,NASDAQ,,0.03,IWDA,https://www.ishares.com/uk/individual/en/products/251882/ishares-core-msci-world-ucits-etf-acc-fund/1506575576011.ajax?dataType=fund&fileName=IWDA_holdings&fileType=csv,,high
LISN.SW,CHOCOLADEFABRIKEN LINDT & SPRUENGL,Switzerland,Consumer Staples,LISN,SIX Swiss Exchange,,0.02,IWDA,https://www.ishares.com/uk/individual/en/products/251882/ishares-core-msci-world-ucits-etf-acc-fund/1506575576011.ajax?dataType=fund&fileName=IWDA_holdings&fileType=csv,,med
LISP.SW,CHOCOLADEFABRIKEN LINDT & SPRUENGL,Switzerland,Consumer Staples,LISP,SIX Swiss Exchange,,0.02,IWDA,https://www.ishares.com/uk/individual/en/products/251882/ishares-core-msci-world-ucits-etf-acc-fund/1506575576011.ajax?dataType=fund&fileName=IWDA_holdings&fileType=csv,,med
CHD,CHURCH AND DWIGHT INC,United States,Consumer Staples,CHD,New York Stock Exchange Inc.,,0.03,IWDA,https://www.ishares.com/uk/individual/en/products/251882/ishares-core-msci-world-ucits-etf-acc-fund/1506575576011.ajax?dataType=fund&fileName=IWDA_holdings&fileType=csv,,high
CLX,CLOROX,United States,Consumer Staples,CLX,New York Stock Exchange Inc.,,0.02,IWDA,https://www.ishares.com/uk/individual/en/products/251882/ishares-core-msci-world-ucits-etf-acc-fund/1506575576011.ajax?dataType=fund&fileName=IWDA_holdings&fileType=csv,,high
CCEP,COCA COLA EUROPACIFIC PARTNERS PLC,Netherlands,Consumer Staples,CCEP,NASDAQ,,0.03,IWDA,https://www.ishares.com/uk/individual/en/products/251882/ishares-core-msci-world-ucits-etf-acc-fund/1506575576011.ajax?dataType=fund&fileName=IWDA_holdings&fileType=csv,,high
CCH.L,COCA COLA HBC AG,United Kingdom,Consumer Staples,CCH,London Stock Exchange,,0.02,IWDA,https://www.ishares.com/uk/individual/en/products/251882/ishares-core-msci-world-ucits-etf-acc-fund/1506575576011.ajax?dataType=fund&fileName=IWDA_holdings&fileType=csv,,high
KO,COCA-COLA,United States,Consumer Staples,KO,New York Stock Exchange Inc.,,0.38,IWDA,https://www.ishares.com/uk/individual/en/products/251882/ishares-core-msci-world-ucits-etf-acc-fund/1506575576011.ajax?dataType=fund&fileName=IWDA_holdings&fileType=csv,,high
COL.AX,COLES GROUP LTD,Australia,Consumer Staples,COL,Asx - All Markets,,0.02,IWDA,https://www.ishares.com/uk/individual/en/products/251882/ishares-core-msci-world-ucits-etf-acc-fund/1506575576011.ajax?dataType=fund&fileName=IWDA_holdings&fileType=csv,,high
CL,COLGATE-PALMOLIVE,United States,Consumer Staples,CL,New York Stock Exchange Inc.,,0.09,IWDA,https://www.ishares.com/uk/individual/en/products/251882/ishares-core-msci-world-ucits-etf-acc-fund/1506575576011.ajax?dataType=fund&fileName=IWDA_holdings&fileType=csv,,high
STZ,CONSTELLATION BRANDS INC CLASS A,United States,Consumer Staples,STZ,New York Stock Exchange Inc.,,0.03,IWDA,https://www.ishares.com/uk/individual/en/products/251882/ishares-core-msci-world-ucits-etf-acc-fund/1506575576011.ajax?dataType=fund&fileName=IWDA_holdings&fileType=csv,,high
COST,COSTCO WHOLESALE CORP,United States,Consumer Staples,COST,NASDAQ,,0.54,IWDA,https://www.ishares.com/uk/individual/en/products/251882/ishares-core-msci-world-ucits-etf-acc-fund/1506575576011.ajax?dataType=fund&fileName=IWDA_holdings&fileType=csv,,high
BN.PA,DANONE SA,France,Consumer Staples,BN,Nyse Euronext - Euronext Paris,,0.06,IWDA,https://www.ishares.com/uk/individual/en/products/251882/ishares-core-msci-world-ucits-etf-acc-fund/1506575576011.ajax?dataType=fund&fileName=IWDA_holdings&fileType=csv,,high
CPR.MI,DAVIDE CAMPARI MILANO NV,Italy,Consumer Staples,CPR,Borsa Italiana,,0.0,IWDA,https://www.ishares.com/uk/individual/en/products/251882/ishares-core-msci-world-ucits-etf-acc-fund/1506575576011.ajax?dataType=fund&fileName=IWDA_holdings&fileType=csv,,high
DGE.L,DIAGEO PLC,United Kingdom,Consumer Staples,DGE,London Stock Exchange,,0.05,IWDA,https://www.ishares.com/uk/individual/en/products/251882/ishares-core-msci-world-ucits-etf-acc-fund/1506575576011.ajax?dataType=fund&fileName=IWDA_holdings&fileType=csv,,high
DG,DOLLAR GENERAL CORP,United States,Consumer Staples,DG,New York Stock Exchange Inc.,,0.04,IWDA,https://www.ishares.com/uk/individual/en/products/251882/ishares-core-msci-world-ucits-etf-acc-fund/1506575576011.ajax?dataType=fund&fileName=IWDA_holdings&fileType=csv,,high
DLTR,DOLLAR TREE INC,United States,Consumer Staples,DLTR,NASDAQ,,0.03,IWDA,https://www.ishares.com/uk/individual/en/products/251882/ishares-core-msci-world-ucits-etf-acc-fund/1506575576011.ajax?dataType=fund&fileName=IWDA_holdings&fileType=csv,,high
EMP-A.TO,EMPIRE LTD CLASS A,Canada,Consumer Staples,EMP.A,Toronto Stock Exchange,,0.01,IWDA,https://www.ishares.com/uk/individual/en/products/251882/ishares-core-msci-world-ucits-etf-acc-fund/1506575576011.ajax?dataType=fund&fileName=IWDA_holdings&fileType=csv,,high
ESSITY-B.ST,ESSITY CLASS B,Sweden,Consumer Staples,ESSITY B,Nasdaq Omx Nordic,,0.02,IWDA,https://www.ishares.com/uk/individual/en/products/251882/ishares-core-msci-world-ucits-etf-acc-fund/1506575576011.ajax?dataType=fund&fileName=IWDA_holdings&fileType=csv,,med
EL,ESTEE LAUDER INC CLASS A,United States,Consumer Staples,EL,New York Stock Exchange Inc.,,0.02,IWDA,https://www.ishares.com/uk/individual/en/products/251882/ishares-core-msci-world-ucits-etf-acc-fund/1506575576011.ajax?dataType=fund&fileName=IWDA_holdings&fileType=csv,,high
GIS,GENERAL MILLS INC,United States,Consumer Staples,GIS,New York Stock Exchange Inc.,,0.03,IWDA,https://www.ishares.com/uk/individual/en/products/251882/ishares-core-msci-world-ucits-etf-acc-fund/1506575576011.ajax?dataType=fund&fileName=IWDA_holdings&fileType=csv,,high
WN.TO,GEORGE WESTON LTD,Canada,Consumer Staples,WN,Toronto Stock Exchange,,0.02,IWDA,https://www.ishares.com/uk/individual/en/products/251882/ishares-core-msci-world-ucits-etf-acc-fund/1506575576011.ajax?dataType=fund&fileName=IWDA_holdings&fileType=csv,,high
HEIO.AS,HEINEKEN HOLDING NV,Netherlands,Consumer Staples,HEIO,Euronext Amsterdam,,0.01,IWDA,https://www.ishares.com/uk/individual/en/products/251882/ishares-core-msci-world-ucits-etf-acc-fund/1506575576011.ajax?dataType=fund&fileName=IWDA_holdings&fileType=csv,,high
HEIA.AS,HEINEKEN NV,Netherlands,Consumer Staples,HEIA,Euronext Amsterdam,,0.03,IWDA,https://www.ishares.com/uk/individual/en/products/251882/ishares-core-msci-world-ucits-etf-acc-fund/1506575576011.ajax?dataType=fund&fileName=IWDA_holdings&fileType=csv,,high
HEN3.DE,HENKEL & KGAA PREF AG,Germany,Consumer Staples,HEN3,Xetra,,0.02,IWDA,https://www.ishares.com/uk/individual/en/products/251882/ishares-core-msci-world-ucits-etf-acc-fund/1506575576011.ajax?dataType=fund&fileName=IWDA_holdings&fileType=csv,,high
HEN.DE,HENKEL AG,Germany,Consumer Staples,HEN,Xetra,,0.01,IWDA,https://www.ishares.com/uk/individual/en/products/251882/ishares-core-msci-world-ucits-etf-acc-fund/1506575576011.ajax?dataType=fund&fileName=IWDA_holdings&fileType=csv,,high
HSY,HERSHEY FOODS,United States,Consumer Staples,HSY,New York Stock Exchange Inc.,,0.04,IWDA,https://www.ishares.com/uk/individual/en/products/251882/ishares-core-msci-world-ucits-etf-acc-fund/1506575576011.ajax?dataType=fund&fileName=IWDA_holdings&fileType=csv,,high
HRL,HORMEL FOODS CORP,United States,Consumer Staples,HRL,New York Stock Exchange Inc.,,0.01,IWDA,https://www.ishares.com/uk/individual/en/products/251882/ishares-core-msci-world-ucits-etf-acc-fund/1506575576011.ajax?dataType=fund&fileName=IWDA_holdings&fileType=csv,,high
IMB.L,IMPERIAL BRANDS PLC,United Kingdom,Consumer Staples,IMB,London Stock Exchange,,0.04,IWDA,https://www.ishares.com/uk/individual/en/products/251882/ishares-core-msci-world-ucits-etf-acc-fund/1506575576011.ajax?dataType=fund&fileName=IWDA_holdings&fileType=csv,,high
JDEP.AS,JDE PEETS NV,Netherlands,Consumer Staples,JDEP,Euronext Amsterdam,,0.0,IWDA,https://www.ishares.com/uk/individual/en/products/251882/ishares-core-msci-world-ucits-etf-acc-fund/1506575576011.ajax?dataType=fund&fileName=IWDA_holdings&fileType=csv,,high
JMT.LS,JERONIMO MARTINS SA,Portugal,Consumer Staples,JMT,Nyse Euronext - Euronext Lisbon,,0.01,IWDA,https://www.ishares.com/uk/individual/en/products/251882/ishares-core-msci-world-ucits-etf-acc-fund/1506575576011.ajax?dataType=fund&fileName=IWDA_holdings&fileType=csv,,med
KVUE,KENVUE INC,United States,Consumer Staples,KVUE,New York Stock Exchange Inc.,,0.04,IWDA,https://www.ishares.com/uk/individual/en/products/251882/ishares-core-msci-world-ucits-etf-acc-fund/1506575576011.ajax?dataType=fund&fileName=IWDA_holdings&fileType=csv,,high
KRZ.IR,KERRY GROUP PLC,Ireland,Consumer Staples,KRZ,Irish Stock Exchange - All Market,,0.02,IWDA,https://www.ishares.com/uk/individual/en/products/251882/ishares-core-msci-world-ucits-etf-acc-fund/1506575576011.ajax?dataType=fund&fileName=IWDA_holdings&fileType=csv,,low
KESKOB.HE,KESKO CLASS B,Finland,Consumer Staples,KESKOB,Nasdaq Omx Helsinki Ltd.,,0.01,IWDA,https://www.ishares.com/uk/individual/en/products/251882/ishares-core-msci-world-ucits-etf-acc-fund/1506575576011.ajax?dataType=fund&fileName=IWDA_holdings&fileType=csv,,med
KDP,KEURIG DR PEPPER INC,United States,Consumer Staples,KDP,NASDAQ,,0.05,IWDA,https://www.ishares.com/uk/individual/en/products/251882/ishares-core-msci-world-ucits-etf-acc-fund/1506575576011.ajax?dataType=fund&fileName=IWDA_holdings&fileType=csv,,high
KMB,KIMBERLY CLARK CORP,United States,Consumer Staples,KMB,NASDAQ,,0.04,IWDA,https://www.ishares.com/uk/individual/en/products/251882/ishares-core-msci-world-ucits-etf-acc-fund/1506575576011.ajax?dataType=fund&fileName=IWDA_holdings&fileType=csv,,high
AD.AS,KONINKLIJKE AHOLD DELHAIZE NV,Netherlands,Consumer Staples,AD,Euronext Amsterdam,,0.06,IWDA,https://www.ishares.com/uk/individual/en/products/251882/ishares-core-msci-world-ucits-etf-acc-fund/1506575576011.ajax?dataType=fund&fileName=IWDA_holdings&fileType=csv,,high
KHC,KRAFT HEINZ,United States,Consumer Staples,KHC,NASDAQ,,0.03,IWDA,https://www.ishares.com/uk/individual/en/products/251882/ishares-core-msci-world-ucits-etf-acc-fund/1506575576011.ajax?dataType=fund&fileName=IWDA_holdings&fileType=csv,,high
KR,KROGER,United States,Consumer Staples,KR,New York Stock Exchange Inc.,,0.06,IWDA,https://www.ishares.com/uk/individual/en/products/251882/ishares-core-msci-world-ucits-etf-acc-fund/1506575576011.ajax?dataType=fund&fileName=IWDA_holdings&fileType=csv,,high
L.TO,LOBLAW COMPANIES LTD,Canada,Consumer Staples,L,Toronto Stock Exchange,,0.04,IWDA,https://www.ishares.com/uk/individual/en/products/251882/ishares-core-msci-world-ucits-etf-acc-fund/1506575576011.ajax?dataType=fund&fileName=IWDA_holdings&fileType=csv,,high
OR.PA,LOREAL SA,France,Consumer Staples,OR,Nyse Euronext - Euronext Paris,,0.12,IWDA,https://www.ishares.com/uk/individual/en/products/251882/ishares-core-msci-world-ucits-etf-acc-fund/1506575576011.ajax?dataType=fund&fileName=IWDA_holdings&fileType=csv,,high
LOTB.BR,LOTUS BAKERIES NV,Belgium,Consumer Staples,LOTB,Nyse Euronext - Euronext Brussels,,0.0,IWDA,https://www.ishares.com/uk/individual/en/products/251882/ishares-core-msci-world-ucits-etf-acc-fund/1506575576011.ajax?dataType=fund&fileName=IWDA_holdings&fileType=csv,,high
MICC.AS,MAGNUM ICE CREAM NV,Netherlands,Consumer Staples,MICC,Euronext Amsterdam,,0.01,IWDA,https://www.ishares.com/uk/individual/en/products/251882/ishares-core-msci-world-ucits-etf-acc-fund/1506575576011.ajax?dataType=fund&fileName=IWDA_holdings&fileType=csv,,high
MKS.L,MARKS AND SPENCER GROUP PLC,United Kingdom,Consumer Staples,MKS,London Stock Exchange,,0.01,IWDA,https://www.ishares.com/uk/individual/en/products/251882/ishares-core-msci-world-ucits-etf-acc-fund/1506575576011.ajax?dataType=fund&fileName=IWDA_holdings&fileType=csv,,high
MKC,MCCORMICK & CO NON-VOTING INC,United States,Consumer Staples,MKC,New York Stock Exchange Inc.,,0.02,IWDA,https://www.ishares.com/uk/individual/en/products/251882/ishares-core-msci-world-ucits-etf-acc-fund/1506575576011.ajax?dataType=fund&fileName=IWDA_holdings&fileType=csv,,high
MRU.TO,METRO INC,Canada,Consumer Staples,MRU,Toronto Stock Exchange,,0.02,IWDA,https://www.ishares.com/uk/individual/en/products/251882/ishares-core-msci-world-ucits-etf-acc-fund/1506575576011.ajax?dataType=fund&fileName=IWDA_holdings&fileType=csv,,high
MDLZ,MONDELEZ INTERNATIONAL INC CLASS A,United States,Consumer Staples,MDLZ,NASDAQ,,0.09,IWDA,https://www.ishares.com/uk/individual/en/products/251882/ishares-core-msci-world-ucits-etf-acc-fund/1506575576011.ajax?dataType=fund&fileName=IWDA_holdings&fileType=csv,,high
MNST,MONSTER BEVERAGE CORP,United States,Consumer Staples,MNST,NASDAQ,,0.06,IWDA,https://www.ishares.com/uk/individual/en/products/251882/ishares-core-msci-world-ucits-etf-acc-fund/1506575576011.ajax?dataType=fund&fileName=IWDA_holdings&fileType=csv,,high
MOWI.OL,MOWI,Norway,Consumer Staples,MOWI,Oslo Bors Asa,,0.01,IWDA,https://www.ishares.com/uk/individual/en/products/251882/ishares-core-msci-world-ucits-etf-acc-fund/1506575576011.ajax?dataType=fund&fileName=IWDA_holdings&fileType=csv,,high
NESN.SW,NESTLE SA,Switzerland,Consumer Staples,NESN,SIX Swiss Exchange,,0.32,IWDA,https://www.ishares.com/uk/individual/en/products/251882/ishares-core-msci-world-ucits-etf-acc-fund/1506575576011.ajax?dataType=fund&fileName=IWDA_holdings&fileType=csv,,med
ORK.OL,ORKLA,Norway,Consumer Staples,ORK,Oslo Bors Asa,,0.01,IWDA,https://www.ishares.com/uk/individual/en/products/251882/ishares-core-msci-world-ucits-etf-acc-fund/1506575576011.ajax?dataType=fund&fileName=IWDA_holdings&fileType=csv,,high
PEP,PEPSICO INC,United States,Consumer Staples,PEP,NASDAQ,,0.27,IWDA,https://www.ishares.com/uk/individual/en/products/251882/ishares-core-msci-world-ucits-etf-acc-fund/1506575576011.ajax?dataType=fund&fileName=IWDA_holdings&fileType=csv,,high
RI.PA,PERNOD RICARD SA,France,Consumer Staples,RI,Nyse Euronext - Euronext Paris,,0.02,IWDA,https://www.ishares.com/uk/individual/en/products/251882/ishares-core-msci-world-ucits-etf-acc-fund/1506575576011.ajax?dataType=fund&fileName=IWDA_holdings&fileType=csv,,high
PM,PHILIP MORRIS INTERNATIONAL INC,United States,Consumer Staples,PM,New York Stock Exchange Inc.,,0.32,IWDA,https://www.ishares.com/uk/individual/en/products/251882/ishares-core-msci-world-ucits-etf-acc-fund/1506575576011.ajax?dataType=fund&fileName=IWDA_holdings&fileType=csv,,high
PG,PROCTER & GAMBLE,United States,Consumer Staples,PG,New York Stock Exchange Inc.,,0.44,IWDA,https://www.ishares.com/uk/individual/en/products/251882/ishares-core-msci-world-ucits-etf-acc-fund/1506575576011.ajax?dataType=fund&fileName=IWDA_holdings&fileType=csv,,high
RKT.L,RECKITT BENCKISER GROUP PLC,United Kingdom,Consumer Staples,RKT,London Stock Exchange,,0.06,IWDA,https://www.ishares.com/uk/individual/en/products/251882/ishares-core-msci-world-ucits-etf-acc-fund/1506575576011.ajax?dataType=fund&fileName=IWDA_holdings&fileType=csv,,high
SBRY.L,SAINSBURY(J) PLC,United Kingdom,Consumer Staples,SBRY,London Stock Exchange,,0.01,IWDA,https://www.ishares.com/uk/individual/en/products/251882/ishares-core-msci-world-ucits-etf-acc-fund/1506575576011.ajax?dataType=fund&fileName=IWDA_holdings&fileType=csv,,high
SALM.OL,SALMAR,Norway,Consumer Staples,SALM,Oslo Bors Asa,,0.0,IWDA,https://www.ishares.com/uk/individual/en/products/251882/ishares-core-msci-world-ucits-etf-acc-fund/1506575576011.ajax?dataType=fund&fileName=IWDA_holdings&fileType=csv,,high
SAP.TO,SAPUTO INC,Canada,Consumer Staples,SAP,Toronto Stock Exchange,,0.01,IWDA,https://www.ishares.com/uk/individual/en/products/251882/ishares-core-msci-world-ucits-etf-acc-fund/1506575576011.ajax?dataType=fund&fileName=IWDA_holdings&fileType=csv,,high
SYY,SYSCO CORP,United States,Consumer Staples,SYY,New York Stock Exchange Inc.,,0.05,IWDA,https://www.ishares.com/uk/individual/en/products/251882/ishares-core-msci-world-ucits-etf-acc-fund/1506575576011.ajax?dataType=fund&fileName=IWDA_holdings&fileType=csv,,high
TGT,TARGET CORP,United States,Consumer Staples,TGT,New York Stock Exchange Inc.,,0.07,IWDA,https://www.ishares.com/uk/individual/en/products/251882/ishares-core-msci-world-ucits-etf-acc-fund/1506575576011.ajax?dataType=fund&fileName=IWDA_holdings&fileType=csv,,high
TSCO.L,TESCO PLC,United Kingdom,Consumer Staples,TSCO,London Stock Exchange,,0.05,IWDA,https://www.ishares.com/uk/individual/en/products/251882/ishares-core-msci-world-ucits-etf-acc-fund/1506575576011.ajax?dataType=fund&fileName=IWDA_holdings&fileType=csv,,high
TSN,TYSON FOODS INC CLASS A,United States,Consumer Staples,TSN,New York Stock Exchange Inc.,,0.02,IWDA,https://www.ishares.com/uk/individual/en/products/251882/ishares-core-msci-world-ucits-etf-acc-fund/1506575576011.ajax?dataType=fund&fileName=IWDA_holdings&fileType=csv,,high
ULVR.L,UNILEVER PLC,United Kingdom,Consumer Staples,ULVR,London Stock Exchange,,0.18,IWDA,https://www.ishares.com/uk/individual/en/products/251882/ishares-core-msci-world-ucits-etf-acc-fund/1506575576011.ajax?dataType=fund&fileName=IWDA_holdings&fileType=csv,,high
WMT,WALMART INC,United States,Consumer Staples,WMT,NASDAQ,,0.66,IWDA,https://www.ishares.com/uk/individual/en/products/251882/ishares-core-msci-world-ucits-etf-acc-fund/1506575576011.ajax?dataType=fund&fileName=IWDA_holdings&fileType=csv,,high
F34.SI,WILMAR INTERNATIONAL LTD,Singapore,Consumer Staples,F34,Singapore Exchange,,0.01,IWDA,https://www.ishares.com/uk/individual/en/products/251882/ishares-core-msci-world-ucits-etf-acc-fund/1506575576011.ajax?dataType=fund&fileName=IWDA_holdings&fileType=csv,,high
WOW.AX,WOOLWORTHS GROUP LTD,Australia,Consumer Staples,WOW,Asx - All Markets,,0.03,IWDA,https://www.ishares.com/uk/individual/en/products/251882/ishares-core-msci-world-ucits-etf-acc-fund/1506575576011.ajax?dataType=fund&fileName=IWDA_holdings&fileType=csv,,high
AKRBP.OL,AKER BP,Norway,Energy,AKRBP,Oslo Bors Asa,,0.01,IWDA,https://www.ishares.com/uk/individual/en/products/251882/ishares-core-msci-world-ucits-etf-acc-fund/1506575576011.ajax?dataType=fund&fileName=IWDA_holdings&fileType=csv,,high
ARX.TO,ARC RESOURCES LTD,Canada,Energy,ARX,Toronto Stock Exchange,,0.02,IWDA,https://www.ishares.com/uk/individual/en/products/251882/ishares-core-msci-world-ucits-etf-acc-fund/1506575576011.ajax?dataType=fund&fileName=IWDA_holdings&fileType=csv,,high
BKR,BAKER HUGHES CLASS A,United States,Energy,BKR,NASDAQ,,0.07,IWDA,https://www.ishares.com/uk/individual/en/products/251882/ishares-core-msci-world-ucits-etf-acc-fund/1506575576011.ajax?dataType=fund&fileName=IWDA_holdings&fileType=csv,,high
BOL.PA,BOLLORE,France,Energy,BOL,Nyse Euronext - Euronext Paris,,0.01,IWDA,https://www.ishares.com/uk/individual/en/products/251882/ishares-core-msci-world-ucits-etf-acc-fund/1506575576011.ajax?dataType=fund&fileName=IWDA_holdings&fileType=csv,,high
BP.L,BP PLC,United Kingdom,Energy,BP.,London Stock Exchange,,0.13,IWDA,https://www.ishares.com/uk/individual/en/products/251882/ishares-core-msci-world-ucits-etf-acc-fund/1506575576011.ajax?dataType=fund&fileName=IWDA_holdings&fileType=csv,,high
CCO.TO,CAMECO CORP,Canada,Energy,CCO,Toronto Stock Exchange,,0.06,IWDA,https://www.ishares.com/uk/individual/en/products/251882/ishares-core-msci-world-ucits-etf-acc-fund/1506575576011.ajax?dataType=fund&fileName=IWDA_holdings&fileType=csv,,high
CNQ.TO,CANADIAN NATURAL RESOURCES LTD,Canada,Energy,CNQ,Toronto Stock Exchange,,0.12,IWDA,https://www.ishares.com/uk/individual/en/products/251882/ishares-core-msci-world-ucits-etf-acc-fund/1506575576011.ajax?dataType=fund&fileName=IWDA_holdings&fileType=csv,,high
CVE.TO,CENOVUS ENERGY INC,Canada,Energy,CVE,Toronto Stock Exchange,,0.04,IWDA,https://www.ishares.com/uk/individual/en/products/251882/ishares-core-msci-world-ucits-etf-acc-fund/1506575576011.ajax?dataType=fund&fileName=IWDA_holdings&fileType=csv,,high
LNG,CHENIERE ENERGY INC,United States,Energy,LNG,New York Stock Exchange Inc.,,0.07,IWDA,https://www.ishares.com/uk/individual/en/products/251882/ishares-core-msci-world-ucits-etf-acc-fund/1506575576011.ajax?dataType=fund&fileName=IWDA_holdings&fileType=csv,,high
CVX,CHEVRON CORP,United States,Energy,CVX,New York Stock Exchange Inc.,,0.44,IWDA,https://www.ishares.com/uk/individual/en/products/251882/ishares-core-msci-world-ucits-etf-acc-fund/1506575576011.ajax?dataType=fund&fileName=IWDA_holdings&fileType=csv,,high
COP,CONOCOPHILLIPS,United States,Energy,COP,New York Stock Exchange Inc.,,0.17,IWDA,https://www.ishares.com/uk/individual/en/products/251882/ishares-core-msci-world-ucits-etf-acc-fund/1506575576011.ajax?dataType=fund&fileName=IWDA_holdings&fileType=csv,,high
CTRA,COTERRA ENERGY INC,United States,Energy,CTRA,New York Stock Exchange Inc.,,0.03,IWDA,https://www.ishares.com/uk/individual/en/products/251882/ishares-core-msci-world-ucits-etf-acc-fund/1506575576011.ajax?dataType=fund&fileName=IWDA_holdings&fileType=csv,,high
DVN,DEVON ENERGY CORP,United States,Energy,DVN,New York Stock Exchange Inc.,,0.03,IWDA,https://www.ishares.com/uk/individual/en/products/251882/ishares-core-msci-world-ucits-etf-acc-fund/1506575576011.ajax?dataType=fund&fileName=IWDA_holdings&fileType=csv,,high
FANG,DIAMONDBACK ENERGY INC,United States,Energy,FANG,NASDAQ,,0.04,IWDA,https://www.ishares.com/uk/individual/en/products/251882/ishares-core-msci-world-ucits-etf-acc-fund/1506575576011.ajax?dataType=fund&fileName=IWDA_holdings&fileType=csv,,high
ENB.TO,ENBRIDGE INC,Canada,Energy,ENB,Toronto Stock Exchange,,0.14,IWDA,https://www.ishares.com/uk/individual/en/products/251882/ishares-core-msci-world-ucits-etf-acc-fund/1506575576011.ajax?dataType=fund&fileName=IWDA_holdings&fileType=csv,,high
ENI.MI,ENI,Italy,Energy,ENI,Borsa Italiana,,0.06,IWDA,https://www.ishares.com/uk/individual/en/products/251882/ishares-core-msci-world-ucits-etf-acc-fund/1506575576011.ajax?dataType=fund&fileName=IWDA_holdings&fileType=csv,,high
EOG,EOG RESOURCES INC,United States,Energy,EOG,New York Stock Exchange Inc.,,0.09,IWDA,https://www.ishares.com/uk/individual/en/products/251882/ishares-core-msci-world-ucits-etf-acc-fund/1506575576011.ajax?dataType=fund&fileName=IWDA_holdings&fileType=csv,,high
EQT,EQT CORP,United States,Energy,EQT,New York Stock Exchange Inc.,,0.05,IWDA,https://www.ishares.com/uk/individual/en/products/251882/ishares-core-msci-world-ucits-etf-acc-fund/1506575576011.ajax?dataType=fund&fileName=IWDA_holdings&fileType=csv,,high
EQNR.OL,EQUINOR,Norway,Energy,EQNR,Oslo Bors Asa,,0.03,IWDA,https://www.ishares.com/uk/individual/en/products/251882/ishares-core-msci-world-ucits-etf-acc-fund/1506575576011.ajax?dataType=fund&fileName=IWDA_holdings&fileType=csv,,high
EXE,EXPAND ENERGY CORP,United States,Energy,EXE,NASDAQ,,0.03,IWDA,https://www.ishares.com/uk/individual/en/products/251882/ishares-core-msci-world-ucits-etf-acc-fund/1506575576011.ajax?dataType=fund&fileName=IWDA_holdings&fileType=csv,,high
XOM,EXXON MOBIL CORP,United States,Energy,XOM,New York Stock Exchange Inc.,,0.77,IWDA,https://www.ishares.com/uk/individual/en/products/251882/ishares-core-msci-world-ucits-etf-acc-fund/1506575576011.ajax?dataType=fund&fileName=IWDA_holdings&fileType=csv,,high
GALP.LS,GALP ENERGIA SGPS SA CLASS B,Portugal,Energy,GALP,Nyse Euronext - Euronext Lisbon,,0.01,IWDA,https://www.ishares.com/uk/individual/en/products/251882/ishares-core-msci-world-ucits-etf-acc-fund/1506575576011.ajax?dataType=fund&fileName=IWDA_holdings&fileType=csv,,med
HAL,HALLIBURTON,United States,Energy,HAL,New York Stock Exchange Inc.,,0.03,IWDA,https://www.ishares.com/uk/individual/en/products/251882/ishares-core-msci-world-ucits-etf-acc-fund/1506575576011.ajax?dataType=fund&fileName=IWDA_holdings&fileType=csv,,high
IMO.TO,IMPERIAL OIL LTD,Canada,Energy,IMO,Toronto Stock Exchange,,0.03,IWDA,https://www.ishares.com/uk/individual/en/products/251882/ishares-core-msci-world-ucits-etf-acc-fund/1506575576011.ajax?dataType=fund&fileName=IWDA_holdings&fileType=csv,,high
KEY.TO,KEYERA CORP,Canada,Energy,KEY,Toronto Stock Exchange,,0.01,IWDA,https://www.ishares.com/uk/individual/en/products/251882/ishares-core-msci-world-ucits-etf-acc-fund/1506575576011.ajax?dataType=fund&fileName=IWDA_holdings&fileType=csv,,high
KMI,KINDER MORGAN INC,United States,Energy,KMI,New York Stock Exchange Inc.,,0.08,IWDA,https://www.ishares.com/uk/individual/en/products/251882/ishares-core-msci-world-ucits-etf-acc-fund/1506575576011.ajax?dataType=fund&fileName=IWDA_holdings&fileType=csv,,high
MPC,MARATHON PETROLEUM CORP,United States,Energy,MPC,New York Stock Exchange Inc.,,0.08,IWDA,https://www.ishares.com/uk/individual/en/products/251882/ishares-core-msci-world-ucits-etf-acc-fund/1506575576011.ajax?dataType=fund&fileName=IWDA_holdings&fileType=csv,,high
NESTE.HE,NESTE,Finland,Energy,NESTE,Nasdaq Omx Helsinki Ltd.,,0.01,IWDA,https://www.ishares.com/uk/individual/en/products/251882/ishares-core-msci-world-ucits-etf-acc-fund/1506575576011.ajax?dataType=fund&fileName=IWDA_holdings&fileType=csv,,med
OXY,OCCIDENTAL PETROLEUM CORP,United States,Energy,OXY,New York Stock Exchange Inc.,,0.05,IWDA,https://www.ishares.com/uk/individual/en/products/251882/ishares-core-msci-world-ucits-etf-acc-fund/1506575576011.ajax?dataType=fund&fileName=IWDA_holdings&fileType=csv,,high
OMV.VI,OMV AG,Austria,Energy,OMV,Wiener Boerse Ag,,0.01,IWDA,https://www.ishares.com/uk/individual/en/products/251882/ishares-core-msci-world-ucits-etf-acc-fund/1506575576011.ajax?dataType=fund&fileName=IWDA_holdings&fileType=csv,,med
OKE,ONEOK INC,United States,Energy,OKE,New York Stock Exchange Inc.,,0.06,IWDA,https://www.ishares.com/uk/individual/en/products/251882/ishares-core-msci-world-ucits-etf-acc-fund/1506575576011.ajax?dataType=fund&fileName=IWDA_holdings&fileType=csv,,high
PPL.TO,PEMBINA PIPELINE CORP,Canada,Energy,PPL,Toronto Stock Exchange,,0.03,IWDA,https://www.ishares.com/uk/individual/en/products/251882/ishares-core-msci-world-ucits-etf-acc-fund/1506575576011.ajax?dataType=fund&fileName=IWDA_holdings&fileType=csv,,high
PSX,PHILLIPS,United States,Energy,PSX,New York Stock Exchange Inc.,,0.08,IWDA,https://www.ishares.com/uk/individual/en/products/251882/ishares-core-msci-world-ucits-etf-acc-fund/1506575576011.ajax?dataType=fund&fileName=IWDA_holdings&fileType=csv,,high
REP.MC,REPSOL SA,Spain,Energy,REP,Bolsa De Madrid,,0.04,IWDA,https://www.ishares.com/uk/individual/en/products/251882/ishares-core-msci-world-ucits-etf-acc-fund/1506575576011.ajax?dataType=fund&fileName=IWDA_holdings&fileType=csv,,high
STO.AX,SANTOS LTD,Australia,Energy,STO,Asx - All Markets,,0.02,IWDA,https://www.ishares.com/uk/individual/en/products/251882/ishares-core-msci-world-ucits-etf-acc-fund/1506575576011.ajax?dataType=fund&fileName=IWDA_holdings&fileType=csv,,high
SHEL.L,SHELL PLC,United Kingdom,Energy,SHEL,London Stock Exchange,,0.3,IWDA,https://www.ishares.com/uk/individual/en/products/251882/ishares-core-msci-world-ucits-etf-acc-fund/1506575576011.ajax?dataType=fund&fileName=IWDA_holdings&fileType=csv,,high
SLB,SLB NV,United States,Energy,SLB,New York Stock Exchange Inc.,,0.09,IWDA,https://www.ishares.com/uk/individual/en/products/251882/ishares-core-msci-world-ucits-etf-acc-fund/1506575576011.ajax?dataType=fund&fileName=IWDA_holdings&fileType=csv,,high
SU.TO,SUNCOR ENERGY INC,Canada,Energy,SU,Toronto Stock Exchange,,0.08,IWDA,https://www.ishares.com/uk/individual/en/products/251882/ishares-core-msci-world-ucits-etf-acc-fund/1506575576011.ajax?dataType=fund&fileName=IWDA_holdings&fileType=csv,,high
TRGP,TARGA RESOURCES CORP,United States,Energy,TRGP,New York Stock Exchange Inc.,,0.06,IWDA,https://www.ishares.com/uk/individual/en/products/251882/ishares-core-msci-world-ucits-etf-acc-fund/1506575576011.ajax?dataType=fund&fileName=IWDA_holdings&fileType=csv,,high
TRP.TO,TC ENERGY CORP,Canada,Energy,TRP,Toronto Stock Exchange,,0.08,IWDA,https://www.ishares.com/uk/individual/en/products/251882/ishares-core-msci-world-ucits-etf-acc-fund/1506575576011.ajax?dataType=fund&fileName=IWDA_holdings&fileType=csv,,high
TEN.MI,TENARIS SA,Italy,Energy,TEN,Borsa Italiana,,0.01,IWDA,https://www.ishares.com/uk/individual/en/products/251882/ishares-core-msci-world-ucits-etf-acc-fund/1506575576011.ajax?dataType=fund&fileName=IWDA_holdings&fileType=csv,,high
TPL,TEXAS PACIFIC LAND CORP,United States,Energy,TPL,New York Stock Exchange Inc.,,0.04,IWDA,https://www.ishares.com/uk/individual/en/products/251882/ishares-core-msci-world-ucits-etf-acc-fund/1506575576011.ajax?dataType=fund&fileName=IWDA_holdings&fileType=csv,,high
TOU.TO,TOURMALINE OIL CORP,Canada,Energy,TOU,Toronto Stock Exchange,,0.02,IWDA,https://www.ishares.com/uk/individual/en/products/251882/ishares-core-msci-world-ucits-etf-acc-fund/1506575576011.ajax?dataType=fund&fileName=IWDA_holdings&fileType=csv,,high
VLO,VALERO ENERGY CORP,United States,Energy,VLO,New York Stock Exchange Inc.,,0.08,IWDA,https://www.ishares.com/uk/individual/en/products/251882/ishares-core-msci-world-ucits-etf-acc-fund/1506575576011.ajax?dataType=fund&fileName=IWDA_holdings&fileType=csv,,high
WCP.TO,WHITECAP RESOURCES INC,Canada,Energy,WCP,Toronto Stock Exchange,,0.01,IWDA,https://www.ishares.com/uk/individual/en/products/251882/ishares-core-msci-world-ucits-etf-acc-fund/1506575576011.ajax?dataType=fund&fileName=IWDA_holdings&fileType=csv,,high
WMB,WILLIAMS INC,United States,Energy,WMB,New York Stock Exchange Inc.,,0.1,IWDA,https://www.ishares.com/uk/individual/en/products/251882/ishares-core-msci-world-ucits-etf-acc-fund/1506575576011.ajax?dataType=fund&fileName=IWDA_holdings&fileType=csv,,high
WDS.AX,WOODSIDE ENERGY GROUP LTD,Australia,Energy,WDS,Asx - All Markets,,0.05,IWDA,https://www.ishares.com/uk/individual/en/products/251882/ishares-core-msci-world-ucits-etf-acc-fund/1506575576011.ajax?dataType=fund&fileName=IWDA_holdings&fileType=csv,,high
III.L,3I GROUP PLC,United Kingdom,Financials,III,London Stock Exchange,,0.05,IWDA,https://www.ishares.com/uk/individual/en/products/251882/ishares-core-msci-world-ucits-etf-acc-fund/1506575576011.ajax?dataType=fund&fileName=IWDA_holdings&fileType=csv,,high
ABN.AS,ABN AMRO BANK NV,Netherlands,Financials,ABN,Euronext Amsterdam,,0.02,IWDA,https://www.ishares.com/uk/individual/en/products/251882/ishares-core-msci-world-ucits-etf-acc-fund/1506575576011.ajax?dataType=fund&fileName=IWDA_holdings&fileType=csv,,high
ADM.L,ADMIRAL GROUP PLC,United Kingdom,Financials,ADM,London Stock Exchange,,0.01,IWDA,https://www.ishares.com/uk/individual/en/products/251882/ishares-core-msci-world-ucits-etf-acc-fund/1506575576011.ajax?dataType=fund&fileName=IWDA_holdings&fileType=csv,,high
ADYEN.AS,ADYEN NV,Netherlands,Financials,ADYEN,Euronext Amsterdam,,0.03,IWDA,https://www.ishares.com/uk/individual/en/products/251882/ishares-core-msci-world-ucits-etf-acc-fund/1506575576011.ajax?dataType=fund&fileName=IWDA_holdings&fileType=csv,,high
AGN.AS,AEGON LTD,Netherlands,Financials,AGN,Euronext Amsterdam,,0.01,IWDA,https://www.ishares.com/uk/individual/en/products/251882/ishares-core-msci-world-ucits-etf-acc-fund/1506575576011.ajax?dataType=fund&fileName=IWDA_holdings&fileType=csv,,high
AFRM,AFFIRM HOLDINGS INC CLASS A,United States,Financials,AFRM,NASDAQ,,0.02,IWDA,https://www.ishares.com/uk/individual/en/products/251882/ishares-core-msci-world-ucits-etf-acc-fund/1506575576011.ajax?dataType=fund&fileName=IWDA_holdings&fileType=csv,,high
AFL,AFLAC INC,United States,Financials,AFL,New York Stock Exchange Inc.,,0.07,IWDA,https://www.ishares.com/uk/individual/en/products/251882/ishares-core-msci-world-ucits-etf-acc-fund/1506575576011.ajax?dataType=fund&fileName=IWDA_holdings&fileType=csv,,high
AGS.BR,AGEAS SA,Belgium,Financials,AGS,Nyse Euronext - Euronext Brussels,,0.01,IWDA,https://www.ishares.com/uk/individual/en/products/251882/ishares-core-msci-world-ucits-etf-acc-fund/1506575576011.ajax?dataType=fund&fileName=IWDA_holdings&fileType=csv,,high
A5G.IR,AIB GROUP PLC,Ireland,Financials,A5G,Irish Stock Exchange - All Market,,0.02,IWDA,https://www.ishares.com/uk/individual/en/products/251882/ishares-core-msci-world-ucits-etf-acc-fund/1506575576011.ajax?dataType=fund&fileName=IWDA_holdings&fileType=csv,,low
ALV.DE,ALLIANZ,Germany,Financials,ALV,Xetra,,0.19,IWDA,https://www.ishares.com/uk/individual/en/products/251882/ishares-core-msci-world-ucits-etf-acc-fund/1506575576011.ajax?dataType=fund&fileName=IWDA_holdings&fileType=csv,,high
ALL,ALLSTATE CORP,United States,Financials,ALL,New York Stock Exchange Inc.,,0.06,IWDA,https://www.ishares.com/uk/individual/en/products/251882/ishares-core-msci-world-ucits-etf-acc-fund/1506575576011.ajax?dataType=fund&fileName=IWDA_holdings&fileType=csv,,high
AXP,AMERICAN EXPRESS,United States,Financials,AXP,New York Stock Exchange Inc.,,0.21,IWDA,https://www.ishares.com/uk/individual/en/products/251882/ishares-core-msci-world-ucits-etf-acc-fund/1506575576011.ajax?dataType=fund&fileName=IWDA_holdings&fileType=csv,,high
AIG,AMERICAN INTERNATIONAL GROUP INC,United States,Financials,AIG,New York Stock Exchange Inc.,,0.05,IWDA,https://www.ishares.com/uk/individual/en/products/251882/ishares-core-msci-world-ucits-etf-acc-fund/1506575576011.ajax?dataType=fund&fileName=IWDA_holdings&fileType=csv,,high
AMP,AMERIPRISE FINANCE INC,United States,Financials,AMP,New York Stock Exchange Inc.,,0.05,IWDA,https://www.ishares.com/uk/individual/en/products/251882/ishares-core-msci-world-ucits-etf-acc-fund/1506575576011.ajax?dataType=fund&fileName=IWDA_holdings&fileType=csv,,high
AMUN.PA,AMUNDI SA,France,Financials,AMUN,Nyse Euronext - Euronext Paris,,0.01,IWDA,https://www.ishares.com/uk/individual/en/products/251882/ishares-core-msci-world-ucits-etf-acc-fund/1506575576011.ajax?dataType=fund&fileName=IWDA_holdings&fileType=csv,,high
NLY,ANNALY CAPITAL MANAGEMENT REIT INC,United States,Financials,NLY,New York Stock Exchange Inc.,,0.02,IWDA,https://www.ishares.com/uk/individual/en/products/251882/ishares-core-msci-world-ucits-etf-acc-fund/1506575576011.ajax?dataType=fund&fileName=IWDA_holdings&fileType=csv,,high
ANZ.AX,ANZ GROUP HOLDINGS LTD,Australia,Financials,ANZ,Asx - All Markets,,0.09,IWDA,https://www.ishares.com/uk/individual/en/products/251882/ishares-core-msci-world-ucits-etf-acc-fund/1506575576011.ajax?dataType=fund&fileName=IWDA_holdings&fileType=csv,,high
AON,AON PLC CLASS A,United States,Financials,AON,New York Stock Exchange Inc.,,0.08,IWDA,https://www.ishares.com/uk/individual/en/products/251882/ishares-core-msci-world-ucits-etf-acc-fund/1506575576011.ajax?dataType=fund&fileName=IWDA_holdings&fileType=csv,,high
APO,APOLLO GLOBAL MANAGEMENT INC,United States,Financials,APO,New York Stock Exchange Inc.,,0.06,IWDA,https://www.ishares.com/uk/individual/en/products/251882/ishares-core-msci-world-ucits-etf-acc-fund/1506575576011.ajax?dataType=fund&fileName=IWDA_holdings&fileType=csv,,high
ACGL,ARCH CAPITAL GROUP LTD,United States,Financials,ACGL,NASDAQ,,0.04,IWDA,https://www.ishares.com/uk/individual/en/products/251882/ishares-core-msci-world-ucits-etf-acc-fund/1506575576011.ajax?dataType=fund&fileName=IWDA_holdings&fileType=csv,,high
ARES,ARES MANAGEMENT CORP CLASS A,United States,Financials,ARES,New York Stock Exchange Inc.,,0.03,IWDA,https://www.ishares.com/uk/individual/en/products/251882/ishares-core-msci-world-ucits-etf-acc-fund/1506575576011.ajax?dataType=fund&fileName=IWDA_holdings&fileType=csv,,high
AJG,ARTHUR J GALLAGHER,United States,Financials,AJG,New York Stock Exchange Inc.,,0.07,IWDA,https://www.ishares.com/uk/individual/en/products/251882/ishares-core-msci-world-ucits-etf-acc-fund/1506575576011.ajax?dataType=fund&fileName=IWDA_holdings&fileType=csv,,high
ASRNL.AS,ASR NEDERLAND NV,Netherlands,Financials,ASRNL,Euronext Amsterdam,,0.01,IWDA,https://www.ishares.com/uk/individual/en/products/251882/ishares-core-msci-world-ucits-etf-acc-fund/1506575576011.ajax?dataType=fund&fileName=IWDA_holdings&fileType=csv,,high
G.MI,ASSICURAZIONI GENERALI,Italy,Financials,G,Borsa Italiana,,0.04,IWDA,https://www.ishares.com/uk/individual/en/products/251882/ishares-core-msci-world-ucits-etf-acc-fund/1506575576011.ajax?dataType=fund&fileName=IWDA_holdings&fileType=csv,,high
ASX.AX,ASX LTD,Australia,Financials,ASX,Asx - All Markets,,0.01,IWDA,https://www.ishares.com/uk/individual/en/products/251882/ishares-core-msci-world-ucits-etf-acc-fund/1506575576011.ajax?dataType=fund&fileName=IWDA_holdings&fileType=csv,,high
AV.L,AVIVA PLC,United Kingdom,Financials,AV.,London Stock Exchange,,0.03,IWDA,https://www.ishares.com/uk/individual/en/products/251882/ishares-core-msci-world-ucits-etf-acc-fund/1506575576011.ajax?dataType=fund&fileName=IWDA_holdings&fileType=csv,,high
CS.PA,AXA SA,France,Financials,CS,Nyse Euronext - Euronext Paris,,0.09,IWDA,https://www.ishares.com/uk/individual/en/products/251882/ishares-core-msci-world-ucits-etf-acc-fund/1506575576011.ajax?dataType=fund&fileName=IWDA_holdings&fileType=csv,,high
BMED.MI,BANCA MEDIOLANUM,Italy,Financials,BMED,Borsa Italiana,,0.01,IWDA,https://www.ishares.com/uk/individual/en/products/251882/ishares-core-msci-world-ucits-etf-acc-fund/1506575576011.ajax?dataType=fund&fileName=IWDA_holdings&fileType=csv,,high
BMPS.MI,BANCA MONTE DEI PASCHI DI SIENA SP,Italy,Financials,BMPS,Borsa Italiana,,0.02,IWDA,https://www.ishares.com/uk/individual/en/products/251882/ishares-core-msci-world-ucits-etf-acc-fund/1506575576011.ajax?dataType=fund&fileName=IWDA_holdings&fileType=csv,,high
BBVA.MC,BANCO BILBAO VIZCAYA ARGENTARIA SA,Spain,Financials,BBVA,Bolsa De Madrid,,0.14,IWDA,https://www.ishares.com/uk/individual/en/products/251882/ishares-core-msci-world-ucits-etf-acc-fund/1506575576011.ajax?dataType=fund&fileName=IWDA_holdings&fileType=csv,,high
BAMI.MI,BANCO BPM,Italy,Financials,BAMI,Borsa Italiana,,0.02,IWDA,https://www.ishares.com/uk/individual/en/products/251882/ishares-core-msci-world-ucits-etf-acc-fund/1506575576011.ajax?dataType=fund&fileName=IWDA_holdings&fileType=csv,,high
BCP.LS,BANCO COMERCIAL PORTUGUES SA,Portugal,Financials,BCP,Nyse Euronext - Euronext Lisbon,,0.01,IWDA,https://www.ishares.com/uk/individual/en/products/251882/ishares-core-msci-world-ucits-etf-acc-fund/1506575576011.ajax?dataType=fund&fileName=IWDA_holdings&fileType=csv,,med
SAB.MC,BANCO DE SABADELL SA,Spain,Financials,SAB,Bolsa De Madrid,,0.02,IWDA,https://www.ishares.com/uk/individual/en/products/251882/ishares-core-msci-world-ucits-etf-acc-fund/1506575576011.ajax?dataType=fund&fileName=IWDA_holdings&fileType=csv,,high
SAN.MC,BANCO SANTANDER SA,Spain,Financials,SAN,Bolsa De Madrid,,0.19,IWDA,https://www.ishares.com/uk/individual/en/products/251882/ishares-core-msci-world-ucits-etf-acc-fund/1506575576011.ajax?dataType=fund&fileName=IWDA_holdings&fileType=csv,,high
POLI.TA,BANK HAPOALIM BM,Israel,Financials,POLI,Tel Aviv Stock Exchange,,0.04,IWDA,https://www.ishares.com/uk/individual/en/products/251882/ishares-core-msci-world-ucits-etf-acc-fund/1506575576011.ajax?dataType=fund&fileName=IWDA_holdings&fileType=csv,,high
LUMI.TA,BANK LEUMI LE ISRAEL,Israel,Financials,LUMI,Tel Aviv Stock Exchange,,0.04,IWDA,https://www.ishares.com/uk/individual/en/products/251882/ishares-core-msci-world-ucits-etf-acc-fund/1506575576011.ajax?dataType=fund&fileName=IWDA_holdings&fileType=csv,,high
BAC,BANK OF AMERICA CORP,United States,Financials,BAC,New York Stock Exchange Inc.,,0.4,IWDA,https://www.ishares.com/uk/individual/en/products/251882/ishares-core-msci-world-ucits-etf-acc-fund/1506575576011.ajax?dataType=fund&fileName=IWDA_holdings&fileType=csv,,high
BIRG.IR,BANK OF IRELAND GROUP PLC,Ireland,Financials,BIRG,Irish Stock Exchange - All Market,,0.02,IWDA,https://www.ishares.com/uk/individual/en/products/251882/ishares-core-msci-world-ucits-etf-acc-fund/1506575576011.ajax?dataType=fund&fileName=IWDA_holdings&fileType=csv,,low
BMO.TO,BANK OF MONTREAL,Canada,Financials,BMO,Toronto Stock Exchange,,0.12,IWDA,https://www.ishares.com/uk/individual/en/products/251882/ishares-core-msci-world-ucits-etf-acc-fund/1506575576011.ajax?dataType=fund&fileName=IWDA_holdings&fileType=csv,,high
BK,BANK OF NEW YORK MELLON CORP,United States,Financials,BK,New York Stock Exchange Inc.,,0.1,IWDA,https://www.ishares.com/uk/individual/en/products/251882/ishares-core-msci-world-ucits-etf-acc-fund/1506575576011.ajax?dataType=fund&fileName=IWDA_holdings&fileType=csv,,high
BNS.TO,BANK OF NOVA SCOTIA,Canada,Financials,BNS,Toronto Stock Exchange,,0.11,IWDA,https://www.ishares.com/uk/individual/en/products/251882/ishares-core-msci-world-ucits-etf-acc-fund/1506575576011.ajax?dataType=fund&fileName=IWDA_holdings&fileType=csv,,high
BKT.MC,BANKINTER SA,Spain,Financials,BKT,Bolsa De Madrid,,0.01,IWDA,https://www.ishares.com/uk/individual/en/products/251882/ishares-core-msci-world-ucits-etf-acc-fund/1506575576011.ajax?dataType=fund&fileName=IWDA_holdings&fileType=csv,,high
BARC.L,BARCLAYS PLC,United Kingdom,Financials,BARC,London Stock Exchange,,0.09,IWDA,https://www.ishares.com/uk/individual/en/products/251882/ishares-core-msci-world-ucits-etf-acc-fund/1506575576011.ajax?dataType=fund&fileName=IWDA_holdings&fileType=csv,,high
BG.VI,BAWAG GROUP AG,Austria,Financials,BG,Wiener Boerse Ag,,0.01,IWDA,https://www.ishares.com/uk/individual/en/products/251882/ishares-core-msci-world-ucits-etf-acc-fund/1506575576011.ajax?dataType=fund&fileName=IWDA_holdings&fileType=csv,,med
BCVN.SW,BC VAUD N,Switzerland,Financials,BCVN,SIX Swiss Exchange,,0.0,IWDA,https://www.ishares.com/uk/individual/en/products/251882/ishares-core-msci-world-ucits-etf-acc-fund/1506575576011.ajax?dataType=fund&fileName=IWDA_holdings&fileType=csv,,med
BRK-B,BERKSHIRE HATHAWAY INC CLASS B,United States,Financials,BRKB,New York Stock Exchange Inc.,,0.82,IWDA,https://www.ishares.com/uk/individual/en/products/251882/ishares-core-msci-world-ucits-etf-acc-fund/1506575576011.ajax?dataType=fund&fileName=IWDA_holdings&fileType=csv,,high
BLK,BLACKROCK INC,United States,Financials,BLK,New York Stock Exchange Inc.,,0.17,IWDA,https://www.ishares.com/uk/individual/en/products/251882/ishares-core-msci-world-ucits-etf-acc-fund/1506575576011.ajax?dataType=fund&fileName=IWDA_holdings&fileType=csv,,high
BX,BLACKSTONE INC,United States,Financials,BX,New York Stock Exchange Inc.,,0.1,IWDA,https://www.ishares.com/uk/individual/en/products/251882/ishares-core-msci-world-ucits-etf-acc-fund/1506575576011.ajax?dataType=fund&fileName=IWDA_holdings&fileType=csv,,high
XYZ,BLOCK INC CLASS A,United States,Financials,XYZ,New York Stock Exchange Inc.,,0.04,IWDA,https://www.ishares.com/uk/individual/en/products/251882/ishares-core-msci-world-ucits-etf-acc-fund/1506575576011.ajax?dataType=fund&fileName=IWDA_holdings&fileType=csv,,high
BNP.PA,BNP PARIBAS SA,France,Financials,BNP,Nyse Euronext - Euronext Paris,,0.12,IWDA,https://www.ishares.com/uk/individual/en/products/251882/ishares-core-msci-world-ucits-etf-acc-fund/1506575576011.ajax?dataType=fund&fileName=IWDA_holdings&fileType=csv,,high
BPE.MI,BPER BANCA,Italy,Financials,BPE,Borsa Italiana,,0.02,IWDA,https://www.ishares.com/uk/individual/en/products/251882/ishares-core-msci-world-ucits-etf-acc-fund/1506575576011.ajax?dataType=fund&fileName=IWDA_holdings&fileType=csv,,high
BAM.TO,BROOKFIELD ASSET MANAGEMENT VOTING,Canada,Financials,BAM,Toronto Stock Exchange,,0.02,IWDA,https://www.ishares.com/uk/individual/en/products/251882/ishares-core-msci-world-ucits-etf-acc-fund/1506575576011.ajax?dataType=fund&fileName=IWDA_holdings&fileType=csv,,high
BN.TO,BROOKFIELD CORP CLASS A,Canada,Financials,BN,Toronto Stock Exchange,,0.1,IWDA,https://www.ishares.com/uk/individual/en/products/251882/ishares-core-msci-world-ucits-etf-acc-fund/1506575576011.ajax?dataType=fund&fileName=IWDA_holdings&fileType=csv,,high
BRO,BROWN & BROWN INC,United States,Financials,BRO,New York Stock Exchange Inc.,,0.03,IWDA,https://www.ishares.com/uk/individual/en/products/251882/ishares-core-msci-world-ucits-etf-acc-fund/1506575576011.ajax?dataType=fund&fileName=IWDA_holdings&fileType=csv,,high
CABK.MC,CAIXABANK SA,Spain,Financials,CABK,Bolsa De Madrid,,0.06,IWDA,https://www.ishares.com/uk/individual/en/products/251882/ishares-core-msci-world-ucits-etf-acc-fund/1506575576011.ajax?dataType=fund&fileName=IWDA_holdings&fileType=csv,,high
CM.TO,CANADIAN IMPERIAL BANK OF COMMERCE,Canada,Financials,CM,Toronto Stock Exchange,,0.11,IWDA,https://www.ishares.com/uk/individual/en/products/251882/ishares-core-msci-world-ucits-etf-acc-fund/1506575576011.ajax?dataType=fund&fileName=IWDA_holdings&fileType=csv,,high
COF,CAPITAL ONE FINANCIAL CORP,United States,Financials,COF,New York Stock Exchange Inc.,,0.14,IWDA,https://www.ishares.com/uk/individual/en/products/251882/ishares-core-msci-world-ucits-etf-acc-fund/1506575576011.ajax?dataType=fund&fileName=IWDA_holdings&fileType=csv,,high
CG,CARLYLE GROUP INC,United States,Financials,CG,NASDAQ,,0.01,IWDA,https://www.ishares.com/uk/individual/en/products/251882/ishares-core-msci-world-ucits-etf-acc-fund/1506575576011.ajax?dataType=fund&fileName=IWDA_holdings&fileType=csv,,high
CBOE,CBOE GLOBAL MARKETS INC,United States,Financials,CBOE,Cboe BZX,,0.04,IWDA,https://www.ishares.com/uk/individual/en/products/251882/ishares-core-msci-world-ucits-etf-acc-fund/1506575576011.ajax?dataType=fund&fileName=IWDA_holdings&fileType=csv,,high
SCHW,CHARLES SCHWAB CORP,United States,Financials,SCHW,New York Stock Exchange Inc.,,0.2,IWDA,https://www.ishares.com/uk/individual/en/products/251882/ishares-core-msci-world-ucits-etf-acc-fund/1506575576011.ajax?dataType=fund&fileName=IWDA_holdings&fileType=csv,,high
CB,CHUBB LTD,United States,Financials,CB,New York Stock Exchange Inc.,,0.15,IWDA,https://www.ishares.com/uk/individual/en/products/251882/ishares-core-msci-world-ucits-etf-acc-fund/1506575576011.ajax?dataType=fund&fileName=IWDA_holdings&fileType=csv,,high
CINF,CINCINNATI FINANCIAL CORP,United States,Financials,CINF,NASDAQ,,0.03,IWDA,https://www.ishares.com/uk/individual/en/products/251882/ishares-core-msci-world-ucits-etf-acc-fund/1506575576011.ajax?dataType=fund&fileName=IWDA_holdings&fileType=csv,,high
C,CITIGROUP INC,United States,Financials,C,New York Stock Exchange Inc.,,0.23,IWDA,https://www.ishares.com/uk/individual/en/products/251882/ishares-core-msci-world-ucits-etf-acc-fund/1506575576011.ajax?dataType=fund&fileName=IWDA_holdings&fileType=csv,,high
CFG,CITIZENS FINANCIAL GROUP INC,United States,Financials,CFG,New York Stock Exchange Inc.,,0.03,IWDA,https://www.ishares.com/uk/individual/en/products/251882/ishares-core-msci-world-ucits-etf-acc-fund/1506575576011.ajax?dataType=fund&fileName=IWDA_holdings&fileType=csv,,high
CME,CME GROUP INC CLASS A,United States,Financials,CME,NASDAQ,,0.14,IWDA,https://www.ishares.com/uk/individual/en/products/251882/ishares-core-msci-world-ucits-etf-acc-fund/1506575576011.ajax?dataType=fund&fileName=IWDA_holdings&fileType=csv,,high
COIN,COINBASE GLOBAL INC CLASS A,United States,Financials,COIN,NASDAQ,,0.05,IWDA,https://www.ishares.com/uk/individual/en/products/251882/ishares-core-msci-world-ucits-etf-acc-fund/1506575576011.ajax?dataType=fund&fileName=IWDA_holdings&fileType=csv,,high
CBK.DE,COMMERZBANK AG,Germany,Financials,CBK,Xetra,,0.03,IWDA,https://www.ishares.com/uk/individual/en/products/251882/ishares-core-msci-world-ucits-etf-acc-fund/1506575576011.ajax?dataType=fund&fileName=IWDA_holdings&fileType=csv,,high
CBA.AX,COMMONWEALTH BANK OF AUSTRALIA,Australia,Financials,CBA,Asx - All Markets,,0.24,IWDA,https://www.ishares.com/uk/individual/en/products/251882/ishares-core-msci-world-ucits-etf-acc-fund/1506575576011.ajax?dataType=fund&fileName=IWDA_holdings&fileType=csv,,high
CPAY,CORPAY INC,United States,Financials,CPAY,New York Stock Exchange Inc.,,0.03,IWDA,https://www.ishares.com/uk/individual/en/products/251882/ishares-core-msci-world-ucits-etf-acc-fund/1506575576011.ajax?dataType=fund&fileName=IWDA_holdings&fileType=csv,,high
ACA.PA,CREDIT AGRICOLE SA,France,Financials,ACA,Nyse Euronext - Euronext Paris,,0.02,IWDA,https://www.ishares.com/uk/individual/en/products/251882/ishares-core-msci-world-ucits-etf-acc-fund/1506575576011.ajax?dataType=fund&fileName=IWDA_holdings&fileType=csv,,high
CVC.AS,CVC CAPITAL PARTNERS PLC,Netherlands,Financials,CVC,Euronext Amsterdam,,0.0,IWDA,https://www.ishares.com/uk/individual/en/products/251882/ishares-core-msci-world-ucits-etf-acc-fund/1506575576011.ajax?dataType=fund&fileName=IWDA_holdings&fileType=csv,,high
DANSKE.CO,DANSKE BANK,Denmark,Financials,DANSKE,Omx Nordic Exchange Copenhagen A/S,,0.04,IWDA,https://www.ishares.com/uk/individual/en/products/251882/ishares-core-msci-world-ucits-etf-acc-fund/1506575576011.ajax?dataType=fund&fileName=IWDA_holdings&fileType=csv,,med
D05.SI,DBS GROUP HOLDINGS LTD,Singapore,Financials,D05,Singapore Exchange,,0.11,IWDA,https://www.ishares.com/uk/individual/en/products/251882/ishares-core-msci-world-ucits-etf-acc-fund/1506575576011.ajax?dataType=fund&fileName=IWDA_holdings&fileType=csv,,high
DBK.DE,DEUTSCHE BANK AG,Germany,Financials,DBK,Xetra,,0.07,IWDA,https://www.ishares.com/uk/individual/en/products/251882/ishares-core-msci-world-ucits-etf-acc-fund/1506575576011.ajax?dataType=fund&fileName=IWDA_holdings&fileType=csv,,high
DB1.DE,DEUTSCHE BOERSE AG,Germany,Financials,DB1,Xetra,,0.06,IWDA,https://www.ishares.com/uk/individual/en/products/251882/ishares-core-msci-world-ucits-etf-acc-fund/1506575576011.ajax?dataType=fund&fileName=IWDA_holdings&fileType=csv,,high
DNB.OL,DNB BANK,Norway,Financials,DNB,Oslo Bors Asa,,0.03,IWDA,https://www.ishares.com/uk/individual/en/products/251882/ishares-core-msci-world-ucits-etf-acc-fund/1506575576011.ajax?dataType=fund&fileName=IWDA_holdings&fileType=csv,,high
EQT.ST,EQT,Sweden,Financials,EQT,Nasdaq Omx Nordic,,0.02,IWDA,https://www.ishares.com/uk/individual/en/products/251882/ishares-core-msci-world-ucits-etf-acc-fund/1506575576011.ajax?dataType=fund&fileName=IWDA_holdings&fileType=csv,,med
EQH,EQUITABLE HOLDINGS INC,United States,Financials,EQH,New York Stock Exchange Inc.,,0.01,IWDA,https://www.ishares.com/uk/individual/en/products/251882/ishares-core-msci-world-ucits-etf-acc-fund/1506575576011.ajax?dataType=fund&fileName=IWDA_holdings&fileType=csv,,high
ERIE,ERIE INDEMNITY CLASS A,United States,Financials,ERIE,NASDAQ,,0.01,IWDA,https://www.ishares.com/uk/individual/en/products/251882/ishares-core-msci-world-ucits-etf-acc-fund/1506575576011.ajax?dataType=fund&fileName=IWDA_holdings&fileType=csv,,high
EBS.VI,ERSTE GROUP BANK AG,Austria,Financials,EBS,Wiener Boerse Ag,,0.04,IWDA,https://www.ishares.com/uk/individual/en/products/251882/ishares-core-msci-world-ucits-etf-acc-fund/1506575576011.ajax?dataType=fund&fileName=IWDA_holdings&fileType=csv,,med
ENX.PA,EURONEXT NV,France,Financials,ENX,Nyse Euronext - Euronext Paris,,0.01,IWDA,https://www.ishares.com/uk/individual/en/products/251882/ishares-core-msci-world-ucits-etf-acc-fund/1506575576011.ajax?dataType=fund&fileName=IWDA_holdings&fileType=csv,,high
EG,EVEREST GROUP LTD,United States,Financials,EG,New York Stock Exchange Inc.,,0.02,IWDA,https://www.ishares.com/uk/individual/en/products/251882/ishares-core-msci-world-ucits-etf-acc-fund/1506575576011.ajax?dataType=fund&fileName=IWDA_holdings&fileType=csv,,high
EXO.AS,EXOR NV,Netherlands,Financials,EXO,Euronext Amsterdam,,0.01,IWDA,https://www.ishares.com/uk/individual/en/products/251882/ishares-core-msci-world-ucits-etf-acc-fund/1506575576011.ajax?dataType=fund&fileName=IWDA_holdings&fileType=csv,,high
FFH.TO,FAIRFAX FINANCIAL HOLDINGS SUB VOT,Canada,Financials,FFH,Toronto Stock Exchange,,0.04,IWDA,https://www.ishares.com/uk/individual/en/products/251882/ishares-core-msci-world-ucits-etf-acc-fund/1506575576011.ajax?dataType=fund&fileName=IWDA_holdings&fileType=csv,,high
FNF,FIDELITY NATIONAL FINANCIAL INC,United States,Financials,FNF,New York Stock Exchange Inc.,,0.02,IWDA,https://www.ishares.com/uk/individual/en/products/251882/ishares-core-msci-world-ucits-etf-acc-fund/1506575576011.ajax?dataType=fund&fileName=IWDA_holdings&fileType=csv,,high
FIS,FIDELITY NATIONAL INFORMATION SERV,United States,Financials,FIS,New York Stock Exchange Inc.,,0.03,IWDA,https://www.ishares.com/uk/individual/en/products/251882/ishares-core-msci-world-ucits-etf-acc-fund/1506575576011.ajax?dataType=fund&fileName=IWDA_holdings&fileType=csv,,high
FITB,FIFTH THIRD BANCORP,United States,Financials,FITB,NASDAQ,,0.05,IWDA,https://www.ishares.com/uk/individual/en/products/251882/ishares-core-msci-world-ucits-etf-acc-fund/1506575576011.ajax?dataType=fund&fileName=IWDA_holdings&fileType=csv,,high
FBK.MI,FINECOBANK BANCA FINECO,Italy,Financials,FBK,Borsa Italiana,,0.02,IWDA,https://www.ishares.com/uk/individual/en/products/251882/ishares-core-msci-world-ucits-etf-acc-fund/1506575576011.ajax?dataType=fund&fileName=IWDA_holdings&fileType=csv,,high
FCNCA,FIRST CITIZENS BANCSHARES INC CLAS,United States,Financials,FCNCA,NASDAQ,,0.02,IWDA,https://www.ishares.com/uk/individual/en/products/251882/ishares-core-msci-world-ucits-etf-acc-fund/1506575576011.ajax?dataType=fund&fileName=IWDA_holdings&fileType=csv,,high
FISV,FISERV INC,United States,Financials,FISV,NASDAQ,,0.04,IWDA,https://www.ishares.com/uk/individual/en/products/251882/ishares-core-msci-world-ucits-etf-acc-fund/1506575576011.ajax?dataType=fund&fileName=IWDA_holdings&fileType=csv,,high
FUTU,FUTU HOLDINGS ADR LTD,Hong Kong,Financials,FUTU,NASDAQ,,0.01,IWDA,https://www.ishares.com/uk/individual/en/products/251882/ishares-core-msci-world-ucits-etf-acc-fund/1506575576011.ajax?dataType=fund&fileName=IWDA_holdings&fileType=csv,,high
GJF.OL,GJENSIDIGE FORSIKRING,Norway,Financials,GJF,Oslo Bors Asa,,0.01,IWDA,https://www.ishares.com/uk/individual/en/products/251882/ishares-core-msci-world-ucits-etf-acc-fund/1506575576011.ajax?dataType=fund&fileName=IWDA_holdings&fileType=csv,,high
GPN,GLOBAL PAYMENTS INC,United States,Financials,GPN,New York Stock Exchange Inc.,,0.02,IWDA,https://www.ishares.com/uk/individual/en/products/251882/ishares-core-msci-world-ucits-etf-acc-fund/1506575576011.ajax?dataType=fund&fileName=IWDA_holdings&fileType=csv,,high
GS,GOLDMAN SACHS GROUP INC,United States,Financials,GS,New York Stock Exchange Inc.,,0.3,IWDA,https://www.ishares.com/uk/individual/en/products/251882/ishares-core-msci-world-ucits-etf-acc-fund/1506575576011.ajax?dataType=fund&fileName=IWDA_holdings&fileType=csv,,high
GWO.TO,GREAT WEST LIFECO INC,Canada,Financials,GWO,Toronto Stock Exchange,,0.01,IWDA,https://www.ishares.com/uk/individual/en/products/251882/ishares-core-msci-world-ucits-etf-acc-fund/1506575576011.ajax?dataType=fund&fileName=IWDA_holdings&fileType=csv,,high
GBLB.BR,GROUPE BRUXELLES LAMBERT NV,Belgium,Financials,GBLB,Nyse Euronext - Euronext Brussels,,0.01,IWDA,https://www.ishares.com/uk/individual/en/products/251882/ishares-core-msci-world-ucits-etf-acc-fund/1506575576011.ajax?dataType=fund&fileName=IWDA_holdings&fileType=csv,,high
HNR1.DE,HANNOVER RUECK,Germany,Financials,HNR1,Xetra,,0.02,IWDA,https://www.ishares.com/uk/individual/en/products/251882/ishares-core-msci-world-ucits-etf-acc-fund/1506575576011.ajax?dataType=fund&fileName=IWDA_holdings&fileType=csv,,high
HIG,HARTFORD INSURANCE GROUP INC,United States,Financials,HIG,New York Stock Exchange Inc.,,0.05,IWDA,https://www.ishares.com/uk/individual/en/products/251882/ishares-core-msci-world-ucits-etf-acc-fund/1506575576011.ajax?dataType=fund&fileName=IWDA_holdings&fileType=csv,,high
HBAN.SW,HELVETIA BALOISE HOLDING N AG,Switzerland,Financials,HBAN,SIX Swiss Exchange,,0.02,IWDA,https://www.ishares.com/uk/individual/en/products/251882/ishares-core-msci-world-ucits-etf-acc-fund/1506575576011.ajax?dataType=fund&fileName=IWDA_holdings&fileType=csv,,med
HSBA.L,HSBC HOLDINGS PLC,United Kingdom,Financials,HSBA,London Stock Exchange,,0.35,IWDA,https://www.ishares.com/uk/individual/en/products/251882/ishares-core-msci-world-ucits-etf-acc-fund/1506575576011.ajax?dataType=fund&fileName=IWDA_holdings&fileType=csv,,high
HBAN,HUNTINGTON BANCSHARES INC,United States,Financials,HBAN,NASDAQ,,0.04,IWDA,https://www.ishares.com/uk/individual/en/products/251882/ishares-core-msci-world-ucits-etf-acc-fund/1506575576011.ajax?dataType=fund&fileName=IWDA_holdings&fileType=csv,,high
IAG.TO,IA FINANCIAL INC,Canada,Financials,IAG,Toronto Stock Exchange,,0.01,IWDA,https://www.ishares.com/uk/individual/en/products/251882/ishares-core-msci-world-ucits-etf-acc-fund/1506575576011.ajax?dataType=fund&fileName=IWDA_holdings&fileType=csv,,high
IGM.TO,IGM FINANCIAL INC,Canada,Financials,IGM,Toronto Stock Exchange,,0.01,IWDA,https://www.ishares.com/uk/individual/en/products/251882/ishares-core-msci-world-ucits-etf-acc-fund/1506575576011.ajax?dataType=fund&fileName=IWDA_holdings&fileType=csv,,high
INDU-A.ST,INDUSTRIVARDEN A,Sweden,Financials,INDU A,Nasdaq Omx Nordic,,0.01,IWDA,https://www.ishares.com/uk/individual/en/products/251882/ishares-core-msci-world-ucits-etf-acc-fund/1506575576011.ajax?dataType=fund&fileName=IWDA_holdings&fileType=csv,,med
INDU-C.ST,INDUSTRIVARDEN SERIES,Sweden,Financials,INDU C,Nasdaq Omx Nordic,,0.01,IWDA,https://www.ishares.com/uk/individual/en/products/251882/ishares-core-msci-world-ucits-etf-acc-fund/1506575576011.ajax?dataType=fund&fileName=IWDA_holdings&fileType=csv,,med
IFT,INFRATIL LTD,New Zealand,Financials,IFT,New Zealand Exchange Ltd,,0.01,IWDA,https://www.ishares.com/uk/individual/en/products/251882/ishares-core-msci-world-ucits-etf-acc-fund/1506575576011.ajax?dataType=fund&fileName=IWDA_holdings&fileType=csv,,low
INGA.AS,ING GROEP NV,Netherlands,Financials,INGA,Euronext Amsterdam,,0.09,IWDA,https://www.ishares.com/uk/individual/en/products/251882/ishares-core-msci-world-ucits-etf-acc-fund/1506575576011.ajax?dataType=fund&fileName=IWDA_holdings&fileType=csv,,high
IAG.AX,INSURANCE AUSTRALIA GROUP LTD,Australia,Financials,IAG,Asx - All Markets,,0.01,IWDA,https://www.ishares.com/uk/individual/en/products/251882/ishares-core-msci-world-ucits-etf-acc-fund/1506575576011.ajax?dataType=fund&fileName=IWDA_holdings&fileType=csv,,high
IFC.TO,INTACT FINANCIAL CORP,Canada,Financials,IFC,Toronto Stock Exchange,,0.04,IWDA,https://www.ishares.com/uk/individual/en/products/251882/ishares-core-msci-world-ucits-etf-acc-fund/1506575576011.ajax?dataType=fund&fileName=IWDA_holdings&fileType=csv,,high
IBKR,INTERACTIVE BROKERS GROUP INC CLAS,United States,Financials,IBKR,NASDAQ,,0.03,IWDA,https://www.ishares.com/uk/individual/en/products/251882/ishares-core-msci-world-ucits-etf-acc-fund/1506575576011.ajax?dataType=fund&fileName=IWDA_holdings&fileType=csv,,high
ICE,INTERCONTINENTAL EXCHANGE INC,United States,Financials,ICE,New York Stock Exchange Inc.,,0.11,IWDA,https://www.ishares.com/uk/individual/en/products/251882/ishares-core-msci-world-ucits-etf-acc-fund/1506575576011.ajax?dataType=fund&fileName=IWDA_holdings&fileType=csv,,high
ISP.MI,INTESA SANPAOLO,Italy,Financials,ISP,Borsa Italiana,,0.1,IWDA,https://www.ishares.com/uk/individual/en/products/251882/ishares-core-msci-world-ucits-etf-acc-fund/1506575576011.ajax?dataType=fund&fileName=IWDA_holdings&fileType=csv,,high
INVE-B.ST,INVESTOR CLASS B,Sweden,Financials,INVE B,Nasdaq Omx Nordic,,0.08,IWDA,https://www.ishares.com/uk/individual/en/products/251882/ishares-core-msci-world-ucits-etf-acc-fund/1506575576011.ajax?dataType=fund&fileName=IWDA_holdings&fileType=csv,,med
DSCT.TA,ISRAEL DISCOUNT BANK LTD,Israel,Financials,DSCT,Tel Aviv Stock Exchange,,0.02,IWDA,https://www.ishares.com/uk/individual/en/products/251882/ishares-core-msci-world-ucits-etf-acc-fund/1506575576011.ajax?dataType=fund&fileName=IWDA_holdings&fileType=csv,,high
JKHY,JACK HENRY AND ASSOCIATES INC,United States,Financials,JKHY,NASDAQ,,0.02,IWDA,https://www.ishares.com/uk/individual/en/products/251882/ishares-core-msci-world-ucits-etf-acc-fund/1506575576011.ajax?dataType=fund&fileName=IWDA_holdings&fileType=csv,,high
JPM,JPMORGAN CHASE & CO,United States,Financials,JPM,New York Stock Exchange Inc.,,0.95,IWDA,https://www.ishares.com/uk/individual/en/products/251882/ishares-core-msci-world-ucits-etf-acc-fund/1506575576011.ajax?dataType=fund&fileName=IWDA_holdings&fileType=csv,,high
BAER.SW,JULIUS BAER GRUPPE AG,Switzerland,Financials,BAER,SIX Swiss Exchange,,0.02,IWDA,https://www.ishares.com/uk/individual/en/products/251882/ishares-core-msci-world-ucits-etf-acc-fund/1506575576011.ajax?dataType=fund&fileName=IWDA_holdings&fileType=csv,,med
KBC.BR,KBC GROEP,Belgium,Financials,KBC,Nyse Euronext - Euronext Brussels,,0.03,IWDA,https://www.ishares.com/uk/individual/en/products/251882/ishares-core-msci-world-ucits-etf-acc-fund/1506575576011.ajax?dataType=fund&fileName=IWDA_holdings&fileType=csv,,high
KEY,KEYCORP,United States,Financials,KEY,New York Stock Exchange Inc.,,0.02,IWDA,https://www.ishares.com/uk/individual/en/products/251882/ishares-core-msci-world-ucits-etf-acc-fund/1506575576011.ajax?dataType=fund&fileName=IWDA_holdings&fileType=csv,,high
KKR,KKR AND CO INC,United States,Financials,KKR,New York Stock Exchange Inc.,,0.07,IWDA,https://www.ishares.com/uk/individual/en/products/251882/ishares-core-msci-world-ucits-etf-acc-fund/1506575576011.ajax?dataType=fund&fileName=IWDA_holdings&fileType=csv,,high
LGEN.L,LEGAL AND GENERAL GROUP PLC,United Kingdom,Financials,LGEN,London Stock Exchange,,0.02,IWDA,https://www.ishares.com/uk/individual/en/products/251882/ishares-core-msci-world-ucits-etf-acc-fund/1506575576011.ajax?dataType=fund&fileName=IWDA_holdings&fileType=csv,,high
LLOY.L,LLOYDS BANKING GROUP PLC,United Kingdom,Financials,LLOY,London Stock Exchange,,0.09,IWDA,https://www.ishares.com/uk/individual/en/products/251882/ishares-core-msci-world-ucits-etf-acc-fund/1506575576011.ajax?dataType=fund&fileName=IWDA_holdings&fileType=csv,,high
L,LOEWS CORP,United States,Financials,L,New York Stock Exchange Inc.,,0.02,IWDA,https://www.ishares.com/uk/individual/en/products/251882/ishares-core-msci-world-ucits-etf-acc-fund/1506575576011.ajax?dataType=fund&fileName=IWDA_holdings&fileType=csv,,high
LSEG.L,LONDON STOCK EXCHANGE GROUP PLC,United Kingdom,Financials,LSEG,London Stock Exchange,,0.07,IWDA,https://www.ishares.com/uk/individual/en/products/251882/ishares-core-msci-world-ucits-etf-acc-fund/1506575576011.ajax?dataType=fund&fileName=IWDA_holdings&fileType=csv,,high
LPLA,LPL FINANCIAL HOLDINGS INC,United States,Financials,LPLA,NASDAQ,,0.03,IWDA,https://www.ishares.com/uk/individual/en/products/251882/ishares-core-msci-world-ucits-etf-acc-fund/1506575576011.ajax?dataType=fund&fileName=IWDA_holdings&fileType=csv,,high
LUND-B.ST,LUNDBERGFORETAGEN CLASS B,Sweden,Financials,LUND B,Nasdaq Omx Nordic,,0.01,IWDA,https://www.ishares.com/uk/individual/en/products/251882/ishares-core-msci-world-ucits-etf-acc-fund/1506575576011.ajax?dataType=fund&fileName=IWDA_holdings&fileType=csv,,med
MNG.L,M&G PLC,United Kingdom,Financials,MNG,London Stock Exchange,,0.01,IWDA,https://www.ishares.com/uk/individual/en/products/251882/ishares-core-msci-world-ucits-etf-acc-fund/1506575576011.ajax?dataType=fund&fileName=IWDA_holdings&fileType=csv,,high
MTB,M&T BANK CORP,United States,Financials,MTB,New York Stock Exchange Inc.,,0.04,IWDA,https://www.ishares.com/uk/individual/en/products/251882/ishares-core-msci-world-ucits-etf-acc-fund/1506575576011.ajax?dataType=fund&fileName=IWDA_holdings&fileType=csv,,high
MQG.AX,MACQUARIE GROUP LTD DEF,Australia,Financials,MQG,Asx - All Markets,,0.06,IWDA,https://www.ishares.com/uk/individual/en/products/251882/ishares-core-msci-world-ucits-etf-acc-fund/1506575576011.ajax?dataType=fund&fileName=IWDA_holdings&fileType=csv,,high
MFC.TO,MANULIFE FINANCIAL CORP,Canada,Financials,MFC,Toronto Stock Exchange,,0.07,IWDA,https://www.ishares.com/uk/individual/en/products/251882/ishares-core-msci-world-ucits-etf-acc-fund/1506575576011.ajax?dataType=fund&fileName=IWDA_holdings&fileType=csv,,high
MAP.MC,MAPFRE SA,Spain,Financials,MAP,Bolsa De Madrid,,0.0,IWDA,https://www.ishares.com/uk/individual/en/products/251882/ishares-core-msci-world-ucits-etf-acc-fund/1506575576011.ajax?dataType=fund&fileName=IWDA_holdings&fileType=csv,,high
MKL,MARKEL GROUP INC,United States,Financials,MKL,New York Stock Exchange Inc.,,0.03,IWDA,https://www.ishares.com/uk/individual/en/products/251882/ishares-core-msci-world-ucits-etf-acc-fund/1506575576011.ajax?dataType=fund&fileName=IWDA_holdings&fileType=csv,,high
MRSH,MARSH INC,United States,Financials,MRSH,New York Stock Exchange Inc.,,0.1,IWDA,https://www.ishares.com/uk/individual/en/products/251882/ishares-core-msci-world-ucits-etf-acc-fund/1506575576011.ajax?dataType=fund&fileName=IWDA_holdings&fileType=csv,,high
MA,MASTERCARD INC CLASS A,United States,Financials,MA,New York Stock Exchange Inc.,,0.53,IWDA,https://www.ishares.com/uk/individual/en/products/251882/ishares-core-msci-world-ucits-etf-acc-fund/1506575576011.ajax?dataType=fund&fileName=IWDA_holdings&fileType=csv,,high
MPL.AX,MEDIBANK PRIVATE LTD,Australia,Financials,MPL,Asx - All Markets,,0.01,IWDA,https://www.ishares.com/uk/individual/en/products/251882/ishares-core-msci-world-ucits-etf-acc-fund/1506575576011.ajax?dataType=fund&fileName=IWDA_holdings&fileType=csv,,high
MET,METLIFE INC,United States,Financials,MET,New York Stock Exchange Inc.,,0.05,IWDA,https://www.ishares.com/uk/individual/en/products/251882/ishares-core-msci-world-ucits-etf-acc-fund/1506575576011.ajax?dataType=fund&fileName=IWDA_holdings&fileType=csv,,high
MZTF.TA,MIZRAHI TEFAHOT BANK LTD,Israel,Financials,MZTF,Tel Aviv Stock Exchange,,0.01,IWDA,https://www.ishares.com/uk/individual/en/products/251882/ishares-core-msci-world-ucits-etf-acc-fund/1506575576011.ajax?dataType=fund&fileName=IWDA_holdings&fileType=csv,,high
MCO,MOODYS CORP,United States,Financials,MCO,New York Stock Exchange Inc.,,0.09,IWDA,https://www.ishares.com/uk/individual/en/products/251882/ishares-core-msci-world-ucits-etf-acc-fund/1506575576011.ajax?dataType=fund&fileName=IWDA_holdings&fileType=csv,,high
MS,MORGAN STANLEY,United States,Financials,MS,New York Stock Exchange Inc.,,0.23,IWDA,https://www.ishares.com/uk/individual/en/products/251882/ishares-core-msci-world-ucits-etf-acc-fund/1506575576011.ajax?dataType=fund&fileName=IWDA_holdings&fileType=csv,,high
MSCI,MSCI INC,United States,Financials,MSCI,New York Stock Exchange Inc.,,0.05,IWDA,https://www.ishares.com/uk/individual/en/products/251882/ishares-core-msci-world-ucits-etf-acc-fund/1506575576011.ajax?dataType=fund&fileName=IWDA_holdings&fileType=csv,,high
MUV2.DE,MUENCHENER RUECKVERSICHERUNGS-GESE,Germany,Financials,MUV2,Xetra,,0.1,IWDA,https://www.ishares.com/uk/individual/en/products/251882/ishares-core-msci-world-ucits-etf-acc-fund/1506575576011.ajax?dataType=fund&fileName=IWDA_holdings&fileType=csv,,high
NDAQ,NASDAQ INC,United States,Financials,NDAQ,NASDAQ,,0.05,IWDA,https://www.ishares.com/uk/individual/en/products/251882/ishares-core-msci-world-ucits-etf-acc-fund/1506575576011.ajax?dataType=fund&fileName=IWDA_holdings&fileType=csv,,high
NAB.AX,NATIONAL AUSTRALIA BANK LTD,Australia,Financials,NAB,Asx - All Markets,,0.12,IWDA,https://www.ishares.com/uk/individual/en/products/251882/ishares-core-msci-world-ucits-etf-acc-fund/1506575576011.ajax?dataType=fund&fileName=IWDA_holdings&fileType=csv,,high
NA.TO,NATIONAL BANK OF CANADA,Canada,Financials,NA,Toronto Stock Exchange,,0.06,IWDA,https://www.ishares.com/uk/individual/en/products/251882/ishares-core-msci-world-ucits-etf-acc-fund/1506575576011.ajax?dataType=fund&fileName=IWDA_holdings&fileType=csv,,high
NWG.L,NATWEST GROUP PLC,United Kingdom,Financials,NWG,London Stock Exchange,,0.08,IWDA,https://www.ishares.com/uk/individual/en/products/251882/ishares-core-msci-world-ucits-etf-acc-fund/1506575576011.ajax?dataType=fund&fileName=IWDA_holdings&fileType=csv,,high
NN.AS,NN GROUP NV,Netherlands,Financials,NN,Euronext Amsterdam,,0.02,IWDA,https://www.ishares.com/uk/individual/en/products/251882/ishares-core-msci-world-ucits-etf-acc-fund/1506575576011.ajax?dataType=fund&fileName=IWDA_holdings&fileType=csv,,high
NDA-FI.HE,NORDEA BANK,Finland,Financials,NDA FI,Nasdaq Omx Helsinki Ltd.,,0.07,IWDA,https://www.ishares.com/uk/individual/en/products/251882/ishares-core-msci-world-ucits-etf-acc-fund/1506575576011.ajax?dataType=fund&fileName=IWDA_holdings&fileType=csv,,med
NTRS,NORTHERN TRUST CORP,United States,Financials,NTRS,NASDAQ,,0.03,IWDA,https://www.ishares.com/uk/individual/en/products/251882/ishares-core-msci-world-ucits-etf-acc-fund/1506575576011.ajax?dataType=fund&fileName=IWDA_holdings&fileType=csv,,high
O39.SI,OVERSEA-CHINESE BANKING LTD,Singapore,Financials,O39,Singapore Exchange,,0.06,IWDA,https://www.ishares.com/uk/individual/en/products/251882/ishares-core-msci-world-ucits-etf-acc-fund/1506575576011.ajax?dataType=fund&fileName=IWDA_holdings&fileType=csv,,high
PGHN.SW,PARTNERS GROUP HOLDING AG,Switzerland,Financials,PGHN,SIX Swiss Exchange,,0.03,IWDA,https://www.ishares.com/uk/individual/en/products/251882/ishares-core-msci-world-ucits-etf-acc-fund/1506575576011.ajax?dataType=fund&fileName=IWDA_holdings&fileType=csv,,med
PYPL,PAYPAL HOLDINGS INC,United States,Financials,PYPL,NASDAQ,,0.05,IWDA,https://www.ishares.com/uk/individual/en/products/251882/ishares-core-msci-world-ucits-etf-acc-fund/1506575576011.ajax?dataType=fund&fileName=IWDA_holdings&fileType=csv,,high
PHOE.TA,PHOENIX FINANCIAL LTD,Israel,Financials,PHOE,Tel Aviv Stock Exchange,,0.01,IWDA,https://www.ishares.com/uk/individual/en/products/251882/ishares-core-msci-world-ucits-etf-acc-fund/1506575576011.ajax?dataType=fund&fileName=IWDA_holdings&fileType=csv,,high
PNFP,PINNACLE FINANCIAL PARTNERS INC,United States,Financials,PNFP,New York Stock Exchange Inc.,,0.02,IWDA,https://www.ishares.com/uk/individual/en/products/251882/ishares-core-msci-world-ucits-etf-acc-fund/1506575576011.ajax?dataType=fund&fileName=IWDA_holdings&fileType=csv,,high
PNC,PNC FINANCIAL SERVICES GROUP INC,United States,Financials,PNC,New York Stock Exchange Inc.,,0.1,IWDA,https://www.ishares.com/uk/individual/en/products/251882/ishares-core-msci-world-ucits-etf-acc-fund/1506575576011.ajax?dataType=fund&fileName=IWDA_holdings&fileType=csv,,high
PST.MI,POSTE ITALIANE,Italy,Financials,PST,Borsa Italiana,,0.02,IWDA,https://www.ishares.com/uk/individual/en/products/251882/ishares-core-msci-world-ucits-etf-acc-fund/1506575576011.ajax?dataType=fund&fileName=IWDA_holdings&fileType=csv,,high
POW.TO,POWER CORPORATION OF CANADA,Canada,Financials,POW,Toronto Stock Exchange,,0.03,IWDA,https://www.ishares.com/uk/individual/en/products/251882/ishares-core-msci-world-ucits-etf-acc-fund/1506575576011.ajax?dataType=fund&fileName=IWDA_holdings&fileType=csv,,high
PFG,PRINCIPAL FINANCIAL GROUP INC,United States,Financials,PFG,NASDAQ,,0.03,IWDA,https://www.ishares.com/uk/individual/en/products/251882/ishares-core-msci-world-ucits-etf-acc-fund/1506575576011.ajax?dataType=fund&fileName=IWDA_holdings&fileType=csv,,high
PGR,PROGRESSIVE CORP,United States,Financials,PGR,New York Stock Exchange Inc.,,0.15,IWDA,https://www.ishares.com/uk/individual/en/products/251882/ishares-core-msci-world-ucits-etf-acc-fund/1506575576011.ajax?dataType=fund&fileName=IWDA_holdings&fileType=csv,,high
PRU,PRUDENTIAL FINANCIAL INC,United States,Financials,PRU,New York Stock Exchange Inc.,,0.04,IWDA,https://www.ishares.com/uk/individual/en/products/251882/ishares-core-msci-world-ucits-etf-acc-fund/1506575576011.ajax?dataType=fund&fileName=IWDA_holdings&fileType=csv,,high
PRU.L,PRUDENTIAL PLC,United Kingdom,Financials,PRU,London Stock Exchange,,0.05,IWDA,https://www.ishares.com/uk/individual/en/products/251882/ishares-core-msci-world-ucits-etf-acc-fund/1506575576011.ajax?dataType=fund&fileName=IWDA_holdings&fileType=csv,,high
QBE.AX,QBE INSURANCE GROUP LTD,Australia,Financials,QBE,Asx - All Markets,,0.03,IWDA,https://www.ishares.com/uk/individual/en/products/251882/ishares-core-msci-world-ucits-etf-acc-fund/1506575576011.ajax?dataType=fund&fileName=IWDA_holdings&fileType=csv,,high
RBI.VI,RAIFFEISEN BANK INTERNATIONAL AG,Austria,Financials,RBI,Wiener Boerse Ag,,0.01,IWDA,https://www.ishares.com/uk/individual/en/products/251882/ishares-core-msci-world-ucits-etf-acc-fund/1506575576011.ajax?dataType=fund&fileName=IWDA_holdings&fileType=csv,,med
RJF,RAYMOND JAMES INC,United States,Financials,RJF,New York Stock Exchange Inc.,,0.03,IWDA,https://www.ishares.com/uk/individual/en/products/251882/ishares-core-msci-world-ucits-etf-acc-fund/1506575576011.ajax?dataType=fund&fileName=IWDA_holdings&fileType=csv,,high
RF,REGIONS FINANCIAL CORP,United States,Financials,RF,New York Stock Exchange Inc.,,0.03,IWDA,https://www.ishares.com/uk/individual/en/products/251882/ishares-core-msci-world-ucits-etf-acc-fund/1506575576011.ajax?dataType=fund&fileName=IWDA_holdings&fileType=csv,,high
HOOD,ROBINHOOD MARKETS INC CLASS A,United States,Financials,HOOD,NASDAQ,,0.07,IWDA,https://www.ishares.com/uk/individual/en/products/251882/ishares-core-msci-world-ucits-etf-acc-fund/1506575576011.ajax?dataType=fund&fileName=IWDA_holdings&fileType=csv,,high
RKT,ROCKET COMPANIES INC CLASS A,United States,Financials,RKT,New York Stock Exchange Inc.,,0.02,IWDA,https://www.ishares.com/uk/individual/en/products/251882/ishares-core-msci-world-ucits-etf-acc-fund/1506575576011.ajax?dataType=fund&fileName=IWDA_holdings&fileType=csv,,high
RY.TO,ROYAL BANK OF CANADA,Canada,Financials,RY,Toronto Stock Exchange,,0.28,IWDA,https://www.ishares.com/uk/individual/en/products/251882/ishares-core-msci-world-ucits-etf-acc-fund/1506575576011.ajax?dataType=fund&fileName=IWDA_holdings&fileType=csv,,high
SPGI,S&P GLOBAL INC,United States,Financials,SPGI,New York Stock Exchange Inc.,,0.17,IWDA,https://www.ishares.com/uk/individual/en/products/251882/ishares-core-msci-world-ucits-etf-acc-fund/1506575576011.ajax?dataType=fund&fileName=IWDA_holdings&fileType=csv,,high
SAMPO.HE,SAMPO CLASS A,Finland,Financials,SAMPO,Nasdaq Omx Helsinki Ltd.,,0.03,IWDA,https://www.ishares.com/uk/individual/en/products/251882/ishares-core-msci-world-ucits-etf-acc-fund/1506575576011.ajax?dataType=fund&fileName=IWDA_holdings&fileType=csv,,med
SDR.L,SCHRODERS PLC,United Kingdom,Financials,SDR,London Stock Exchange,,0.01,IWDA,https://www.ishares.com/uk/individual/en/products/251882/ishares-core-msci-world-ucits-etf-acc-fund/1506575576011.ajax?dataType=fund&fileName=IWDA_holdings&fileType=csv,,high
S68.SI,SINGAPORE EXCHANGE LTD,Singapore,Financials,S68,Singapore Exchange,,0.01,IWDA,https://www.ishares.com/uk/individual/en/products/251882/ishares-core-msci-world-ucits-etf-acc-fund/1506575576011.ajax?dataType=fund&fileName=IWDA_holdings&fileType=csv,,high
SEB-A.ST,SKANDINAVISKA ENSKILDA BANKEN,Sweden,Financials,SEB A,Nasdaq Omx Nordic,,0.04,IWDA,https://www.ishares.com/uk/individual/en/products/251882/ishares-core-msci-world-ucits-etf-acc-fund/1506575576011.ajax?dataType=fund&fileName=IWDA_holdings&fileType=csv,,med
GLE.PA,SOCIETE GENERALE SA,France,Financials,GLE,Nyse Euronext - Euronext Paris,,0.06,IWDA,https://www.ishares.com/uk/individual/en/products/251882/ishares-core-msci-world-ucits-etf-acc-fund/1506575576011.ajax?dataType=fund&fileName=IWDA_holdings&fileType=csv,,high
SOFI,SOFI TECHNOLOGIES INC,United States,Financials,SOFI,NASDAQ,,0.02,IWDA,https://www.ishares.com/uk/individual/en/products/251882/ishares-core-msci-world-ucits-etf-acc-fund/1506575576011.ajax?dataType=fund&fileName=IWDA_holdings&fileType=csv,,high
SOF.BR,SOFINA SA,Belgium,Financials,SOF,Nyse Euronext - Euronext Brussels,,0.0,IWDA,https://www.ishares.com/uk/individual/en/products/251882/ishares-core-msci-world-ucits-etf-acc-fund/1506575576011.ajax?dataType=fund&fileName=IWDA_holdings&fileType=csv,,high
STAN.L,STANDARD CHARTERED PLC,United Kingdom,Financials,STAN,London Stock Exchange,,0.05,IWDA,https://www.ishares.com/uk/individual/en/products/251882/ishares-core-msci-world-ucits-etf-acc-fund/1506575576011.ajax?dataType=fund&fileName=IWDA_holdings&fileType=csv,,high
SDLF.L,STANDARD LIFE PLC,United Kingdom,Financials,SDLF,London Stock Exchange,,0.01,IWDA,https://www.ishares.com/uk/individual/en/products/251882/ishares-core-msci-world-ucits-etf-acc-fund/1506575576011.ajax?dataType=fund&fileName=IWDA_holdings&fileType=csv,,high
STT,STATE STREET CORP,United States,Financials,STT,New York Stock Exchange Inc.,,0.05,IWDA,https://www.ishares.com/uk/individual/en/products/251882/ishares-core-msci-world-ucits-etf-acc-fund/1506575576011.ajax?dataType=fund&fileName=IWDA_holdings&fileType=csv,,high
SLF.TO,SUN LIFE FINANCIAL INC,Canada,Financials,SLF,Toronto Stock Exchange,,0.04,IWDA,https://www.ishares.com/uk/individual/en/products/251882/ishares-core-msci-world-ucits-etf-acc-fund/1506575576011.ajax?dataType=fund&fileName=IWDA_holdings&fileType=csv,,high
SUN.AX,SUNCORP GROUP LTD,Australia,Financials,SUN,Asx - All Markets,,0.01,IWDA,https://www.ishares.com/uk/individual/en/products/251882/ishares-core-msci-world-ucits-etf-acc-fund/1506575576011.ajax?dataType=fund&fileName=IWDA_holdings&fileType=csv,,high
SHB-A.ST,SVENSKA HANDELSBANKEN-A SHS,Sweden,Financials,SHB A,Nasdaq Omx Nordic,,0.03,IWDA,https://www.ishares.com/uk/individual/en/products/251882/ishares-core-msci-world-ucits-etf-acc-fund/1506575576011.ajax?dataType=fund&fileName=IWDA_holdings&fileType=csv,,med
SWED-A.ST,SWEDBANK,Sweden,Financials,SWED A,Nasdaq Omx Nordic,,0.04,IWDA,https://www.ishares.com/uk/individual/en/products/251882/ishares-core-msci-world-ucits-etf-acc-fund/1506575576011.ajax?dataType=fund&fileName=IWDA_holdings&fileType=csv,,med
SLHN.SW,SWISS LIFE HOLDING AG,Switzerland,Financials,SLHN,SIX Swiss Exchange,,0.04,IWDA,https://www.ishares.com/uk/individual/en/products/251882/ishares-core-msci-world-ucits-etf-acc-fund/1506575576011.ajax?dataType=fund&fileName=IWDA_holdings&fileType=csv,,med
SREN.SW,SWISS RE AG,Switzerland,Financials,SREN,SIX Swiss Exchange,,0.06,IWDA,https://www.ishares.com/uk/individual/en/products/251882/ishares-core-msci-world-ucits-etf-acc-fund/1506575576011.ajax?dataType=fund&fileName=IWDA_holdings&fileType=csv,,med
SYF,SYNCHRONY FINANCIAL,United States,Financials,SYF,New York Stock Exchange Inc.,,0.03,IWDA,https://www.ishares.com/uk/individual/en/products/251882/ishares-core-msci-world-ucits-etf-acc-fund/1506575576011.ajax?dataType=fund&fileName=IWDA_holdings&fileType=csv,,high
TROW,T ROWE PRICE GROUP INC,United States,Financials,TROW,NASDAQ,,0.02,IWDA,https://www.ishares.com/uk/individual/en/products/251882/ishares-core-msci-world-ucits-etf-acc-fund/1506575576011.ajax?dataType=fund&fileName=IWDA_holdings&fileType=csv,,high
TLX.DE,TALANX AG,Germany,Financials,TLX,Xetra,,0.01,IWDA,https://www.ishares.com/uk/individual/en/products/251882/ishares-core-msci-world-ucits-etf-acc-fund/1506575576011.ajax?dataType=fund&fileName=IWDA_holdings&fileType=csv,,high
X.TO,TMX GROUP LTD,Canada,Financials,X,Toronto Stock Exchange,,0.01,IWDA,https://www.ishares.com/uk/individual/en/products/251882/ishares-core-msci-world-ucits-etf-acc-fund/1506575576011.ajax?dataType=fund&fileName=IWDA_holdings&fileType=csv,,high
TOST,TOAST INC CLASS A,United States,Financials,TOST,New York Stock Exchange Inc.,,0.02,IWDA,https://www.ishares.com/uk/individual/en/products/251882/ishares-core-msci-world-ucits-etf-acc-fund/1506575576011.ajax?dataType=fund&fileName=IWDA_holdings&fileType=csv,,high
TD.TO,TORONTO DOMINION,Canada,Financials,TD,Toronto Stock Exchange,,0.19,IWDA,https://www.ishares.com/uk/individual/en/products/251882/ishares-core-msci-world-ucits-etf-acc-fund/1506575576011.ajax?dataType=fund&fileName=IWDA_holdings&fileType=csv,,high
TW,TRADEWEB MARKETS INC CLASS A,United States,Financials,TW,NASDAQ,,0.02,IWDA,https://www.ishares.com/uk/individual/en/products/251882/ishares-core-msci-world-ucits-etf-acc-fund/1506575576011.ajax?dataType=fund&fileName=IWDA_holdings&fileType=csv,,high
TRV,TRAVELERS COMPANIES INC,United States,Financials,TRV,New York Stock Exchange Inc.,,0.08,IWDA,https://www.ishares.com/uk/individual/en/products/251882/ishares-core-msci-world-ucits-etf-acc-fund/1506575576011.ajax?dataType=fund&fileName=IWDA_holdings&fileType=csv,,high
TFC,TRUIST FINANCIAL CORP,United States,Financials,TFC,New York Stock Exchange Inc.,,0.08,IWDA,https://www.ishares.com/uk/individual/en/products/251882/ishares-core-msci-world-ucits-etf-acc-fund/1506575576011.ajax?dataType=fund&fileName=IWDA_holdings&fileType=csv,,high
TRYG.CO,TRYG,Denmark,Financials,TRYG,Omx Nordic Exchange Copenhagen A/S,,0.01,IWDA,https://www.ishares.com/uk/individual/en/products/251882/ishares-core-msci-world-ucits-etf-acc-fund/1506575576011.ajax?dataType=fund&fileName=IWDA_holdings&fileType=csv,,med
UBSG.SW,UBS GROUP AG,Switzerland,Financials,UBSG,SIX Swiss Exchange,,0.15,IWDA,https://www.ishares.com/uk/individual/en/products/251882/ishares-core-msci-world-ucits-etf-acc-fund/1506575576011.ajax?dataType=fund&fileName=IWDA_holdings&fileType=csv,,med
UCG.MI,UNICREDIT,Italy,Financials,UCG,Borsa Italiana,,0.13,IWDA,https://www.ishares.com/uk/individual/en/products/251882/ishares-core-msci-world-ucits-etf-acc-fund/1506575576011.ajax?dataType=fund&fileName=IWDA_holdings&fileType=csv,,high
UNI.MI,UNIPOL ASSICURAZIONI SPA,Italy,Financials,UNI,Borsa Italiana,,0.01,IWDA,https://www.ishares.com/uk/individual/en/products/251882/ishares-core-msci-world-ucits-etf-acc-fund/1506575576011.ajax?dataType=fund&fileName=IWDA_holdings&fileType=csv,,high
U11.SI,UNITED OVERSEAS BANK LTD,Singapore,Financials,U11,Singapore Exchange,,0.04,IWDA,https://www.ishares.com/uk/individual/en/products/251882/ishares-core-msci-world-ucits-etf-acc-fund/1506575576011.ajax?dataType=fund&fileName=IWDA_holdings&fileType=csv,,high
USB,US BANCORP,United States,Financials,USB,New York Stock Exchange Inc.,,0.1,IWDA,https://www.ishares.com/uk/individual/en/products/251882/ishares-core-msci-world-ucits-etf-acc-fund/1506575576011.ajax?dataType=fund&fileName=IWDA_holdings&fileType=csv,,high
V,VISA INC CLASS A,United States,Financials,V,New York Stock Exchange Inc.,,0.65,IWDA,https://www.ishares.com/uk/individual/en/products/251882/ishares-core-msci-world-ucits-etf-acc-fund/1506575576011.ajax?dataType=fund&fileName=IWDA_holdings&fileType=csv,,high
SOL.AX,WASHINGTON H SOUL PATTINSON & COMP,Australia,Financials,SOL,Asx - All Markets,,0.01,IWDA,https://www.ishares.com/uk/individual/en/products/251882/ishares-core-msci-world-ucits-etf-acc-fund/1506575576011.ajax?dataType=fund&fileName=IWDA_holdings&fileType=csv,,high
WFC,WELLS FARGO,United States,Financials,WFC,New York Stock Exchange Inc.,,0.3,IWDA,https://www.ishares.com/uk/individual/en/products/251882/ishares-core-msci-world-ucits-etf-acc-fund/1506575576011.ajax?dataType=fund&fileName=IWDA_holdings&fileType=csv,,high
WBC.AX,WESTPAC BANKING CORPORATION CORP,Australia,Financials,WBC,Asx - All Markets,,0.12,IWDA,https://www.ishares.com/uk/individual/en/products/251882/ishares-core-msci-world-ucits-etf-acc-fund/1506575576011.ajax?dataType=fund&fileName=IWDA_holdings&fileType=csv,,high
WTW,WILLIS TOWERS WATSON PLC,United States,Financials,WTW,NASDAQ,,0.04,IWDA,https://www.ishares.com/uk/individual/en/products/251882/ishares-core-msci-world-ucits-etf-acc-fund/1506575576011.ajax?dataType=fund&fileName=IWDA_holdings&fileType=csv,,high
WISE.L,WISE PLC CLASS A,United Kingdom,Financials,WISE,London Stock Exchange,,0.01,IWDA,https://www.ishares.com/uk/individual/en/products/251882/ishares-core-msci-world-ucits-etf-acc-fund/1506575576011.ajax?dataType=fund&fileName=IWDA_holdings&fileType=csv,,high
WRB,WR BERKLEY CORP,United States,Financials,WRB,New York Stock Exchange Inc.,,0.02,IWDA,https://www.ishares.com/uk/individual/en/products/251882/ishares-core-msci-world-ucits-etf-acc-fund/1506575576011.ajax?dataType=fund&fileName=IWDA_holdings&fileType=csv,,high
ZURN.SW,ZURICH INSURANCE GROUP LTD,Switzerland,Financials,ZURN,SIX Swiss Exchange,,0.12,IWDA,https://www.ishares.com/uk/individual/en/products/251882/ishares-core-msci-world-ucits-etf-acc-fund/1506575576011.ajax?dataType=fund&fileName=IWDA_holdings&fileType=csv,,med
ABT,ABBOTT LABORATORIES,United States,Health Care,ABT,New York Stock Exchange Inc.,,0.24,IWDA,https://www.ishares.com/uk/individual/en/products/251882/ishares-core-msci-world-ucits-etf-acc-fund/1506575576011.ajax?dataType=fund&fileName=IWDA_holdings&fileType=csv,,high
ABBV,ABBVIE INC,United States,Health Care,ABBV,New York Stock Exchange Inc.,,0.48,IWDA,https://www.ishares.com/uk/individual/en/products/251882/ishares-core-msci-world-ucits-etf-acc-fund/1506575576011.ajax?dataType=fund&fileName=IWDA_holdings&fileType=csv,,high
A,AGILENT TECHNOLOGIES INC,United States,Health Care,A,New York Stock Exchange Inc.,,0.04,IWDA,https://www.ishares.com/uk/individual/en/products/251882/ishares-core-msci-world-ucits-etf-acc-fund/1506575576011.ajax?dataType=fund&fileName=IWDA_holdings&fileType=csv,,high
ALC.SW,ALCON INC,Switzerland,Health Care,ALC,SIX Swiss Exchange,,0.05,IWDA,https://www.ishares.com/uk/individual/en/products/251882/ishares-core-msci-world-ucits-etf-acc-fund/1506575576011.ajax?dataType=fund&fileName=IWDA_holdings&fileType=csv,,med
ALNY,ALNYLAM PHARMACEUTICALS INC,United States,Health Care,ALNY,NASDAQ,,0.05,IWDA,https://www.ishares.com/uk/individual/en/products/251882/ishares-core-msci-world-ucits-etf-acc-fund/1506575576011.ajax?dataType=fund&fileName=IWDA_holdings&fileType=csv,,high
AMGN,AMGEN INC,United States,Health Care,AMGN,NASDAQ,,0.24,IWDA,https://www.ishares.com/uk/individual/en/products/251882/ishares-core-msci-world-ucits-etf-acc-fund/1506575576011.ajax?dataType=fund&fileName=IWDA_holdings&fileType=csv,,high
ARGX.BR,ARGENX,Belgium,Health Care,ARGX,Nyse Euronext - Euronext Brussels,,0.06,IWDA,https://www.ishares.com/uk/individual/en/products/251882/ishares-core-msci-world-ucits-etf-acc-fund/1506575576011.ajax?dataType=fund&fileName=IWDA_holdings&fileType=csv,,high
AZN.L,ASTRAZENECA PLC,United Kingdom,Health Care,AZN,London Stock Exchange,,0.36,IWDA,https://www.ishares.com/uk/individual/en/products/251882/ishares-core-msci-world-ucits-etf-acc-fund/1506575576011.ajax?dataType=fund&fileName=IWDA_holdings&fileType=csv,,high
BAYN.DE,BAYER AG,Germany,Health Care,BAYN,Xetra,,0.05,IWDA,https://www.ishares.com/uk/individual/en/products/251882/ishares-core-msci-world-ucits-etf-acc-fund/1506575576011.ajax?dataType=fund&fileName=IWDA_holdings&fileType=csv,,high
BDX,BECTON DICKINSON,United States,Health Care,BDX,New York Stock Exchange Inc.,,0.06,IWDA,https://www.ishares.com/uk/individual/en/products/251882/ishares-core-msci-world-ucits-etf-acc-fund/1506575576011.ajax?dataType=fund&fileName=IWDA_holdings&fileType=csv,,high
BIIB,BIOGEN INC,United States,Health Care,BIIB,NASDAQ,,0.03,IWDA,https://www.ishares.com/uk/individual/en/products/251882/ishares-core-msci-world-ucits-etf-acc-fund/1506575576011.ajax?dataType=fund&fileName=IWDA_holdings&fileType=csv,,high
BIM.PA,BIOMERIEUX SA,France,Health Care,BIM,Nyse Euronext - Euronext Paris,,0.0,IWDA,https://www.ishares.com/uk/individual/en/products/251882/ishares-core-msci-world-ucits-etf-acc-fund/1506575576011.ajax?dataType=fund&fileName=IWDA_holdings&fileType=csv,,high
BSX,BOSTON SCIENTIFIC CORP,United States,Health Care,BSX,New York Stock Exchange Inc.,,0.13,IWDA,https://www.ishares.com/uk/individual/en/products/251882/ishares-core-msci-world-ucits-etf-acc-fund/1506575576011.ajax?dataType=fund&fileName=IWDA_holdings&fileType=csv,,high
BMY,BRISTOL MYERS SQUIBB,United States,Health Care,BMY,New York Stock Exchange Inc.,,0.15,IWDA,https://www.ishares.com/uk/individual/en/products/251882/ishares-core-msci-world-ucits-etf-acc-fund/1506575576011.ajax?dataType=fund&fileName=IWDA_holdings&fileType=csv,,high
CAH,CARDINAL HEALTH INC,United States,Health Care,CAH,New York Stock Exchange Inc.,,0.06,IWDA,https://www.ishares.com/uk/individual/en/products/251882/ishares-core-msci-world-ucits-etf-acc-fund/1506575576011.ajax?dataType=fund&fileName=IWDA_holdings&fileType=csv,,high
COR,CENCORA INC,United States,Health Care,COR,New York Stock Exchange Inc.,,0.08,IWDA,https://www.ishares.com/uk/individual/en/products/251882/ishares-core-msci-world-ucits-etf-acc-fund/1506575576011.ajax?dataType=fund&fileName=IWDA_holdings&fileType=csv,,high
CNC,CENTENE CORP,United States,Health Care,CNC,New York Stock Exchange Inc.,,0.03,IWDA,https://www.ishares.com/uk/individual/en/products/251882/ishares-core-msci-world-ucits-etf-acc-fund/1506575576011.ajax?dataType=fund&fileName=IWDA_holdings&fileType=csv,,high
CI,CIGNA,United States,Health Care,CI,New York Stock Exchange Inc.,,0.09,IWDA,https://www.ishares.com/uk/individual/en/products/251882/ishares-core-msci-world-ucits-etf-acc-fund/1506575576011.ajax?dataType=fund&fileName=IWDA_holdings&fileType=csv,,high
COH.AX,COCHLEAR LTD,Australia,Health Care,COH,Asx - All Markets,,0.01,IWDA,https://www.ishares.com/uk/individual/en/products/251882/ishares-core-msci-world-ucits-etf-acc-fund/1506575576011.ajax?dataType=fund&fileName=IWDA_holdings&fileType=csv,,high
COLO-B.CO,COLOPLAST B,Denmark,Health Care,COLO B,Omx Nordic Exchange Copenhagen A/S,,0.01,IWDA,https://www.ishares.com/uk/individual/en/products/251882/ishares-core-msci-world-ucits-etf-acc-fund/1506575576011.ajax?dataType=fund&fileName=IWDA_holdings&fileType=csv,,med
COO,COOPER INC,United States,Health Care,COO,NASDAQ,,0.02,IWDA,https://www.ishares.com/uk/individual/en/products/251882/ishares-core-msci-world-ucits-etf-acc-fund/1506575576011.ajax?dataType=fund&fileName=IWDA_holdings&fileType=csv,,high
CSL.AX,CSL LTD,Australia,Health Care,CSL,Asx - All Markets,,0.06,IWDA,https://www.ishares.com/uk/individual/en/products/251882/ishares-core-msci-world-ucits-etf-acc-fund/1506575576011.ajax?dataType=fund&fileName=IWDA_holdings&fileType=csv,,high
CVS,CVS HEALTH CORP,United States,Health Care,CVS,New York Stock Exchange Inc.,,0.12,IWDA,https://www.ishares.com/uk/individual/en/products/251882/ishares-core-msci-world-ucits-etf-acc-fund/1506575576011.ajax?dataType=fund&fileName=IWDA_holdings&fileType=csv,,high
DHR,DANAHER CORP,United States,Health Care,DHR,New York Stock Exchange Inc.,,0.15,IWDA,https://www.ishares.com/uk/individual/en/products/251882/ishares-core-msci-world-ucits-etf-acc-fund/1506575576011.ajax?dataType=fund&fileName=IWDA_holdings&fileType=csv,,high
DEMANT.CO,DEMANT,Denmark,Health Care,DEMANT,Omx Nordic Exchange Copenhagen A/S,,0.0,IWDA,https://www.ishares.com/uk/individual/en/products/251882/ishares-core-msci-world-ucits-etf-acc-fund/1506575576011.ajax?dataType=fund&fileName=IWDA_holdings&fileType=csv,,med
DXCM,DEXCOM INC,United States,Health Care,DXCM,NASDAQ,,0.03,IWDA,https://www.ishares.com/uk/individual/en/products/251882/ishares-core-msci-world-ucits-etf-acc-fund/1506575576011.ajax?dataType=fund&fileName=IWDA_holdings&fileType=csv,,high
EW,EDWARDS LIFESCIENCES CORP,United States,Health Care,EW,New York Stock Exchange Inc.,,0.06,IWDA,https://www.ishares.com/uk/individual/en/products/251882/ishares-core-msci-world-ucits-etf-acc-fund/1506575576011.ajax?dataType=fund&fileName=IWDA_holdings&fileType=csv,,high
ELV,ELEVANCE HEALTH INC,United States,Health Care,ELV,New York Stock Exchange Inc.,,0.08,IWDA,https://www.ishares.com/uk/individual/en/products/251882/ishares-core-msci-world-ucits-etf-acc-fund/1506575576011.ajax?dataType=fund&fileName=IWDA_holdings&fileType=csv,,high
LLY,ELI LILLY,United States,Health Care,LLY,New York Stock Exchange Inc.,,0.98,IWDA,https://www.ishares.com/uk/individual/en/products/251882/ishares-core-msci-world-ucits-etf-acc-fund/1506575576011.ajax?dataType=fund&fileName=IWDA_holdings&fileType=csv,,high
EL.PA,ESSILORLUXOTTICA SA,France,Health Care,EL,Nyse Euronext - Euronext Paris,,0.09,IWDA,https://www.ishares.com/uk/individual/en/products/251882/ishares-core-msci-world-ucits-etf-acc-fund/1506575576011.ajax?dataType=fund&fileName=IWDA_holdings&fileType=csv,,high
ERF.PA,EUROFINS SCIENTIFIC,France,Health Care,ERF,Nyse Euronext - Euronext Paris,,0.01,IWDA,https://www.ishares.com/uk/individual/en/products/251882/ishares-core-msci-world-ucits-etf-acc-fund/1506575576011.ajax?dataType=fund&fileName=IWDA_holdings&fileType=csv,,high
TUB.BR,FINANCIERE DE TUBIZE SA,Belgium,Health Care,TUB,Nyse Euronext - Euronext Brussels,,0.01,IWDA,https://www.ishares.com/uk/individual/en/products/251882/ishares-core-msci-world-ucits-etf-acc-fund/1506575576011.ajax?dataType=fund&fileName=IWDA_holdings&fileType=csv,,high
FPH,FISHER AND PAYKEL HEALTHCARE CORPO,New Zealand,Health Care,FPH,New Zealand Exchange Ltd,,0.02,IWDA,https://www.ishares.com/uk/individual/en/products/251882/ishares-core-msci-world-ucits-etf-acc-fund/1506575576011.ajax?dataType=fund&fileName=IWDA_holdings&fileType=csv,,low
FME.DE,FRESENIUS MEDICAL CARE AG,Germany,Health Care,FME,Xetra,,0.01,IWDA,https://www.ishares.com/uk/individual/en/products/251882/ishares-core-msci-world-ucits-etf-acc-fund/1506575576011.ajax?dataType=fund&fileName=IWDA_holdings&fileType=csv,,high
FRE.DE,FRESENIUS SE AND CO KGAA,Germany,Health Care,FRE,Xetra,,0.03,IWDA,https://www.ishares.com/uk/individual/en/products/251882/ishares-core-msci-world-ucits-etf-acc-fund/1506575576011.ajax?dataType=fund&fileName=IWDA_holdings&fileType=csv,,high
GALD.SW,GALDERMA GROUP N LTD,Switzerland,Health Care,GALD,SIX Swiss Exchange,,0.04,IWDA,https://www.ishares.com/uk/individual/en/products/251882/ishares-core-msci-world-ucits-etf-acc-fund/1506575576011.ajax?dataType=fund&fileName=IWDA_holdings&fileType=csv,,med
GEHC,GE HEALTHCARE TECHNOLOGIES INC,United States,Health Care,GEHC,NASDAQ,,0.04,IWDA,https://www.ishares.com/uk/individual/en/products/251882/ishares-core-msci-world-ucits-etf-acc-fund/1506575576011.ajax?dataType=fund&fileName=IWDA_holdings&fileType=csv,,high
GMAB.CO,GENMAB,Denmark,Health Care,GMAB,Omx Nordic Exchange Copenhagen A/S,,0.02,IWDA,https://www.ishares.com/uk/individual/en/products/251882/ishares-core-msci-world-ucits-etf-acc-fund/1506575576011.ajax?dataType=fund&fileName=IWDA_holdings&fileType=csv,,med
GILD,GILEAD SCIENCES INC,United States,Health Care,GILD,NASDAQ,,0.22,IWDA,https://www.ishares.com/uk/individual/en/products/251882/ishares-core-msci-world-ucits-etf-acc-fund/1506575576011.ajax?dataType=fund&fileName=IWDA_holdings&fileType=csv,,high
GSK.L,GLAXOSMITHKLINE,United Kingdom,Health Care,GSK,London Stock Exchange,,0.13,IWDA,https://www.ishares.com/uk/individual/en/products/251882/ishares-core-msci-world-ucits-etf-acc-fund/1506575576011.ajax?dataType=fund&fileName=IWDA_holdings&fileType=csv,,high
GRF.MC,GRIFOLS SA CLASS A,Spain,Health Care,GRF,Bolsa De Madrid,,0.0,IWDA,https://www.ishares.com/uk/individual/en/products/251882/ishares-core-msci-world-ucits-etf-acc-fund/1506575576011.ajax?dataType=fund&fileName=IWDA_holdings&fileType=csv,,high
HLN.L,HALEON PLC,United Kingdom,Health Care,HLN,London Stock Exchange,,0.05,IWDA,https://www.ishares.com/uk/individual/en/products/251882/ishares-core-msci-world-ucits-etf-acc-fund/1506575576011.ajax?dataType=fund&fileName=IWDA_holdings&fileType=csv,,high
HCA,HCA HEALTHCARE INC,United States,Health Care,HCA,New York Stock Exchange Inc.,,0.11,IWDA,https://www.ishares.com/uk/individual/en/products/251882/ishares-core-msci-world-ucits-etf-acc-fund/1506575576011.ajax?dataType=fund&fileName=IWDA_holdings&fileType=csv,,high
HOLX,HOLOGIC INC,United States,Health Care,HOLX,NASDAQ,,0.02,IWDA,https://www.ishares.com/uk/individual/en/products/251882/ishares-core-msci-world-ucits-etf-acc-fund/1506575576011.ajax?dataType=fund&fileName=IWDA_holdings&fileType=csv,,high
HUM,HUMANA INC,United States,Health Care,HUM,New York Stock Exchange Inc.,,0.03,IWDA,https://www.ishares.com/uk/individual/en/products/251882/ishares-core-msci-world-ucits-etf-acc-fund/1506575576011.ajax?dataType=fund&fileName=IWDA_holdings&fileType=csv,,high
IDXX,IDEXX LABORATORIES INC,United States,Health Care,IDXX,NASDAQ,,0.06,IWDA,https://www.ishares.com/uk/individual/en/products/251882/ishares-core-msci-world-ucits-etf-acc-fund/1506575576011.ajax?dataType=fund&fileName=IWDA_holdings&fileType=csv,,high
ILMN,ILLUMINA INC,United States,Health Care,ILMN,NASDAQ,,0.02,IWDA,https://www.ishares.com/uk/individual/en/products/251882/ishares-core-msci-world-ucits-etf-acc-fund/1506575576011.ajax?dataType=fund&fileName=IWDA_holdings&fileType=csv,,high
INCY,INCYTE CORP,United States,Health Care,INCY,NASDAQ,,0.02,IWDA,https://www.ishares.com/uk/individual/en/products/251882/ishares-core-msci-world-ucits-etf-acc-fund/1506575576011.ajax?dataType=fund&fileName=IWDA_holdings&fileType=csv,,high
INSM,INSMED INC,United States,Health Care,INSM,NASDAQ,,0.04,IWDA,https://www.ishares.com/uk/individual/en/products/251882/ishares-core-msci-world-ucits-etf-acc-fund/1506575576011.ajax?dataType=fund&fileName=IWDA_holdings&fileType=csv,,high
PODD,INSULET CORP,United States,Health Care,PODD,NASDAQ,,0.02,IWDA,https://www.ishares.com/uk/individual/en/products/251882/ishares-core-msci-world-ucits-etf-acc-fund/1506575576011.ajax?dataType=fund&fileName=IWDA_holdings&fileType=csv,,high
ISRG,INTUITIVE SURGICAL INC,United States,Health Care,ISRG,NASDAQ,,0.21,IWDA,https://www.ishares.com/uk/individual/en/products/251882/ishares-core-msci-world-ucits-etf-acc-fund/1506575576011.ajax?dataType=fund&fileName=IWDA_holdings&fileType=csv,,high
IPN.PA,IPSEN SA,France,Health Care,IPN,Nyse Euronext - Euronext Paris,,0.01,IWDA,https://www.ishares.com/uk/individual/en/products/251882/ishares-core-msci-world-ucits-etf-acc-fund/1506575576011.ajax?dataType=fund&fileName=IWDA_holdings&fileType=csv,,high
IQV,IQVIA HOLDINGS INC,United States,Health Care,IQV,New York Stock Exchange Inc.,,0.04,IWDA,https://www.ishares.com/uk/individual/en/products/251882/ishares-core-msci-world-ucits-etf-acc-fund/1506575576011.ajax?dataType=fund&fileName=IWDA_holdings&fileType=csv,,high
JNJ,JOHNSON & JOHNSON,United States,Health Care,JNJ,New York Stock Exchange Inc.,,0.7,IWDA,https://www.ishares.com/uk/individual/en/products/251882/ishares-core-msci-world-ucits-etf-acc-fund/1506575576011.ajax?dataType=fund&fileName=IWDA_holdings&fileType=csv,,high
PHIA.AS,KONINKLIJKE PHILIPS NV,Netherlands,Health Care,PHIA,Euronext Amsterdam,,0.03,IWDA,https://www.ishares.com/uk/individual/en/products/251882/ishares-core-msci-world-ucits-etf-acc-fund/1506575576011.ajax?dataType=fund&fileName=IWDA_holdings&fileType=csv,,high
LH,LABCORP HOLDINGS INC,United States,Health Care,LH,New York Stock Exchange Inc.,,0.03,IWDA,https://www.ishares.com/uk/individual/en/products/251882/ishares-core-msci-world-ucits-etf-acc-fund/1506575576011.ajax?dataType=fund&fileName=IWDA_holdings&fileType=csv,,high
LONN.SW,LONZA GROUP AG,Switzerland,Health Care,LONN,SIX Swiss Exchange,,0.06,IWDA,https://www.ishares.com/uk/individual/en/products/251882/ishares-core-msci-world-ucits-etf-acc-fund/1506575576011.ajax?dataType=fund&fileName=IWDA_holdings&fileType=csv,,med
MCK,MCKESSON CORP,United States,Health Care,MCK,New York Stock Exchange Inc.,,0.15,IWDA,https://www.ishares.com/uk/individual/en/products/251882/ishares-core-msci-world-ucits-etf-acc-fund/1506575576011.ajax?dataType=fund&fileName=IWDA_holdings&fileType=csv,,high
MDT,MEDTRONIC PLC,United States,Health Care,MDT,New York Stock Exchange Inc.,,0.14,IWDA,https://www.ishares.com/uk/individual/en/products/251882/ishares-core-msci-world-ucits-etf-acc-fund/1506575576011.ajax?dataType=fund&fileName=IWDA_holdings&fileType=csv,,high
MRK.DE,MERCK,Germany,Health Care,MRK,Xetra,,0.02,IWDA,https://www.ishares.com/uk/individual/en/products/251882/ishares-core-msci-world-ucits-etf-acc-fund/1506575576011.ajax?dataType=fund&fileName=IWDA_holdings&fileType=csv,,high
MRK,MERCK & CO INC,United States,Health Care,MRK,New York Stock Exchange Inc.,,0.36,IWDA,https://www.ishares.com/uk/individual/en/products/251882/ishares-core-msci-world-ucits-etf-acc-fund/1506575576011.ajax?dataType=fund&fileName=IWDA_holdings&fileType=csv,,high
MTD,METTLER TOLEDO INC,United States,Health Care,MTD,New York Stock Exchange Inc.,,0.03,IWDA,https://www.ishares.com/uk/individual/en/products/251882/ishares-core-msci-world-ucits-etf-acc-fund/1506575576011.ajax?dataType=fund&fileName=IWDA_holdings&fileType=csv,,high
NTRA,NATERA INC,United States,Health Care,NTRA,NASDAQ,,0.03,IWDA,https://www.ishares.com/uk/individual/en/products/251882/ishares-core-msci-world-ucits-etf-acc-fund/1506575576011.ajax?dataType=fund&fileName=IWDA_holdings&fileType=csv,,high
NBIX,NEUROCRINE BIOSCIENCES INC,United States,Health Care,NBIX,NASDAQ,,0.02,IWDA,https://www.ishares.com/uk/individual/en/products/251882/ishares-core-msci-world-ucits-etf-acc-fund/1506575576011.ajax?dataType=fund&fileName=IWDA_holdings&fileType=csv,,high
NOVN.SW,NOVARTIS AG,Switzerland,Health Care,NOVN,SIX Swiss Exchange,,0.37,IWDA,https://www.ishares.com/uk/individual/en/products/251882/ishares-core-msci-world-ucits-etf-acc-fund/1506575576011.ajax?dataType=fund&fileName=IWDA_holdings&fileType=csv,,med
NOVO-B.CO,NOVO NORDISK CLASS B,Denmark,Health Care,NOVO B,Omx Nordic Exchange Copenhagen A/S,,0.15,IWDA,https://www.ishares.com/uk/individual/en/products/251882/ishares-core-msci-world-ucits-etf-acc-fund/1506575576011.ajax?dataType=fund&fileName=IWDA_holdings&fileType=csv,,med
ORNBV.HE,ORION CLASS B,Finland,Health Care,ORNBV,Nasdaq Omx Helsinki Ltd.,,0.01,IWDA,https://www.ishares.com/uk/individual/en/products/251882/ishares-core-msci-world-ucits-etf-acc-fund/1506575576011.ajax?dataType=fund&fileName=IWDA_holdings&fileType=csv,,med
PFE,PFIZER INC,United States,Health Care,PFE,New York Stock Exchange Inc.,,0.18,IWDA,https://www.ishares.com/uk/individual/en/products/251882/ishares-core-msci-world-ucits-etf-acc-fund/1506575576011.ajax?dataType=fund&fileName=IWDA_holdings&fileType=csv,,high
PME.AX,PRO MEDICUS LTD,Australia,Health Care,PME,Asx - All Markets,,0.01,IWDA,https://www.ishares.com/uk/individual/en/products/251882/ishares-core-msci-world-ucits-etf-acc-fund/1506575576011.ajax?dataType=fund&fileName=IWDA_holdings&fileType=csv,,high
QIA.DE,QIAGEN NV,Germany,Health Care,QIA,Xetra,,0.01,IWDA,https://www.ishares.com/uk/individual/en/products/251882/ishares-core-msci-world-ucits-etf-acc-fund/1506575576011.ajax?dataType=fund&fileName=IWDA_holdings&fileType=csv,,high
DGX,QUEST DIAGNOSTICS INC,United States,Health Care,DGX,New York Stock Exchange Inc.,,0.03,IWDA,https://www.ishares.com/uk/individual/en/products/251882/ishares-core-msci-world-ucits-etf-acc-fund/1506575576011.ajax?dataType=fund&fileName=IWDA_holdings&fileType=csv,,high
REC.MI,RECORDATI INDUSTRIA CHIMICA E FARM,Italy,Health Care,REC,Borsa Italiana,,0.01,IWDA,https://www.ishares.com/uk/individual/en/products/251882/ishares-core-msci-world-ucits-etf-acc-fund/1506575576011.ajax?dataType=fund&fileName=IWDA_holdings&fileType=csv,,high
REGN,REGENERON PHARMACEUTICALS INC,United States,Health Care,REGN,NASDAQ,,0.1,IWDA,https://www.ishares.com/uk/individual/en/products/251882/ishares-core-msci-world-ucits-etf-acc-fund/1506575576011.ajax?dataType=fund&fileName=IWDA_holdings&fileType=csv,,high
RMD,RESMED INC,United States,Health Care,RMD,New York Stock Exchange Inc.,,0.04,IWDA,https://www.ishares.com/uk/individual/en/products/251882/ishares-core-msci-world-ucits-etf-acc-fund/1506575576011.ajax?dataType=fund&fileName=IWDA_holdings&fileType=csv,,high
RVMD,REVOLUTION MEDICINES INC,United States,Health Care,RVMD,NASDAQ,,0.02,IWDA,https://www.ishares.com/uk/individual/en/products/251882/ishares-core-msci-world-ucits-etf-acc-fund/1506575576011.ajax?dataType=fund&fileName=IWDA_holdings&fileType=csv,,high
RO.SW,ROCHE HOLDING AG,Switzerland,Health Care,RO,SIX Swiss Exchange,,0.02,IWDA,https://www.ishares.com/uk/individual/en/products/251882/ishares-core-msci-world-ucits-etf-acc-fund/1506575576011.ajax?dataType=fund&fileName=IWDA_holdings&fileType=csv,,med
ROG.SW,ROCHE HOLDING PAR AG,Switzerland,Health Care,ROG,SIX Swiss Exchange,,0.36,IWDA,https://www.ishares.com/uk/individual/en/products/251882/ishares-core-msci-world-ucits-etf-acc-fund/1506575576011.ajax?dataType=fund&fileName=IWDA_holdings&fileType=csv,,med
RPRX,ROYALTY PHARMA PLC CLASS A,United States,Health Care,RPRX,NASDAQ,,0.02,IWDA,https://www.ishares.com/uk/individual/en/products/251882/ishares-core-msci-world-ucits-etf-acc-fund/1506575576011.ajax?dataType=fund&fileName=IWDA_holdings&fileType=csv,,high
SDZ.SW,SANDOZ GROUP AG,Switzerland,Health Care,SDZ,SIX Swiss Exchange,,0.04,IWDA,https://www.ishares.com/uk/individual/en/products/251882/ishares-core-msci-world-ucits-etf-acc-fund/1506575576011.ajax?dataType=fund&fileName=IWDA_holdings&fileType=csv,,med
SAN.PA,SANOFI SA,France,Health Care,SAN,Nyse Euronext - Euronext Paris,,0.12,IWDA,https://www.ishares.com/uk/individual/en/products/251882/ishares-core-msci-world-ucits-etf-acc-fund/1506575576011.ajax?dataType=fund&fileName=IWDA_holdings&fileType=csv,,high
SRT3.DE,SARTORIUS PREF AG,Germany,Health Care,SRT3,Xetra,,0.01,IWDA,https://www.ishares.com/uk/individual/en/products/251882/ishares-core-msci-world-ucits-etf-acc-fund/1506575576011.ajax?dataType=fund&fileName=IWDA_holdings&fileType=csv,,high
DIM.PA,SARTORIUS STEDIM BIOTECH SA,France,Health Care,DIM,Nyse Euronext - Euronext Paris,,0.01,IWDA,https://www.ishares.com/uk/individual/en/products/251882/ishares-core-msci-world-ucits-etf-acc-fund/1506575576011.ajax?dataType=fund&fileName=IWDA_holdings&fileType=csv,,high
SHL.DE,SIEMENS HEALTHINEERS AG,Germany,Health Care,SHL,Xetra,,0.02,IWDA,https://www.ishares.com/uk/individual/en/products/251882/ishares-core-msci-world-ucits-etf-acc-fund/1506575576011.ajax?dataType=fund&fileName=IWDA_holdings&fileType=csv,,high
SIG.AX,SIGMA HEALTHCARE LTD,Australia,Health Care,SIG,Asx - All Markets,,0.01,IWDA,https://www.ishares.com/uk/individual/en/products/251882/ishares-core-msci-world-ucits-etf-acc-fund/1506575576011.ajax?dataType=fund&fileName=IWDA_holdings&fileType=csv,,high
SN.L,SMITH AND NEPHEW PLC,United Kingdom,Health Care,SN.,London Stock Exchange,,0.02,IWDA,https://www.ishares.com/uk/individual/en/products/251882/ishares-core-msci-world-ucits-etf-acc-fund/1506575576011.ajax?dataType=fund&fileName=IWDA_holdings&fileType=csv,,high
SOLV,SOLVENTUM CORP,United States,Health Care,SOLV,New York Stock Exchange Inc.,,0.01,IWDA,https://www.ishares.com/uk/individual/en/products/251882/ishares-core-msci-world-ucits-etf-acc-fund/1506575576011.ajax?dataType=fund&fileName=IWDA_holdings&fileType=csv,,high
SHL.AX,SONIC HEALTHCARE LTD,Australia,Health Care,SHL,Asx - All Markets,,0.01,IWDA,https://www.ishares.com/uk/individual/en/products/251882/ishares-core-msci-world-ucits-etf-acc-fund/1506575576011.ajax?dataType=fund&fileName=IWDA_holdings&fileType=csv,,high
SOON.SW,SONOVA HOLDING AG,Switzerland,Health Care,SOON,SIX Swiss Exchange,,0.01,IWDA,https://www.ishares.com/uk/individual/en/products/251882/ishares-core-msci-world-ucits-etf-acc-fund/1506575576011.ajax?dataType=fund&fileName=IWDA_holdings&fileType=csv,,med
STE,STERIS,United States,Health Care,STE,New York Stock Exchange Inc.,,0.03,IWDA,https://www.ishares.com/uk/individual/en/products/251882/ishares-core-msci-world-ucits-etf-acc-fund/1506575576011.ajax?dataType=fund&fileName=IWDA_holdings&fileType=csv,,high
STMN.SW,STRAUMANN HOLDING AG,Switzerland,Health Care,STMN,SIX Swiss Exchange,,0.01,IWDA,https://www.ishares.com/uk/individual/en/products/251882/ishares-core-msci-world-ucits-etf-acc-fund/1506575576011.ajax?dataType=fund&fileName=IWDA_holdings&fileType=csv,,med
SYK,STRYKER CORP,United States,Health Care,SYK,New York Stock Exchange Inc.,,0.15,IWDA,https://www.ishares.com/uk/individual/en/products/251882/ishares-core-msci-world-ucits-etf-acc-fund/1506575576011.ajax?dataType=fund&fileName=IWDA_holdings&fileType=csv,,high
SOBI.ST,SWEDISH ORPHAN BIOVITRUM,Sweden,Health Care,SOBI,Nasdaq Omx Nordic,,0.01,IWDA,https://www.ishares.com/uk/individual/en/products/251882/ishares-core-msci-world-ucits-etf-acc-fund/1506575576011.ajax?dataType=fund&fileName=IWDA_holdings&fileType=csv,,med
TEVA,TEVA PHARMACEUTICAL INDUSTRIES ADR,Israel,Health Care,TEVA,New York Stock Exchange Inc.,,0.05,IWDA,https://www.ishares.com/uk/individual/en/products/251882/ishares-core-msci-world-ucits-etf-acc-fund/1506575576011.ajax?dataType=fund&fileName=IWDA_holdings&fileType=csv,,high
TMO,THERMO FISHER SCIENTIFIC INC,United States,Health Care,TMO,New York Stock Exchange Inc.,,0.23,IWDA,https://www.ishares.com/uk/individual/en/products/251882/ishares-core-msci-world-ucits-etf-acc-fund/1506575576011.ajax?dataType=fund&fileName=IWDA_holdings&fileType=csv,,high
UCB.BR,UCB SA,Belgium,Health Care,UCB,Nyse Euronext - Euronext Brussels,,0.05,IWDA,https://www.ishares.com/uk/individual/en/products/251882/ishares-core-msci-world-ucits-etf-acc-fund/1506575576011.ajax?dataType=fund&fileName=IWDA_holdings&fileType=csv,,high
UTHR,UNITED THERAPEUTICS CORP,United States,Health Care,UTHR,NASDAQ,,0.03,IWDA,https://www.ishares.com/uk/individual/en/products/251882/ishares-core-msci-world-ucits-etf-acc-fund/1506575576011.ajax?dataType=fund&fileName=IWDA_holdings&fileType=csv,,high
UNH,UNITEDHEALTH GROUP INC,United States,Health Care,UNH,New York Stock Exchange Inc.,,0.31,IWDA,https://www.ishares.com/uk/individual/en/products/251882/ishares-core-msci-world-ucits-etf-acc-fund/1506575576011.ajax?dataType=fund&fileName=IWDA_holdings&fileType=csv,,high
UHS,UNIVERSAL HEALTH SERVICES INC CLAS,United States,Health Care,UHS,New York Stock Exchange Inc.,,0.01,IWDA,https://www.ishares.com/uk/individual/en/products/251882/ishares-core-msci-world-ucits-etf-acc-fund/1506575576011.ajax?dataType=fund&fileName=IWDA_holdings&fileType=csv,,high
VEEV,VEEVA SYSTEMS INC CLASS A,United States,Health Care,VEEV,New York Stock Exchange Inc.,,0.04,IWDA,https://www.ishares.com/uk/individual/en/products/251882/ishares-core-msci-world-ucits-etf-acc-fund/1506575576011.ajax?dataType=fund&fileName=IWDA_holdings&fileType=csv,,high
VRTX,VERTEX PHARMACEUTICALS INC,United States,Health Care,VRTX,NASDAQ,,0.14,IWDA,https://www.ishares.com/uk/individual/en/products/251882/ishares-core-msci-world-ucits-etf-acc-fund/1506575576011.ajax?dataType=fund&fileName=IWDA_holdings&fileType=csv,,high
WAT,WATERS CORP,United States,Health Care,WAT,New York Stock Exchange Inc.,,0.04,IWDA,https://www.ishares.com/uk/individual/en/products/251882/ishares-core-msci-world-ucits-etf-acc-fund/1506575576011.ajax?dataType=fund&fileName=IWDA_holdings&fileType=csv,,high
WST,WEST PHARMACEUTICAL SERVICES INC,United States,Health Care,WST,New York Stock Exchange Inc.,,0.02,IWDA,https://www.ishares.com/uk/individual/en/products/251882/ishares-core-msci-world-ucits-etf-acc-fund/1506575576011.ajax?dataType=fund&fileName=IWDA_holdings&fileType=csv,,high
ZBH,ZIMMER BIOMET HOLDINGS INC,United States,Health Care,ZBH,New York Stock Exchange Inc.,,0.02,IWDA,https://www.ishares.com/uk/individual/en/products/251882/ishares-core-msci-world-ucits-etf-acc-fund/1506575576011.ajax?dataType=fund&fileName=IWDA_holdings&fileType=csv,,high
ZTS,ZOETIS INC CLASS A,United States,Health Care,ZTS,New York Stock Exchange Inc.,,0.07,IWDA,https://www.ishares.com/uk/individual/en/products/251882/ishares-core-msci-world-ucits-etf-acc-fund/1506575576011.ajax?dataType=fund&fileName=IWDA_holdings&fileType=csv,,high
MMM,3M,United States,Industrials,MMM,New York Stock Exchange Inc.,,0.1,IWDA,https://www.ishares.com/uk/individual/en/products/251882/ishares-core-msci-world-ucits-etf-acc-fund/1506575576011.ajax?dataType=fund&fileName=IWDA_holdings&fileType=csv,,high
MAERSK-A.CO,A P MOLLER MAERSK,Denmark,Industrials,MAERSK A,Omx Nordic Exchange Copenhagen A/S,,0.01,IWDA,https://www.ishares.com/uk/individual/en/products/251882/ishares-core-msci-world-ucits-etf-acc-fund/1506575576011.ajax?dataType=fund&fileName=IWDA_holdings&fileType=csv,,med
MAERSK-B.CO,A P MOLLER MAERSK B,Denmark,Industrials,MAERSK B,Omx Nordic Exchange Copenhagen A/S,,0.01,IWDA,https://www.ishares.com/uk/individual/en/products/251882/ishares-core-msci-world-ucits-etf-acc-fund/1506575576011.ajax?dataType=fund&fileName=IWDA_holdings&fileType=csv,,med
ABBN.SW,ABB LTD,Switzerland,Industrials,ABBN,SIX Swiss Exchange,,0.16,IWDA,https://www.ishares.com/uk/individual/en/products/251882/ishares-core-msci-world-ucits-etf-acc-fund/1506575576011.ajax?dataType=fund&fileName=IWDA_holdings&fileType=csv,,med
ACS.MC,ACS ACTIVIDADES DE CONSTRUCCION Y,Spain,Industrials,ACS,Bolsa De Madrid,,0.03,IWDA,https://www.ishares.com/uk/individual/en/products/251882/ishares-core-msci-world-ucits-etf-acc-fund/1506575576011.ajax?dataType=fund&fileName=IWDA_holdings&fileType=csv,,high
ADDT-B.ST,ADDTECH CLASS B,Sweden,Industrials,ADDT B,Nasdaq Omx Nordic,,0.01,IWDA,https://www.ishares.com/uk/individual/en/products/251882/ishares-core-msci-world-ucits-etf-acc-fund/1506575576011.ajax?dataType=fund&fileName=IWDA_holdings&fileType=csv,,med
ACM,AECOM,United States,Industrials,ACM,New York Stock Exchange Inc.,,0.01,IWDA,https://www.ishares.com/uk/individual/en/products/251882/ishares-core-msci-world-ucits-etf-acc-fund/1506575576011.ajax?dataType=fund&fileName=IWDA_holdings&fileType=csv,,high
AENA.MC,AENA SME SA,Spain,Industrials,AENA,Bolsa De Madrid,,0.03,IWDA,https://www.ishares.com/uk/individual/en/products/251882/ishares-core-msci-world-ucits-etf-acc-fund/1506575576011.ajax?dataType=fund&fileName=IWDA_holdings&fileType=csv,,high
AER,AERCAP HOLDINGS NV,Netherlands,Industrials,AER,New York Stock Exchange Inc.,,0.03,IWDA,https://www.ishares.com/uk/individual/en/products/251882/ishares-core-msci-world-ucits-etf-acc-fund/1506575576011.ajax?dataType=fund&fileName=IWDA_holdings&fileType=csv,,high
ADP.PA,AEROPORTS DE PARIS SA,France,Industrials,ADP,Nyse Euronext - Euronext Paris,,0.0,IWDA,https://www.ishares.com/uk/individual/en/products/251882/ishares-core-msci-world-ucits-etf-acc-fund/1506575576011.ajax?dataType=fund&fileName=IWDA_holdings&fileType=csv,,high
AIR.PA,AIRBUS GROUP,France,Industrials,AIR,Nyse Euronext - Euronext Paris,,0.14,IWDA,https://www.ishares.com/uk/individual/en/products/251882/ishares-core-msci-world-ucits-etf-acc-fund/1506575576011.ajax?dataType=fund&fileName=IWDA_holdings&fileType=csv,,high
ALFA.ST,ALFA LAVAL,Sweden,Industrials,ALFA,Nasdaq Omx Nordic,,0.02,IWDA,https://www.ishares.com/uk/individual/en/products/251882/ishares-core-msci-world-ucits-etf-acc-fund/1506575576011.ajax?dataType=fund&fileName=IWDA_holdings&fileType=csv,,med
ALLE,ALLEGION PLC,United States,Industrials,ALLE,New York Stock Exchange Inc.,,0.02,IWDA,https://www.ishares.com/uk/individual/en/products/251882/ishares-core-msci-world-ucits-etf-acc-fund/1506575576011.ajax?dataType=fund&fileName=IWDA_holdings&fileType=csv,,high
ALO.PA,ALSTOM SA,France,Industrials,ALO,Nyse Euronext - Euronext Paris,,0.01,IWDA,https://www.ishares.com/uk/individual/en/products/251882/ishares-core-msci-world-ucits-etf-acc-fund/1506575576011.ajax?dataType=fund&fileName=IWDA_holdings&fileType=csv,,high
AME,AMETEK INC,United States,Industrials,AME,New York Stock Exchange Inc.,,0.06,IWDA,https://www.ishares.com/uk/individual/en/products/251882/ishares-core-msci-world-ucits-etf-acc-fund/1506575576011.ajax?dataType=fund&fileName=IWDA_holdings&fileType=csv,,high
ASSA-B.ST,ASSA ABLOY B,Sweden,Industrials,ASSA B,Nasdaq Omx Nordic,,0.04,IWDA,https://www.ishares.com/uk/individual/en/products/251882/ishares-core-msci-world-ucits-etf-acc-fund/1506575576011.ajax?dataType=fund&fileName=IWDA_holdings&fileType=csv,,med
ATRL.TO,ATKINSREALIS GROUP INC,Canada,Industrials,ATRL,Toronto Stock Exchange,,0.01,IWDA,https://www.ishares.com/uk/individual/en/products/251882/ishares-core-msci-world-ucits-etf-acc-fund/1506575576011.ajax?dataType=fund&fileName=IWDA_holdings&fileType=csv,,high
ATCO-A.ST,ATLAS COPCO CLASS A,Sweden,Industrials,ATCO A,Nasdaq Omx Nordic,,0.06,IWDA,https://www.ishares.com/uk/individual/en/products/251882/ishares-core-msci-world-ucits-etf-acc-fund/1506575576011.ajax?dataType=fund&fileName=IWDA_holdings&fileType=csv,,med
ATCO-B.ST,ATLAS COPCO CLASS B,Sweden,Industrials,ATCO B,Nasdaq Omx Nordic,,0.03,IWDA,https://www.ishares.com/uk/individual/en/products/251882/ishares-core-msci-world-ucits-etf-acc-fund/1506575576011.ajax?dataType=fund&fileName=IWDA_holdings&fileType=csv,,med
1299.HK,AUCKLAND INTERNATIONAL AIRPORT LTD,New Zealand,Industrials,AIA,New Zealand Exchange Ltd,,0.01,IWDA,https://www.ishares.com/uk/individual/en/products/251882/ishares-core-msci-world-ucits-etf-acc-fund/1506575576011.ajax?dataType=fund&fileName=IWDA_holdings&fileType=csv,,low
ADP,AUTOMATIC DATA PROCESSING INC,United States,Industrials,ADP,NASDAQ,,0.11,IWDA,https://www.ishares.com/uk/individual/en/products/251882/ishares-core-msci-world-ucits-etf-acc-fund/1506575576011.ajax?dataType=fund&fileName=IWDA_holdings&fileType=csv,,high
AXON,AXON ENTERPRISE INC,United States,Industrials,AXON,NASDAQ,,0.05,IWDA,https://www.ishares.com/uk/individual/en/products/251882/ishares-core-msci-world-ucits-etf-acc-fund/1506575576011.ajax?dataType=fund&fileName=IWDA_holdings&fileType=csv,,high
AYV.PA,AYVENS SA,France,Industrials,AYV,Nyse Euronext - Euronext Paris,,0.0,IWDA,https://www.ishares.com/uk/individual/en/products/251882/ishares-core-msci-world-ucits-etf-acc-fund/1506575576011.ajax?dataType=fund&fileName=IWDA_holdings&fileType=csv,,high
BA.L,BAE SYSTEMS PLC,United Kingdom,Industrials,BA.,London Stock Exchange,,0.11,IWDA,https://www.ishares.com/uk/individual/en/products/251882/ishares-core-msci-world-ucits-etf-acc-fund/1506575576011.ajax?dataType=fund&fileName=IWDA_holdings&fileType=csv,,high
BEIJ-B.ST,BEIJER REF CLASS B,Sweden,Industrials,BEIJ B,Nasdaq Omx Nordic,,0.01,IWDA,https://www.ishares.com/uk/individual/en/products/251882/ishares-core-msci-world-ucits-etf-acc-fund/1506575576011.ajax?dataType=fund&fileName=IWDA_holdings&fileType=csv,,med
BEAN.SW,BELIMO N AG,Switzerland,Industrials,BEAN,SIX Swiss Exchange,,0.01,IWDA,https://www.ishares.com/uk/individual/en/products/251882/ishares-core-msci-world-ucits-etf-acc-fund/1506575576011.ajax?dataType=fund&fileName=IWDA_holdings&fileType=csv,,med
BE,BLOOM ENERGY CLASS A CORP,United States,Industrials,BE,New York Stock Exchange Inc.,,0.04,IWDA,https://www.ishares.com/uk/individual/en/products/251882/ishares-core-msci-world-ucits-etf-acc-fund/1506575576011.ajax?dataType=fund&fileName=IWDA_holdings&fileType=csv,,high
BA,BOEING,United States,Industrials,BA,New York Stock Exchange Inc.,,0.21,IWDA,https://www.ishares.com/uk/individual/en/products/251882/ishares-core-msci-world-ucits-etf-acc-fund/1506575576011.ajax?dataType=fund&fileName=IWDA_holdings&fileType=csv,,high
BBD-B.TO,BOMBARDIER INC CLASS B,Canada,Industrials,BBD.B,Toronto Stock Exchange,,0.02,IWDA,https://www.ishares.com/uk/individual/en/products/251882/ishares-core-msci-world-ucits-etf-acc-fund/1506575576011.ajax?dataType=fund&fileName=IWDA_holdings&fileType=csv,,high
EN.PA,BOUYGUES SA,France,Industrials,EN,Nyse Euronext - Euronext Paris,,0.01,IWDA,https://www.ishares.com/uk/individual/en/products/251882/ishares-core-msci-world-ucits-etf-acc-fund/1506575576011.ajax?dataType=fund&fileName=IWDA_holdings&fileType=csv,,high
BXB.AX,BRAMBLES LTD,Australia,Industrials,BXB,Asx - All Markets,,0.03,IWDA,https://www.ishares.com/uk/individual/en/products/251882/ishares-core-msci-world-ucits-etf-acc-fund/1506575576011.ajax?dataType=fund&fileName=IWDA_holdings&fileType=csv,,high
BNR.DE,BRENNTAG,Germany,Industrials,BNR,Xetra,,0.01,IWDA,https://www.ishares.com/uk/individual/en/products/251882/ishares-core-msci-world-ucits-etf-acc-fund/1506575576011.ajax?dataType=fund&fileName=IWDA_holdings&fileType=csv,,high
BR,BROADRIDGE FINANCIAL SOLUTIONS INC,United States,Industrials,BR,New York Stock Exchange Inc.,,0.02,IWDA,https://www.ishares.com/uk/individual/en/products/251882/ishares-core-msci-world-ucits-etf-acc-fund/1506575576011.ajax?dataType=fund&fileName=IWDA_holdings&fileType=csv,,high
BLDR,BUILDERS FIRSTSOURCE INC,United States,Industrials,BLDR,New York Stock Exchange Inc.,,0.01,IWDA,https://www.ishares.com/uk/individual/en/products/251882/ishares-core-msci-world-ucits-etf-acc-fund/1506575576011.ajax?dataType=fund&fileName=IWDA_holdings&fileType=csv,,high
BNZL.L,BUNZL,United Kingdom,Industrials,BNZL,London Stock Exchange,,0.01,IWDA,https://www.ishares.com/uk/individual/en/products/251882/ishares-core-msci-world-ucits-etf-acc-fund/1506575576011.ajax?dataType=fund&fileName=IWDA_holdings&fileType=csv,,high
BVI.PA,BUREAU VERITAS SA,France,Industrials,BVI,Nyse Euronext - Euronext Paris,,0.01,IWDA,https://www.ishares.com/uk/individual/en/products/251882/ishares-core-msci-world-ucits-etf-acc-fund/1506575576011.ajax?dataType=fund&fileName=IWDA_holdings&fileType=csv,,high
CAE.TO,CAE INC,Canada,Industrials,CAE,Toronto Stock Exchange,,0.01,IWDA,https://www.ishares.com/uk/individual/en/products/251882/ishares-core-msci-world-ucits-etf-acc-fund/1506575576011.ajax?dataType=fund&fileName=IWDA_holdings&fileType=csv,,high
CNR.TO,CANADIAN NATIONAL RAILWAY,Canada,Industrials,CNR,Toronto Stock Exchange,,0.07,IWDA,https://www.ishares.com/uk/individual/en/products/251882/ishares-core-msci-world-ucits-etf-acc-fund/1506575576011.ajax?dataType=fund&fileName=IWDA_holdings&fileType=csv,,high
CP.TO,CANADIAN PACIFIC KANSAS CITY LTD,Canada,Industrials,CP,Toronto Stock Exchange,,0.09,IWDA,https://www.ishares.com/uk/individual/en/products/251882/ishares-core-msci-world-ucits-etf-acc-fund/1506575576011.ajax?dataType=fund&fileName=IWDA_holdings&fileType=csv,,high
CSL,CARLISLE COMPANIES INC,United States,Industrials,CSL,New York Stock Exchange Inc.,,0.02,IWDA,https://www.ishares.com/uk/individual/en/products/251882/ishares-core-msci-world-ucits-etf-acc-fund/1506575576011.ajax?dataType=fund&fileName=IWDA_holdings&fileType=csv,,high
CARR,CARRIER GLOBAL CORP,United States,Industrials,CARR,New York Stock Exchange Inc.,,0.06,IWDA,https://www.ishares.com/uk/individual/en/products/251882/ishares-core-msci-world-ucits-etf-acc-fund/1506575576011.ajax?dataType=fund&fileName=IWDA_holdings&fileType=csv,,high
CAT,CATERPILLAR INC,United States,Industrials,CAT,New York Stock Exchange Inc.,,0.4,IWDA,https://www.ishares.com/uk/individual/en/products/251882/ishares-core-msci-world-ucits-etf-acc-fund/1506575576011.ajax?dataType=fund&fileName=IWDA_holdings&fileType=csv,,high
CHRW,CH ROBINSON WORLDWIDE INC,United States,Industrials,CHRW,NASDAQ,,0.03,IWDA,https://www.ishares.com/uk/individual/en/products/251882/ishares-core-msci-world-ucits-etf-acc-fund/1506575576011.ajax?dataType=fund&fileName=IWDA_holdings&fileType=csv,,high
CTAS,CINTAS CORP,United States,Industrials,CTAS,NASDAQ,,0.09,IWDA,https://www.ishares.com/uk/individual/en/products/251882/ishares-core-msci-world-ucits-etf-acc-fund/1506575576011.ajax?dataType=fund&fileName=IWDA_holdings&fileType=csv,,high
CNH,CNH INDUSTRIAL N.V. NV,United States,Industrials,CNH,New York Stock Exchange Inc.,,0.01,IWDA,https://www.ishares.com/uk/individual/en/products/251882/ishares-core-msci-world-ucits-etf-acc-fund/1506575576011.ajax?dataType=fund&fileName=IWDA_holdings&fileType=csv,,high
FIX,COMFORT SYSTEMS USA INC,United States,Industrials,FIX,New York Stock Exchange Inc.,,0.06,IWDA,https://www.ishares.com/uk/individual/en/products/251882/ishares-core-msci-world-ucits-etf-acc-fund/1506575576011.ajax?dataType=fund&fileName=IWDA_holdings&fileType=csv,,high
SGO.PA,COMPAGNIE DE SAINT GOBAIN SA,France,Industrials,SGO,Nyse Euronext - Euronext Paris,,0.05,IWDA,https://www.ishares.com/uk/individual/en/products/251882/ishares-core-msci-world-ucits-etf-acc-fund/1506575576011.ajax?dataType=fund&fileName=IWDA_holdings&fileType=csv,,high
CPU.AX,COMPUTERSHARE LTD,Australia,Industrials,CPU,Asx - All Markets,,0.01,IWDA,https://www.ishares.com/uk/individual/en/products/251882/ishares-core-msci-world-ucits-etf-acc-fund/1506575576011.ajax?dataType=fund&fileName=IWDA_holdings&fileType=csv,,high
CPRT,COPART INC,United States,Industrials,CPRT,NASDAQ,,0.04,IWDA,https://www.ishares.com/uk/individual/en/products/251882/ishares-core-msci-world-ucits-etf-acc-fund/1506575576011.ajax?dataType=fund&fileName=IWDA_holdings&fileType=csv,,high
CS.AS,CSG CLASS A NV,Netherlands,Industrials,CSG,Euronext Amsterdam,,0.01,IWDA,https://www.ishares.com/uk/individual/en/products/251882/ishares-core-msci-world-ucits-etf-acc-fund/1506575576011.ajax?dataType=fund&fileName=IWDA_holdings&fileType=csv,,high
CSX,CSX CORP,United States,Industrials,CSX,NASDAQ,,0.1,IWDA,https://www.ishares.com/uk/individual/en/products/251882/ishares-core-msci-world-ucits-etf-acc-fund/1506575576011.ajax?dataType=fund&fileName=IWDA_holdings&fileType=csv,,high
CMI,CUMMINS INC,United States,Industrials,CMI,New York Stock Exchange Inc.,,0.09,IWDA,https://www.ishares.com/uk/individual/en/products/251882/ishares-core-msci-world-ucits-etf-acc-fund/1506575576011.ajax?dataType=fund&fileName=IWDA_holdings&fileType=csv,,high
CW,CURTISS WRIGHT CORP,United States,Industrials,CW,New York Stock Exchange Inc.,,0.03,IWDA,https://www.ishares.com/uk/individual/en/products/251882/ishares-core-msci-world-ucits-etf-acc-fund/1506575576011.ajax?dataType=fund&fileName=IWDA_holdings&fileType=csv,,high
DTG.DE,DAIMLER TRUCK HOLDING E AG,Germany,Industrials,DTG,Xetra,,0.03,IWDA,https://www.ishares.com/uk/individual/en/products/251882/ishares-core-msci-world-ucits-etf-acc-fund/1506575576011.ajax?dataType=fund&fileName=IWDA_holdings&fileType=csv,,high
AM.PA,DASSAULT AVIATION SA,France,Industrials,AM,Nyse Euronext - Euronext Paris,,0.01,IWDA,https://www.ishares.com/uk/individual/en/products/251882/ishares-core-msci-world-ucits-etf-acc-fund/1506575576011.ajax?dataType=fund&fileName=IWDA_holdings&fileType=csv,,high
DE,DEERE,United States,Industrials,DE,New York Stock Exchange Inc.,,0.19,IWDA,https://www.ishares.com/uk/individual/en/products/251882/ishares-core-msci-world-ucits-etf-acc-fund/1506575576011.ajax?dataType=fund&fileName=IWDA_holdings&fileType=csv,,high
DAL,DELTA AIR LINES INC,United States,Industrials,DAL,New York Stock Exchange Inc.,,0.01,IWDA,https://www.ishares.com/uk/individual/en/products/251882/ishares-core-msci-world-ucits-etf-acc-fund/1506575576011.ajax?dataType=fund&fileName=IWDA_holdings&fileType=csv,,high
LHA.DE,DEUTSCHE LUFTHANSA AG,Germany,Industrials,LHA,Xetra,,0.01,IWDA,https://www.ishares.com/uk/individual/en/products/251882/ishares-core-msci-world-ucits-etf-acc-fund/1506575576011.ajax?dataType=fund&fileName=IWDA_holdings&fileType=csv,,high
DHL.DE,DEUTSCHE POST AG,Germany,Industrials,DHL,Xetra,,0.06,IWDA,https://www.ishares.com/uk/individual/en/products/251882/ishares-core-msci-world-ucits-etf-acc-fund/1506575576011.ajax?dataType=fund&fileName=IWDA_holdings&fileType=csv,,high
DOV,DOVER CORP,United States,Industrials,DOV,New York Stock Exchange Inc.,,0.04,IWDA,https://www.ishares.com/uk/individual/en/products/251882/ishares-core-msci-world-ucits-etf-acc-fund/1506575576011.ajax?dataType=fund&fileName=IWDA_holdings&fileType=csv,,high
DSV.CO,DSV,Denmark,Industrials,DSV,Omx Nordic Exchange Copenhagen A/S,,0.06,IWDA,https://www.ishares.com/uk/individual/en/products/251882/ishares-core-msci-world-ucits-etf-acc-fund/1506575576011.ajax?dataType=fund&fileName=IWDA_holdings&fileType=csv,,med
ETN,EATON PLC,United States,Industrials,ETN,New York Stock Exchange Inc.,,0.17,IWDA,https://www.ishares.com/uk/individual/en/products/251882/ishares-core-msci-world-ucits-etf-acc-fund/1506575576011.ajax?dataType=fund&fileName=IWDA_holdings&fileType=csv,,high
FGR.PA,EIFFAGE SA,France,Industrials,FGR,Nyse Euronext - Euronext Paris,,0.01,IWDA,https://www.ishares.com/uk/individual/en/products/251882/ishares-core-msci-world-ucits-etf-acc-fund/1506575576011.ajax?dataType=fund&fileName=IWDA_holdings&fileType=csv,,high
ESLT.TA,ELBIT SYSTEMS LTD,Israel,Industrials,ESLT,Tel Aviv Stock Exchange,,0.03,IWDA,https://www.ishares.com/uk/individual/en/products/251882/ishares-core-msci-world-ucits-etf-acc-fund/1506575576011.ajax?dataType=fund&fileName=IWDA_holdings&fileType=csv,,high
EFN.TO,ELEMENT FLEET MANAGEMENT CORP,Canada,Industrials,EFN,Toronto Stock Exchange,,0.01,IWDA,https://www.ishares.com/uk/individual/en/products/251882/ishares-core-msci-world-ucits-etf-acc-fund/1506575576011.ajax?dataType=fund&fileName=IWDA_holdings&fileType=csv,,high
EME,EMCOR GROUP INC,United States,Industrials,EME,New York Stock Exchange Inc.,,0.04,IWDA,https://www.ishares.com/uk/individual/en/products/251882/ishares-core-msci-world-ucits-etf-acc-fund/1506575576011.ajax?dataType=fund&fileName=IWDA_holdings&fileType=csv,,high
EMR,EMERSON ELECTRIC,United States,Industrials,EMR,New York Stock Exchange Inc.,,0.09,IWDA,https://www.ishares.com/uk/individual/en/products/251882/ishares-core-msci-world-ucits-etf-acc-fund/1506575576011.ajax?dataType=fund&fileName=IWDA_holdings&fileType=csv,,high
EPI-A.ST,EPIROC CLASS A,Sweden,Industrials,EPI A,Nasdaq Omx Nordic,,0.02,IWDA,https://www.ishares.com/uk/individual/en/products/251882/ishares-core-msci-world-ucits-etf-acc-fund/1506575576011.ajax?dataType=fund&fileName=IWDA_holdings&fileType=csv,,med
EPI-B.ST,EPIROC CLASS B,Sweden,Industrials,EPI B,Nasdaq Omx Nordic,,0.01,IWDA,https://www.ishares.com/uk/individual/en/products/251882/ishares-core-msci-world-ucits-etf-acc-fund/1506575576011.ajax?dataType=fund&fileName=IWDA_holdings&fileType=csv,,med
EFX,EQUIFAX INC,United States,Industrials,EFX,New York Stock Exchange Inc.,,0.03,IWDA,https://www.ishares.com/uk/individual/en/products/251882/ishares-core-msci-world-ucits-etf-acc-fund/1506575576011.ajax?dataType=fund&fileName=IWDA_holdings&fileType=csv,,high
EXPD,EXPEDITORS INTERNATIONAL OF WASHIN,United States,Industrials,EXPD,New York Stock Exchange Inc.,,0.02,IWDA,https://www.ishares.com/uk/individual/en/products/251882/ishares-core-msci-world-ucits-etf-acc-fund/1506575576011.ajax?dataType=fund&fileName=IWDA_holdings&fileType=csv,,high
EXPN.L,EXPERIAN PLC,United Kingdom,Industrials,EXPN,London Stock Exchange,,0.04,IWDA,https://www.ishares.com/uk/individual/en/products/251882/ishares-core-msci-world-ucits-etf-acc-fund/1506575576011.ajax?dataType=fund&fileName=IWDA_holdings&fileType=csv,,high
FAST,FASTENAL,United States,Industrials,FAST,NASDAQ,,0.06,IWDA,https://www.ishares.com/uk/individual/en/products/251882/ishares-core-msci-world-ucits-etf-acc-fund/1506575576011.ajax?dataType=fund&fileName=IWDA_holdings&fileType=csv,,high
FDX,FEDEX CORP,United States,Industrials,FDX,New York Stock Exchange Inc.,,0.1,IWDA,https://www.ishares.com/uk/individual/en/products/251882/ishares-core-msci-world-ucits-etf-acc-fund/1506575576011.ajax?dataType=fund&fileName=IWDA_holdings&fileType=csv,,high
FERG,FERGUSON ENTERPRISES INC,United States,Industrials,FERG,New York Stock Exchange Inc.,,0.06,IWDA,https://www.ishares.com/uk/individual/en/products/251882/ishares-core-msci-world-ucits-etf-acc-fund/1506575576011.ajax?dataType=fund&fileName=IWDA_holdings&fileType=csv,,high
FER.MC,FERROVIAL,Spain,Industrials,FER,Bolsa De Madrid,,0.04,IWDA,https://www.ishares.com/uk/individual/en/products/251882/ishares-core-msci-world-ucits-etf-acc-fund/1506575576011.ajax?dataType=fund&fileName=IWDA_holdings&fileType=csv,,high
FTV,FORTIVE CORP,United States,Industrials,FTV,New York Stock Exchange Inc.,,0.02,IWDA,https://www.ishares.com/uk/individual/en/products/251882/ishares-core-msci-world-ucits-etf-acc-fund/1506575576011.ajax?dataType=fund&fileName=IWDA_holdings&fileType=csv,,high
FTAI,FTAI AVIATION LTD,United States,Industrials,FTAI,NASDAQ,,0.03,IWDA,https://www.ishares.com/uk/individual/en/products/251882/ishares-core-msci-world-ucits-etf-acc-fund/1506575576011.ajax?dataType=fund&fileName=IWDA_holdings&fileType=csv,,high
GE,GE AEROSPACE,United States,Industrials,GE,New York Stock Exchange Inc.,,0.41,IWDA,https://www.ishares.com/uk/individual/en/products/251882/ishares-core-msci-world-ucits-etf-acc-fund/1506575576011.ajax?dataType=fund&fileName=IWDA_holdings&fileType=csv,,high
GEV,GE VERNOVA INC,United States,Industrials,GEV,New York Stock Exchange Inc.,,0.27,IWDA,https://www.ishares.com/uk/individual/en/products/251882/ishares-core-msci-world-ucits-etf-acc-fund/1506575576011.ajax?dataType=fund&fileName=IWDA_holdings&fileType=csv,,high
G1A.DE,GEA GROUP AG,Germany,Industrials,G1A,Xetra,,0.01,IWDA,https://www.ishares.com/uk/individual/en/products/251882/ishares-core-msci-world-ucits-etf-acc-fund/1506575576011.ajax?dataType=fund&fileName=IWDA_holdings&fileType=csv,,high
GEBN.SW,GEBERIT AG,Switzerland,Industrials,GEBN,SIX Swiss Exchange,,0.03,IWDA,https://www.ishares.com/uk/individual/en/products/251882/ishares-core-msci-world-ucits-etf-acc-fund/1506575576011.ajax?dataType=fund&fileName=IWDA_holdings&fileType=csv,,med
GD,GENERAL DYNAMICS CORP,United States,Industrials,GD,New York Stock Exchange Inc.,,0.1,IWDA,https://www.ishares.com/uk/individual/en/products/251882/ishares-core-msci-world-ucits-etf-acc-fund/1506575576011.ajax?dataType=fund&fileName=IWDA_holdings&fileType=csv,,high
GET.PA,GETLINK,France,Industrials,GET,Nyse Euronext - Euronext Paris,,0.01,IWDA,https://www.ishares.com/uk/individual/en/products/251882/ishares-core-msci-world-ucits-etf-acc-fund/1506575576011.ajax?dataType=fund&fileName=IWDA_holdings&fileType=csv,,high
GFL.TO,GFL ENVIRONMENTAL SUBORDINATE VOTI,Canada,Industrials,GFL,Toronto Stock Exchange,,0.02,IWDA,https://www.ishares.com/uk/individual/en/products/251882/ishares-core-msci-world-ucits-etf-acc-fund/1506575576011.ajax?dataType=fund&fileName=IWDA_holdings&fileType=csv,,high
GRAB,GRAB HOLDINGS LTD CLASS A,Singapore,Industrials,GRAB,NASDAQ,,0.01,IWDA,https://www.ishares.com/uk/individual/en/products/251882/ishares-core-msci-world-ucits-etf-acc-fund/1506575576011.ajax?dataType=fund&fileName=IWDA_holdings&fileType=csv,,high
GGG,GRACO INC,United States,Industrials,GGG,New York Stock Exchange Inc.,,0.02,IWDA,https://www.ishares.com/uk/individual/en/products/251882/ishares-core-msci-world-ucits-etf-acc-fund/1506575576011.ajax?dataType=fund&fileName=IWDA_holdings&fileType=csv,,high
HEI,HEICO CORP,United States,Industrials,HEI,New York Stock Exchange Inc.,,0.02,IWDA,https://www.ishares.com/uk/individual/en/products/251882/ishares-core-msci-world-ucits-etf-acc-fund/1506575576011.ajax?dataType=fund&fileName=IWDA_holdings&fileType=csv,,high
HEI-A,HEICO CORP CLASS A,United States,Industrials,HEIA,New York Stock Exchange Inc.,,0.02,IWDA,https://www.ishares.com/uk/individual/en/products/251882/ishares-core-msci-world-ucits-etf-acc-fund/1506575576011.ajax?dataType=fund&fileName=IWDA_holdings&fileType=csv,,high
HAG.DE,HENSOLDT AG,Germany,Industrials,HAG,Xetra,,0.01,IWDA,https://www.ishares.com/uk/individual/en/products/251882/ishares-core-msci-world-ucits-etf-acc-fund/1506575576011.ajax?dataType=fund&fileName=IWDA_holdings&fileType=csv,,high
HOT.DE,HOCHTIEF AG,Germany,Industrials,HOT,Xetra,,0.01,IWDA,https://www.ishares.com/uk/individual/en/products/251882/ishares-core-msci-world-ucits-etf-acc-fund/1506575576011.ajax?dataType=fund&fileName=IWDA_holdings&fileType=csv,,high
HON,HONEYWELL INTERNATIONAL INC,United States,Industrials,HON,NASDAQ,,0.19,IWDA,https://www.ishares.com/uk/individual/en/products/251882/ishares-core-msci-world-ucits-etf-acc-fund/1506575576011.ajax?dataType=fund&fileName=IWDA_holdings&fileType=csv,,high
HWM,HOWMET AEROSPACE INC,United States,Industrials,HWM,New York Stock Exchange Inc.,,0.11,IWDA,https://www.ishares.com/uk/individual/en/products/251882/ishares-core-msci-world-ucits-etf-acc-fund/1506575576011.ajax?dataType=fund&fileName=IWDA_holdings&fileType=csv,,high
HUBB,HUBBELL INC,United States,Industrials,HUBB,New York Stock Exchange Inc.,,0.03,IWDA,https://www.ishares.com/uk/individual/en/products/251882/ishares-core-msci-world-ucits-etf-acc-fund/1506575576011.ajax?dataType=fund&fileName=IWDA_holdings&fileType=csv,,high
IEX,IDEX CORP,United States,Industrials,IEX,New York Stock Exchange Inc.,,0.02,IWDA,https://www.ishares.com/uk/individual/en/products/251882/ishares-core-msci-world-ucits-etf-acc-fund/1506575576011.ajax?dataType=fund&fileName=IWDA_holdings&fileType=csv,,high
ITW,ILLINOIS TOOL INC,United States,Industrials,ITW,New York Stock Exchange Inc.,,0.09,IWDA,https://www.ishares.com/uk/individual/en/products/251882/ishares-core-msci-world-ucits-etf-acc-fund/1506575576011.ajax?dataType=fund&fileName=IWDA_holdings&fileType=csv,,high
INDT.ST,INDUTRADE,Sweden,Industrials,INDT,Nasdaq Omx Nordic,,0.01,IWDA,https://www.ishares.com/uk/individual/en/products/251882/ishares-core-msci-world-ucits-etf-acc-fund/1506575576011.ajax?dataType=fund&fileName=IWDA_holdings&fileType=csv,,med
IR,INGERSOLL RAND INC,United States,Industrials,IR,New York Stock Exchange Inc.,,0.04,IWDA,https://www.ishares.com/uk/individual/en/products/251882/ishares-core-msci-world-ucits-etf-acc-fund/1506575576011.ajax?dataType=fund&fileName=IWDA_holdings&fileType=csv,,high
INPST.AS,INPOST SA,Netherlands,Industrials,INPST,Euronext Amsterdam,,0.0,IWDA,https://www.ishares.com/uk/individual/en/products/251882/ishares-core-msci-world-ucits-etf-acc-fund/1506575576011.ajax?dataType=fund&fileName=IWDA_holdings&fileType=csv,,high
IAG.MC,INTERNATIONAL AIRLINES GROUP SA,Spain,Industrials,IAG,Bolsa De Madrid,,0.01,IWDA,https://www.ishares.com/uk/individual/en/products/251882/ishares-core-msci-world-ucits-etf-acc-fund/1506575576011.ajax?dataType=fund&fileName=IWDA_holdings&fileType=csv,,high
ITRK.L,INTERTEK GROUP PLC,United Kingdom,Industrials,ITRK,London Stock Exchange,,0.01,IWDA,https://www.ishares.com/uk/individual/en/products/251882/ishares-core-msci-world-ucits-etf-acc-fund/1506575576011.ajax?dataType=fund&fileName=IWDA_holdings&fileType=csv,,high
J,JACOBS SOLUTIONS INC,United States,Industrials,J,New York Stock Exchange Inc.,,0.02,IWDA,https://www.ishares.com/uk/individual/en/products/251882/ishares-core-msci-world-ucits-etf-acc-fund/1506575576011.ajax?dataType=fund&fileName=IWDA_holdings&fileType=csv,,high
J36.SI,JARDINE MATHESON HOLDINGS LTD,Hong Kong,Industrials,J36,Singapore Exchange,,0.01,IWDA,https://www.ishares.com/uk/individual/en/products/251882/ishares-core-msci-world-ucits-etf-acc-fund/1506575576011.ajax?dataType=fund&fileName=IWDA_holdings&fileType=csv,,high
JBHT,JB HUNT TRANSPORT SERVICES INC,United States,Industrials,JBHT,NASDAQ,,0.02,IWDA,https://www.ishares.com/uk/individual/en/products/251882/ishares-core-msci-world-ucits-etf-acc-fund/1506575576011.ajax?dataType=fund&fileName=IWDA_holdings&fileType=csv,,high
JCI,JOHNSON CONTROLS INTERNATIONAL PLC,United States,Industrials,JCI,New York Stock Exchange Inc.,,0.1,IWDA,https://www.ishares.com/uk/individual/en/products/251882/ishares-core-msci-world-ucits-etf-acc-fund/1506575576011.ajax?dataType=fund&fileName=IWDA_holdings&fileType=csv,,high
BN4.SI,KEPPEL LTD,Singapore,Industrials,BN4,Singapore Exchange,,0.01,IWDA,https://www.ishares.com/uk/individual/en/products/251882/ishares-core-msci-world-ucits-etf-acc-fund/1506575576011.ajax?dataType=fund&fileName=IWDA_holdings&fileType=csv,,high
KRX.IR,KINGSPAN GROUP PLC,Ireland,Industrials,KRX,Irish Stock Exchange - All Market,,0.01,IWDA,https://www.ishares.com/uk/individual/en/products/251882/ishares-core-msci-world-ucits-etf-acc-fund/1506575576011.ajax?dataType=fund&fileName=IWDA_holdings&fileType=csv,,low
KBX.DE,KNORR BREMSE AG,Germany,Industrials,KBX,Xetra,,0.01,IWDA,https://www.ishares.com/uk/individual/en/products/251882/ishares-core-msci-world-ucits-etf-acc-fund/1506575576011.ajax?dataType=fund&fileName=IWDA_holdings&fileType=csv,,high
KNEBV.HE,KONE,Finland,Industrials,KNEBV,Nasdaq Omx Helsinki Ltd.,,0.03,IWDA,https://www.ishares.com/uk/individual/en/products/251882/ishares-core-msci-world-ucits-etf-acc-fund/1506575576011.ajax?dataType=fund&fileName=IWDA_holdings&fileType=csv,,med
KOG.OL,KONGSBERG GRUPPEN,Norway,Industrials,KOG,Oslo Bors Asa,,0.02,IWDA,https://www.ishares.com/uk/individual/en/products/251882/ishares-core-msci-world-ucits-etf-acc-fund/1506575576011.ajax?dataType=fund&fileName=IWDA_holdings&fileType=csv,,high
KNIN.SW,KUEHNE UND NAGEL INTERNATIONAL AG,Switzerland,Industrials,KNIN,SIX Swiss Exchange,,0.01,IWDA,https://www.ishares.com/uk/individual/en/products/251882/ishares-core-msci-world-ucits-etf-acc-fund/1506575576011.ajax?dataType=fund&fileName=IWDA_holdings&fileType=csv,,med
LHX,L3HARRIS TECHNOLOGIES INC,United States,Industrials,LHX,New York Stock Exchange Inc.,,0.09,IWDA,https://www.ishares.com/uk/individual/en/products/251882/ishares-core-msci-world-ucits-etf-acc-fund/1506575576011.ajax?dataType=fund&fileName=IWDA_holdings&fileType=csv,,high
LATO-B.ST,LATOUR INVESTMENT CLASS B,Sweden,Industrials,LATO B,Nasdaq Omx Nordic,,0.0,IWDA,https://www.ishares.com/uk/individual/en/products/251882/ishares-core-msci-world-ucits-etf-acc-fund/1506575576011.ajax?dataType=fund&fileName=IWDA_holdings&fileType=csv,,med
LR.PA,LEGRAND SA,France,Industrials,LR,Nyse Euronext - Euronext Paris,,0.05,IWDA,https://www.ishares.com/uk/individual/en/products/251882/ishares-core-msci-world-ucits-etf-acc-fund/1506575576011.ajax?dataType=fund&fileName=IWDA_holdings&fileType=csv,,high
LDOS,LEIDOS HOLDINGS INC,United States,Industrials,LDOS,New York Stock Exchange Inc.,,0.03,IWDA,https://www.ishares.com/uk/individual/en/products/251882/ishares-core-msci-world-ucits-etf-acc-fund/1506575576011.ajax?dataType=fund&fileName=IWDA_holdings&fileType=csv,,high
LII,LENNOX INTERNATIONAL INC,United States,Industrials,LII,New York Stock Exchange Inc.,,0.02,IWDA,https://www.ishares.com/uk/individual/en/products/251882/ishares-core-msci-world-ucits-etf-acc-fund/1506575576011.ajax?dataType=fund&fileName=IWDA_holdings&fileType=csv,,high
LDO.MI,LEONARDO FINMECCANICA SPA,Italy,Industrials,LDO,Borsa Italiana,,0.03,IWDA,https://www.ishares.com/uk/individual/en/products/251882/ishares-core-msci-world-ucits-etf-acc-fund/1506575576011.ajax?dataType=fund&fileName=IWDA_holdings&fileType=csv,,high
LIFCO-B.ST,LIFCO CLASS B,Sweden,Industrials,LIFCO B,Nasdaq Omx Nordic,,0.01,IWDA,https://www.ishares.com/uk/individual/en/products/251882/ishares-core-msci-world-ucits-etf-acc-fund/1506575576011.ajax?dataType=fund&fileName=IWDA_holdings&fileType=csv,,med
LMT,LOCKHEED MARTIN CORP,United States,Industrials,LMT,New York Stock Exchange Inc.,,0.17,IWDA,https://www.ishares.com/uk/individual/en/products/251882/ishares-core-msci-world-ucits-etf-acc-fund/1506575576011.ajax?dataType=fund&fileName=IWDA_holdings&fileType=csv,,high
MAS,MASCO CORP,United States,Industrials,MAS,New York Stock Exchange Inc.,,0.02,IWDA,https://www.ishares.com/uk/individual/en/products/251882/ishares-core-msci-world-ucits-etf-acc-fund/1506575576011.ajax?dataType=fund&fileName=IWDA_holdings&fileType=csv,,high
MRO.L,MELROSE INDUSTRIES PLC,United Kingdom,Industrials,MRO,London Stock Exchange,,0.01,IWDA,https://www.ishares.com/uk/individual/en/products/251882/ishares-core-msci-world-ucits-etf-acc-fund/1506575576011.ajax?dataType=fund&fileName=IWDA_holdings&fileType=csv,,high
METSO.HE,METSO CORPORATION,Finland,Industrials,METSO,Nasdaq Omx Helsinki Ltd.,,0.02,IWDA,https://www.ishares.com/uk/individual/en/products/251882/ishares-core-msci-world-ucits-etf-acc-fund/1506575576011.ajax?dataType=fund&fileName=IWDA_holdings&fileType=csv,,med
MTX.DE,MTU AERO ENGINES HOLDING AG,Germany,Industrials,MTX,Xetra,,0.03,IWDA,https://www.ishares.com/uk/individual/en/products/251882/ishares-core-msci-world-ucits-etf-acc-fund/1506575576011.ajax?dataType=fund&fileName=IWDA_holdings&fileType=csv,,high
NIBE-B.ST,NIBE INDUSTRIER CLASS B,Sweden,Industrials,NIBE B,Nasdaq Omx Nordic,,0.01,IWDA,https://www.ishares.com/uk/individual/en/products/251882/ishares-core-msci-world-ucits-etf-acc-fund/1506575576011.ajax?dataType=fund&fileName=IWDA_holdings&fileType=csv,,med
NDSN,NORDSON CORP,United States,Industrials,NDSN,NASDAQ,,0.02,IWDA,https://www.ishares.com/uk/individual/en/products/251882/ishares-core-msci-world-ucits-etf-acc-fund/1506575576011.ajax?dataType=fund&fileName=IWDA_holdings&fileType=csv,,high
NSC,NORFOLK SOUTHERN CORP,United States,Industrials,NSC,New York Stock Exchange Inc.,,0.08,IWDA,https://www.ishares.com/uk/individual/en/products/251882/ishares-core-msci-world-ucits-etf-acc-fund/1506575576011.ajax?dataType=fund&fileName=IWDA_holdings&fileType=csv,,high
NOC,NORTHROP GRUMMAN CORP,United States,Industrials,NOC,New York Stock Exchange Inc.,,0.13,IWDA,https://www.ishares.com/uk/individual/en/products/251882/ishares-core-msci-world-ucits-etf-acc-fund/1506575576011.ajax?dataType=fund&fileName=IWDA_holdings&fileType=csv,,high
ODFL,OLD DOMINION FREIGHT LINE INC,United States,Industrials,ODFL,NASDAQ,,0.04,IWDA,https://www.ishares.com/uk/individual/en/products/251882/ishares-core-msci-world-ucits-etf-acc-fund/1506575576011.ajax?dataType=fund&fileName=IWDA_holdings&fileType=csv,,high
OTIS,OTIS WORLDWIDE CORP,United States,Industrials,OTIS,New York Stock Exchange Inc.,,0.04,IWDA,https://www.ishares.com/uk/individual/en/products/251882/ishares-core-msci-world-ucits-etf-acc-fund/1506575576011.ajax?dataType=fund&fileName=IWDA_holdings&fileType=csv,,high
PCAR,PACCAR INC,United States,Industrials,PCAR,NASDAQ,,0.07,IWDA,https://www.ishares.com/uk/individual/en/products/251882/ishares-core-msci-world-ucits-etf-acc-fund/1506575576011.ajax?dataType=fund&fileName=IWDA_holdings&fileType=csv,,high
PH,PARKER-HANNIFIN CORP,United States,Industrials,PH,New York Stock Exchange Inc.,,0.14,IWDA,https://www.ishares.com/uk/individual/en/products/251882/ishares-core-msci-world-ucits-etf-acc-fund/1506575576011.ajax?dataType=fund&fileName=IWDA_holdings&fileType=csv,,high
PAYX,PAYCHEX INC,United States,Industrials,PAYX,NASDAQ,,0.04,IWDA,https://www.ishares.com/uk/individual/en/products/251882/ishares-core-msci-world-ucits-etf-acc-fund/1506575576011.ajax?dataType=fund&fileName=IWDA_holdings&fileType=csv,,high
PNR,PENTAIR,United States,Industrials,PNR,New York Stock Exchange Inc.,,0.02,IWDA,https://www.ishares.com/uk/individual/en/products/251882/ishares-core-msci-world-ucits-etf-acc-fund/1506575576011.ajax?dataType=fund&fileName=IWDA_holdings&fileType=csv,,high
PRY.MI,PRYSMIAN,Italy,Industrials,PRY,Borsa Italiana,,0.04,IWDA,https://www.ishares.com/uk/individual/en/products/251882/ishares-core-msci-world-ucits-etf-acc-fund/1506575576011.ajax?dataType=fund&fileName=IWDA_holdings&fileType=csv,,high
QAN.AX,QANTAS AIRWAYS LTD,Australia,Industrials,QAN,Asx - All Markets,,0.01,IWDA,https://www.ishares.com/uk/individual/en/products/251882/ishares-core-msci-world-ucits-etf-acc-fund/1506575576011.ajax?dataType=fund&fileName=IWDA_holdings&fileType=csv,,high
PWR,QUANTA SERVICES INC,United States,Industrials,PWR,New York Stock Exchange Inc.,,0.1,IWDA,https://www.ishares.com/uk/individual/en/products/251882/ishares-core-msci-world-ucits-etf-acc-fund/1506575576011.ajax?dataType=fund&fileName=IWDA_holdings&fileType=csv,,high
RAND.AS,RANDSTAD HOLDING,Netherlands,Industrials,RAND,Euronext Amsterdam,,0.0,IWDA,https://www.ishares.com/uk/individual/en/products/251882/ishares-core-msci-world-ucits-etf-acc-fund/1506575576011.ajax?dataType=fund&fileName=IWDA_holdings&fileType=csv,,high
RAA.DE,RATIONAL AG,Germany,Industrials,RAA,Xetra,,0.0,IWDA,https://www.ishares.com/uk/individual/en/products/251882/ishares-core-msci-world-ucits-etf-acc-fund/1506575576011.ajax?dataType=fund&fileName=IWDA_holdings&fileType=csv,,high
RBA.TO,RB GLOBAL INC,Canada,Industrials,RBA,Toronto Stock Exchange,,0.02,IWDA,https://www.ishares.com/uk/individual/en/products/251882/ishares-core-msci-world-ucits-etf-acc-fund/1506575576011.ajax?dataType=fund&fileName=IWDA_holdings&fileType=csv,,high
REL.L,RELX PLC,United Kingdom,Industrials,REL,London Stock Exchange,,0.08,IWDA,https://www.ishares.com/uk/individual/en/products/251882/ishares-core-msci-world-ucits-etf-acc-fund/1506575576011.ajax?dataType=fund&fileName=IWDA_holdings&fileType=csv,,high
RTO.L,RENTOKIL INITIAL PLC,United Kingdom,Industrials,RTO,London Stock Exchange,,0.02,IWDA,https://www.ishares.com/uk/individual/en/products/251882/ishares-core-msci-world-ucits-etf-acc-fund/1506575576011.ajax?dataType=fund&fileName=IWDA_holdings&fileType=csv,,high
RSG,REPUBLIC SERVICES INC,United States,Industrials,RSG,New York Stock Exchange Inc.,,0.06,IWDA,https://www.ishares.com/uk/individual/en/products/251882/ishares-core-msci-world-ucits-etf-acc-fund/1506575576011.ajax?dataType=fund&fileName=IWDA_holdings&fileType=csv,,high
RXL.PA,REXEL SA,France,Industrials,RXL,Nyse Euronext - Euronext Paris,,0.01,IWDA,https://www.ishares.com/uk/individual/en/products/251882/ishares-core-msci-world-ucits-etf-acc-fund/1506575576011.ajax?dataType=fund&fileName=IWDA_holdings&fileType=csv,,high
RHM.DE,RHEINMETALL AG,Germany,Industrials,RHM,Xetra,,0.11,IWDA,https://www.ishares.com/uk/individual/en/products/251882/ishares-core-msci-world-ucits-etf-acc-fund/1506575576011.ajax?dataType=fund&fileName=IWDA_holdings&fileType=csv,,high
RKLB,ROCKET LAB CORP,United States,Industrials,RKLB,NASDAQ,,0.04,IWDA,https://www.ishares.com/uk/individual/en/products/251882/ishares-core-msci-world-ucits-etf-acc-fund/1506575576011.ajax?dataType=fund&fileName=IWDA_holdings&fileType=csv,,high
ROK,ROCKWELL AUTOMATION INC,United States,Industrials,ROK,New York Stock Exchange Inc.,,0.05,IWDA,https://www.ishares.com/uk/individual/en/products/251882/ishares-core-msci-world-ucits-etf-acc-fund/1506575576011.ajax?dataType=fund&fileName=IWDA_holdings&fileType=csv,,high
ROCK-B.CO,ROCKWOOL CLASS B,Denmark,Industrials,ROCK B,Omx Nordic Exchange Copenhagen A/S,,0.0,IWDA,https://www.ishares.com/uk/individual/en/products/251882/ishares-core-msci-world-ucits-etf-acc-fund/1506575576011.ajax?dataType=fund&fileName=IWDA_holdings&fileType=csv,,med
ROL,ROLLINS INC,United States,Industrials,ROL,New York Stock Exchange Inc.,,0.02,IWDA,https://www.ishares.com/uk/individual/en/products/251882/ishares-core-msci-world-ucits-etf-acc-fund/1506575576011.ajax?dataType=fund&fileName=IWDA_holdings&fileType=csv,,high
RR.L,ROLLS-ROYCE HOLDINGS PLC,United Kingdom,Industrials,RR.,London Stock Exchange,,0.17,IWDA,https://www.ishares.com/uk/individual/en/products/251882/ishares-core-msci-world-ucits-etf-acc-fund/1506575576011.ajax?dataType=fund&fileName=IWDA_holdings&fileType=csv,,high
RTX,RTX CORP,United States,Industrials,RTX,New York Stock Exchange Inc.,,0.34,IWDA,https://www.ishares.com/uk/individual/en/products/251882/ishares-core-msci-world-ucits-etf-acc-fund/1506575576011.ajax?dataType=fund&fileName=IWDA_holdings&fileType=csv,,high
RYA.IR,RYANAIR HOLDINGS PLC,Ireland,Industrials,RYA,Irish Stock Exchange - All Market,,0.03,IWDA,https://www.ishares.com/uk/individual/en/products/251882/ishares-core-msci-world-ucits-etf-acc-fund/1506575576011.ajax?dataType=fund&fileName=IWDA_holdings&fileType=csv,,low
SAAB-B.ST,SAAB CLASS B,Sweden,Industrials,SAAB B,Nasdaq Omx Nordic,,0.03,IWDA,https://www.ishares.com/uk/individual/en/products/251882/ishares-core-msci-world-ucits-etf-acc-fund/1506575576011.ajax?dataType=fund&fileName=IWDA_holdings&fileType=csv,,med
SAF.PA,SAFRAN SA,France,Industrials,SAF,Nyse Euronext - Euronext Paris,,0.16,IWDA,https://www.ishares.com/uk/individual/en/products/251882/ishares-core-msci-world-ucits-etf-acc-fund/1506575576011.ajax?dataType=fund&fileName=IWDA_holdings&fileType=csv,,high
SAND.ST,SANDVIK,Sweden,Industrials,SAND,Nasdaq Omx Nordic,,0.05,IWDA,https://www.ishares.com/uk/individual/en/products/251882/ishares-core-msci-world-ucits-etf-acc-fund/1506575576011.ajax?dataType=fund&fileName=IWDA_holdings&fileType=csv,,med
SCHN.SW,SCHINDLER HOLDING AG,Switzerland,Industrials,SCHN,SIX Swiss Exchange,,0.01,IWDA,https://www.ishares.com/uk/individual/en/products/251882/ishares-core-msci-world-ucits-etf-acc-fund/1506575576011.ajax?dataType=fund&fileName=IWDA_holdings&fileType=csv,,med
SCHP.SW,SCHINDLER HOLDING PAR AG,Switzerland,Industrials,SCHP,SIX Swiss Exchange,,0.02,IWDA,https://www.ishares.com/uk/individual/en/products/251882/ishares-core-msci-world-ucits-etf-acc-fund/1506575576011.ajax?dataType=fund&fileName=IWDA_holdings&fileType=csv,,med
SU.PA,SCHNEIDER ELECTRIC,France,Industrials,SU,Nyse Euronext - Euronext Paris,,0.19,IWDA,https://www.ishares.com/uk/individual/en/products/251882/ishares-core-msci-world-ucits-etf-acc-fund/1506575576011.ajax?dataType=fund&fileName=IWDA_holdings&fileType=csv,,high
SECU-B.ST,SECURITAS B,Sweden,Industrials,SECU B,Nasdaq Omx Nordic,,0.01,IWDA,https://www.ishares.com/uk/individual/en/products/251882/ishares-core-msci-world-ucits-etf-acc-fund/1506575576011.ajax?dataType=fund&fileName=IWDA_holdings&fileType=csv,,med
SGH.AX,SGH LTD,Australia,Industrials,SGH,Asx - All Markets,,0.01,IWDA,https://www.ishares.com/uk/individual/en/products/251882/ishares-core-msci-world-ucits-etf-acc-fund/1506575576011.ajax?dataType=fund&fileName=IWDA_holdings&fileType=csv,,high
SGSN.SW,SGS SA,Switzerland,Industrials,SGSN,SIX Swiss Exchange,,0.02,IWDA,https://www.ishares.com/uk/individual/en/products/251882/ishares-core-msci-world-ucits-etf-acc-fund/1506575576011.ajax?dataType=fund&fileName=IWDA_holdings&fileType=csv,,med
ENR.DE,SIEMENS ENERGY N AG,Germany,Industrials,ENR,Xetra,,0.16,IWDA,https://www.ishares.com/uk/individual/en/products/251882/ishares-core-msci-world-ucits-etf-acc-fund/1506575576011.ajax?dataType=fund&fileName=IWDA_holdings&fileType=csv,,high
SIE.DE,SIEMENS N AG,Germany,Industrials,SIE,Xetra,,0.23,IWDA,https://www.ishares.com/uk/individual/en/products/251882/ishares-core-msci-world-ucits-etf-acc-fund/1506575576011.ajax?dataType=fund&fileName=IWDA_holdings&fileType=csv,,high
C6L.SI,SINGAPORE AIRLINES LTD,Singapore,Industrials,C6L,Singapore Exchange,,0.01,IWDA,https://www.ishares.com/uk/individual/en/products/251882/ishares-core-msci-world-ucits-etf-acc-fund/1506575576011.ajax?dataType=fund&fileName=IWDA_holdings&fileType=csv,,high
S63.SI,SINGAPORE TECHNOLOGIES ENGINEERING,Singapore,Industrials,S63,Singapore Exchange,,0.02,IWDA,https://www.ishares.com/uk/individual/en/products/251882/ishares-core-msci-world-ucits-etf-acc-fund/1506575576011.ajax?dataType=fund&fileName=IWDA_holdings&fileType=csv,,high
SKA-B.ST,SKANSKA B,Sweden,Industrials,SKA B,Nasdaq Omx Nordic,,0.01,IWDA,https://www.ishares.com/uk/individual/en/products/251882/ishares-core-msci-world-ucits-etf-acc-fund/1506575576011.ajax?dataType=fund&fileName=IWDA_holdings&fileType=csv,,med
SKF-B.ST,SKF B,Sweden,Industrials,SKF B,Nasdaq Omx Nordic,,0.01,IWDA,https://www.ishares.com/uk/individual/en/products/251882/ishares-core-msci-world-ucits-etf-acc-fund/1506575576011.ajax?dataType=fund&fileName=IWDA_holdings&fileType=csv,,med
SMIN.L,SMITHS GROUP PLC,United Kingdom,Industrials,SMIN,London Stock Exchange,,0.01,IWDA,https://www.ishares.com/uk/individual/en/products/251882/ishares-core-msci-world-ucits-etf-acc-fund/1506575576011.ajax?dataType=fund&fileName=IWDA_holdings&fileType=csv,,high
SNA,SNAP ON INC,United States,Industrials,SNA,New York Stock Exchange Inc.,,0.02,IWDA,https://www.ishares.com/uk/individual/en/products/251882/ishares-core-msci-world-ucits-etf-acc-fund/1506575576011.ajax?dataType=fund&fileName=IWDA_holdings&fileType=csv,,high
SPX.L,SPIRAX GROUP PLC,United Kingdom,Industrials,SPX,London Stock Exchange,,0.01,IWDA,https://www.ishares.com/uk/individual/en/products/251882/ishares-core-msci-world-ucits-etf-acc-fund/1506575576011.ajax?dataType=fund&fileName=IWDA_holdings&fileType=csv,,high
SSNC,SS AND C TECHNOLOGIES HOLDINGS INC,United States,Industrials,SSNC,NASDAQ,,0.02,IWDA,https://www.ishares.com/uk/individual/en/products/251882/ishares-core-msci-world-ucits-etf-acc-fund/1506575576011.ajax?dataType=fund&fileName=IWDA_holdings&fileType=csv,,high
STN.TO,STANTEC INC,Canada,Industrials,STN,Toronto Stock Exchange,,0.01,IWDA,https://www.ishares.com/uk/individual/en/products/251882/ishares-core-msci-world-ucits-etf-acc-fund/1506575576011.ajax?dataType=fund&fileName=IWDA_holdings&fileType=csv,,high
SUNB.L,SUNBELT RENTALS HOLDINGS INC,United Kingdom,Industrials,SUNB,London Stock Exchange,,0.04,IWDA,https://www.ishares.com/uk/individual/en/products/251882/ishares-core-msci-world-ucits-etf-acc-fund/1506575576011.ajax?dataType=fund&fileName=IWDA_holdings&fileType=csv,,high
TXT,TEXTRON INC,United States,Industrials,TXT,New York Stock Exchange Inc.,,0.02,IWDA,https://www.ishares.com/uk/individual/en/products/251882/ishares-core-msci-world-ucits-etf-acc-fund/1506575576011.ajax?dataType=fund&fileName=IWDA_holdings&fileType=csv,,high
TFII.TO,TFI INTERNATIONAL INC,Canada,Industrials,TFII,Toronto Stock Exchange,,0.01,IWDA,https://www.ishares.com/uk/individual/en/products/251882/ishares-core-msci-world-ucits-etf-acc-fund/1506575576011.ajax?dataType=fund&fileName=IWDA_holdings&fileType=csv,,high
HO.PA,THALES SA,France,Industrials,HO,Nyse Euronext - Euronext Paris,,0.04,IWDA,https://www.ishares.com/uk/individual/en/products/251882/ishares-core-msci-world-ucits-etf-acc-fund/1506575576011.ajax?dataType=fund&fileName=IWDA_holdings&fileType=csv,,high
TRI.TO,THOMSON REUTERS CORP,Canada,Industrials,TRI,Toronto Stock Exchange,,0.02,IWDA,https://www.ishares.com/uk/individual/en/products/251882/ishares-core-msci-world-ucits-etf-acc-fund/1506575576011.ajax?dataType=fund&fileName=IWDA_holdings&fileType=csv,,high
TIH.TO,TOROMONT INDUSTRIES LTD,Canada,Industrials,TIH,Toronto Stock Exchange,,0.01,IWDA,https://www.ishares.com/uk/individual/en/products/251882/ishares-core-msci-world-ucits-etf-acc-fund/1506575576011.ajax?dataType=fund&fileName=IWDA_holdings&fileType=csv,,high
TT,TRANE TECHNOLOGIES PLC,United States,Industrials,TT,New York Stock Exchange Inc.,,0.11,IWDA,https://www.ishares.com/uk/individual/en/products/251882/ishares-core-msci-world-ucits-etf-acc-fund/1506575576011.ajax?dataType=fund&fileName=IWDA_holdings&fileType=csv,,high
TDG,TRANSDIGM GROUP INC,United States,Industrials,TDG,New York Stock Exchange Inc.,,0.08,IWDA,https://www.ishares.com/uk/individual/en/products/251882/ishares-core-msci-world-ucits-etf-acc-fund/1506575576011.ajax?dataType=fund&fileName=IWDA_holdings&fileType=csv,,high
TRU,TRANSUNION,United States,Industrials,TRU,New York Stock Exchange Inc.,,0.02,IWDA,https://www.ishares.com/uk/individual/en/products/251882/ishares-core-msci-world-ucits-etf-acc-fund/1506575576011.ajax?dataType=fund&fileName=IWDA_holdings&fileType=csv,,high
TCL.AX,TRANSURBAN GROUP STAPLED UNITS,Australia,Industrials,TCL,Asx - All Markets,,0.04,IWDA,https://www.ishares.com/uk/individual/en/products/251882/ishares-core-msci-world-ucits-etf-acc-fund/1506575576011.ajax?dataType=fund&fileName=IWDA_holdings&fileType=csv,,high
TREL-B.ST,TRELLEBORG B,Sweden,Industrials,TREL B,Nasdaq Omx Nordic,,0.01,IWDA,https://www.ishares.com/uk/individual/en/products/251882/ishares-core-msci-world-ucits-etf-acc-fund/1506575576011.ajax?dataType=fund&fileName=IWDA_holdings&fileType=csv,,med
UBER,UBER TECHNOLOGIES INC,United States,Industrials,UBER,New York Stock Exchange Inc.,,0.18,IWDA,https://www.ishares.com/uk/individual/en/products/251882/ishares-core-msci-world-ucits-etf-acc-fund/1506575576011.ajax?dataType=fund&fileName=IWDA_holdings&fileType=csv,,high
UNP,UNION PACIFIC CORP,United States,Industrials,UNP,New York Stock Exchange Inc.,,0.18,IWDA,https://www.ishares.com/uk/individual/en/products/251882/ishares-core-msci-world-ucits-etf-acc-fund/1506575576011.ajax?dataType=fund&fileName=IWDA_holdings&fileType=csv,,high
UAL,UNITED AIRLINES HOLDINGS INC,United States,Industrials,UAL,NASDAQ,,0.01,IWDA,https://www.ishares.com/uk/individual/en/products/251882/ishares-core-msci-world-ucits-etf-acc-fund/1506575576011.ajax?dataType=fund&fileName=IWDA_holdings&fileType=csv,,high
UPS,UNITED PARCEL SERVICE INC CLASS B,United States,Industrials,UPS,New York Stock Exchange Inc.,,0.09,IWDA,https://www.ishares.com/uk/individual/en/products/251882/ishares-core-msci-world-ucits-etf-acc-fund/1506575576011.ajax?dataType=fund&fileName=IWDA_holdings&fileType=csv,,high
URI,UNITED RENTALS INC,United States,Industrials,URI,New York Stock Exchange Inc.,,0.06,IWDA,https://www.ishares.com/uk/individual/en/products/251882/ishares-core-msci-world-ucits-etf-acc-fund/1506575576011.ajax?dataType=fund&fileName=IWDA_holdings&fileType=csv,,high
VACN.SW,VAT GROUP AG,Switzerland,Industrials,VACN,SIX Swiss Exchange,,0.02,IWDA,https://www.ishares.com/uk/individual/en/products/251882/ishares-core-msci-world-ucits-etf-acc-fund/1506575576011.ajax?dataType=fund&fileName=IWDA_holdings&fileType=csv,,med
VLTO,VERALTO CORP,United States,Industrials,VLTO,New York Stock Exchange Inc.,,0.03,IWDA,https://www.ishares.com/uk/individual/en/products/251882/ishares-core-msci-world-ucits-etf-acc-fund/1506575576011.ajax?dataType=fund&fileName=IWDA_holdings&fileType=csv,,high
VRSK,VERISK ANALYTICS INC,United States,Industrials,VRSK,NASDAQ,,0.04,IWDA,https://www.ishares.com/uk/individual/en/products/251882/ishares-core-msci-world-ucits-etf-acc-fund/1506575576011.ajax?dataType=fund&fileName=IWDA_holdings&fileType=csv,,high
VRT,VERTIV HOLDINGS CLASS A,United States,Industrials,VRT,New York Stock Exchange Inc.,,0.12,IWDA,https://www.ishares.com/uk/individual/en/products/251882/ishares-core-msci-world-ucits-etf-acc-fund/1506575576011.ajax?dataType=fund&fileName=IWDA_holdings&fileType=csv,,high
VWS.CO,VESTAS WIND SYSTEMS,Denmark,Industrials,VWS,Omx Nordic Exchange Copenhagen A/S,,0.03,IWDA,https://www.ishares.com/uk/individual/en/products/251882/ishares-core-msci-world-ucits-etf-acc-fund/1506575576011.ajax?dataType=fund&fileName=IWDA_holdings&fileType=csv,,med
DG.PA,VINCI SA,France,Industrials,DG,Nyse Euronext - Euronext Paris,,0.09,IWDA,https://www.ishares.com/uk/individual/en/products/251882/ishares-core-msci-world-ucits-etf-acc-fund/1506575576011.ajax?dataType=fund&fileName=IWDA_holdings&fileType=csv,,high
VOLV-B.ST,VOLVO CLASS B,Sweden,Industrials,VOLV B,Nasdaq Omx Nordic,,0.07,IWDA,https://www.ishares.com/uk/individual/en/products/251882/ishares-core-msci-world-ucits-etf-acc-fund/1506575576011.ajax?dataType=fund&fileName=IWDA_holdings&fileType=csv,,med
WRT1V.HE,WARTSILA,Finland,Industrials,WRT1V,Nasdaq Omx Helsinki Ltd.,,0.02,IWDA,https://www.ishares.com/uk/individual/en/products/251882/ishares-core-msci-world-ucits-etf-acc-fund/1506575576011.ajax?dataType=fund&fileName=IWDA_holdings&fileType=csv,,med
WCN,WASTE CONNECTIONS INC,United States,Industrials,WCN,New York Stock Exchange Inc.,,0.05,IWDA,https://www.ishares.com/uk/individual/en/products/251882/ishares-core-msci-world-ucits-etf-acc-fund/1506575576011.ajax?dataType=fund&fileName=IWDA_holdings&fileType=csv,,high
WM,WASTE MANAGEMENT INC,United States,Industrials,WM,New York Stock Exchange Inc.,,0.12,IWDA,https://www.ishares.com/uk/individual/en/products/251882/ishares-core-msci-world-ucits-etf-acc-fund/1506575576011.ajax?dataType=fund&fileName=IWDA_holdings&fileType=csv,,high
WSO,WATSCO INC,United States,Industrials,WSO,New York Stock Exchange Inc.,,0.02,IWDA,https://www.ishares.com/uk/individual/en/products/251882/ishares-core-msci-world-ucits-etf-acc-fund/1506575576011.ajax?dataType=fund&fileName=IWDA_holdings&fileType=csv,,high
WAB,WESTINGHOUSE AIR BRAKE TECHNOLOGIE,United States,Industrials,WAB,New York Stock Exchange Inc.,,0.05,IWDA,https://www.ishares.com/uk/individual/en/products/251882/ishares-core-msci-world-ucits-etf-acc-fund/1506575576011.ajax?dataType=fund&fileName=IWDA_holdings&fileType=csv,,high
WKL.AS,WOLTERS KLUWER NV,Netherlands,Industrials,WKL,Euronext Amsterdam,,0.02,IWDA,https://www.ishares.com/uk/individual/en/products/251882/ishares-core-msci-world-ucits-etf-acc-fund/1506575576011.ajax?dataType=fund&fileName=IWDA_holdings&fileType=csv,,high
WSP.TO,WSP GLOBAL INC,Canada,Industrials,WSP,Toronto Stock Exchange,,0.03,IWDA,https://www.ishares.com/uk/individual/en/products/251882/ishares-core-msci-world-ucits-etf-acc-fund/1506575576011.ajax?dataType=fund&fileName=IWDA_holdings&fileType=csv,,high
GWW,WW GRAINGER INC,United States,Industrials,GWW,New York Stock Exchange Inc.,,0.06,IWDA,https://www.ishares.com/uk/individual/en/products/251882/ishares-core-msci-world-ucits-etf-acc-fund/1506575576011.ajax?dataType=fund&fileName=IWDA_holdings&fileType=csv,,high
XYL,XYLEM INC,United States,Industrials,XYL,New York Stock Exchange Inc.,,0.03,IWDA,https://www.ishares.com/uk/individual/en/products/251882/ishares-core-msci-world-ucits-etf-acc-fund/1506575576011.ajax?dataType=fund&fileName=IWDA_holdings&fileType=csv,,high
BS6.SI,YANGZIJIANG SHIPBUILDING (HOLDINGS,Singapore,Industrials,BS6,Singapore Exchange,,0.01,IWDA,https://www.ishares.com/uk/individual/en/products/251882/ishares-core-msci-world-ucits-etf-acc-fund/1506575576011.ajax?dataType=fund&fileName=IWDA_holdings&fileType=csv,,high
ACN,ACCENTURE PLC CLASS A,United States,Information Technology,ACN,New York Stock Exchange Inc.,,0.15,IWDA,https://www.ishares.com/uk/individual/en/products/251882/ishares-core-msci-world-ucits-etf-acc-fund/1506575576011.ajax?dataType=fund&fileName=IWDA_holdings&fileType=csv,,high
ADBE,ADOBE INC,United States,Information Technology,ADBE,NASDAQ,,0.14,IWDA,https://www.ishares.com/uk/individual/en/products/251882/ishares-core-msci-world-ucits-etf-acc-fund/1506575576011.ajax?dataType=fund&fileName=IWDA_holdings&fileType=csv,,high
AMD,ADVANCED MICRO DEVICES INC,United States,Information Technology,AMD,NASDAQ,,0.4,IWDA,https://www.ishares.com/uk/individual/en/products/251882/ishares-core-msci-world-ucits-etf-acc-fund/1506575576011.ajax?dataType=fund&fileName=IWDA_holdings&fileType=csv,,high
APH,AMPHENOL CORP CLASS A,United States,Information Technology,APH,New York Stock Exchange Inc.,,0.2,IWDA,https://www.ishares.com/uk/individual/en/products/251882/ishares-core-msci-world-ucits-etf-acc-fund/1506575576011.ajax?dataType=fund&fileName=IWDA_holdings&fileType=csv,,high
ADI,ANALOG DEVICES INC,United States,Information Technology,ADI,NASDAQ,,0.19,IWDA,https://www.ishares.com/uk/individual/en/products/251882/ishares-core-msci-world-ucits-etf-acc-fund/1506575576011.ajax?dataType=fund&fileName=IWDA_holdings&fileType=csv,,high
AAPL,APPLE INC,United States,Information Technology,AAPL,NASDAQ,,4.61,IWDA,https://www.ishares.com/uk/individual/en/products/251882/ishares-core-msci-world-ucits-etf-acc-fund/1506575576011.ajax?dataType=fund&fileName=IWDA_holdings&fileType=csv,,high
AMAT,APPLIED MATERIAL INC,United States,Information Technology,AMAT,NASDAQ,,0.32,IWDA,https://www.ishares.com/uk/individual/en/products/251882/ishares-core-msci-world-ucits-etf-acc-fund/1506575576011.ajax?dataType=fund&fileName=IWDA_holdings&fileType=csv,,high
APP,APPLOVIN CORP CLASS A,United States,Information Technology,APP,NASDAQ,,0.14,IWDA,https://www.ishares.com/uk/individual/en/products/251882/ishares-core-msci-world-ucits-etf-acc-fund/1506575576011.ajax?dataType=fund&fileName=IWDA_holdings&fileType=csv,,high
ANET,ARISTA NETWORKS INC,United States,Information Technology,ANET,New York Stock Exchange Inc.,,0.18,IWDA,https://www.ishares.com/uk/individual/en/products/251882/ishares-core-msci-world-ucits-etf-acc-fund/1506575576011.ajax?dataType=fund&fileName=IWDA_holdings&fileType=csv,,high
ASM.AS,ASM INTERNATIONAL NV,Netherlands,Information Technology,ASM,Euronext Amsterdam,,0.05,IWDA,https://www.ishares.com/uk/individual/en/products/251882/ishares-core-msci-world-ucits-etf-acc-fund/1506575576011.ajax?dataType=fund&fileName=IWDA_holdings&fileType=csv,,high
ASML.AS,ASML HOLDING NV,Netherlands,Information Technology,ASML,Euronext Amsterdam,,0.63,IWDA,https://www.ishares.com/uk/individual/en/products/251882/ishares-core-msci-world-ucits-etf-acc-fund/1506575576011.ajax?dataType=fund&fileName=IWDA_holdings&fileType=csv,,high
ALAB,ASTERA LABS INC,United States,Information Technology,ALAB,NASDAQ,,0.02,IWDA,https://www.ishares.com/uk/individual/en/products/251882/ishares-core-msci-world-ucits-etf-acc-fund/1506575576011.ajax?dataType=fund&fileName=IWDA_holdings&fileType=csv,,high
TEAM,ATLASSIAN CORP CLASS A,United States,Information Technology,TEAM,NASDAQ,,0.02,IWDA,https://www.ishares.com/uk/individual/en/products/251882/ishares-core-msci-world-ucits-etf-acc-fund/1506575576011.ajax?dataType=fund&fileName=IWDA_holdings&fileType=csv,,high
ADSK,AUTODESK INC,United States,Information Technology,ADSK,NASDAQ,,0.07,IWDA,https://www.ishares.com/uk/individual/en/products/251882/ishares-core-msci-world-ucits-etf-acc-fund/1506575576011.ajax?dataType=fund&fileName=IWDA_holdings&fileType=csv,,high
BESI.AS,BE SEMICONDUCTOR INDUSTRIES NV,Netherlands,Information Technology,BESI,Euronext Amsterdam,,0.02,IWDA,https://www.ishares.com/uk/individual/en/products/251882/ishares-core-msci-world-ucits-etf-acc-fund/1506575576011.ajax?dataType=fund&fileName=IWDA_holdings&fileType=csv,,high
AVGO,BROADCOM INC,United States,Information Technology,AVGO,NASDAQ,,1.88,IWDA,https://www.ishares.com/uk/individual/en/products/251882/ishares-core-msci-world-ucits-etf-acc-fund/1506575576011.ajax?dataType=fund&fileName=IWDA_holdings&fileType=csv,,high
CDNS,CADENCE DESIGN SYSTEMS INC,United States,Information Technology,CDNS,NASDAQ,,0.1,IWDA,https://www.ishares.com/uk/individual/en/products/251882/ishares-core-msci-world-ucits-etf-acc-fund/1506575576011.ajax?dataType=fund&fileName=IWDA_holdings&fileType=csv,,high
CAP.PA,CAPGEMINI,France,Information Technology,CAP,Nyse Euronext - Euronext Paris,,0.02,IWDA,https://www.ishares.com/uk/individual/en/products/251882/ishares-core-msci-world-ucits-etf-acc-fund/1506575576011.ajax?dataType=fund&fileName=IWDA_holdings&fileType=csv,,high
CDW,CDW CORP,United States,Information Technology,CDW,NASDAQ,,0.02,IWDA,https://www.ishares.com/uk/individual/en/products/251882/ishares-core-msci-world-ucits-etf-acc-fund/1506575576011.ajax?dataType=fund&fileName=IWDA_holdings&fileType=csv,,high
CLS.TO,CELESTICA INC,Canada,Information Technology,CLS,Toronto Stock Exchange,,0.04,IWDA,https://www.ishares.com/uk/individual/en/products/251882/ishares-core-msci-world-ucits-etf-acc-fund/1506575576011.ajax?dataType=fund&fileName=IWDA_holdings&fileType=csv,,high
GIB-A.TO,CGI INC CLASS A,Canada,Information Technology,GIB.A,Toronto Stock Exchange,,0.02,IWDA,https://www.ishares.com/uk/individual/en/products/251882/ishares-core-msci-world-ucits-etf-acc-fund/1506575576011.ajax?dataType=fund&fileName=IWDA_holdings&fileType=csv,,high
CHKP,CHECK POINT SOFTWARE TECHNOLOGIES,Israel,Information Technology,CHKP,NASDAQ,,0.02,IWDA,https://www.ishares.com/uk/individual/en/products/251882/ishares-core-msci-world-ucits-etf-acc-fund/1506575576011.ajax?dataType=fund&fileName=IWDA_holdings&fileType=csv,,high
CIEN,CIENA CORP,United States,Information Technology,CIEN,New York Stock Exchange Inc.,,0.05,IWDA,https://www.ishares.com/uk/individual/en/products/251882/ishares-core-msci-world-ucits-etf-acc-fund/1506575576011.ajax?dataType=fund&fileName=IWDA_holdings&fileType=csv,,high
CSCO,CISCO SYSTEMS INC,United States,Information Technology,CSCO,NASDAQ,,0.36,IWDA,https://www.ishares.com/uk/individual/en/products/251882/ishares-core-msci-world-ucits-etf-acc-fund/1506575576011.ajax?dataType=fund&fileName=IWDA_holdings&fileType=csv,,high
NET,CLOUDFLARE INC CLASS A,United States,Information Technology,NET,New York Stock Exchange Inc.,,0.08,IWDA,https://www.ishares.com/uk/individual/en/products/251882/ishares-core-msci-world-ucits-etf-acc-fund/1506575576011.ajax?dataType=fund&fileName=IWDA_holdings&fileType=csv,,high
CTSH,COGNIZANT TECHNOLOGY SOLUTIONS COR,United States,Information Technology,CTSH,NASDAQ,,0.04,IWDA,https://www.ishares.com/uk/individual/en/products/251882/ishares-core-msci-world-ucits-etf-acc-fund/1506575576011.ajax?dataType=fund&fileName=IWDA_holdings&fileType=csv,,high
COHR,COHERENT CORP,United States,Information Technology,COHR,New York Stock Exchange Inc.,,0.05,IWDA,https://www.ishares.com/uk/individual/en/products/251882/ishares-core-msci-world-ucits-etf-acc-fund/1506575576011.ajax?dataType=fund&fileName=IWDA_holdings&fileType=csv,,high
CSU.TO,CONSTELLATION SOFTWARE INC,Canada,Information Technology,CSU,Toronto Stock Exchange,,0.05,IWDA,https://www.ishares.com/uk/individual/en/products/251882/ishares-core-msci-world-ucits-etf-acc-fund/1506575576011.ajax?dataType=fund&fileName=IWDA_holdings&fileType=csv,,high
CRWV,COREWEAVE INC CLASS A,United States,Information Technology,CRWV,NASDAQ,,0.02,IWDA,https://www.ishares.com/uk/individual/en/products/251882/ishares-core-msci-world-ucits-etf-acc-fund/1506575576011.ajax?dataType=fund&fileName=IWDA_holdings&fileType=csv,,high
GLW,CORNING INC,United States,Information Technology,GLW,New York Stock Exchange Inc.,,0.13,IWDA,https://www.ishares.com/uk/individual/en/products/251882/ishares-core-msci-world-ucits-etf-acc-fund/1506575576011.ajax?dataType=fund&fileName=IWDA_holdings&fileType=csv,,high
CRDO,CREDO TECHNOLOGY GROUP HOLDING LTD,United States,Information Technology,CRDO,NASDAQ,,0.02,IWDA,https://www.ishares.com/uk/individual/en/products/251882/ishares-core-msci-world-ucits-etf-acc-fund/1506575576011.ajax?dataType=fund&fileName=IWDA_holdings&fileType=csv,,high
CRWD,CROWDSTRIKE HOLDINGS INC CLASS A,United States,Information Technology,CRWD,NASDAQ,,0.13,IWDA,https://www.ishares.com/uk/individual/en/products/251882/ishares-core-msci-world-ucits-etf-acc-fund/1506575576011.ajax?dataType=fund&fileName=IWDA_holdings&fileType=csv,,high
DSY.PA,DASSAULT SYSTEMES,France,Information Technology,DSY,Nyse Euronext - Euronext Paris,,0.02,IWDA,https://www.ishares.com/uk/individual/en/products/251882/ishares-core-msci-world-ucits-etf-acc-fund/1506575576011.ajax?dataType=fund&fileName=IWDA_holdings&fileType=csv,,high
DDOG,DATADOG INC CLASS A,United States,Information Technology,DDOG,NASDAQ,,0.05,IWDA,https://www.ishares.com/uk/individual/en/products/251882/ishares-core-msci-world-ucits-etf-acc-fund/1506575576011.ajax?dataType=fund&fileName=IWDA_holdings&fileType=csv,,high
DELL,DELL TECHNOLOGIES INC CLASS C,United States,Information Technology,DELL,New York Stock Exchange Inc.,,0.06,IWDA,https://www.ishares.com/uk/individual/en/products/251882/ishares-core-msci-world-ucits-etf-acc-fund/1506575576011.ajax?dataType=fund&fileName=IWDA_holdings&fileType=csv,,high
DSG.TO,DESCARTES SYSTEMS GROUP INC,Canada,Information Technology,DSG,Toronto Stock Exchange,,0.01,IWDA,https://www.ishares.com/uk/individual/en/products/251882/ishares-core-msci-world-ucits-etf-acc-fund/1506575576011.ajax?dataType=fund&fileName=IWDA_holdings&fileType=csv,,high
ENTG,ENTEGRIS INC,United States,Information Technology,ENTG,NASDAQ,,0.02,IWDA,https://www.ishares.com/uk/individual/en/products/251882/ishares-core-msci-world-ucits-etf-acc-fund/1506575576011.ajax?dataType=fund&fileName=IWDA_holdings&fileType=csv,,high
ERIC-B.ST,ERICSSON B,Sweden,Information Technology,ERIC B,Nasdaq Omx Nordic,,0.04,IWDA,https://www.ishares.com/uk/individual/en/products/251882/ishares-core-msci-world-ucits-etf-acc-fund/1506575576011.ajax?dataType=fund&fileName=IWDA_holdings&fileType=csv,,med
PSTG,EVERPURE INC CLASS A,United States,Information Technology,PSTG,New York Stock Exchange Inc.,,0.02,IWDA,https://www.ishares.com/uk/individual/en/products/251882/ishares-core-msci-world-ucits-etf-acc-fund/1506575576011.ajax?dataType=fund&fileName=IWDA_holdings&fileType=csv,,high
FFIV,F5 INC,United States,Information Technology,FFIV,NASDAQ,,0.02,IWDA,https://www.ishares.com/uk/individual/en/products/251882/ishares-core-msci-world-ucits-etf-acc-fund/1506575576011.ajax?dataType=fund&fileName=IWDA_holdings&fileType=csv,,high
FICO,FAIR ISAAC CORP,United States,Information Technology,FICO,New York Stock Exchange Inc.,,0.04,IWDA,https://www.ishares.com/uk/individual/en/products/251882/ishares-core-msci-world-ucits-etf-acc-fund/1506575576011.ajax?dataType=fund&fileName=IWDA_holdings&fileType=csv,,high
FSLR,FIRST SOLAR INC,United States,Information Technology,FSLR,NASDAQ,,0.02,IWDA,https://www.ishares.com/uk/individual/en/products/251882/ishares-core-msci-world-ucits-etf-acc-fund/1506575576011.ajax?dataType=fund&fileName=IWDA_holdings&fileType=csv,,high
FLEX,FLEX LTD,United States,Information Technology,FLEX,NASDAQ,,0.03,IWDA,https://www.ishares.com/uk/individual/en/products/251882/ishares-core-msci-world-ucits-etf-acc-fund/1506575576011.ajax?dataType=fund&fileName=IWDA_holdings&fileType=csv,,high
FTNT,FORTINET INC,United States,Information Technology,FTNT,NASDAQ,,0.07,IWDA,https://www.ishares.com/uk/individual/en/products/251882/ishares-core-msci-world-ucits-etf-acc-fund/1506575576011.ajax?dataType=fund&fileName=IWDA_holdings&fileType=csv,,high
IT,GARTNER INC,United States,Information Technology,IT,New York Stock Exchange Inc.,,0.01,IWDA,https://www.ishares.com/uk/individual/en/products/251882/ishares-core-msci-world-ucits-etf-acc-fund/1506575576011.ajax?dataType=fund&fileName=IWDA_holdings&fileType=csv,,high
GEN,GEN DIGITAL INC,United States,Information Technology,GEN,NASDAQ,,0.02,IWDA,https://www.ishares.com/uk/individual/en/products/251882/ishares-core-msci-world-ucits-etf-acc-fund/1506575576011.ajax?dataType=fund&fileName=IWDA_holdings&fileType=csv,,high
GDDY,GODADDY INC CLASS A,United States,Information Technology,GDDY,New York Stock Exchange Inc.,,0.02,IWDA,https://www.ishares.com/uk/individual/en/products/251882/ishares-core-msci-world-ucits-etf-acc-fund/1506575576011.ajax?dataType=fund&fileName=IWDA_holdings&fileType=csv,,high
HLMA.L,HALMA PLC,United Kingdom,Information Technology,HLMA,London Stock Exchange,,0.03,IWDA,https://www.ishares.com/uk/individual/en/products/251882/ishares-core-msci-world-ucits-etf-acc-fund/1506575576011.ajax?dataType=fund&fileName=IWDA_holdings&fileType=csv,,high
HPE,HEWLETT PACKARD ENTERPRISE,United States,Information Technology,HPE,New York Stock Exchange Inc.,,0.04,IWDA,https://www.ishares.com/uk/individual/en/products/251882/ishares-core-msci-world-ucits-etf-acc-fund/1506575576011.ajax?dataType=fund&fileName=IWDA_holdings&fileType=csv,,high
HEXA-B.ST,HEXAGON CLASS B,Sweden,Information Technology,HEXA B,Nasdaq Omx Nordic,,0.03,IWDA,https://www.ishares.com/uk/individual/en/products/251882/ishares-core-msci-world-ucits-etf-acc-fund/1506575576011.ajax?dataType=fund&fileName=IWDA_holdings&fileType=csv,,med
HPQ,HP INC,United States,Information Technology,HPQ,New York Stock Exchange Inc.,,0.02,IWDA,https://www.ishares.com/uk/individual/en/products/251882/ishares-core-msci-world-ucits-etf-acc-fund/1506575576011.ajax?dataType=fund&fileName=IWDA_holdings&fileType=csv,,high
HUBS,HUBSPOT INC,United States,Information Technology,HUBS,New York Stock Exchange Inc.,,0.02,IWDA,https://www.ishares.com/uk/individual/en/products/251882/ishares-core-msci-world-ucits-etf-acc-fund/1506575576011.ajax?dataType=fund&fileName=IWDA_holdings&fileType=csv,,high
IDR.MC,INDRA SISTEMAS SA,Spain,Information Technology,IDR,Bolsa De Madrid,,0.01,IWDA,https://www.ishares.com/uk/individual/en/products/251882/ishares-core-msci-world-ucits-etf-acc-fund/1506575576011.ajax?dataType=fund&fileName=IWDA_holdings&fileType=csv,,high
IFX.DE,INFINEON TECHNOLOGIES AG,Germany,Information Technology,IFX,Xetra,,0.07,IWDA,https://www.ishares.com/uk/individual/en/products/251882/ishares-core-msci-world-ucits-etf-acc-fund/1506575576011.ajax?dataType=fund&fileName=IWDA_holdings&fileType=csv,,high
INTC,INTEL CORPORATION CORP,United States,Information Technology,INTC,NASDAQ,,0.25,IWDA,https://www.ishares.com/uk/individual/en/products/251882/ishares-core-msci-world-ucits-etf-acc-fund/1506575576011.ajax?dataType=fund&fileName=IWDA_holdings&fileType=csv,,high
IBM,INTERNATIONAL BUSINESS MACHINES CO,United States,Information Technology,IBM,New York Stock Exchange Inc.,,0.28,IWDA,https://www.ishares.com/uk/individual/en/products/251882/ishares-core-msci-world-ucits-etf-acc-fund/1506575576011.ajax?dataType=fund&fileName=IWDA_holdings&fileType=csv,,high
INTU,INTUIT INC,United States,Information Technology,INTU,NASDAQ,,0.16,IWDA,https://www.ishares.com/uk/individual/en/products/251882/ishares-core-msci-world-ucits-etf-acc-fund/1506575576011.ajax?dataType=fund&fileName=IWDA_holdings&fileType=csv,,high
IONQ,IONQ INC,United States,Information Technology,IONQ,New York Stock Exchange Inc.,,0.01,IWDA,https://www.ishares.com/uk/individual/en/products/251882/ishares-core-msci-world-ucits-etf-acc-fund/1506575576011.ajax?dataType=fund&fileName=IWDA_holdings&fileType=csv,,high
IREN,IREN LTD,United States,Information Technology,IREN,NASDAQ,,0.02,IWDA,https://www.ishares.com/uk/individual/en/products/251882/ishares-core-msci-world-ucits-etf-acc-fund/1506575576011.ajax?dataType=fund&fileName=IWDA_holdings&fileType=csv,,high
JBL,JABIL INC,United States,Information Technology,JBL,New York Stock Exchange Inc.,,0.03,IWDA,https://www.ishares.com/uk/individual/en/products/251882/ishares-core-msci-world-ucits-etf-acc-fund/1506575576011.ajax?dataType=fund&fileName=IWDA_holdings&fileType=csv,,high
KEYS,KEYSIGHT TECHNOLOGIES INC,United States,Information Technology,KEYS,New York Stock Exchange Inc.,,0.06,IWDA,https://www.ishares.com/uk/individual/en/products/251882/ishares-core-msci-world-ucits-etf-acc-fund/1506575576011.ajax?dataType=fund&fileName=IWDA_holdings&fileType=csv,,high
285A.T,KIOXIA HOLDINGS CORP,Japan,Information Technology,285A,Tokyo Stock Exchange,,0.03,IWDA,https://www.ishares.com/uk/individual/en/products/251882/ishares-core-msci-world-ucits-etf-acc-fund/1506575576011.ajax?dataType=fund&fileName=IWDA_holdings&fileType=csv,,high
KLAC,KLA CORP,United States,Information Technology,KLAC,NASDAQ,,0.23,IWDA,https://www.ishares.com/uk/individual/en/products/251882/ishares-core-msci-world-ucits-etf-acc-fund/1506575576011.ajax?dataType=fund&fileName=IWDA_holdings&fileType=csv,,high
LRCX,LAM RESEARCH CORP,United States,Information Technology,LRCX,NASDAQ,,0.32,IWDA,https://www.ishares.com/uk/individual/en/products/251882/ishares-core-msci-world-ucits-etf-acc-fund/1506575576011.ajax?dataType=fund&fileName=IWDA_holdings&fileType=csv,,high
LOGN.SW,LOGITECH INTERNATIONAL SA,Switzerland,Information Technology,LOGN,SIX Swiss Exchange,,0.02,IWDA,https://www.ishares.com/uk/individual/en/products/251882/ishares-core-msci-world-ucits-etf-acc-fund/1506575576011.ajax?dataType=fund&fileName=IWDA_holdings&fileType=csv,,med
LITE,LUMENTUM HOLDINGS INC,United States,Information Technology,LITE,NASDAQ,,0.05,IWDA,https://www.ishares.com/uk/individual/en/products/251882/ishares-core-msci-world-ucits-etf-acc-fund/1506575576011.ajax?dataType=fund&fileName=IWDA_holdings&fileType=csv,,high
MRVL,MARVELL TECHNOLOGY INC,United States,Information Technology,MRVL,NASDAQ,,0.09,IWDA,https://www.ishares.com/uk/individual/en/products/251882/ishares-core-msci-world-ucits-etf-acc-fund/1506575576011.ajax?dataType=fund&fileName=IWDA_holdings&fileType=csv,,high
MCHP,MICROCHIP TECHNOLOGY INC,United States,Information Technology,MCHP,NASDAQ,,0.04,IWDA,https://www.ishares.com/uk/individual/en/products/251882/ishares-core-msci-world-ucits-etf-acc-fund/1506575576011.ajax?dataType=fund&fileName=IWDA_holdings&fileType=csv,,high
MU,MICRON TECHNOLOGY INC,United States,Information Technology,MU,NASDAQ,,0.52,IWDA,https://www.ishares.com/uk/individual/en/products/251882/ishares-core-msci-world-ucits-etf-acc-fund/1506575576011.ajax?dataType=fund&fileName=IWDA_holdings&fileType=csv,,high
MSFT,MICROSOFT CORP,United States,Information Technology,MSFT,NASDAQ,,3.49,IWDA,https://www.ishares.com/uk/individual/en/products/251882/ishares-core-msci-world-ucits-etf-acc-fund/1506575576011.ajax?dataType=fund&fileName=IWDA_holdings&fileType=csv,,high
MNDY,MONDAYCOM LTD,Israel,Information Technology,MNDY,NASDAQ,,0.0,IWDA,https://www.ishares.com/uk/individual/en/products/251882/ishares-core-msci-world-ucits-etf-acc-fund/1506575576011.ajax?dataType=fund&fileName=IWDA_holdings&fileType=csv,,high
MDB,MONGODB INC CLASS A,United States,Information Technology,MDB,NASDAQ,,0.03,IWDA,https://www.ishares.com/uk/individual/en/products/251882/ishares-core-msci-world-ucits-etf-acc-fund/1506575576011.ajax?dataType=fund&fileName=IWDA_holdings&fileType=csv,,high
MPWR,MONOLITHIC POWER SYSTEMS INC,United States,Information Technology,MPWR,NASDAQ,,0.06,IWDA,https://www.ishares.com/uk/individual/en/products/251882/ishares-core-msci-world-ucits-etf-acc-fund/1506575576011.ajax?dataType=fund&fileName=IWDA_holdings&fileType=csv,,high
MSI,MOTOROLA SOLUTIONS INC,United States,Information Technology,MSI,New York Stock Exchange Inc.,,0.09,IWDA,https://www.ishares.com/uk/individual/en/products/251882/ishares-core-msci-world-ucits-etf-acc-fund/1506575576011.ajax?dataType=fund&fileName=IWDA_holdings&fileType=csv,,high
NBIS,NEBIUS NV CLASS A,Netherlands,Information Technology,NBIS,NASDAQ,,0.02,IWDA,https://www.ishares.com/uk/individual/en/products/251882/ishares-core-msci-world-ucits-etf-acc-fund/1506575576011.ajax?dataType=fund&fileName=IWDA_holdings&fileType=csv,,high
NEM.DE,NEMETSCHEK,Germany,Information Technology,NEM,Xetra,,0.01,IWDA,https://www.ishares.com/uk/individual/en/products/251882/ishares-core-msci-world-ucits-etf-acc-fund/1506575576011.ajax?dataType=fund&fileName=IWDA_holdings&fileType=csv,,high
NTAP,NETAPP INC,United States,Information Technology,NTAP,NASDAQ,,0.02,IWDA,https://www.ishares.com/uk/individual/en/products/251882/ishares-core-msci-world-ucits-etf-acc-fund/1506575576011.ajax?dataType=fund&fileName=IWDA_holdings&fileType=csv,,high
NICE.TA,NICE LTD,Israel,Information Technology,NICE,Tel Aviv Stock Exchange,,0.01,IWDA,https://www.ishares.com/uk/individual/en/products/251882/ishares-core-msci-world-ucits-etf-acc-fund/1506575576011.ajax?dataType=fund&fileName=IWDA_holdings&fileType=csv,,high
NOKIA.HE,NOKIA,Finland,Information Technology,NOKIA,Nasdaq Omx Helsinki Ltd.,,0.05,IWDA,https://www.ishares.com/uk/individual/en/products/251882/ishares-core-msci-world-ucits-etf-acc-fund/1506575576011.ajax?dataType=fund&fileName=IWDA_holdings&fileType=csv,,med
NVMI.TA,NOVA LTD,Israel,Information Technology,NVMI,Tel Aviv Stock Exchange,,0.01,IWDA,https://www.ishares.com/uk/individual/en/products/251882/ishares-core-msci-world-ucits-etf-acc-fund/1506575576011.ajax?dataType=fund&fileName=IWDA_holdings&fileType=csv,,high
NVDA,NVIDIA CORP,United States,Information Technology,NVDA,NASDAQ,,5.36,IWDA,https://www.ishares.com/uk/individual/en/products/251882/ishares-core-msci-world-ucits-etf-acc-fund/1506575576011.ajax?dataType=fund&fileName=IWDA_holdings&fileType=csv,,high
NXPI,NXP SEMICONDUCTORS NV,United States,Information Technology,NXPI,NASDAQ,,0.06,IWDA,https://www.ishares.com/uk/individual/en/products/251882/ishares-core-msci-world-ucits-etf-acc-fund/1506575576011.ajax?dataType=fund&fileName=IWDA_holdings&fileType=csv,,high
OKTA,OKTA INC CLASS A,United States,Information Technology,OKTA,NASDAQ,,0.02,IWDA,https://www.ishares.com/uk/individual/en/products/251882/ishares-core-msci-world-ucits-etf-acc-fund/1506575576011.ajax?dataType=fund&fileName=IWDA_holdings&fileType=csv,,high
ON,ON SEMICONDUCTOR CORP,United States,Information Technology,ON,NASDAQ,,0.03,IWDA,https://www.ishares.com/uk/individual/en/products/251882/ishares-core-msci-world-ucits-etf-acc-fund/1506575576011.ajax?dataType=fund&fileName=IWDA_holdings&fileType=csv,,high
OTEX.TO,OPEN TEXT CORP,Canada,Information Technology,OTEX,Toronto Stock Exchange,,0.01,IWDA,https://www.ishares.com/uk/individual/en/products/251882/ishares-core-msci-world-ucits-etf-acc-fund/1506575576011.ajax?dataType=fund&fileName=IWDA_holdings&fileType=csv,,high
ORCL,ORACLE CORP,United States,Information Technology,ORCL,New York Stock Exchange Inc.,,0.31,IWDA,https://www.ishares.com/uk/individual/en/products/251882/ishares-core-msci-world-ucits-etf-acc-fund/1506575576011.ajax?dataType=fund&fileName=IWDA_holdings&fileType=csv,,high
PLTR,PALANTIR TECHNOLOGIES INC CLASS A,United States,Information Technology,PLTR,NASDAQ,,0.43,IWDA,https://www.ishares.com/uk/individual/en/products/251882/ishares-core-msci-world-ucits-etf-acc-fund/1506575576011.ajax?dataType=fund&fileName=IWDA_holdings&fileType=csv,,high
PANW,PALO ALTO NETWORKS INC,United States,Information Technology,PANW,NASDAQ,,0.16,IWDA,https://www.ishares.com/uk/individual/en/products/251882/ishares-core-msci-world-ucits-etf-acc-fund/1506575576011.ajax?dataType=fund&fileName=IWDA_holdings&fileType=csv,,high
PTC,PTC INC,United States,Information Technology,PTC,NASDAQ,,0.02,IWDA,https://www.ishares.com/uk/individual/en/products/251882/ishares-core-msci-world-ucits-etf-acc-fund/1506575576011.ajax?dataType=fund&fileName=IWDA_holdings&fileType=csv,,high
Q,QNITY ELECTRONICS INC,United States,Information Technology,Q,New York Stock Exchange Inc.,,0.03,IWDA,https://www.ishares.com/uk/individual/en/products/251882/ishares-core-msci-world-ucits-etf-acc-fund/1506575576011.ajax?dataType=fund&fileName=IWDA_holdings&fileType=csv,,high
QCOM,QUALCOMM INC,United States,Information Technology,QCOM,NASDAQ,,0.18,IWDA,https://www.ishares.com/uk/individual/en/products/251882/ishares-core-msci-world-ucits-etf-acc-fund/1506575576011.ajax?dataType=fund&fileName=IWDA_holdings&fileType=csv,,high
ROP,ROPER TECHNOLOGIES INC,United States,Information Technology,ROP,NASDAQ,,0.05,IWDA,https://www.ishares.com/uk/individual/en/products/251882/ishares-core-msci-world-ucits-etf-acc-fund/1506575576011.ajax?dataType=fund&fileName=IWDA_holdings&fileType=csv,,high
CRM,SALESFORCE INC,United States,Information Technology,CRM,New York Stock Exchange Inc.,,0.23,IWDA,https://www.ishares.com/uk/individual/en/products/251882/ishares-core-msci-world-ucits-etf-acc-fund/1506575576011.ajax?dataType=fund&fileName=IWDA_holdings&fileType=csv,,high
IOT,SAMSARA INC CLASS A,United States,Information Technology,IOT,New York Stock Exchange Inc.,,0.02,IWDA,https://www.ishares.com/uk/individual/en/products/251882/ishares-core-msci-world-ucits-etf-acc-fund/1506575576011.ajax?dataType=fund&fileName=IWDA_holdings&fileType=csv,,high
SAP.DE,SAP,Germany,Information Technology,SAP,Xetra,,0.25,IWDA,https://www.ishares.com/uk/individual/en/products/251882/ishares-core-msci-world-ucits-etf-acc-fund/1506575576011.ajax?dataType=fund&fileName=IWDA_holdings&fileType=csv,,high
STX,SEAGATE TECHNOLOGY HOLDINGS PLC,United States,Information Technology,STX,NASDAQ,,0.1,IWDA,https://www.ishares.com/uk/individual/en/products/251882/ishares-core-msci-world-ucits-etf-acc-fund/1506575576011.ajax?dataType=fund&fileName=IWDA_holdings&fileType=csv,,high
NOW,SERVICENOW INC,United States,Information Technology,NOW,New York Stock Exchange Inc.,,0.15,IWDA,https://www.ishares.com/uk/individual/en/products/251882/ishares-core-msci-world-ucits-etf-acc-fund/1506575576011.ajax?dataType=fund&fileName=IWDA_holdings&fileType=csv,,high
SHOP.TO,SHOPIFY SUBORDINATE VOTING INC CLA,Canada,Information Technology,SHOP,Toronto Stock Exchange,,0.2,IWDA,https://www.ishares.com/uk/individual/en/products/251882/ishares-core-msci-world-ucits-etf-acc-fund/1506575576011.ajax?dataType=fund&fileName=IWDA_holdings&fileType=csv,,high
SNOW,SNOWFLAKE INC,United States,Information Technology,SNOW,New York Stock Exchange Inc.,,0.07,IWDA,https://www.ishares.com/uk/individual/en/products/251882/ishares-core-msci-world-ucits-etf-acc-fund/1506575576011.ajax?dataType=fund&fileName=IWDA_holdings&fileType=csv,,high
STMPA.PA,STMICROELECTRONICS NV,France,Information Technology,STMPA,Nyse Euronext - Euronext Paris,,0.02,IWDA,https://www.ishares.com/uk/individual/en/products/251882/ishares-core-msci-world-ucits-etf-acc-fund/1506575576011.ajax?dataType=fund&fileName=IWDA_holdings&fileType=csv,,high
MSTR,STRATEGY INC CLASS A,United States,Information Technology,MSTR,NASDAQ,,0.04,IWDA,https://www.ishares.com/uk/individual/en/products/251882/ishares-core-msci-world-ucits-etf-acc-fund/1506575576011.ajax?dataType=fund&fileName=IWDA_holdings&fileType=csv,,high
SMCI,SUPER MICRO COMPUTER INC,United States,Information Technology,SMCI,NASDAQ,,0.02,IWDA,https://www.ishares.com/uk/individual/en/products/251882/ishares-core-msci-world-ucits-etf-acc-fund/1506575576011.ajax?dataType=fund&fileName=IWDA_holdings&fileType=csv,,high
SNPS,SYNOPSYS INC,United States,Information Technology,SNPS,NASDAQ,,0.1,IWDA,https://www.ishares.com/uk/individual/en/products/251882/ishares-core-msci-world-ucits-etf-acc-fund/1506575576011.ajax?dataType=fund&fileName=IWDA_holdings&fileType=csv,,high
TEL,TE CONNECTIVITY PLC,United States,Information Technology,TEL,New York Stock Exchange Inc.,,0.08,IWDA,https://www.ishares.com/uk/individual/en/products/251882/ishares-core-msci-world-ucits-etf-acc-fund/1506575576011.ajax?dataType=fund&fileName=IWDA_holdings&fileType=csv,,high
TDY,TELEDYNE TECHNOLOGIES INC,United States,Information Technology,TDY,New York Stock Exchange Inc.,,0.03,IWDA,https://www.ishares.com/uk/individual/en/products/251882/ishares-core-msci-world-ucits-etf-acc-fund/1506575576011.ajax?dataType=fund&fileName=IWDA_holdings&fileType=csv,,high
TER,TERADYNE INC,United States,Information Technology,TER,NASDAQ,,0.06,IWDA,https://www.ishares.com/uk/individual/en/products/251882/ishares-core-msci-world-ucits-etf-acc-fund/1506575576011.ajax?dataType=fund&fileName=IWDA_holdings&fileType=csv,,high
TXN,TEXAS INSTRUMENT INC,United States,Information Technology,TXN,NASDAQ,,0.22,IWDA,https://www.ishares.com/uk/individual/en/products/251882/ishares-core-msci-world-ucits-etf-acc-fund/1506575576011.ajax?dataType=fund&fileName=IWDA_holdings&fileType=csv,,high
SGE.L,THE SAGE GROUP PLC,United Kingdom,Information Technology,SGE,London Stock Exchange,,0.01,IWDA,https://www.ishares.com/uk/individual/en/products/251882/ishares-core-msci-world-ucits-etf-acc-fund/1506575576011.ajax?dataType=fund&fileName=IWDA_holdings&fileType=csv,,high
TSEM.TA,TOWER SEMICONDUCTOR LTD,Israel,Information Technology,TSEM,Tel Aviv Stock Exchange,,0.02,IWDA,https://www.ishares.com/uk/individual/en/products/251882/ishares-core-msci-world-ucits-etf-acc-fund/1506575576011.ajax?dataType=fund&fileName=IWDA_holdings&fileType=csv,,high
TRMB,TRIMBLE INC,United States,Information Technology,TRMB,NASDAQ,,0.02,IWDA,https://www.ishares.com/uk/individual/en/products/251882/ishares-core-msci-world-ucits-etf-acc-fund/1506575576011.ajax?dataType=fund&fileName=IWDA_holdings&fileType=csv,,high
TWLO,TWILIO INC CLASS A,United States,Information Technology,TWLO,New York Stock Exchange Inc.,,0.02,IWDA,https://www.ishares.com/uk/individual/en/products/251882/ishares-core-msci-world-ucits-etf-acc-fund/1506575576011.ajax?dataType=fund&fileName=IWDA_holdings&fileType=csv,,high
TYL,TYLER TECHNOLOGIES INC,United States,Information Technology,TYL,New York Stock Exchange Inc.,,0.02,IWDA,https://www.ishares.com/uk/individual/en/products/251882/ishares-core-msci-world-ucits-etf-acc-fund/1506575576011.ajax?dataType=fund&fileName=IWDA_holdings&fileType=csv,,high
VRSN,VERISIGN INC,United States,Information Technology,VRSN,NASDAQ,,0.02,IWDA,https://www.ishares.com/uk/individual/en/products/251882/ishares-core-msci-world-ucits-etf-acc-fund/1506575576011.ajax?dataType=fund&fileName=IWDA_holdings&fileType=csv,,high
WDC,WESTERN DIGITAL CORP,United States,Information Technology,WDC,NASDAQ,,0.11,IWDA,https://www.ishares.com/uk/individual/en/products/251882/ishares-core-msci-world-ucits-etf-acc-fund/1506575576011.ajax?dataType=fund&fileName=IWDA_holdings&fileType=csv,,high
WTC.AX,WISETECH GLOBAL LTD,Australia,Information Technology,WTC,Asx - All Markets,,0.01,IWDA,https://www.ishares.com/uk/individual/en/products/251882/ishares-core-msci-world-ucits-etf-acc-fund/1506575576011.ajax?dataType=fund&fileName=IWDA_holdings&fileType=csv,,high
WDAY,WORKDAY INC CLASS A,United States,Information Technology,WDAY,NASDAQ,,0.04,IWDA,https://www.ishares.com/uk/individual/en/products/251882/ishares-core-msci-world-ucits-etf-acc-fund/1506575576011.ajax?dataType=fund&fileName=IWDA_holdings&fileType=csv,,high
XRO.AX,XERO LTD,Australia,Information Technology,XRO,Asx - All Markets,,0.01,IWDA,https://www.ishares.com/uk/individual/en/products/251882/ishares-core-msci-world-ucits-etf-acc-fund/1506575576011.ajax?dataType=fund&fileName=IWDA_holdings&fileType=csv,,high
ZBRA,ZEBRA TECHNOLOGIES CORP CLASS A,United States,Information Technology,ZBRA,NASDAQ,,0.01,IWDA,https://www.ishares.com/uk/individual/en/products/251882/ishares-core-msci-world-ucits-etf-acc-fund/1506575576011.ajax?dataType=fund&fileName=IWDA_holdings&fileType=csv,,high
ZM,ZOOM COMMUNICATIONS INC CLASS A,United States,Information Technology,ZM,NASDAQ,,0.02,IWDA,https://www.ishares.com/uk/individual/en/products/251882/ishares-core-msci-world-ucits-etf-acc-fund/1506575576011.ajax?dataType=fund&fileName=IWDA_holdings&fileType=csv,,high
ZS,ZSCALER INC,United States,Information Technology,ZS,NASDAQ,,0.02,IWDA,https://www.ishares.com/uk/individual/en/products/251882/ishares-core-msci-world-ucits-etf-acc-fund/1506575576011.ajax?dataType=fund&fileName=IWDA_holdings&fileType=csv,,high
AEM.TO,AGNICO EAGLE MINES LTD,Canada,Materials,AEM,Toronto Stock Exchange,,0.14,IWDA,https://www.ishares.com/uk/individual/en/products/251882/ishares-core-msci-world-ucits-etf-acc-fund/1506575576011.ajax?dataType=fund&fileName=IWDA_holdings&fileType=csv,,high
APD,AIR PRODUCTS AND CHEMICALS INC,United States,Materials,APD,New York Stock Exchange Inc.,,0.07,IWDA,https://www.ishares.com/uk/individual/en/products/251882/ishares-core-msci-world-ucits-etf-acc-fund/1506575576011.ajax?dataType=fund&fileName=IWDA_holdings&fileType=csv,,high
AKZA.AS,AKZO NOBEL NV,Netherlands,Materials,AKZA,Euronext Amsterdam,,0.01,IWDA,https://www.ishares.com/uk/individual/en/products/251882/ishares-core-msci-world-ucits-etf-acc-fund/1506575576011.ajax?dataType=fund&fileName=IWDA_holdings&fileType=csv,,high
AGI.TO,ALAMOS GOLD INC CLASS A,Canada,Materials,AGI,Toronto Stock Exchange,,0.03,IWDA,https://www.ishares.com/uk/individual/en/products/251882/ishares-core-msci-world-ucits-etf-acc-fund/1506575576011.ajax?dataType=fund&fileName=IWDA_holdings&fileType=csv,,high
AMCR,AMCOR PLC,United States,Materials,AMCR,New York Stock Exchange Inc.,,0.02,IWDA,https://www.ishares.com/uk/individual/en/products/251882/ishares-core-msci-world-ucits-etf-acc-fund/1506575576011.ajax?dataType=fund&fileName=IWDA_holdings&fileType=csv,,high
AMRZ,AMRIZE AG,United States,Materials,AMRZ,New York Stock Exchange Inc.,,0.04,IWDA,https://www.ishares.com/uk/individual/en/products/251882/ishares-core-msci-world-ucits-etf-acc-fund/1506575576011.ajax?dataType=fund&fileName=IWDA_holdings&fileType=csv,,high
AAL.L,ANGLO AMERICAN PLC,United Kingdom,Materials,AAL,London Stock Exchange,,0.05,IWDA,https://www.ishares.com/uk/individual/en/products/251882/ishares-core-msci-world-ucits-etf-acc-fund/1506575576011.ajax?dataType=fund&fileName=IWDA_holdings&fileType=csv,,high
ANTO.L,ANTOFAGASTA PLC,United Kingdom,Materials,ANTO,London Stock Exchange,,0.03,IWDA,https://www.ishares.com/uk/individual/en/products/251882/ishares-core-msci-world-ucits-etf-acc-fund/1506575576011.ajax?dataType=fund&fileName=IWDA_holdings&fileType=csv,,high
MT.AS,ARCELORMITTAL SA,France,Materials,MT,Euronext Amsterdam,,0.03,IWDA,https://www.ishares.com/uk/individual/en/products/251882/ishares-core-msci-world-ucits-etf-acc-fund/1506575576011.ajax?dataType=fund&fileName=IWDA_holdings&fileType=csv,,high
AVY,AVERY DENNISON CORP,United States,Materials,AVY,New York Stock Exchange Inc.,,0.02,IWDA,https://www.ishares.com/uk/individual/en/products/251882/ishares-core-msci-world-ucits-etf-acc-fund/1506575576011.ajax?dataType=fund&fileName=IWDA_holdings&fileType=csv,,high
BALL,BALL CORP,United States,Materials,BALL,New York Stock Exchange Inc.,,0.02,IWDA,https://www.ishares.com/uk/individual/en/products/251882/ishares-core-msci-world-ucits-etf-acc-fund/1506575576011.ajax?dataType=fund&fileName=IWDA_holdings&fileType=csv,,high
ABX.TO,BARRICK MINING CORP,Canada,Materials,ABX,Toronto Stock Exchange,,0.09,IWDA,https://www.ishares.com/uk/individual/en/products/251882/ishares-core-msci-world-ucits-etf-acc-fund/1506575576011.ajax?dataType=fund&fileName=IWDA_holdings&fileType=csv,,high
BAS.DE,BASF N,Germany,Materials,BAS,Xetra,,0.06,IWDA,https://www.ishares.com/uk/individual/en/products/251882/ishares-core-msci-world-ucits-etf-acc-fund/1506575576011.ajax?dataType=fund&fileName=IWDA_holdings&fileType=csv,,high
BHP.AX,BHP GROUP LTD,Australia,Materials,BHP,Asx - All Markets,,0.22,IWDA,https://www.ishares.com/uk/individual/en/products/251882/ishares-core-msci-world-ucits-etf-acc-fund/1506575576011.ajax?dataType=fund&fileName=IWDA_holdings&fileType=csv,,high
BOL.ST,BOLIDEN,Sweden,Materials,BOL,Nasdaq Omx Nordic,,0.03,IWDA,https://www.ishares.com/uk/individual/en/products/251882/ishares-core-msci-world-ucits-etf-acc-fund/1506575576011.ajax?dataType=fund&fileName=IWDA_holdings&fileType=csv,,med
BZU.MI,BUZZI,Italy,Materials,BZU,Borsa Italiana,,0.0,IWDA,https://www.ishares.com/uk/individual/en/products/251882/ishares-core-msci-world-ucits-etf-acc-fund/1506575576011.ajax?dataType=fund&fileName=IWDA_holdings&fileType=csv,,high
CCL-B.TO,CCL INDUSTRIES INC CLASS B,Canada,Materials,CCL.B,Toronto Stock Exchange,,0.01,IWDA,https://www.ishares.com/uk/individual/en/products/251882/ishares-core-msci-world-ucits-etf-acc-fund/1506575576011.ajax?dataType=fund&fileName=IWDA_holdings&fileType=csv,,high
CF,CF INDUSTRIES HOLDINGS INC,United States,Materials,CF,New York Stock Exchange Inc.,,0.02,IWDA,https://www.ishares.com/uk/individual/en/products/251882/ishares-core-msci-world-ucits-etf-acc-fund/1506575576011.ajax?dataType=fund&fileName=IWDA_holdings&fileType=csv,,high
CTVA,CORTEVA INC,United States,Materials,CTVA,New York Stock Exchange Inc.,,0.07,IWDA,https://www.ishares.com/uk/individual/en/products/251882/ishares-core-msci-world-ucits-etf-acc-fund/1506575576011.ajax?dataType=fund&fileName=IWDA_holdings&fileType=csv,,high
CRH,CRH PUBLIC LIMITED PLC,United States,Materials,CRH,New York Stock Exchange Inc.,,0.09,IWDA,https://www.ishares.com/uk/individual/en/products/251882/ishares-core-msci-world-ucits-etf-acc-fund/1506575576011.ajax?dataType=fund&fileName=IWDA_holdings&fileType=csv,,high
DOW,DOW INC,United States,Materials,DOW,New York Stock Exchange Inc.,,0.03,IWDA,https://www.ishares.com/uk/individual/en/products/251882/ishares-core-msci-world-ucits-etf-acc-fund/1506575576011.ajax?dataType=fund&fileName=IWDA_holdings&fileType=csv,,high
DSFIR.AS,DSM FIRMENICH AG,Netherlands,Materials,DSFIR,Euronext Amsterdam,,0.02,IWDA,https://www.ishares.com/uk/individual/en/products/251882/ishares-core-msci-world-ucits-etf-acc-fund/1506575576011.ajax?dataType=fund&fileName=IWDA_holdings&fileType=csv,,high
DD,DUPONT DE NEMOURS INC,United States,Materials,DD,New York Stock Exchange Inc.,,0.02,IWDA,https://www.ishares.com/uk/individual/en/products/251882/ishares-core-msci-world-ucits-etf-acc-fund/1506575576011.ajax?dataType=fund&fileName=IWDA_holdings&fileType=csv,,high
ECL,ECOLAB INC,United States,Materials,ECL,New York Stock Exchange Inc.,,0.09,IWDA,https://www.ishares.com/uk/individual/en/products/251882/ishares-core-msci-world-ucits-etf-acc-fund/1506575576011.ajax?dataType=fund&fileName=IWDA_holdings&fileType=csv,,high
EMSN.SW,EMS-CHEMIE HOLDING AG,Switzerland,Materials,EMSN,SIX Swiss Exchange,,0.01,IWDA,https://www.ishares.com/uk/individual/en/products/251882/ishares-core-msci-world-ucits-etf-acc-fund/1506575576011.ajax?dataType=fund&fileName=IWDA_holdings&fileType=csv,,med
EDV.L,ENDEAVOUR MINING,United Kingdom,Materials,EDV,London Stock Exchange,,0.01,IWDA,https://www.ishares.com/uk/individual/en/products/251882/ishares-core-msci-world-ucits-etf-acc-fund/1506575576011.ajax?dataType=fund&fileName=IWDA_holdings&fileType=csv,,high
EVN.AX,EVOLUTION MINING LTD,Australia,Materials,EVN,Asx - All Markets,,0.02,IWDA,https://www.ishares.com/uk/individual/en/products/251882/ishares-core-msci-world-ucits-etf-acc-fund/1506575576011.ajax?dataType=fund&fileName=IWDA_holdings&fileType=csv,,high
EVK.DE,EVONIK INDUSTRIES AG,Germany,Materials,EVK,Xetra,,0.01,IWDA,https://www.ishares.com/uk/individual/en/products/251882/ishares-core-msci-world-ucits-etf-acc-fund/1506575576011.ajax?dataType=fund&fileName=IWDA_holdings&fileType=csv,,high
FM.TO,FIRST QUANTUM MINERALS LTD,Canada,Materials,FM,Toronto Stock Exchange,,0.02,IWDA,https://www.ishares.com/uk/individual/en/products/251882/ishares-core-msci-world-ucits-etf-acc-fund/1506575576011.ajax?dataType=fund&fileName=IWDA_holdings&fileType=csv,,high
FMG.AX,FORTESCUE LTD,Australia,Materials,FMG,Asx - All Markets,,0.03,IWDA,https://www.ishares.com/uk/individual/en/products/251882/ishares-core-msci-world-ucits-etf-acc-fund/1506575576011.ajax?dataType=fund&fileName=IWDA_holdings&fileType=csv,,high
FNV.TO,FRANCO NEVADA CORP,Canada,Materials,FNV,Toronto Stock Exchange,,0.06,IWDA,https://www.ishares.com/uk/individual/en/products/251882/ishares-core-msci-world-ucits-etf-acc-fund/1506575576011.ajax?dataType=fund&fileName=IWDA_holdings&fileType=csv,,high
FCX,FREEPORT MCMORAN INC,United States,Materials,FCX,New York Stock Exchange Inc.,,0.1,IWDA,https://www.ishares.com/uk/individual/en/products/251882/ishares-core-msci-world-ucits-etf-acc-fund/1506575576011.ajax?dataType=fund&fileName=IWDA_holdings&fileType=csv,,high
FRES.L,FRESNILLO PLC,United Kingdom,Materials,FRES,London Stock Exchange,,0.01,IWDA,https://www.ishares.com/uk/individual/en/products/251882/ishares-core-msci-world-ucits-etf-acc-fund/1506575576011.ajax?dataType=fund&fileName=IWDA_holdings&fileType=csv,,high
GIVN.SW,GIVAUDAN SA,Switzerland,Materials,GIVN,SIX Swiss Exchange,,0.04,IWDA,https://www.ishares.com/uk/individual/en/products/251882/ishares-core-msci-world-ucits-etf-acc-fund/1506575576011.ajax?dataType=fund&fileName=IWDA_holdings&fileType=csv,,med
GLEN.L,GLENCORE PLC,United Kingdom,Materials,GLEN,London Stock Exchange,,0.08,IWDA,https://www.ishares.com/uk/individual/en/products/251882/ishares-core-msci-world-ucits-etf-acc-fund/1506575576011.ajax?dataType=fund&fileName=IWDA_holdings&fileType=csv,,high
HEI.DE,HEIDELBERG MATERIALS AG,Germany,Materials,HEI,Xetra,,0.03,IWDA,https://www.ishares.com/uk/individual/en/products/251882/ishares-core-msci-world-ucits-etf-acc-fund/1506575576011.ajax?dataType=fund&fileName=IWDA_holdings&fileType=csv,,high
HOLN.SW,HOLCIM LTD AG,Switzerland,Materials,HOLN,SIX Swiss Exchange,,0.05,IWDA,https://www.ishares.com/uk/individual/en/products/251882/ishares-core-msci-world-ucits-etf-acc-fund/1506575576011.ajax?dataType=fund&fileName=IWDA_holdings&fileType=csv,,med
HOLM-B.ST,HOLMEN CLASS B,Sweden,Materials,HOLM B,Nasdaq Omx Nordic,,0.0,IWDA,https://www.ishares.com/uk/individual/en/products/251882/ishares-core-msci-world-ucits-etf-acc-fund/1506575576011.ajax?dataType=fund&fileName=IWDA_holdings&fileType=csv,,med
ICL.TA,ICL GROUP LTD,Israel,Materials,ICL,Tel Aviv Stock Exchange,,0.0,IWDA,https://www.ishares.com/uk/individual/en/products/251882/ishares-core-msci-world-ucits-etf-acc-fund/1506575576011.ajax?dataType=fund&fileName=IWDA_holdings&fileType=csv,,high
IFF,INTERNATIONAL FLAVORS & FRAGRANCES,United States,Materials,IFF,New York Stock Exchange Inc.,,0.02,IWDA,https://www.ishares.com/uk/individual/en/products/251882/ishares-core-msci-world-ucits-etf-acc-fund/1506575576011.ajax?dataType=fund&fileName=IWDA_holdings&fileType=csv,,high
IP,INTERNATIONAL PAPER,United States,Materials,IP,New York Stock Exchange Inc.,,0.02,IWDA,https://www.ishares.com/uk/individual/en/products/251882/ishares-core-msci-world-ucits-etf-acc-fund/1506575576011.ajax?dataType=fund&fileName=IWDA_holdings&fileType=csv,,high
IVN.TO,IVANHOE MINES LTD CLASS A,Canada,Materials,IVN,Toronto Stock Exchange,,0.01,IWDA,https://www.ishares.com/uk/individual/en/products/251882/ishares-core-msci-world-ucits-etf-acc-fund/1506575576011.ajax?dataType=fund&fileName=IWDA_holdings&fileType=csv,,high
K.TO,KINROSS GOLD CORP,Canada,Materials,K,Toronto Stock Exchange,,0.05,IWDA,https://www.ishares.com/uk/individual/en/products/251882/ishares-core-msci-world-ucits-etf-acc-fund/1506575576011.ajax?dataType=fund&fileName=IWDA_holdings&fileType=csv,,high
AI.PA,LAIR LIQUIDE SOCIETE ANONYME POUR,France,Materials,AI,Nyse Euronext - Euronext Paris,,0.13,IWDA,https://www.ishares.com/uk/individual/en/products/251882/ishares-core-msci-world-ucits-etf-acc-fund/1506575576011.ajax?dataType=fund&fileName=IWDA_holdings&fileType=csv,,high
LIN,LINDE PLC,United States,Materials,LIN,NASDAQ,,0.27,IWDA,https://www.ishares.com/uk/individual/en/products/251882/ishares-core-msci-world-ucits-etf-acc-fund/1506575576011.ajax?dataType=fund&fileName=IWDA_holdings&fileType=csv,,high
LUG.TO,LUNDIN GOLD INC,Canada,Materials,LUG,Toronto Stock Exchange,,0.01,IWDA,https://www.ishares.com/uk/individual/en/products/251882/ishares-core-msci-world-ucits-etf-acc-fund/1506575576011.ajax?dataType=fund&fileName=IWDA_holdings&fileType=csv,,high
LUN.TO,LUNDIN MINING CORP,Canada,Materials,LUN,Toronto Stock Exchange,,0.02,IWDA,https://www.ishares.com/uk/individual/en/products/251882/ishares-core-msci-world-ucits-etf-acc-fund/1506575576011.ajax?dataType=fund&fileName=IWDA_holdings&fileType=csv,,high
LYC.AX,LYNAS RARE EARTHS LTD,Australia,Materials,LYC,Asx - All Markets,,0.01,IWDA,https://www.ishares.com/uk/individual/en/products/251882/ishares-core-msci-world-ucits-etf-acc-fund/1506575576011.ajax?dataType=fund&fileName=IWDA_holdings&fileType=csv,,high
LYB,LYONDELLBASELL INDUSTRIES NV CLASS,United States,Materials,LYB,New York Stock Exchange Inc.,,0.02,IWDA,https://www.ishares.com/uk/individual/en/products/251882/ishares-core-msci-world-ucits-etf-acc-fund/1506575576011.ajax?dataType=fund&fileName=IWDA_holdings&fileType=csv,,high
MLM,MARTIN MARIETTA MATERIALS INC,United States,Materials,MLM,New York Stock Exchange Inc.,,0.05,IWDA,https://www.ishares.com/uk/individual/en/products/251882/ishares-core-msci-world-ucits-etf-acc-fund/1506575576011.ajax?dataType=fund&fileName=IWDA_holdings&fileType=csv,,high
NEM,NEWMONT,United States,Materials,NEM,New York Stock Exchange Inc.,,0.15,IWDA,https://www.ishares.com/uk/individual/en/products/251882/ishares-core-msci-world-ucits-etf-acc-fund/1506575576011.ajax?dataType=fund&fileName=IWDA_holdings&fileType=csv,,high
NHY.OL,NORSK HYDRO,Norway,Materials,NHY,Oslo Bors Asa,,0.02,IWDA,https://www.ishares.com/uk/individual/en/products/251882/ishares-core-msci-world-ucits-etf-acc-fund/1506575576011.ajax?dataType=fund&fileName=IWDA_holdings&fileType=csv,,high
NST.AX,NORTHERN STAR RESOURCES LTD,Australia,Materials,NST,Asx - All Markets,,0.03,IWDA,https://www.ishares.com/uk/individual/en/products/251882/ishares-core-msci-world-ucits-etf-acc-fund/1506575576011.ajax?dataType=fund&fileName=IWDA_holdings&fileType=csv,,high
NSIS-B.CO,NOVOZYMES B,Denmark,Materials,NSIS B,Omx Nordic Exchange Copenhagen A/S,,0.02,IWDA,https://www.ishares.com/uk/individual/en/products/251882/ishares-core-msci-world-ucits-etf-acc-fund/1506575576011.ajax?dataType=fund&fileName=IWDA_holdings&fileType=csv,,med
NUE,NUCOR CORP,United States,Materials,NUE,New York Stock Exchange Inc.,,0.05,IWDA,https://www.ishares.com/uk/individual/en/products/251882/ishares-core-msci-world-ucits-etf-acc-fund/1506575576011.ajax?dataType=fund&fileName=IWDA_holdings&fileType=csv,,high
NTR.TO,NUTRIEN LTD,Canada,Materials,NTR,Toronto Stock Exchange,,0.04,IWDA,https://www.ishares.com/uk/individual/en/products/251882/ishares-core-msci-world-ucits-etf-acc-fund/1506575576011.ajax?dataType=fund&fileName=IWDA_holdings&fileType=csv,,high
PKG,PACKAGING CORP OF AMERICA,United States,Materials,PKG,New York Stock Exchange Inc.,,0.02,IWDA,https://www.ishares.com/uk/individual/en/products/251882/ishares-core-msci-world-ucits-etf-acc-fund/1506575576011.ajax?dataType=fund&fileName=IWDA_holdings&fileType=csv,,high
PAAS.TO,PAN AMERICAN SILVER CORP,Canada,Materials,PAAS,Toronto Stock Exchange,,0.03,IWDA,https://www.ishares.com/uk/individual/en/products/251882/ishares-core-msci-world-ucits-etf-acc-fund/1506575576011.ajax?dataType=fund&fileName=IWDA_holdings&fileType=csv,,high
PPG,PPG INDUSTRIES INC,United States,Materials,PPG,New York Stock Exchange Inc.,,0.03,IWDA,https://www.ishares.com/uk/individual/en/products/251882/ishares-core-msci-world-ucits-etf-acc-fund/1506575576011.ajax?dataType=fund&fileName=IWDA_holdings&fileType=csv,,high
RS,RELIANCE STEEL & ALUMINUM,United States,Materials,RS,New York Stock Exchange Inc.,,0.02,IWDA,https://www.ishares.com/uk/individual/en/products/251882/ishares-core-msci-world-ucits-etf-acc-fund/1506575576011.ajax?dataType=fund&fileName=IWDA_holdings&fileType=csv,,high
RIO.AX,RIO TINTO LTD,Australia,Materials,RIO,Asx - All Markets,,0.05,IWDA,https://www.ishares.com/uk/individual/en/products/251882/ishares-core-msci-world-ucits-etf-acc-fund/1506575576011.ajax?dataType=fund&fileName=IWDA_holdings&fileType=csv,,high
RIO.L,RIO TINTO PLC,United Kingdom,Materials,RIO,London Stock Exchange,,0.12,IWDA,https://www.ishares.com/uk/individual/en/products/251882/ishares-core-msci-world-ucits-etf-acc-fund/1506575576011.ajax?dataType=fund&fileName=IWDA_holdings&fileType=csv,,high
RPM,RPM INTERNATIONAL INC,United States,Materials,RPM,New York Stock Exchange Inc.,,0.02,IWDA,https://www.ishares.com/uk/individual/en/products/251882/ishares-core-msci-world-ucits-etf-acc-fund/1506575576011.ajax?dataType=fund&fileName=IWDA_holdings&fileType=csv,,high
SHW,SHERWIN WILLIAMS,United States,Materials,SHW,New York Stock Exchange Inc.,,0.09,IWDA,https://www.ishares.com/uk/individual/en/products/251882/ishares-core-msci-world-ucits-etf-acc-fund/1506575576011.ajax?dataType=fund&fileName=IWDA_holdings&fileType=csv,,high
SIKA.SW,SIKA AG,Switzerland,Materials,SIKA,SIX Swiss Exchange,,0.03,IWDA,https://www.ishares.com/uk/individual/en/products/251882/ishares-core-msci-world-ucits-etf-acc-fund/1506575576011.ajax?dataType=fund&fileName=IWDA_holdings&fileType=csv,,med
SW,SMURFIT WESTROCK PLC,United States,Materials,SW,New York Stock Exchange Inc.,,0.03,IWDA,https://www.ishares.com/uk/individual/en/products/251882/ishares-core-msci-world-ucits-etf-acc-fund/1506575576011.ajax?dataType=fund&fileName=IWDA_holdings&fileType=csv,,high
S32.AX,SOUTH32 LTD,Australia,Materials,S32,Asx - All Markets,,0.02,IWDA,https://www.ishares.com/uk/individual/en/products/251882/ishares-core-msci-world-ucits-etf-acc-fund/1506575576011.ajax?dataType=fund&fileName=IWDA_holdings&fileType=csv,,high
STLD,STEEL DYNAMICS INC,United States,Materials,STLD,NASDAQ,,0.03,IWDA,https://www.ishares.com/uk/individual/en/products/251882/ishares-core-msci-world-ucits-etf-acc-fund/1506575576011.ajax?dataType=fund&fileName=IWDA_holdings&fileType=csv,,high
STERV.HE,STORA ENSO CLASS R,Finland,Materials,STERV,Nasdaq Omx Helsinki Ltd.,,0.01,IWDA,https://www.ishares.com/uk/individual/en/products/251882/ishares-core-msci-world-ucits-etf-acc-fund/1506575576011.ajax?dataType=fund&fileName=IWDA_holdings&fileType=csv,,med
SCA-B.ST,SVENSKA CELLULOSA B,Sweden,Materials,SCA B,Nasdaq Omx Nordic,,0.01,IWDA,https://www.ishares.com/uk/individual/en/products/251882/ishares-core-msci-world-ucits-etf-acc-fund/1506575576011.ajax?dataType=fund&fileName=IWDA_holdings&fileType=csv,,med
SYENS.BR,SYENSQO NV,Belgium,Materials,SYENS,Nyse Euronext - Euronext Brussels,,0.01,IWDA,https://www.ishares.com/uk/individual/en/products/251882/ishares-core-msci-world-ucits-etf-acc-fund/1506575576011.ajax?dataType=fund&fileName=IWDA_holdings&fileType=csv,,high
SY1.DE,SYMRISE AG,Germany,Materials,SY1,Xetra,,0.01,IWDA,https://www.ishares.com/uk/individual/en/products/251882/ishares-core-msci-world-ucits-etf-acc-fund/1506575576011.ajax?dataType=fund&fileName=IWDA_holdings&fileType=csv,,high
TECK-B.TO,TECK RESOURCES SUBORDINATE VOTING,Canada,Materials,TECK.B,Toronto Stock Exchange,,0.03,IWDA,https://www.ishares.com/uk/individual/en/products/251882/ishares-core-msci-world-ucits-etf-acc-fund/1506575576011.ajax?dataType=fund&fileName=IWDA_holdings&fileType=csv,,high
UPM.HE,UPM-KYMMENE,Finland,Materials,UPM,Nasdaq Omx Helsinki Ltd.,,0.02,IWDA,https://www.ishares.com/uk/individual/en/products/251882/ishares-core-msci-world-ucits-etf-acc-fund/1506575576011.ajax?dataType=fund&fileName=IWDA_holdings&fileType=csv,,med
VMC,VULCAN MATERIALS,United States,Materials,VMC,New York Stock Exchange Inc.,,0.04,IWDA,https://www.ishares.com/uk/individual/en/products/251882/ishares-core-msci-world-ucits-etf-acc-fund/1506575576011.ajax?dataType=fund&fileName=IWDA_holdings&fileType=csv,,high
WPM.TO,WHEATON PRECIOUS METALS CORP,Canada,Materials,WPM,Toronto Stock Exchange,,0.08,IWDA,https://www.ishares.com/uk/individual/en/products/251882/ishares-core-msci-world-ucits-etf-acc-fund/1506575576011.ajax?dataType=fund&fileName=IWDA_holdings&fileType=csv,,high
YAR.OL,YARA INTERNATIONAL,Norway,Materials,YAR,Oslo Bors Asa,,0.01,IWDA,https://www.ishares.com/uk/individual/en/products/251882/ishares-core-msci-world-ucits-etf-acc-fund/1506575576011.ajax?dataType=fund&fileName=IWDA_holdings&fileType=csv,,high
AMT,AMERICAN TOWER REIT CORP,United States,Real Estate,AMT,New York Stock Exchange Inc.,,0.1,IWDA,https://www.ishares.com/uk/individual/en/products/251882/ishares-core-msci-world-ucits-etf-acc-fund/1506575576011.ajax?dataType=fund&fileName=IWDA_holdings&fileType=csv,,high
AVB,AVALONBAY COMMUNITIES REIT INC,United States,Real Estate,AVB,New York Stock Exchange Inc.,,0.03,IWDA,https://www.ishares.com/uk/individual/en/products/251882/ishares-core-msci-world-ucits-etf-acc-fund/1506575576011.ajax?dataType=fund&fileName=IWDA_holdings&fileType=csv,,high
AZRG.TA,AZRIELI GROUP LTD,Israel,Real Estate,AZRG,Tel Aviv Stock Exchange,,0.01,IWDA,https://www.ishares.com/uk/individual/en/products/251882/ishares-core-msci-world-ucits-etf-acc-fund/1506575576011.ajax?dataType=fund&fileName=IWDA_holdings&fileType=csv,,high
A17U.SI,CAPITALAND ASCENDAS REIT,Singapore,Real Estate,A17U,Singapore Exchange,,0.01,IWDA,https://www.ishares.com/uk/individual/en/products/251882/ishares-core-msci-world-ucits-etf-acc-fund/1506575576011.ajax?dataType=fund&fileName=IWDA_holdings&fileType=csv,,high
C38U.SI,CAPITALAND INTEGRATED COMMERCIAL T,Singapore,Real Estate,CICT,Singapore Exchange,,0.01,IWDA,https://www.ishares.com/uk/individual/en/products/251882/ishares-core-msci-world-ucits-etf-acc-fund/1506575576011.ajax?dataType=fund&fileName=IWDA_holdings&fileType=csv,,high
9CI.SI,CAPITALAND INVESTMENT LTD,Singapore,Real Estate,9CI,Singapore Exchange,,0.01,IWDA,https://www.ishares.com/uk/individual/en/products/251882/ishares-core-msci-world-ucits-etf-acc-fund/1506575576011.ajax?dataType=fund&fileName=IWDA_holdings&fileType=csv,,high
CBRE,CBRE GROUP INC CLASS A,United States,Real Estate,CBRE,New York Stock Exchange Inc.,,0.05,IWDA,https://www.ishares.com/uk/individual/en/products/251882/ishares-core-msci-world-ucits-etf-acc-fund/1506575576011.ajax?dataType=fund&fileName=IWDA_holdings&fileType=csv,,high
CSGP,COSTAR GROUP INC,United States,Real Estate,CSGP,NASDAQ,,0.02,IWDA,https://www.ishares.com/uk/individual/en/products/251882/ishares-core-msci-world-ucits-etf-acc-fund/1506575576011.ajax?dataType=fund&fileName=IWDA_holdings&fileType=csv,,high
COV.PA,COVIVIO SA,France,Real Estate,COV,Nyse Euronext - Euronext Paris,,0.0,IWDA,https://www.ishares.com/uk/individual/en/products/251882/ishares-core-msci-world-ucits-etf-acc-fund/1506575576011.ajax?dataType=fund&fileName=IWDA_holdings&fileType=csv,,high
CCI,CROWN CASTLE INC,United States,Real Estate,CCI,New York Stock Exchange Inc.,,0.05,IWDA,https://www.ishares.com/uk/individual/en/products/251882/ishares-core-msci-world-ucits-etf-acc-fund/1506575576011.ajax?dataType=fund&fileName=IWDA_holdings&fileType=csv,,high
DLR,DIGITAL REALTY TRUST REIT INC,United States,Real Estate,DLR,New York Stock Exchange Inc.,,0.07,IWDA,https://www.ishares.com/uk/individual/en/products/251882/ishares-core-msci-world-ucits-etf-acc-fund/1506575576011.ajax?dataType=fund&fileName=IWDA_holdings&fileType=csv,,high
EQIX,EQUINIX REIT INC,United States,Real Estate,EQIX,NASDAQ,,0.11,IWDA,https://www.ishares.com/uk/individual/en/products/251882/ishares-core-msci-world-ucits-etf-acc-fund/1506575576011.ajax?dataType=fund&fileName=IWDA_holdings&fileType=csv,,high
EQR,EQUITY RESIDENTIAL REIT,United States,Real Estate,EQR,New York Stock Exchange Inc.,,0.03,IWDA,https://www.ishares.com/uk/individual/en/products/251882/ishares-core-msci-world-ucits-etf-acc-fund/1506575576011.ajax?dataType=fund&fileName=IWDA_holdings&fileType=csv,,high
ESS,ESSEX PROPERTY TRUST REIT INC,United States,Real Estate,ESS,New York Stock Exchange Inc.,,0.02,IWDA,https://www.ishares.com/uk/individual/en/products/251882/ishares-core-msci-world-ucits-etf-acc-fund/1506575576011.ajax?dataType=fund&fileName=IWDA_holdings&fileType=csv,,high
EXR,EXTRA SPACE STORAGE REIT INC,United States,Real Estate,EXR,New York Stock Exchange Inc.,,0.04,IWDA,https://www.ishares.com/uk/individual/en/products/251882/ishares-core-msci-world-ucits-etf-acc-fund/1506575576011.ajax?dataType=fund&fileName=IWDA_holdings&fileType=csv,,high
BALD-B.ST,FASTIGHETS BALDER CLASS B,Sweden,Real Estate,BALD B,Nasdaq Omx Nordic,,0.0,IWDA,https://www.ishares.com/uk/individual/en/products/251882/ishares-core-msci-world-ucits-etf-acc-fund/1506575576011.ajax?dataType=fund&fileName=IWDA_holdings&fileType=csv,,med
FSV.TO,FIRSTSERVICE SUBORDINATE VOTING CO,Canada,Real Estate,FSV,Toronto Stock Exchange,,0.01,IWDA,https://www.ishares.com/uk/individual/en/products/251882/ishares-core-msci-world-ucits-etf-acc-fund/1506575576011.ajax?dataType=fund&fileName=IWDA_holdings&fileType=csv,,high
GLPI,GAMING AND LEISURE PROPERTIES REIT,United States,Real Estate,GLPI,NASDAQ,,0.01,IWDA,https://www.ishares.com/uk/individual/en/products/251882/ishares-core-msci-world-ucits-etf-acc-fund/1506575576011.ajax?dataType=fund&fileName=IWDA_holdings&fileType=csv,,high
GFC.PA,GECINA SA,France,Real Estate,GFC,Nyse Euronext - Euronext Paris,,0.0,IWDA,https://www.ishares.com/uk/individual/en/products/251882/ishares-core-msci-world-ucits-etf-acc-fund/1506575576011.ajax?dataType=fund&fileName=IWDA_holdings&fileType=csv,,high
GMG.AX,GOODMAN GROUP UNITS,Australia,Real Estate,GMG,Asx - All Markets,,0.05,IWDA,https://www.ishares.com/uk/individual/en/products/251882/ishares-core-msci-world-ucits-etf-acc-fund/1506575576011.ajax?dataType=fund&fileName=IWDA_holdings&fileType=csv,,high
DOC,HEALTHPEAK PROPERTIES INC,United States,Real Estate,DOC,New York Stock Exchange Inc.,,0.01,IWDA,https://www.ishares.com/uk/individual/en/products/251882/ishares-core-msci-world-ucits-etf-acc-fund/1506575576011.ajax?dataType=fund&fileName=IWDA_holdings&fileType=csv,,high
H78.SI,HONGKONG LAND HOLDINGS LTD,Hong Kong,Real Estate,H78,Singapore Exchange,,0.01,IWDA,https://www.ishares.com/uk/individual/en/products/251882/ishares-core-msci-world-ucits-etf-acc-fund/1506575576011.ajax?dataType=fund&fileName=IWDA_holdings&fileType=csv,,high
INVH,INVITATION HOMES INC,United States,Real Estate,INVH,New York Stock Exchange Inc.,,0.02,IWDA,https://www.ishares.com/uk/individual/en/products/251882/ishares-core-msci-world-ucits-etf-acc-fund/1506575576011.ajax?dataType=fund&fileName=IWDA_holdings&fileType=csv,,high
IRM,IRON MOUNTAIN INC,United States,Real Estate,IRM,New York Stock Exchange Inc.,,0.04,IWDA,https://www.ishares.com/uk/individual/en/products/251882/ishares-core-msci-world-ucits-etf-acc-fund/1506575576011.ajax?dataType=fund&fileName=IWDA_holdings&fileType=csv,,high
KIM,KIMCO REALTY REIT CORP,United States,Real Estate,KIM,New York Stock Exchange Inc.,,0.02,IWDA,https://www.ishares.com/uk/individual/en/products/251882/ishares-core-msci-world-ucits-etf-acc-fund/1506575576011.ajax?dataType=fund&fileName=IWDA_holdings&fileType=csv,,high
LI.PA,KLEPIERRE REIT SA,France,Real Estate,LI,Nyse Euronext - Euronext Paris,,0.01,IWDA,https://www.ishares.com/uk/individual/en/products/251882/ishares-core-msci-world-ucits-etf-acc-fund/1506575576011.ajax?dataType=fund&fileName=IWDA_holdings&fileType=csv,,high
LAND.L,LAND SECURITIES GROUP REIT PLC,United Kingdom,Real Estate,LAND,London Stock Exchange,,0.01,IWDA,https://www.ishares.com/uk/individual/en/products/251882/ishares-core-msci-world-ucits-etf-acc-fund/1506575576011.ajax?dataType=fund&fileName=IWDA_holdings&fileType=csv,,high
LEG.DE,LEG IMMOBILIEN N,Germany,Real Estate,LEG,Xetra,,0.01,IWDA,https://www.ishares.com/uk/individual/en/products/251882/ishares-core-msci-world-ucits-etf-acc-fund/1506575576011.ajax?dataType=fund&fileName=IWDA_holdings&fileType=csv,,high
MAA,MID AMERICA APARTMENT COMMUNITIES,United States,Real Estate,MAA,New York Stock Exchange Inc.,,0.02,IWDA,https://www.ishares.com/uk/individual/en/products/251882/ishares-core-msci-world-ucits-etf-acc-fund/1506575576011.ajax?dataType=fund&fileName=IWDA_holdings&fileType=csv,,high
PLD,PROLOGIS REIT INC,United States,Real Estate,PLD,New York Stock Exchange Inc.,,0.15,IWDA,https://www.ishares.com/uk/individual/en/products/251882/ishares-core-msci-world-ucits-etf-acc-fund/1506575576011.ajax?dataType=fund&fileName=IWDA_holdings&fileType=csv,,high
PSA,PUBLIC STORAGE REIT,United States,Real Estate,PSA,New York Stock Exchange Inc.,,0.06,IWDA,https://www.ishares.com/uk/individual/en/products/251882/ishares-core-msci-world-ucits-etf-acc-fund/1506575576011.ajax?dataType=fund&fileName=IWDA_holdings&fileType=csv,,high
O,REALTY INCOME REIT CORP,United States,Real Estate,O,New York Stock Exchange Inc.,,0.07,IWDA,https://www.ishares.com/uk/individual/en/products/251882/ishares-core-msci-world-ucits-etf-acc-fund/1506575576011.ajax?dataType=fund&fileName=IWDA_holdings&fileType=csv,,high
REG,REGENCY CENTERS REIT CORP,United States,Real Estate,REG,NASDAQ,,0.02,IWDA,https://www.ishares.com/uk/individual/en/products/251882/ishares-core-msci-world-ucits-etf-acc-fund/1506575576011.ajax?dataType=fund&fileName=IWDA_holdings&fileType=csv,,high
SAGA-B.ST,SAGAX CLASS B,Sweden,Real Estate,SAGA B,Nasdaq Omx Nordic,,0.01,IWDA,https://www.ishares.com/uk/individual/en/products/251882/ishares-core-msci-world-ucits-etf-acc-fund/1506575576011.ajax?dataType=fund&fileName=IWDA_holdings&fileType=csv,,med
SBAC,SBA COMMUNICATIONS REIT CORP CLASS,United States,Real Estate,SBAC,NASDAQ,,0.02,IWDA,https://www.ishares.com/uk/individual/en/products/251882/ishares-core-msci-world-ucits-etf-acc-fund/1506575576011.ajax?dataType=fund&fileName=IWDA_holdings&fileType=csv,,high
SCG.AX,SCENTRE GROUP,Australia,Real Estate,SCG,Asx - All Markets,,0.02,IWDA,https://www.ishares.com/uk/individual/en/products/251882/ishares-core-msci-world-ucits-etf-acc-fund/1506575576011.ajax?dataType=fund&fileName=IWDA_holdings&fileType=csv,,high
SGRO.L,SEGRO REIT PLC,United Kingdom,Real Estate,SGRO,London Stock Exchange,,0.01,IWDA,https://www.ishares.com/uk/individual/en/products/251882/ishares-core-msci-world-ucits-etf-acc-fund/1506575576011.ajax?dataType=fund&fileName=IWDA_holdings&fileType=csv,,high
SPG,SIMON PROPERTY GROUP REIT INC,United States,Real Estate,SPG,New York Stock Exchange Inc.,,0.07,IWDA,https://www.ishares.com/uk/individual/en/products/251882/ishares-core-msci-world-ucits-etf-acc-fund/1506575576011.ajax?dataType=fund&fileName=IWDA_holdings&fileType=csv,,high
SGP.AX,STOCKLAND STAPLED UNITS LTD,Australia,Real Estate,SGP,Asx - All Markets,,0.01,IWDA,https://www.ishares.com/uk/individual/en/products/251882/ishares-core-msci-world-ucits-etf-acc-fund/1506575576011.ajax?dataType=fund&fileName=IWDA_holdings&fileType=csv,,high
SUI,SUN COMMUNITIES REIT INC,United States,Real Estate,SUI,New York Stock Exchange Inc.,,0.02,IWDA,https://www.ishares.com/uk/individual/en/products/251882/ishares-core-msci-world-ucits-etf-acc-fund/1506575576011.ajax?dataType=fund&fileName=IWDA_holdings&fileType=csv,,high
SPSN.SW,SWISS PRIME SITE AG,Switzerland,Real Estate,SPSN,SIX Swiss Exchange,,0.02,IWDA,https://www.ishares.com/uk/individual/en/products/251882/ishares-core-msci-world-ucits-etf-acc-fund/1506575576011.ajax?dataType=fund&fileName=IWDA_holdings&fileType=csv,,med
UDR,UDR REIT INC,United States,Real Estate,UDR,New York Stock Exchange Inc.,,0.01,IWDA,https://www.ishares.com/uk/individual/en/products/251882/ishares-core-msci-world-ucits-etf-acc-fund/1506575576011.ajax?dataType=fund&fileName=IWDA_holdings&fileType=csv,,high
URW.PA,UNIBAIL RODAMCO WE STAPLED UNITS,France,Real Estate,URW,Nyse Euronext - Euronext Paris,,0.02,IWDA,https://www.ishares.com/uk/individual/en/products/251882/ishares-core-msci-world-ucits-etf-acc-fund/1506575576011.ajax?dataType=fund&fileName=IWDA_holdings&fileType=csv,,high
VTR,VENTAS REIT INC,United States,Real Estate,VTR,New York Stock Exchange Inc.,,0.05,IWDA,https://www.ishares.com/uk/individual/en/products/251882/ishares-core-msci-world-ucits-etf-acc-fund/1506575576011.ajax?dataType=fund&fileName=IWDA_holdings&fileType=csv,,high
VICI,VICI PPTYS INC,United States,Real Estate,VICI,New York Stock Exchange Inc.,,0.04,IWDA,https://www.ishares.com/uk/individual/en/products/251882/ishares-core-msci-world-ucits-etf-acc-fund/1506575576011.ajax?dataType=fund&fileName=IWDA_holdings&fileType=csv,,high
VCX.AX,VICINITY CENTRES,Australia,Real Estate,VCX,Asx - All Markets,,0.01,IWDA,https://www.ishares.com/uk/individual/en/products/251882/ishares-core-msci-world-ucits-etf-acc-fund/1506575576011.ajax?dataType=fund&fileName=IWDA_holdings&fileType=csv,,high
VNA.DE,VONOVIA SE,Germany,Real Estate,VNA,Xetra,,0.03,IWDA,https://www.ishares.com/uk/individual/en/products/251882/ishares-core-msci-world-ucits-etf-acc-fund/1506575576011.ajax?dataType=fund&fileName=IWDA_holdings&fileType=csv,,high
WPC,W. P. CAREY REIT INC,United States,Real Estate,WPC,New York Stock Exchange Inc.,,0.02,IWDA,https://www.ishares.com/uk/individual/en/products/251882/ishares-core-msci-world-ucits-etf-acc-fund/1506575576011.ajax?dataType=fund&fileName=IWDA_holdings&fileType=csv,,high
WELL,WELLTOWER INC,United States,Real Estate,WELL,New York Stock Exchange Inc.,,0.17,IWDA,https://www.ishares.com/uk/individual/en/products/251882/ishares-core-msci-world-ucits-etf-acc-fund/1506575576011.ajax?dataType=fund&fileName=IWDA_holdings&fileType=csv,,high
WY,WEYERHAEUSER REIT,United States,Real Estate,WY,New York Stock Exchange Inc.,,0.02,IWDA,https://www.ishares.com/uk/individual/en/products/251882/ishares-core-msci-world-ucits-etf-acc-fund/1506575576011.ajax?dataType=fund&fileName=IWDA_holdings&fileType=csv,,high
Z,ZILLOW GROUP INC CLASS C,United States,Real Estate,Z,NASDAQ,,0.01,IWDA,https://www.ishares.com/uk/individual/en/products/251882/ishares-core-msci-world-ucits-etf-acc-fund/1506575576011.ajax?dataType=fund&fileName=IWDA_holdings&fileType=csv,,high
ANA.MC,ACCIONA SA,Spain,Utilities,ANA,Bolsa De Madrid,,0.01,IWDA,https://www.ishares.com/uk/individual/en/products/251882/ishares-core-msci-world-ucits-etf-acc-fund/1506575576011.ajax?dataType=fund&fileName=IWDA_holdings&fileType=csv,,high
LNT,ALLIANT ENERGY CORP,United States,Utilities,LNT,NASDAQ,,0.02,IWDA,https://www.ishares.com/uk/individual/en/products/251882/ishares-core-msci-world-ucits-etf-acc-fund/1506575576011.ajax?dataType=fund&fileName=IWDA_holdings&fileType=csv,,high
ALA.TO,ALTAGAS LTD,Canada,Utilities,ALA,Toronto Stock Exchange,,0.01,IWDA,https://www.ishares.com/uk/individual/en/products/251882/ishares-core-msci-world-ucits-etf-acc-fund/1506575576011.ajax?dataType=fund&fileName=IWDA_holdings&fileType=csv,,high
AEE,AMEREN CORP,United States,Utilities,AEE,New York Stock Exchange Inc.,,0.04,IWDA,https://www.ishares.com/uk/individual/en/products/251882/ishares-core-msci-world-ucits-etf-acc-fund/1506575576011.ajax?dataType=fund&fileName=IWDA_holdings&fileType=csv,,high
AEP,AMERICAN ELECTRIC POWER INC,United States,Utilities,AEP,NASDAQ,,0.08,IWDA,https://www.ishares.com/uk/individual/en/products/251882/ishares-core-msci-world-ucits-etf-acc-fund/1506575576011.ajax?dataType=fund&fileName=IWDA_holdings&fileType=csv,,high
AWK,AMERICAN WATER WORKS INC,United States,Utilities,AWK,New York Stock Exchange Inc.,,0.03,IWDA,https://www.ishares.com/uk/individual/en/products/251882/ishares-core-msci-world-ucits-etf-acc-fund/1506575576011.ajax?dataType=fund&fileName=IWDA_holdings&fileType=csv,,high
APA.AX,APA GROUP UNITS,Australia,Utilities,APA,Asx - All Markets,,0.01,IWDA,https://www.ishares.com/uk/individual/en/products/251882/ishares-core-msci-world-ucits-etf-acc-fund/1506575576011.ajax?dataType=fund&fileName=IWDA_holdings&fileType=csv,,high
ATO,ATMOS ENERGY CORP,United States,Utilities,ATO,New York Stock Exchange Inc.,,0.03,IWDA,https://www.ishares.com/uk/individual/en/products/251882/ishares-core-msci-world-ucits-etf-acc-fund/1506575576011.ajax?dataType=fund&fileName=IWDA_holdings&fileType=csv,,high
BKW.SW,BKW N AG,Switzerland,Utilities,BKW,SIX Swiss Exchange,,0.0,IWDA,https://www.ishares.com/uk/individual/en/products/251882/ishares-core-msci-world-ucits-etf-acc-fund/1506575576011.ajax?dataType=fund&fileName=IWDA_holdings&fileType=csv,,med
BEPC.TO,BROOKFIELD RENEWABLE SUBORDINATE V,Canada,Utilities,BEPC,Toronto Stock Exchange,,0.0,IWDA,https://www.ishares.com/uk/individual/en/products/251882/ishares-core-msci-world-ucits-etf-acc-fund/1506575576011.ajax?dataType=fund&fileName=IWDA_holdings&fileType=csv,,high
CU.TO,CANADIAN UTILITIES LTD CLASS A,Canada,Utilities,CU,Toronto Stock Exchange,,0.01,IWDA,https://www.ishares.com/uk/individual/en/products/251882/ishares-core-msci-world-ucits-etf-acc-fund/1506575576011.ajax?dataType=fund&fileName=IWDA_holdings&fileType=csv,,high
CNP,CENTERPOINT ENERGY INC,United States,Utilities,CNP,New York Stock Exchange Inc.,,0.03,IWDA,https://www.ishares.com/uk/individual/en/products/251882/ishares-core-msci-world-ucits-etf-acc-fund/1506575576011.ajax?dataType=fund&fileName=IWDA_holdings&fileType=csv,,high
CNA.L,CENTRICA PLC,United Kingdom,Utilities,CNA,London Stock Exchange,,0.02,IWDA,https://www.ishares.com/uk/individual/en/products/251882/ishares-core-msci-world-ucits-etf-acc-fund/1506575576011.ajax?dataType=fund&fileName=IWDA_holdings&fileType=csv,,high
CMS,CMS ENERGY CORP,United States,Utilities,CMS,New York Stock Exchange Inc.,,0.03,IWDA,https://www.ishares.com/uk/individual/en/products/251882/ishares-core-msci-world-ucits-etf-acc-fund/1506575576011.ajax?dataType=fund&fileName=IWDA_holdings&fileType=csv,,high
ED,CONSOLIDATED EDISON INC,United States,Utilities,ED,New York Stock Exchange Inc.,,0.05,IWDA,https://www.ishares.com/uk/individual/en/products/251882/ishares-core-msci-world-ucits-etf-acc-fund/1506575576011.ajax?dataType=fund&fileName=IWDA_holdings&fileType=csv,,high
CEG,CONSTELLATION ENERGY CORP,United States,Utilities,CEG,NASDAQ,,0.12,IWDA,https://www.ishares.com/uk/individual/en/products/251882/ishares-core-msci-world-ucits-etf-acc-fund/1506575576011.ajax?dataType=fund&fileName=IWDA_holdings&fileType=csv,,high
CEN,CONTACT ENERGY LTD,New Zealand,Utilities,CEN,New Zealand Exchange Ltd,,0.01,IWDA,https://www.ishares.com/uk/individual/en/products/251882/ishares-core-msci-world-ucits-etf-acc-fund/1506575576011.ajax?dataType=fund&fileName=IWDA_holdings&fileType=csv,,low
D,DOMINION ENERGY INC,United States,Utilities,D,New York Stock Exchange Inc.,,0.06,IWDA,https://www.ishares.com/uk/individual/en/products/251882/ishares-core-msci-world-ucits-etf-acc-fund/1506575576011.ajax?dataType=fund&fileName=IWDA_holdings&fileType=csv,,high
DTE,DTE ENERGY,United States,Utilities,DTE,New York Stock Exchange Inc.,,0.04,IWDA,https://www.ishares.com/uk/individual/en/products/251882/ishares-core-msci-world-ucits-etf-acc-fund/1506575576011.ajax?dataType=fund&fileName=IWDA_holdings&fileType=csv,,high
DUK,DUKE ENERGY CORP,United States,Utilities,DUK,New York Stock Exchange Inc.,,0.12,IWDA,https://www.ishares.com/uk/individual/en/products/251882/ishares-core-msci-world-ucits-etf-acc-fund/1506575576011.ajax?dataType=fund&fileName=IWDA_holdings&fileType=csv,,high
EOAN.DE,E.ON N,Germany,Utilities,EOAN,Xetra,,0.06,IWDA,https://www.ishares.com/uk/individual/en/products/251882/ishares-core-msci-world-ucits-etf-acc-fund/1506575576011.ajax?dataType=fund&fileName=IWDA_holdings&fileType=csv,,high
EIX,EDISON INTERNATIONAL,United States,Utilities,EIX,New York Stock Exchange Inc.,,0.03,IWDA,https://www.ishares.com/uk/individual/en/products/251882/ishares-core-msci-world-ucits-etf-acc-fund/1506575576011.ajax?dataType=fund&fileName=IWDA_holdings&fileType=csv,,high
EDP.LS,EDP ENERGIAS DE PORTUGAL SA,Portugal,Utilities,EDP,Nyse Euronext - Euronext Lisbon,,0.02,IWDA,https://www.ishares.com/uk/individual/en/products/251882/ishares-core-msci-world-ucits-etf-acc-fund/1506575576011.ajax?dataType=fund&fileName=IWDA_holdings&fileType=csv,,med
EDPR.LS,EDP RENOVAVEIS SA,Portugal,Utilities,EDPR,Nyse Euronext - Euronext Lisbon,,0.0,IWDA,https://www.ishares.com/uk/individual/en/products/251882/ishares-core-msci-world-ucits-etf-acc-fund/1506575576011.ajax?dataType=fund&fileName=IWDA_holdings&fileType=csv,,med
ELI.BR,ELIA GROUP SA,Belgium,Utilities,ELI,Nyse Euronext - Euronext Brussels,,0.01,IWDA,https://www.ishares.com/uk/individual/en/products/251882/ishares-core-msci-world-ucits-etf-acc-fund/1506575576011.ajax?dataType=fund&fileName=IWDA_holdings&fileType=csv,,high
EMA.TO,EMERA INC,Canada,Utilities,EMA,Toronto Stock Exchange,,0.02,IWDA,https://www.ishares.com/uk/individual/en/products/251882/ishares-core-msci-world-ucits-etf-acc-fund/1506575576011.ajax?dataType=fund&fileName=IWDA_holdings&fileType=csv,,high
ELE.MC,ENDESA SA,Spain,Utilities,ELE,Bolsa De Madrid,,0.01,IWDA,https://www.ishares.com/uk/individual/en/products/251882/ishares-core-msci-world-ucits-etf-acc-fund/1506575576011.ajax?dataType=fund&fileName=IWDA_holdings&fileType=csv,,high
ENEL.MI,ENEL,Italy,Utilities,ENEL,Borsa Italiana,,0.11,IWDA,https://www.ishares.com/uk/individual/en/products/251882/ishares-core-msci-world-ucits-etf-acc-fund/1506575576011.ajax?dataType=fund&fileName=IWDA_holdings&fileType=csv,,high
ENGI.PA,ENGIE SA,France,Utilities,ENGI,Nyse Euronext - Euronext Paris,,0.07,IWDA,https://www.ishares.com/uk/individual/en/products/251882/ishares-core-msci-world-ucits-etf-acc-fund/1506575576011.ajax?dataType=fund&fileName=IWDA_holdings&fileType=csv,,high
ETR,ENTERGY CORP,United States,Utilities,ETR,New York Stock Exchange Inc.,,0.06,IWDA,https://www.ishares.com/uk/individual/en/products/251882/ishares-core-msci-world-ucits-etf-acc-fund/1506575576011.ajax?dataType=fund&fileName=IWDA_holdings&fileType=csv,,high
EVRG,EVERGY INC,United States,Utilities,EVRG,NASDAQ,,0.02,IWDA,https://www.ishares.com/uk/individual/en/products/251882/ishares-core-msci-world-ucits-etf-acc-fund/1506575576011.ajax?dataType=fund&fileName=IWDA_holdings&fileType=csv,,high
ES,EVERSOURCE ENERGY,United States,Utilities,ES,New York Stock Exchange Inc.,,0.03,IWDA,https://www.ishares.com/uk/individual/en/products/251882/ishares-core-msci-world-ucits-etf-acc-fund/1506575576011.ajax?dataType=fund&fileName=IWDA_holdings&fileType=csv,,high
EXC,EXELON CORP,United States,Utilities,EXC,NASDAQ,,0.06,IWDA,https://www.ishares.com/uk/individual/en/products/251882/ishares-core-msci-world-ucits-etf-acc-fund/1506575576011.ajax?dataType=fund&fileName=IWDA_holdings&fileType=csv,,high
FE,FIRSTENERGY CORP,United States,Utilities,FE,New York Stock Exchange Inc.,,0.04,IWDA,https://www.ishares.com/uk/individual/en/products/251882/ishares-core-msci-world-ucits-etf-acc-fund/1506575576011.ajax?dataType=fund&fileName=IWDA_holdings&fileType=csv,,high
FTS.TO,FORTIS INC,Canada,Utilities,FTS,Toronto Stock Exchange,,0.04,IWDA,https://www.ishares.com/uk/individual/en/products/251882/ishares-core-msci-world-ucits-etf-acc-fund/1506575576011.ajax?dataType=fund&fileName=IWDA_holdings&fileType=csv,,high
FORTUM.HE,FORTUM,Finland,Utilities,FORTUM,Nasdaq Omx Helsinki Ltd.,,0.01,IWDA,https://www.ishares.com/uk/individual/en/products/251882/ishares-core-msci-world-ucits-etf-acc-fund/1506575576011.ajax?dataType=fund&fileName=IWDA_holdings&fileType=csv,,med
H.TO,HYDRO ONE LTD,Canada,Utilities,H,Toronto Stock Exchange,,0.02,IWDA,https://www.ishares.com/uk/individual/en/products/251882/ishares-core-msci-world-ucits-etf-acc-fund/1506575576011.ajax?dataType=fund&fileName=IWDA_holdings&fileType=csv,,high
IBE.MC,IBERDROLA SA,Spain,Utilities,IBE,Bolsa De Madrid,,0.17,IWDA,https://www.ishares.com/uk/individual/en/products/251882/ishares-core-msci-world-ucits-etf-acc-fund/1506575576011.ajax?dataType=fund&fileName=IWDA_holdings&fileType=csv,,high
IG.MI,ITALGAS,Italy,Utilities,IG,Borsa Italiana,,0.01,IWDA,https://www.ishares.com/uk/individual/en/products/251882/ishares-core-msci-world-ucits-etf-acc-fund/1506575576011.ajax?dataType=fund&fileName=IWDA_holdings&fileType=csv,,high
MEL,MERIDIAN ENERGY LTD,New Zealand,Utilities,MEL,New Zealand Exchange Ltd,,0.0,IWDA,https://www.ishares.com/uk/individual/en/products/251882/ishares-core-msci-world-ucits-etf-acc-fund/1506575576011.ajax?dataType=fund&fileName=IWDA_holdings&fileType=csv,,low
NG.L,NATIONAL GRID PLC,United Kingdom,Utilities,NG.,London Stock Exchange,,0.11,IWDA,https://www.ishares.com/uk/individual/en/products/251882/ishares-core-msci-world-ucits-etf-acc-fund/1506575576011.ajax?dataType=fund&fileName=IWDA_holdings&fileType=csv,,high
NTGY.MC,NATURGY ENERGY GROUP SA,Spain,Utilities,NTGY,Bolsa De Madrid,,0.0,IWDA,https://www.ishares.com/uk/individual/en/products/251882/ishares-core-msci-world-ucits-etf-acc-fund/1506575576011.ajax?dataType=fund&fileName=IWDA_holdings&fileType=csv,,high
NEE,NEXTERA ENERGY INC,United States,Utilities,NEE,New York Stock Exchange Inc.,,0.23,IWDA,https://www.ishares.com/uk/individual/en/products/251882/ishares-core-msci-world-ucits-etf-acc-fund/1506575576011.ajax?dataType=fund&fileName=IWDA_holdings&fileType=csv,,high
NI,NISOURCE INC,United States,Utilities,NI,New York Stock Exchange Inc.,,0.03,IWDA,https://www.ishares.com/uk/individual/en/products/251882/ishares-core-msci-world-ucits-etf-acc-fund/1506575576011.ajax?dataType=fund&fileName=IWDA_holdings&fileType=csv,,high
NRG,NRG ENERGY INC,United States,Utilities,NRG,New York Stock Exchange Inc.,,0.04,IWDA,https://www.ishares.com/uk/individual/en/products/251882/ishares-core-msci-world-ucits-etf-acc-fund/1506575576011.ajax?dataType=fund&fileName=IWDA_holdings&fileType=csv,,high
OKLO,OKLO INC CLASS A,United States,Utilities,OKLO,New York Stock Exchange Inc.,,0.01,IWDA,https://www.ishares.com/uk/individual/en/products/251882/ishares-core-msci-world-ucits-etf-acc-fund/1506575576011.ajax?dataType=fund&fileName=IWDA_holdings&fileType=csv,,high
ORG.AX,ORIGIN ENERGY LTD,Australia,Utilities,ORG,Asx - All Markets,,0.02,IWDA,https://www.ishares.com/uk/individual/en/products/251882/ishares-core-msci-world-ucits-etf-acc-fund/1506575576011.ajax?dataType=fund&fileName=IWDA_holdings&fileType=csv,,high
ORSTED.CO,ORSTED A/S,Denmark,Utilities,ORSTED,Omx Nordic Exchange Copenhagen A/S,,0.01,IWDA,https://www.ishares.com/uk/individual/en/products/251882/ishares-core-msci-world-ucits-etf-acc-fund/1506575576011.ajax?dataType=fund&fileName=IWDA_holdings&fileType=csv,,med
PCG,PG&E CORP,United States,Utilities,PCG,New York Stock Exchange Inc.,,0.05,IWDA,https://www.ishares.com/uk/individual/en/products/251882/ishares-core-msci-world-ucits-etf-acc-fund/1506575576011.ajax?dataType=fund&fileName=IWDA_holdings&fileType=csv,,high
PPL,PPL CORP,United States,Utilities,PPL,New York Stock Exchange Inc.,,0.03,IWDA,https://www.ishares.com/uk/individual/en/products/251882/ishares-core-msci-world-ucits-etf-acc-fund/1506575576011.ajax?dataType=fund&fileName=IWDA_holdings&fileType=csv,,high
PEG,PUBLIC SERVICE ENTERPRISE GROUP IN,United States,Utilities,PEG,New York Stock Exchange Inc.,,0.05,IWDA,https://www.ishares.com/uk/individual/en/products/251882/ishares-core-msci-world-ucits-etf-acc-fund/1506575576011.ajax?dataType=fund&fileName=IWDA_holdings&fileType=csv,,high
RED.MC,REDEIA CORPORACION SA,Spain,Utilities,RED,Bolsa De Madrid,,0.0,IWDA,https://www.ishares.com/uk/individual/en/products/251882/ishares-core-msci-world-ucits-etf-acc-fund/1506575576011.ajax?dataType=fund&fileName=IWDA_holdings&fileType=csv,,high
RWE.DE,RWE AG,Germany,Utilities,RWE,Xetra,,0.04,IWDA,https://www.ishares.com/uk/individual/en/products/251882/ishares-core-msci-world-ucits-etf-acc-fund/1506575576011.ajax?dataType=fund&fileName=IWDA_holdings&fileType=csv,,high
U96.SI,SEMBCORP INDUSTRIES LTD,Singapore,Utilities,U96,Singapore Exchange,,0.0,IWDA,https://www.ishares.com/uk/individual/en/products/251882/ishares-core-msci-world-ucits-etf-acc-fund/1506575576011.ajax?dataType=fund&fileName=IWDA_holdings&fileType=csv,,high
SRE,SEMPRA,United States,Utilities,SRE,New York Stock Exchange Inc.,,0.07,IWDA,https://www.ishares.com/uk/individual/en/products/251882/ishares-core-msci-world-ucits-etf-acc-fund/1506575576011.ajax?dataType=fund&fileName=IWDA_holdings&fileType=csv,,high
SVT.L,SEVERN TRENT PLC,United Kingdom,Utilities,SVT,London Stock Exchange,,0.01,IWDA,https://www.ishares.com/uk/individual/en/products/251882/ishares-core-msci-world-ucits-etf-acc-fund/1506575576011.ajax?dataType=fund&fileName=IWDA_holdings&fileType=csv,,high
SRG.MI,SNAM,Italy,Utilities,SRG,Borsa Italiana,,0.02,IWDA,https://www.ishares.com/uk/individual/en/products/251882/ishares-core-msci-world-ucits-etf-acc-fund/1506575576011.ajax?dataType=fund&fileName=IWDA_holdings&fileType=csv,,high
SO,SOUTHERN,United States,Utilities,SO,New York Stock Exchange Inc.,,0.13,IWDA,https://www.ishares.com/uk/individual/en/products/251882/ishares-core-msci-world-ucits-etf-acc-fund/1506575576011.ajax?dataType=fund&fileName=IWDA_holdings&fileType=csv,,high
SSE.L,SSE PLC,United Kingdom,Utilities,SSE,London Stock Exchange,,0.05,IWDA,https://www.ishares.com/uk/individual/en/products/251882/ishares-core-msci-world-ucits-etf-acc-fund/1506575576011.ajax?dataType=fund&fileName=IWDA_holdings&fileType=csv,,high
TRN.MI,TERNA RETE ELETTRICA NAZIONALE,Italy,Utilities,TRN,Borsa Italiana,,0.02,IWDA,https://www.ishares.com/uk/individual/en/products/251882/ishares-core-msci-world-ucits-etf-acc-fund/1506575576011.ajax?dataType=fund&fileName=IWDA_holdings&fileType=csv,,high
UU.L,UNITED UTILITIES GROUP PLC,United Kingdom,Utilities,UU.,London Stock Exchange,,0.02,IWDA,https://www.ishares.com/uk/individual/en/products/251882/ishares-core-msci-world-ucits-etf-acc-fund/1506575576011.ajax?dataType=fund&fileName=IWDA_holdings&fileType=csv,,high
VIE.PA,VEOLIA ENVIRON. SA,France,Utilities,VIE,Nyse Euronext - Euronext Paris,,0.03,IWDA,https://www.ishares.com/uk/individual/en/products/251882/ishares-core-msci-world-ucits-etf-acc-fund/1506575576011.ajax?dataType=fund&fileName=IWDA_holdings&fileType=csv,,high
VER.VI,VERBUND AG,Austria,Utilities,VER,Wiener Boerse Ag,,0.01,IWDA,https://www.ishares.com/uk/individual/en/products/251882/ishares-core-msci-world-ucits-etf-acc-fund/1506575576011.ajax?dataType=fund&fileName=IWDA_holdings&fileType=csv,,med
VST,VISTRA CORP,United States,Utilities,VST,New York Stock Exchange Inc.,,0.07,IWDA,https://www.ishares.com/uk/individual/en/products/251882/ishares-core-msci-world-ucits-etf-acc-fund/1506575576011.ajax?dataType=fund&fileName=IWDA_holdings&fileType=csv,,high
WEC,WEC ENERGY GROUP INC,United States,Utilities,WEC,New York Stock Exchange Inc.,,0.04,IWDA,https://www.ishares.com/uk/individual/en/products/251882/ishares-core-msci-world-ucits-etf-acc-fund/1506575576011.ajax?dataType=fund&fileName=IWDA_holdings&fileType=csv,,high
XEL,XCEL ENERGY INC,United States,Utilities,XEL,NASDAQ,,0.06,IWDA,https://www.ishares.com/uk/individual/en/products/251882/ishares-core-msci-world-ucits-etf-acc-fund/1506575576011.ajax?dataType=fund&fileName=IWDA_holdings&fileType=csv,,high
