Ticker,Company,Country,Sector,RawTicker,Exchange,ISIN,WeightPct,SourceFund,SourceURL,SourceAsOf,MappingConfidence
002555.SZ,37 INTERACTIVE ENTERTAINMENT NETWO,China,Communication Services,002555,Shenzhen Stock Exchange,,0.01,MCHI,https://www.ishares.com/us/products/239619/ishares-msci-china-etf/1467271812596.ajax?dataType=fund&fileName=MCHI_holdings&fileType=csv,,high
9888.HK,BAIDU CLASS A INC,China,Communication Services,9888,Hong Kong Exchanges And Clearing Ltd,,1.23,MCHI,https://www.ishares.com/us/products/239619/ishares-msci-china-etf/1467271812596.ajax?dataType=fund&fileName=MCHI_holdings&fileType=csv,,high
300251.SZ,BEIJING ENLIGHT MEDIA LTD A,China,Communication Services,300251,Shenzhen Stock Exchange,,0.02,MCHI,https://www.ishares.com/us/products/239619/ishares-msci-china-etf/1467271812596.ajax?dataType=fund&fileName=MCHI_holdings&fileType=csv,,high
9626.HK,BILIBILI INC,China,Communication Services,9626,Hong Kong Exchanges And Clearing Ltd,,0.23,MCHI,https://www.ishares.com/us/products/239619/ishares-msci-china-etf/1467271812596.ajax?dataType=fund&fileName=MCHI_holdings&fileType=csv,,high
300058.SZ,BLUEFOCUS INTELLIGENT COMMUNICATIO,China,Communication Services,300058,Shenzhen Stock Exchange,,0.02,MCHI,https://www.ishares.com/us/products/239619/ishares-msci-china-etf/1467271812596.ajax?dataType=fund&fileName=MCHI_holdings&fileType=csv,,high
0772.HK,CHINA LITERATURE LTD,China,Communication Services,772,Hong Kong Exchanges And Clearing Ltd,,0.06,MCHI,https://www.ishares.com/us/products/239619/ishares-msci-china-etf/1467271812596.ajax?dataType=fund&fileName=MCHI_holdings&fileType=csv,,high
0136.HK,CHINA RUYI HOLDINGS LTD,China,Communication Services,136,Hong Kong Exchanges And Clearing Ltd,,0.1,MCHI,https://www.ishares.com/us/products/239619/ishares-msci-china-etf/1467271812596.ajax?dataType=fund&fileName=MCHI_holdings&fileType=csv,,high
0788.HK,CHINA TOWER CORP LTD H,China,Communication Services,788,Hong Kong Exchanges And Clearing Ltd,,0.23,MCHI,https://www.ishares.com/us/products/239619/ishares-msci-china-etf/1467271812596.ajax?dataType=fund&fileName=MCHI_holdings&fileType=csv,,high
600050.SS,CHINA UNITED NETWORK COMMUNICATION,China,Communication Services,600050,Shanghai Stock Exchange,,0.05,MCHI,https://www.ishares.com/us/products/239619/ishares-msci-china-etf/1467271812596.ajax?dataType=fund&fileName=MCHI_holdings&fileType=csv,,high
002027.SZ,FOCUS MEDIA INFORMATION TECHNOLOGY,China,Communication Services,002027,Shenzhen Stock Exchange,,0.03,MCHI,https://www.ishares.com/us/products/239619/ishares-msci-china-etf/1467271812596.ajax?dataType=fund&fileName=MCHI_holdings&fileType=csv,,high
002558.SZ,GIANT NETWORK GROUP LTD A,China,Communication Services,002558,Shenzhen Stock Exchange,,0.02,MCHI,https://www.ishares.com/us/products/239619/ishares-msci-china-etf/1467271812596.ajax?dataType=fund&fileName=MCHI_holdings&fileType=csv,,high
002517.SZ,KINGNET NETWORK LTD A,China,Communication Services,002517,Shenzhen Stock Exchange,,0.01,MCHI,https://www.ishares.com/us/products/239619/ishares-msci-china-etf/1467271812596.ajax?dataType=fund&fileName=MCHI_holdings&fileType=csv,,high
3888.HK,KINGSOFT LTD,China,Communication Services,3888,Hong Kong Exchanges And Clearing Ltd,,0.12,MCHI,https://www.ishares.com/us/products/239619/ishares-msci-china-etf/1467271812596.ajax?dataType=fund&fileName=MCHI_holdings&fileType=csv,,high
1024.HK,KUAISHOU TECHNOLOGY,China,Communication Services,1024,Hong Kong Exchanges And Clearing Ltd,,0.73,MCHI,https://www.ishares.com/us/products/239619/ishares-msci-china-etf/1467271812596.ajax?dataType=fund&fileName=MCHI_holdings&fileType=csv,,high
300418.SZ,KUNLUN TECH LTD A,China,Communication Services,300418,Shenzhen Stock Exchange,,0.02,MCHI,https://www.ishares.com/us/products/239619/ishares-msci-china-etf/1467271812596.ajax?dataType=fund&fileName=MCHI_holdings&fileType=csv,,high
002131.SZ,LEO GROUP LTD A,China,Communication Services,002131,Shenzhen Stock Exchange,,0.02,MCHI,https://www.ishares.com/us/products/239619/ishares-msci-china-etf/1467271812596.ajax?dataType=fund&fileName=MCHI_holdings&fileType=csv,,high
300413.SZ,MANGO EXCELLENT MEDIA LTD A,China,Communication Services,300413,Shenzhen Stock Exchange,,0.01,MCHI,https://www.ishares.com/us/products/239619/ishares-msci-china-etf/1467271812596.ajax?dataType=fund&fileName=MCHI_holdings&fileType=csv,,high
1357.HK,MEITU INC,China,Communication Services,1357,Hong Kong Exchanges And Clearing Ltd,,0.09,MCHI,https://www.ishares.com/us/products/239619/ishares-msci-china-etf/1467271812596.ajax?dataType=fund&fileName=MCHI_holdings&fileType=csv,,high
9899.HK,NETEASE CLOUD MUSIC INC,China,Communication Services,9899,Hong Kong Exchanges And Clearing Ltd,,0.06,MCHI,https://www.ishares.com/us/products/239619/ishares-msci-china-etf/1467271812596.ajax?dataType=fund&fileName=MCHI_holdings&fileType=csv,,high
9999.HK,NETEASE INC,China,Communication Services,9999,Hong Kong Exchanges And Clearing Ltd,,1.51,MCHI,https://www.ishares.com/us/products/239619/ishares-msci-china-etf/1467271812596.ajax?dataType=fund&fileName=MCHI_holdings&fileType=csv,,high
0700.HK,TENCENT HOLDINGS LTD,China,Communication Services,700,Hong Kong Exchanges And Clearing Ltd,,15.49,MCHI,https://www.ishares.com/us/products/239619/ishares-msci-china-etf/1467271812596.ajax?dataType=fund&fileName=MCHI_holdings&fileType=csv,,high
TME,TENCENT MUSIC ENTERTAINMENT GROUP,China,Communication Services,TME,NYSE,,0.29,MCHI,https://www.ishares.com/us/products/239619/ishares-msci-china-etf/1467271812596.ajax?dataType=fund&fileName=MCHI_holdings&fileType=csv,,high
002602.SZ,ZHEJIANG CENTURY HUATONG GROUP LTD,China,Communication Services,002602,Shenzhen Stock Exchange,,0.04,MCHI,https://www.ishares.com/us/products/239619/ishares-msci-china-etf/1467271812596.ajax?dataType=fund&fileName=MCHI_holdings&fileType=csv,,high
9988.HK,ALIBABA GROUP HOLDING LTD,China,Consumer Discretionary,9988,Hong Kong Exchanges And Clearing Ltd,,10.4,MCHI,https://www.ishares.com/us/products/239619/ishares-msci-china-etf/1467271812596.ajax?dataType=fund&fileName=MCHI_holdings&fileType=csv,,high
600418.SS,ANHUI JIANGHUAI AUTOMOBILE CORP LT,China,Consumer Discretionary,600418,Shanghai Stock Exchange,,0.03,MCHI,https://www.ishares.com/us/products/239619/ishares-msci-china-etf/1467271812596.ajax?dataType=fund&fileName=MCHI_holdings&fileType=csv,,high
2020.HK,ANTA SPORTS PRODUCTS LTD,China,Consumer Discretionary,2020,Hong Kong Exchanges And Clearing Ltd,,0.47,MCHI,https://www.ishares.com/us/products/239619/ishares-msci-china-etf/1467271812596.ajax?dataType=fund&fileName=MCHI_holdings&fileType=csv,,high
600733.SS,BAIC BLUEPARK NEW ENERGY TECHNOLOG,China,Consumer Discretionary,600733,Shanghai Stock Exchange,,0.02,MCHI,https://www.ishares.com/us/products/239619/ishares-msci-china-etf/1467271812596.ajax?dataType=fund&fileName=MCHI_holdings&fileType=csv,,high
688169.SS,BEIJING ROBOROCK TECHNOLOGY LTD A,China,Consumer Discretionary,688169,Shanghai Stock Exchange,,0.01,MCHI,https://www.ishares.com/us/products/239619/ishares-msci-china-etf/1467271812596.ajax?dataType=fund&fileName=MCHI_holdings&fileType=csv,,high
3998.HK,BOSIDENG INTERNATIONAL LTD,China,Consumer Discretionary,3998,Hong Kong Exchanges And Clearing Ltd,,0.09,MCHI,https://www.ishares.com/us/products/239619/ishares-msci-china-etf/1467271812596.ajax?dataType=fund&fileName=MCHI_holdings&fileType=csv,,high
002594.SZ,BYD LTD A,China,Consumer Discretionary,002594,Shenzhen Stock Exchange,,0.17,MCHI,https://www.ishares.com/us/products/239619/ishares-msci-china-etf/1467271812596.ajax?dataType=fund&fileName=MCHI_holdings&fileType=csv,,high
1211.HK,BYD LTD H,China,Consumer Discretionary,1211,Hong Kong Exchanges And Clearing Ltd,,1.7,MCHI,https://www.ishares.com/us/products/239619/ishares-msci-china-etf/1467271812596.ajax?dataType=fund&fileName=MCHI_holdings&fileType=csv,,high
000564.SZ,CCOOP GROUP LTD A,China,Consumer Discretionary,000564,Shenzhen Stock Exchange,,0.01,MCHI,https://www.ishares.com/us/products/239619/ishares-msci-china-etf/1467271812596.ajax?dataType=fund&fileName=MCHI_holdings&fileType=csv,,high
601799.SS,CHANGZHOU XINGYU AUTOMOTIVE LIGHTI,China,Consumer Discretionary,601799,Shanghai Stock Exchange,,0.01,MCHI,https://www.ishares.com/us/products/239619/ishares-msci-china-etf/1467271812596.ajax?dataType=fund&fileName=MCHI_holdings&fileType=csv,,high
601888.SS,CHINA TOURISM GROUP DUTY FREE CORP,China,Consumer Discretionary,601888,Shanghai Stock Exchange,,0.05,MCHI,https://www.ishares.com/us/products/239619/ishares-msci-china-etf/1467271812596.ajax?dataType=fund&fileName=MCHI_holdings&fileType=csv,,high
000625.SZ,CHONGQING CHANGAN AUTOMOBILE LTD A,China,Consumer Discretionary,000625,Shenzhen Stock Exchange,,0.03,MCHI,https://www.ishares.com/us/products/239619/ishares-msci-china-etf/1467271812596.ajax?dataType=fund&fileName=MCHI_holdings&fileType=csv,,high
601777.SS,CHONGQING QIANLI TECHNOLOGY LTD A,China,Consumer Discretionary,601777,Shanghai Stock Exchange,,0.02,MCHI,https://www.ishares.com/us/products/239619/ishares-msci-china-etf/1467271812596.ajax?dataType=fund&fileName=MCHI_holdings&fileType=csv,,high
1929.HK,CHOW TAI FOOK JEWELLERY GROUP LTD,China,Consumer Discretionary,1929,Hong Kong Exchanges And Clearing Ltd,,0.11,MCHI,https://www.ishares.com/us/products/239619/ishares-msci-china-etf/1467271812596.ajax?dataType=fund&fileName=MCHI_holdings&fileType=csv,,high
0489.HK,DONGFENG MOTOR GROUP LTD H,China,Consumer Discretionary,489,Hong Kong Exchanges And Clearing Ltd,,0.1,MCHI,https://www.ishares.com/us/products/239619/ishares-msci-china-etf/1467271812596.ajax?dataType=fund&fileName=MCHI_holdings&fileType=csv,,high
603486.SS,ECOVACS ROBOTICS LTD A,China,Consumer Discretionary,603486,Shanghai Stock Exchange,,0.01,MCHI,https://www.ishares.com/us/products/239619/ishares-msci-china-etf/1467271812596.ajax?dataType=fund&fileName=MCHI_holdings&fileType=csv,,high
600660.SS,FUYAO GLASS INDUSTRY GROUP LTD A,China,Consumer Discretionary,600660,Shanghai Stock Exchange,,0.04,MCHI,https://www.ishares.com/us/products/239619/ishares-msci-china-etf/1467271812596.ajax?dataType=fund&fileName=MCHI_holdings&fileType=csv,,high
3606.HK,FUYAO GLASS INDUSTRY GROUP LTD H,China,Consumer Discretionary,3606,Hong Kong Exchanges And Clearing Ltd,,0.18,MCHI,https://www.ishares.com/us/products/239619/ishares-msci-china-etf/1467271812596.ajax?dataType=fund&fileName=MCHI_holdings&fileType=csv,,high
0175.HK,GEELY AUTOMOBILE HOLDINGS LTD,China,Consumer Discretionary,175,Hong Kong Exchanges And Clearing Ltd,,0.48,MCHI,https://www.ishares.com/us/products/239619/ishares-msci-china-etf/1467271812596.ajax?dataType=fund&fileName=MCHI_holdings&fileType=csv,,high
2333.HK,GREAT WALL MOTOR COMPANY LTD H,China,Consumer Discretionary,2333,Hong Kong Exchanges And Clearing Ltd,,0.14,MCHI,https://www.ishares.com/us/products/239619/ishares-msci-china-etf/1467271812596.ajax?dataType=fund&fileName=MCHI_holdings&fileType=csv,,high
000651.SZ,GREE ELECTRIC APPLIANCES INC OF ZH,China,Consumer Discretionary,000651,Shenzhen Stock Exchange,,0.03,MCHI,https://www.ishares.com/us/products/239619/ishares-msci-china-etf/1467271812596.ajax?dataType=fund&fileName=MCHI_holdings&fileType=csv,,high
601238.SS,GUANGZHOU AUTOMOBILE GROUP LTD A,China,Consumer Discretionary,601238,Shanghai Stock Exchange,,0.02,MCHI,https://www.ishares.com/us/products/239619/ishares-msci-china-etf/1467271812596.ajax?dataType=fund&fileName=MCHI_holdings&fileType=csv,,high
HTHT,H WORLD GROUP ADR LTD,China,Consumer Discretionary,HTHT,NASDAQ,,0.38,MCHI,https://www.ishares.com/us/products/239619/ishares-msci-china-etf/1467271812596.ajax?dataType=fund&fileName=MCHI_holdings&fileType=csv,,high
6862.HK,HAIDILAO INTERNATIONAL HOLDING LTD,China,Consumer Discretionary,6862,Hong Kong Exchanges And Clearing Ltd,,0.13,MCHI,https://www.ishares.com/us/products/239619/ishares-msci-china-etf/1467271812596.ajax?dataType=fund&fileName=MCHI_holdings&fileType=csv,,high
6690.HK,HAIER SMART HOME CLASS H LTD H,China,Consumer Discretionary,6690,Hong Kong Exchanges And Clearing Ltd,,0.28,MCHI,https://www.ishares.com/us/products/239619/ishares-msci-china-etf/1467271812596.ajax?dataType=fund&fileName=MCHI_holdings&fileType=csv,,high
600690.SS,HAIER SMART HOME LTD A,China,Consumer Discretionary,600690,Shanghai Stock Exchange,,0.05,MCHI,https://www.ishares.com/us/products/239619/ishares-msci-china-etf/1467271812596.ajax?dataType=fund&fileName=MCHI_holdings&fileType=csv,,high
2525.HK,HESAI GROUP CLASS B,China,Consumer Discretionary,2525,Hong Kong Exchanges And Clearing Ltd,,0.1,MCHI,https://www.ishares.com/us/products/239619/ishares-msci-china-etf/1467271812596.ajax?dataType=fund&fileName=MCHI_holdings&fileType=csv,,high
600741.SS,HUAYU AUTOMOTIVE SYSTEMS LTD A,China,Consumer Discretionary,600741,Shanghai Stock Exchange,,0.02,MCHI,https://www.ishares.com/us/products/239619/ishares-msci-china-etf/1467271812596.ajax?dataType=fund&fileName=MCHI_holdings&fileType=csv,,high
002920.SZ,HUIZHOU DESAY SV AUTOMOTIVE LTD A,China,Consumer Discretionary,002920,Shenzhen Stock Exchange,,0.02,MCHI,https://www.ishares.com/us/products/239619/ishares-msci-china-etf/1467271812596.ajax?dataType=fund&fileName=MCHI_holdings&fileType=csv,,high
9618.HK,JD.COM CLASS A INC,China,Consumer Discretionary,9618,Hong Kong Exchanges And Clearing Ltd,,1.19,MCHI,https://www.ishares.com/us/products/239619/ishares-msci-china-etf/1467271812596.ajax?dataType=fund&fileName=MCHI_holdings&fileType=csv,,high
6181.HK,LAOPU GOLD LTD H,China,Consumer Discretionary,6181,Hong Kong Exchanges And Clearing Ltd,,0.09,MCHI,https://www.ishares.com/us/products/239619/ishares-msci-china-etf/1467271812596.ajax?dataType=fund&fileName=MCHI_holdings&fileType=csv,,high
2015.HK,LI AUTO CLASS A INC,China,Consumer Discretionary,2015,Hong Kong Exchanges And Clearing Ltd,,0.41,MCHI,https://www.ishares.com/us/products/239619/ishares-msci-china-etf/1467271812596.ajax?dataType=fund&fileName=MCHI_holdings&fileType=csv,,high
2331.HK,LI NING LTD,China,Consumer Discretionary,2331,Hong Kong Exchanges And Clearing Ltd,,0.22,MCHI,https://www.ishares.com/us/products/239619/ishares-msci-china-etf/1467271812596.ajax?dataType=fund&fileName=MCHI_holdings&fileType=csv,,high
3690.HK,MEITUAN,China,Consumer Discretionary,3690,Hong Kong Exchanges And Clearing Ltd,,1.84,MCHI,https://www.ishares.com/us/products/239619/ishares-msci-china-etf/1467271812596.ajax?dataType=fund&fileName=MCHI_holdings&fileType=csv,,high
000333.SZ,MIDEA GROUP LTD A,China,Consumer Discretionary,000333,Shenzhen Stock Exchange,,0.09,MCHI,https://www.ishares.com/us/products/239619/ishares-msci-china-etf/1467271812596.ajax?dataType=fund&fileName=MCHI_holdings&fileType=csv,,high
0300.HK,MIDEA GROUP LTD CLASS H,China,Consumer Discretionary,300,Hong Kong Exchanges And Clearing Ltd,,0.16,MCHI,https://www.ishares.com/us/products/239619/ishares-msci-china-etf/1467271812596.ajax?dataType=fund&fileName=MCHI_holdings&fileType=csv,,high
9896.HK,MINISO GROUP HOLDING LTD,China,Consumer Discretionary,9896,Hong Kong Exchanges And Clearing Ltd,,0.08,MCHI,https://www.ishares.com/us/products/239619/ishares-msci-china-etf/1467271812596.ajax?dataType=fund&fileName=MCHI_holdings&fileType=csv,,high
9901.HK,NEW ORIENTAL EDUCATION & TECHNOLOG,China,Consumer Discretionary,9901,Hong Kong Exchanges And Clearing Ltd,,0.26,MCHI,https://www.ishares.com/us/products/239619/ishares-msci-china-etf/1467271812596.ajax?dataType=fund&fileName=MCHI_holdings&fileType=csv,,high
601689.SS,NINGBO TUOPU GROUP CLS LTD A,China,Consumer Discretionary,601689,Shanghai Stock Exchange,,0.04,MCHI,https://www.ishares.com/us/products/239619/ishares-msci-china-etf/1467271812596.ajax?dataType=fund&fileName=MCHI_holdings&fileType=csv,,high
9866.HK,NIO CLASS A INC,China,Consumer Discretionary,9866,Hong Kong Exchanges And Clearing Ltd,,0.33,MCHI,https://www.ishares.com/us/products/239619/ishares-msci-china-etf/1467271812596.ajax?dataType=fund&fileName=MCHI_holdings&fileType=csv,,high
PDD,PDD HOLDINGS ADS INC,China,Consumer Discretionary,PDD,NASDAQ,,2.68,MCHI,https://www.ishares.com/us/products/239619/ishares-msci-china-etf/1467271812596.ajax?dataType=fund&fileName=MCHI_holdings&fileType=csv,,high
9992.HK,POP MART INTERNATIONAL GROUP LTD,China,Consumer Discretionary,9992,Hong Kong Exchanges And Clearing Ltd,,0.52,MCHI,https://www.ishares.com/us/products/239619/ishares-msci-china-etf/1467271812596.ajax?dataType=fund&fileName=MCHI_holdings&fileType=csv,,high
600104.SS,SAIC MOTOR CORP LTD A,China,Consumer Discretionary,600104,Shanghai Stock Exchange,,0.03,MCHI,https://www.ishares.com/us/products/239619/ishares-msci-china-etf/1467271812596.ajax?dataType=fund&fileName=MCHI_holdings&fileType=csv,,high
601058.SS,SAILUN GROUP LTD A,China,Consumer Discretionary,601058,Shanghai Stock Exchange,,0.01,MCHI,https://www.ishares.com/us/products/239619/ishares-msci-china-etf/1467271812596.ajax?dataType=fund&fileName=MCHI_holdings&fileType=csv,,high
601127.SS,SERES GROUP LTD A,China,Consumer Discretionary,601127,Shanghai Stock Exchange,,0.05,MCHI,https://www.ishares.com/us/products/239619/ishares-msci-china-etf/1467271812596.ajax?dataType=fund&fileName=MCHI_holdings&fileType=csv,,high
2313.HK,SHENZHOU INTERNATIONAL GROUP LTD,China,Consumer Discretionary,2313,Hong Kong Exchanges And Clearing Ltd,,0.23,MCHI,https://www.ishares.com/us/products/239619/ishares-msci-china-etf/1467271812596.ajax?dataType=fund&fileName=MCHI_holdings&fileType=csv,,high
600839.SS,SICHUAN CHANGHONG ELECTRIC LTD A,China,Consumer Discretionary,600839,Shanghai Stock Exchange,,0.01,MCHI,https://www.ishares.com/us/products/239619/ishares-msci-china-etf/1467271812596.ajax?dataType=fund&fileName=MCHI_holdings&fileType=csv,,high
TAL,TAL EDUCATION GROUP ADR REPTG,China,Consumer Discretionary,TAL,NYSE,,0.16,MCHI,https://www.ishares.com/us/products/239619/ishares-msci-china-etf/1467271812596.ajax?dataType=fund&fileName=MCHI_holdings&fileType=csv,,high
0780.HK,TONGCHENG TRAVEL HOLDINGS LTD,China,Consumer Discretionary,780,Hong Kong Exchanges And Clearing Ltd,,0.12,MCHI,https://www.ishares.com/us/products/239619/ishares-msci-china-etf/1467271812596.ajax?dataType=fund&fileName=MCHI_holdings&fileType=csv,,high
9961.HK,TRIP.COM GROUP LTD,China,Consumer Discretionary,9961,Hong Kong Exchanges And Clearing Ltd,,1.21,MCHI,https://www.ishares.com/us/products/239619/ishares-msci-china-etf/1467271812596.ajax?dataType=fund&fileName=MCHI_holdings&fileType=csv,,high
VIPS,VIPSHOP HOLDINGS SPONSORED ADS REP,China,Consumer Discretionary,VIPS,NYSE,,0.18,MCHI,https://www.ishares.com/us/products/239619/ishares-msci-china-etf/1467271812596.ajax?dataType=fund&fileName=MCHI_holdings&fileType=csv,,high
000559.SZ,WANXIANG QIANCHAO LTD A,China,Consumer Discretionary,000559,Shenzhen Stock Exchange,,0.02,MCHI,https://www.ishares.com/us/products/239619/ishares-msci-china-etf/1467271812596.ajax?dataType=fund&fileName=MCHI_holdings&fileType=csv,,high
9868.HK,XPENG CLASS A INC,China,Consumer Discretionary,9868,Hong Kong Exchanges And Clearing Ltd,,0.41,MCHI,https://www.ishares.com/us/products/239619/ishares-msci-china-etf/1467271812596.ajax?dataType=fund&fileName=MCHI_holdings&fileType=csv,,high
1585.HK,YADEA GROUP HOLDINGS LTD,China,Consumer Discretionary,1585,Hong Kong Exchanges And Clearing Ltd,,0.07,MCHI,https://www.ishares.com/us/products/239619/ishares-msci-china-etf/1467271812596.ajax?dataType=fund&fileName=MCHI_holdings&fileType=csv,,high
9987.HK,YUM CHINA HOLDINGS INC,China,Consumer Discretionary,9987,Hong Kong Exchanges And Clearing Ltd,,0.69,MCHI,https://www.ishares.com/us/products/239619/ishares-msci-china-etf/1467271812596.ajax?dataType=fund&fileName=MCHI_holdings&fileType=csv,,high
600415.SS,ZHEJIANG CHINA COMMODITIES CITY GR,China,Consumer Discretionary,600415,Shanghai Stock Exchange,,0.02,MCHI,https://www.ishares.com/us/products/239619/ishares-msci-china-etf/1467271812596.ajax?dataType=fund&fileName=MCHI_holdings&fileType=csv,,high
9863.HK,ZHEJIANG LEAPMOTOR TECHNOLOGY LTD,China,Consumer Discretionary,9863,Hong Kong Exchanges And Clearing Ltd,,0.1,MCHI,https://www.ishares.com/us/products/239619/ishares-msci-china-etf/1467271812596.ajax?dataType=fund&fileName=MCHI_holdings&fileType=csv,,high
002085.SZ,ZHEJIANG WANFENG AUTO WHEEL LTD A,China,Consumer Discretionary,002085,Shenzhen Stock Exchange,,0.01,MCHI,https://www.ishares.com/us/products/239619/ishares-msci-china-etf/1467271812596.ajax?dataType=fund&fileName=MCHI_holdings&fileType=csv,,high
0241.HK,ALIBABA HEALTH INFORMATION TECH LT,China,Consumer Staples,241,Hong Kong Exchanges And Clearing Ltd,,0.14,MCHI,https://www.ishares.com/us/products/239619/ishares-msci-china-etf/1467271812596.ajax?dataType=fund&fileName=MCHI_holdings&fileType=csv,,high
600298.SS,ANGEL YEAST LTD A,China,Consumer Staples,600298,Shanghai Stock Exchange,,0.01,MCHI,https://www.ishares.com/us/products/239619/ishares-msci-china-etf/1467271812596.ajax?dataType=fund&fileName=MCHI_holdings&fileType=csv,,high
000596.SZ,ANHUI GUJING DISTILLERY LTD A,China,Consumer Staples,000596,Shenzhen Stock Exchange,,0.02,MCHI,https://www.ishares.com/us/products/239619/ishares-msci-china-etf/1467271812596.ajax?dataType=fund&fileName=MCHI_holdings&fileType=csv,,high
6186.HK,CHINA FEIHE LTD,China,Consumer Staples,6186,Hong Kong Exchanges And Clearing Ltd,,0.07,MCHI,https://www.ishares.com/us/products/239619/ishares-msci-china-etf/1467271812596.ajax?dataType=fund&fileName=MCHI_holdings&fileType=csv,,high
2319.HK,CHINA MENGNIU DAIRY LTD,China,Consumer Staples,2319,Hong Kong Exchanges And Clearing Ltd,,0.24,MCHI,https://www.ishares.com/us/products/239619/ishares-msci-china-etf/1467271812596.ajax?dataType=fund&fileName=MCHI_holdings&fileType=csv,,high
0291.HK,CHINA RESOURCES BEER HOLDINGS LTD,China,Consumer Staples,291,Hong Kong Exchanges And Clearing Ltd,,0.2,MCHI,https://www.ishares.com/us/products/239619/ishares-msci-china-etf/1467271812596.ajax?dataType=fund&fileName=MCHI_holdings&fileType=csv,,high
605499.SS,EASTROC BEVERAGE (GROUP) LTD A,China,Consumer Staples,605499,Shanghai Stock Exchange,,0.04,MCHI,https://www.ishares.com/us/products/239619/ishares-msci-china-etf/1467271812596.ajax?dataType=fund&fileName=MCHI_holdings&fileType=csv,,high
603288.SS,FOSHAN HAI TIAN FLAVOURING & FOOD,China,Consumer Staples,603288,Shanghai Stock Exchange,,0.06,MCHI,https://www.ishares.com/us/products/239619/ishares-msci-china-etf/1467271812596.ajax?dataType=fund&fileName=MCHI_holdings&fileType=csv,,high
2367.HK,GIANT BIOGENE HOLDING LTD,China,Consumer Staples,2367,Hong Kong Exchanges And Clearing Ltd,,0.05,MCHI,https://www.ishares.com/us/products/239619/ishares-msci-china-etf/1467271812596.ajax?dataType=fund&fileName=MCHI_holdings&fileType=csv,,high
002311.SZ,GUANGDONG HAID GROUP LTD A,China,Consumer Staples,002311,Shenzhen Stock Exchange,,0.03,MCHI,https://www.ishares.com/us/products/239619/ishares-msci-china-etf/1467271812596.ajax?dataType=fund&fileName=MCHI_holdings&fileType=csv,,high
000895.SZ,HENAN SHUANGHUI INVESTMENT & DEVEL,China,Consumer Staples,000895,Shenzhen Stock Exchange,,0.03,MCHI,https://www.ishares.com/us/products/239619/ishares-msci-china-etf/1467271812596.ajax?dataType=fund&fileName=MCHI_holdings&fileType=csv,,high
1044.HK,HENGAN INTERNATIONAL GROUP LTD,China,Consumer Staples,1044,Hong Kong Exchanges And Clearing Ltd,,0.08,MCHI,https://www.ishares.com/us/products/239619/ishares-msci-china-etf/1467271812596.ajax?dataType=fund&fileName=MCHI_holdings&fileType=csv,,high
600887.SS,INNER MONGOLIA YILI INDUSTRIAL GRO,China,Consumer Staples,600887,Shanghai Stock Exchange,,0.05,MCHI,https://www.ishares.com/us/products/239619/ishares-msci-china-etf/1467271812596.ajax?dataType=fund&fileName=MCHI_holdings&fileType=csv,,high
6618.HK,JD HEALTH INTERNATIONAL INC,China,Consumer Staples,6618,Hong Kong Exchanges And Clearing Ltd,,0.26,MCHI,https://www.ishares.com/us/products/239619/ishares-msci-china-etf/1467271812596.ajax?dataType=fund&fileName=MCHI_holdings&fileType=csv,,high
603369.SS,JIANGSU KINGS LUCK BREWERY LTD A,China,Consumer Staples,603369,Shanghai Stock Exchange,,0.01,MCHI,https://www.ishares.com/us/products/239619/ishares-msci-china-etf/1467271812596.ajax?dataType=fund&fileName=MCHI_holdings&fileType=csv,,high
002304.SZ,JIANGSU YANGHE BREWERY JOINT-STOCK,China,Consumer Staples,002304,Shenzhen Stock Exchange,,0.02,MCHI,https://www.ishares.com/us/products/239619/ishares-msci-china-etf/1467271812596.ajax?dataType=fund&fileName=MCHI_holdings&fileType=csv,,high
600519.SS,KWEICHOW MOUTAI LTD A,China,Consumer Staples,600519,Shanghai Stock Exchange,,0.56,MCHI,https://www.ishares.com/us/products/239619/ishares-msci-china-etf/1467271812596.ajax?dataType=fund&fileName=MCHI_holdings&fileType=csv,,high
000568.SZ,LUZHOU LAO JIAO LTD A,China,Consumer Staples,000568,Shenzhen Stock Exchange,,0.05,MCHI,https://www.ishares.com/us/products/239619/ishares-msci-china-etf/1467271812596.ajax?dataType=fund&fileName=MCHI_holdings&fileType=csv,,high
002714.SZ,MUYUAN FOODS LTD A,China,Consumer Staples,002714,Shenzhen Stock Exchange,,0.09,MCHI,https://www.ishares.com/us/products/239619/ishares-msci-china-etf/1467271812596.ajax?dataType=fund&fileName=MCHI_holdings&fileType=csv,,high
000876.SZ,NEW HOPE LIUHE LTD A,China,Consumer Staples,000876,Shenzhen Stock Exchange,,0.01,MCHI,https://www.ishares.com/us/products/239619/ishares-msci-china-etf/1467271812596.ajax?dataType=fund&fileName=MCHI_holdings&fileType=csv,,high
9633.HK,NONGFU SPRING LTD H,China,Consumer Staples,9633,Hong Kong Exchanges And Clearing Ltd,,0.42,MCHI,https://www.ishares.com/us/products/239619/ishares-msci-china-etf/1467271812596.ajax?dataType=fund&fileName=MCHI_holdings&fileType=csv,,high
600809.SS,SHANXI XINGHUACUN FEN WINE FACTORY,China,Consumer Staples,600809,Shanghai Stock Exchange,,0.06,MCHI,https://www.ishares.com/us/products/239619/ishares-msci-china-etf/1467271812596.ajax?dataType=fund&fileName=MCHI_holdings&fileType=csv,,high
6969.HK,SMOORE INTERNATIONAL HOLDINGS LTD,China,Consumer Staples,6969,Hong Kong Exchanges And Clearing Ltd,,0.1,MCHI,https://www.ishares.com/us/products/239619/ishares-msci-china-etf/1467271812596.ajax?dataType=fund&fileName=MCHI_holdings&fileType=csv,,high
0322.HK,TINGYI (CAYMAN ISLANDS) HOLDINGS C,China,Consumer Staples,322,Hong Kong Exchanges And Clearing Ltd,,0.12,MCHI,https://www.ishares.com/us/products/239619/ishares-msci-china-etf/1467271812596.ajax?dataType=fund&fileName=MCHI_holdings&fileType=csv,,high
600600.SS,TSINGTAO BREWERY LTD A,China,Consumer Staples,600600,Shanghai Stock Exchange,,0.01,MCHI,https://www.ishares.com/us/products/239619/ishares-msci-china-etf/1467271812596.ajax?dataType=fund&fileName=MCHI_holdings&fileType=csv,,high
0168.HK,TSINGTAO BREWERY LTD H,China,Consumer Staples,168,Hong Kong Exchanges And Clearing Ltd,,0.14,MCHI,https://www.ishares.com/us/products/239619/ishares-msci-china-etf/1467271812596.ajax?dataType=fund&fileName=MCHI_holdings&fileType=csv,,high
0151.HK,WANT WANT CHINA HOLDINGS LTD,China,Consumer Staples,151,Hong Kong Exchanges And Clearing Ltd,,0.1,MCHI,https://www.ishares.com/us/products/239619/ishares-msci-china-etf/1467271812596.ajax?dataType=fund&fileName=MCHI_holdings&fileType=csv,,high
300498.SZ,WENS FOODSTUFF GROUP LTD,China,Consumer Staples,300498,Shenzhen Stock Exchange,,0.04,MCHI,https://www.ishares.com/us/products/239619/ishares-msci-china-etf/1467271812596.ajax?dataType=fund&fileName=MCHI_holdings&fileType=csv,,high
000858.SZ,WULIANGYE YIBIN LTD A,China,Consumer Staples,000858,Shenzhen Stock Exchange,,0.13,MCHI,https://www.ishares.com/us/products/239619/ishares-msci-china-etf/1467271812596.ajax?dataType=fund&fileName=MCHI_holdings&fileType=csv,,high
601933.SS,YONGHUI SUPERSTORES LTD A,China,Consumer Staples,601933,Shanghai Stock Exchange,,0.01,MCHI,https://www.ishares.com/us/products/239619/ishares-msci-china-etf/1467271812596.ajax?dataType=fund&fileName=MCHI_holdings&fileType=csv,,high
1898.HK,CHINA COAL ENERGY LTD H,China,Energy,1898,Hong Kong Exchanges And Clearing Ltd,,0.12,MCHI,https://www.ishares.com/us/products/239619/ishares-msci-china-etf/1467271812596.ajax?dataType=fund&fileName=MCHI_holdings&fileType=csv,,high
601872.SS,CHINA MERCHANTS ENERGY SHIPPING LT,China,Energy,601872,Shanghai Stock Exchange,,0.04,MCHI,https://www.ishares.com/us/products/239619/ishares-msci-china-etf/1467271812596.ajax?dataType=fund&fileName=MCHI_holdings&fileType=csv,,high
2883.HK,CHINA OILFIELD SERVICES LTD H,China,Energy,2883,Hong Kong Exchanges And Clearing Ltd,,0.09,MCHI,https://www.ishares.com/us/products/239619/ishares-msci-china-etf/1467271812596.ajax?dataType=fund&fileName=MCHI_holdings&fileType=csv,,high
600028.SS,CHINA PETROLEUM & CHEMICAL CORP A,China,Energy,600028,Shanghai Stock Exchange,,0.07,MCHI,https://www.ishares.com/us/products/239619/ishares-msci-china-etf/1467271812596.ajax?dataType=fund&fileName=MCHI_holdings&fileType=csv,,high
0386.HK,CHINA PETROLEUM AND CHEMICAL CORP,China,Energy,386,Hong Kong Exchanges And Clearing Ltd,,0.53,MCHI,https://www.ishares.com/us/products/239619/ishares-msci-china-etf/1467271812596.ajax?dataType=fund&fileName=MCHI_holdings&fileType=csv,,high
601088.SS,CHINA SHENHUA ENERGY LTD A,China,Energy,601088,Shanghai Stock Exchange,,0.1,MCHI,https://www.ishares.com/us/products/239619/ishares-msci-china-etf/1467271812596.ajax?dataType=fund&fileName=MCHI_holdings&fileType=csv,,high
1088.HK,CHINA SHENHUA ENERGY LTD H,China,Energy,1088,Hong Kong Exchanges And Clearing Ltd,,0.74,MCHI,https://www.ishares.com/us/products/239619/ishares-msci-china-etf/1467271812596.ajax?dataType=fund&fileName=MCHI_holdings&fileType=csv,,high
600026.SS,COSCO SHIPPING ENERGY TRANSPORTATI,China,Energy,600026,Shanghai Stock Exchange,,0.03,MCHI,https://www.ishares.com/us/products/239619/ishares-msci-china-etf/1467271812596.ajax?dataType=fund&fileName=MCHI_holdings&fileType=csv,,high
002128.SZ,INNER MONGOLIA DIAN TOU ENERGY COR,China,Energy,002128,Shenzhen Stock Exchange,,0.02,MCHI,https://www.ishares.com/us/products/239619/ishares-msci-china-etf/1467271812596.ajax?dataType=fund&fileName=MCHI_holdings&fileType=csv,,high
900948.SS,INNER MONGOLIA YITAI COAL LTD B,China,Energy,900948,Shanghai Stock Exchange,,0.07,MCHI,https://www.ishares.com/us/products/239619/ishares-msci-china-etf/1467271812596.ajax?dataType=fund&fileName=MCHI_holdings&fileType=csv,,high
601857.SS,PETROCHINA LTD A,China,Energy,601857,Shanghai Stock Exchange,,0.09,MCHI,https://www.ishares.com/us/products/239619/ishares-msci-china-etf/1467271812596.ajax?dataType=fund&fileName=MCHI_holdings&fileType=csv,,high
0857.HK,PETROCHINA LTD H,China,Energy,857,Hong Kong Exchanges And Clearing Ltd,,1.06,MCHI,https://www.ishares.com/us/products/239619/ishares-msci-china-etf/1467271812596.ajax?dataType=fund&fileName=MCHI_holdings&fileType=csv,,high
601225.SS,SHAANXI COAL INDUSTRY LTD A,China,Energy,601225,Shanghai Stock Exchange,,0.08,MCHI,https://www.ishares.com/us/products/239619/ishares-msci-china-etf/1467271812596.ajax?dataType=fund&fileName=MCHI_holdings&fileType=csv,,high
000983.SZ,SHANXI COKING COAL ENERGY GROUP LT,China,Energy,000983,Shenzhen Stock Exchange,,0.01,MCHI,https://www.ishares.com/us/products/239619/ishares-msci-china-etf/1467271812596.ajax?dataType=fund&fileName=MCHI_holdings&fileType=csv,,high
601699.SS,SHANXI LUAN ENVIRONMENTAL ENERGY D,China,Energy,601699,Shanghai Stock Exchange,,0.01,MCHI,https://www.ishares.com/us/products/239619/ishares-msci-china-etf/1467271812596.ajax?dataType=fund&fileName=MCHI_holdings&fileType=csv,,high
1171.HK,YANKUANG ENERGY GROUP COMPANY LTD,China,Energy,1171,Hong Kong Exchanges And Clearing Ltd,,0.23,MCHI,https://www.ishares.com/us/products/239619/ishares-msci-china-etf/1467271812596.ajax?dataType=fund&fileName=MCHI_holdings&fileType=csv,,high
600188.SS,YANKUANG ENERGY GROUP LTD A,China,Energy,600188,Shanghai Stock Exchange,,0.04,MCHI,https://www.ishares.com/us/products/239619/ishares-msci-china-etf/1467271812596.ajax?dataType=fund&fileName=MCHI_holdings&fileType=csv,,high
002353.SZ,YANTAI JEREH OILFIELD SERVICES GRO,China,Energy,002353,Shenzhen Stock Exchange,,0.04,MCHI,https://www.ishares.com/us/products/239619/ishares-msci-china-etf/1467271812596.ajax?dataType=fund&fileName=MCHI_holdings&fileType=csv,,high
601288.SS,AGRICULTURAL BANK OF CHINA LTD A,China,Financials,601288,Shanghai Stock Exchange,,0.18,MCHI,https://www.ishares.com/us/products/239619/ishares-msci-china-etf/1467271812596.ajax?dataType=fund&fileName=MCHI_holdings&fileType=csv,,high
1288.HK,AGRICULTURAL BANK OF CHINA LTD H,China,Financials,1288,Hong Kong Exchanges And Clearing Ltd,,0.68,MCHI,https://www.ishares.com/us/products/239619/ishares-msci-china-etf/1467271812596.ajax?dataType=fund&fileName=MCHI_holdings&fileType=csv,,high
601169.SS,BANK OF BEIJING LTD A,China,Financials,601169,Shanghai Stock Exchange,,0.04,MCHI,https://www.ishares.com/us/products/239619/ishares-msci-china-etf/1467271812596.ajax?dataType=fund&fileName=MCHI_holdings&fileType=csv,,high
601577.SS,BANK OF CHANGSHA LTD A,China,Financials,601577,Shanghai Stock Exchange,,0.01,MCHI,https://www.ishares.com/us/products/239619/ishares-msci-china-etf/1467271812596.ajax?dataType=fund&fileName=MCHI_holdings&fileType=csv,,high
601838.SS,BANK OF CHENGDU LTD A,China,Financials,601838,Shanghai Stock Exchange,,0.02,MCHI,https://www.ishares.com/us/products/239619/ishares-msci-china-etf/1467271812596.ajax?dataType=fund&fileName=MCHI_holdings&fileType=csv,,high
601988.SS,BANK OF CHINA LTD A,China,Financials,601988,Shanghai Stock Exchange,,0.07,MCHI,https://www.ishares.com/us/products/239619/ishares-msci-china-etf/1467271812596.ajax?dataType=fund&fileName=MCHI_holdings&fileType=csv,,high
3988.HK,BANK OF CHINA LTD H,China,Financials,3988,Hong Kong Exchanges And Clearing Ltd,,1.49,MCHI,https://www.ishares.com/us/products/239619/ishares-msci-china-etf/1467271812596.ajax?dataType=fund&fileName=MCHI_holdings&fileType=csv,,high
601328.SS,BANK OF COMMUNICATIONS LTD A,China,Financials,601328,Shanghai Stock Exchange,,0.12,MCHI,https://www.ishares.com/us/products/239619/ishares-msci-china-etf/1467271812596.ajax?dataType=fund&fileName=MCHI_holdings&fileType=csv,,high
3328.HK,BANK OF COMMUNICATIONS LTD H,China,Financials,3328,Hong Kong Exchanges And Clearing Ltd,,0.28,MCHI,https://www.ishares.com/us/products/239619/ishares-msci-china-etf/1467271812596.ajax?dataType=fund&fileName=MCHI_holdings&fileType=csv,,high
600926.SS,BANK OF HANGZHOU LTD A,China,Financials,600926,Shanghai Stock Exchange,,0.04,MCHI,https://www.ishares.com/us/products/239619/ishares-msci-china-etf/1467271812596.ajax?dataType=fund&fileName=MCHI_holdings&fileType=csv,,high
600919.SS,BANK OF JIANGSU CORPORATION LTD A,China,Financials,600919,Shanghai Stock Exchange,,0.06,MCHI,https://www.ishares.com/us/products/239619/ishares-msci-china-etf/1467271812596.ajax?dataType=fund&fileName=MCHI_holdings&fileType=csv,,high
601009.SS,BANK OF NANJING LTD A,China,Financials,601009,Shanghai Stock Exchange,,0.04,MCHI,https://www.ishares.com/us/products/239619/ishares-msci-china-etf/1467271812596.ajax?dataType=fund&fileName=MCHI_holdings&fileType=csv,,high
002142.SZ,BANK OF NINGBO LTD A,China,Financials,002142,Shenzhen Stock Exchange,,0.07,MCHI,https://www.ishares.com/us/products/239619/ishares-msci-china-etf/1467271812596.ajax?dataType=fund&fileName=MCHI_holdings&fileType=csv,,high
601229.SS,BANK OF SHANGHAI LTD A,China,Financials,601229,Shanghai Stock Exchange,,0.04,MCHI,https://www.ishares.com/us/products/239619/ishares-msci-china-etf/1467271812596.ajax?dataType=fund&fileName=MCHI_holdings&fileType=csv,,high
002966.SZ,BANK OF SUZHOU LTD A,China,Financials,002966,Shenzhen Stock Exchange,,0.01,MCHI,https://www.ishares.com/us/products/239619/ishares-msci-china-etf/1467271812596.ajax?dataType=fund&fileName=MCHI_holdings&fileType=csv,,high
300803.SZ,BEIJING COMPASS TECHNOLOGY DEVELOP,China,Financials,300803,Shenzhen Stock Exchange,,0.02,MCHI,https://www.ishares.com/us/products/239619/ishares-msci-china-etf/1467271812596.ajax?dataType=fund&fileName=MCHI_holdings&fileType=csv,,high
601696.SS,BOC INTERNATIONAL (CHINA) LTD A,China,Financials,601696,Shanghai Stock Exchange,,0.01,MCHI,https://www.ishares.com/us/products/239619/ishares-msci-china-etf/1467271812596.ajax?dataType=fund&fileName=MCHI_holdings&fileType=csv,,high
601108.SS,CAITONG SECURITIES LTD A,China,Financials,601108,Shanghai Stock Exchange,,0.01,MCHI,https://www.ishares.com/us/products/239619/ishares-msci-china-etf/1467271812596.ajax?dataType=fund&fileName=MCHI_holdings&fileType=csv,,high
601136.SS,CAPITAL SECURITIES CORP LTD A,China,Financials,601136,Shanghai Stock Exchange,,0.01,MCHI,https://www.ishares.com/us/products/239619/ishares-msci-china-etf/1467271812596.ajax?dataType=fund&fileName=MCHI_holdings&fileType=csv,,high
000783.SZ,CHANGJIANG SECURITIES LTD A,China,Financials,000783,Shenzhen Stock Exchange,,0.01,MCHI,https://www.ishares.com/us/products/239619/ishares-msci-china-etf/1467271812596.ajax?dataType=fund&fileName=MCHI_holdings&fileType=csv,,high
601998.SS,CHINA CITIC BANK CORP LTD A,China,Financials,601998,Shanghai Stock Exchange,,0.03,MCHI,https://www.ishares.com/us/products/239619/ishares-msci-china-etf/1467271812596.ajax?dataType=fund&fileName=MCHI_holdings&fileType=csv,,high
0998.HK,CHINA CITIC BANK CORP LTD H,China,Financials,998,Hong Kong Exchanges And Clearing Ltd,,0.27,MCHI,https://www.ishares.com/us/products/239619/ishares-msci-china-etf/1467271812596.ajax?dataType=fund&fileName=MCHI_holdings&fileType=csv,,high
2799.HK,CHINA CITIC FIN ASSET MGT LTD H,China,Financials,2799,Hong Kong Exchanges And Clearing Ltd,,0.05,MCHI,https://www.ishares.com/us/products/239619/ishares-msci-china-etf/1467271812596.ajax?dataType=fund&fileName=MCHI_holdings&fileType=csv,,high
601939.SS,CHINA CONSTRUCTION BANK CORP A,China,Financials,601939,Shanghai Stock Exchange,,0.06,MCHI,https://www.ishares.com/us/products/239619/ishares-msci-china-etf/1467271812596.ajax?dataType=fund&fileName=MCHI_holdings&fileType=csv,,high
0939.HK,CHINA CONSTRUCTION BANK CORP H,China,Financials,939,Hong Kong Exchanges And Clearing Ltd,,3.57,MCHI,https://www.ishares.com/us/products/239619/ishares-msci-china-etf/1467271812596.ajax?dataType=fund&fileName=MCHI_holdings&fileType=csv,,high
601818.SS,CHINA EVERBRIGHT BANK LTD A,China,Financials,601818,Shanghai Stock Exchange,,0.05,MCHI,https://www.ishares.com/us/products/239619/ishares-msci-china-etf/1467271812596.ajax?dataType=fund&fileName=MCHI_holdings&fileType=csv,,high
601881.SS,CHINA GALAXY SECURITIES LTD A,China,Financials,601881,Shanghai Stock Exchange,,0.03,MCHI,https://www.ishares.com/us/products/239619/ishares-msci-china-etf/1467271812596.ajax?dataType=fund&fileName=MCHI_holdings&fileType=csv,,high
6881.HK,CHINA GALAXY SECURITIES LTD H,China,Financials,6881,Hong Kong Exchanges And Clearing Ltd,,0.15,MCHI,https://www.ishares.com/us/products/239619/ishares-msci-china-etf/1467271812596.ajax?dataType=fund&fileName=MCHI_holdings&fileType=csv,,high
002939.SZ,CHINA GREATWALL SECURITIES LTD A,China,Financials,002939,Shenzhen Stock Exchange,,0.01,MCHI,https://www.ishares.com/us/products/239619/ishares-msci-china-etf/1467271812596.ajax?dataType=fund&fileName=MCHI_holdings&fileType=csv,,high
3908.HK,CHINA INTERNATIONAL CAPITAL CORP L,China,Financials,3908,Hong Kong Exchanges And Clearing Ltd,,0.16,MCHI,https://www.ishares.com/us/products/239619/ishares-msci-china-etf/1467271812596.ajax?dataType=fund&fileName=MCHI_holdings&fileType=csv,,high
601995.SS,CHINA INTERNATIONAL CAPITAL CORP L,China,Financials,601995,Shanghai Stock Exchange,,0.03,MCHI,https://www.ishares.com/us/products/239619/ishares-msci-china-etf/1467271812596.ajax?dataType=fund&fileName=MCHI_holdings&fileType=csv,,high
601628.SS,CHINA LIFE INSURANCE LTD A,China,Financials,601628,Shanghai Stock Exchange,,0.04,MCHI,https://www.ishares.com/us/products/239619/ishares-msci-china-etf/1467271812596.ajax?dataType=fund&fileName=MCHI_holdings&fileType=csv,,high
2628.HK,CHINA LIFE INSURANCE LTD H,China,Financials,2628,Hong Kong Exchanges And Clearing Ltd,,1.0,MCHI,https://www.ishares.com/us/products/239619/ishares-msci-china-etf/1467271812596.ajax?dataType=fund&fileName=MCHI_holdings&fileType=csv,,high
600036.SS,CHINA MERCHANTS BANK LTD A,China,Financials,600036,Shanghai Stock Exchange,,0.26,MCHI,https://www.ishares.com/us/products/239619/ishares-msci-china-etf/1467271812596.ajax?dataType=fund&fileName=MCHI_holdings&fileType=csv,,high
3968.HK,CHINA MERCHANTS BANK LTD H,China,Financials,3968,Hong Kong Exchanges And Clearing Ltd,,0.91,MCHI,https://www.ishares.com/us/products/239619/ishares-msci-china-etf/1467271812596.ajax?dataType=fund&fileName=MCHI_holdings&fileType=csv,,high
600999.SS,CHINA MERCHANTS SECURITIES LTD A,China,Financials,600999,Shanghai Stock Exchange,,0.04,MCHI,https://www.ishares.com/us/products/239619/ishares-msci-china-etf/1467271812596.ajax?dataType=fund&fileName=MCHI_holdings&fileType=csv,,high
600016.SS,CHINA MINSHENG BANKING CORP LTD A,China,Financials,600016,Shanghai Stock Exchange,,0.04,MCHI,https://www.ishares.com/us/products/239619/ishares-msci-china-etf/1467271812596.ajax?dataType=fund&fileName=MCHI_holdings&fileType=csv,,high
1988.HK,CHINA MINSHENG BANKING CORP LTD H,China,Financials,1988,Hong Kong Exchanges And Clearing Ltd,,0.12,MCHI,https://www.ishares.com/us/products/239619/ishares-msci-china-etf/1467271812596.ajax?dataType=fund&fileName=MCHI_holdings&fileType=csv,,high
2601.HK,CHINA PACIFIC INSURANCE (GROUP) LT,China,Financials,2601,Hong Kong Exchanges And Clearing Ltd,,0.41,MCHI,https://www.ishares.com/us/products/239619/ishares-msci-china-etf/1467271812596.ajax?dataType=fund&fileName=MCHI_holdings&fileType=csv,,high
601601.SS,CHINA PACIFIC INSURANCE (GROUP) LT,China,Financials,601601,Shanghai Stock Exchange,,0.08,MCHI,https://www.ishares.com/us/products/239619/ishares-msci-china-etf/1467271812596.ajax?dataType=fund&fileName=MCHI_holdings&fileType=csv,,high
601066.SS,CHINA SECURITIES LTD A,China,Financials,601066,Shanghai Stock Exchange,,0.03,MCHI,https://www.ishares.com/us/products/239619/ishares-msci-china-etf/1467271812596.ajax?dataType=fund&fileName=MCHI_holdings&fileType=csv,,high
0966.HK,CHINA TAIPING INSURANCE HLDGS LTD,China,Financials,966,Hong Kong Exchanges And Clearing Ltd,,0.15,MCHI,https://www.ishares.com/us/products/239619/ishares-msci-china-etf/1467271812596.ajax?dataType=fund&fileName=MCHI_holdings&fileType=csv,,high
601916.SS,CHINA ZHESHANG BANK LTD A,China,Financials,601916,Shanghai Stock Exchange,,0.02,MCHI,https://www.ishares.com/us/products/239619/ishares-msci-china-etf/1467271812596.ajax?dataType=fund&fileName=MCHI_holdings&fileType=csv,,high
3618.HK,CHONGQING RURAL COMMERCIAL BANK LT,China,Financials,3618,Hong Kong Exchanges And Clearing Ltd,,0.06,MCHI,https://www.ishares.com/us/products/239619/ishares-msci-china-etf/1467271812596.ajax?dataType=fund&fileName=MCHI_holdings&fileType=csv,,high
601077.SS,CHONGQING RURAL COMMERCIAL BANK LT,China,Financials,601077,Shanghai Stock Exchange,,0.02,MCHI,https://www.ishares.com/us/products/239619/ishares-msci-china-etf/1467271812596.ajax?dataType=fund&fileName=MCHI_holdings&fileType=csv,,high
6030.HK,CITIC SECURITIES COMPANY LTD H,China,Financials,6030,Hong Kong Exchanges And Clearing Ltd,,0.19,MCHI,https://www.ishares.com/us/products/239619/ishares-msci-china-etf/1467271812596.ajax?dataType=fund&fileName=MCHI_holdings&fileType=csv,,high
600030.SS,CITIC SECURITIES LTD A,China,Financials,600030,Shanghai Stock Exchange,,0.1,MCHI,https://www.ishares.com/us/products/239619/ishares-msci-china-etf/1467271812596.ajax?dataType=fund&fileName=MCHI_holdings&fileType=csv,,high
000617.SZ,CNPC CAPITAL LTD A,China,Financials,000617,Shenzhen Stock Exchange,,0.03,MCHI,https://www.ishares.com/us/products/239619/ishares-msci-china-etf/1467271812596.ajax?dataType=fund&fileName=MCHI_holdings&fileType=csv,,high
601198.SS,DONGXING SECURITIES CORP LTD A,China,Financials,601198,Shanghai Stock Exchange,,0.02,MCHI,https://www.ishares.com/us/products/239619/ishares-msci-china-etf/1467271812596.ajax?dataType=fund&fileName=MCHI_holdings&fileType=csv,,high
300059.SZ,EAST MONEY INFORMATION LTD A,China,Financials,300059,Shenzhen Stock Exchange,,0.11,MCHI,https://www.ishares.com/us/products/239619/ishares-msci-china-etf/1467271812596.ajax?dataType=fund&fileName=MCHI_holdings&fileType=csv,,high
601788.SS,EVERBRIGHT SECURITIES LTD A,China,Financials,601788,Shanghai Stock Exchange,,0.02,MCHI,https://www.ishares.com/us/products/239619/ishares-msci-china-etf/1467271812596.ajax?dataType=fund&fileName=MCHI_holdings&fileType=csv,,high
3360.HK,FAR EAST HORIZON LTD,China,Financials,3360,Hong Kong Exchanges And Clearing Ltd,,0.08,MCHI,https://www.ishares.com/us/products/239619/ishares-msci-china-etf/1467271812596.ajax?dataType=fund&fileName=MCHI_holdings&fileType=csv,,high
601901.SS,FOUNDER SECURITIES LTD A,China,Financials,601901,Shanghai Stock Exchange,,0.02,MCHI,https://www.ishares.com/us/products/239619/ishares-msci-china-etf/1467271812596.ajax?dataType=fund&fileName=MCHI_holdings&fileType=csv,,high
000776.SZ,GF SECURITIES LTD A,China,Financials,000776,Shenzhen Stock Exchange,,0.04,MCHI,https://www.ishares.com/us/products/239619/ishares-msci-china-etf/1467271812596.ajax?dataType=fund&fileName=MCHI_holdings&fileType=csv,,high
1776.HK,GF SECURITIES LTD H,China,Financials,1776,Hong Kong Exchanges And Clearing Ltd,,0.08,MCHI,https://www.ishares.com/us/products/239619/ishares-msci-china-etf/1467271812596.ajax?dataType=fund&fileName=MCHI_holdings&fileType=csv,,high
601456.SS,GUOLIAN MINSHENG SECURITIES LTD A,China,Financials,601456,Shanghai Stock Exchange,,0.01,MCHI,https://www.ishares.com/us/products/239619/ishares-msci-china-etf/1467271812596.ajax?dataType=fund&fileName=MCHI_holdings&fileType=csv,,high
002736.SZ,GUOSEN SECURITIES LTD A,China,Financials,002736,Shenzhen Stock Exchange,,0.03,MCHI,https://www.ishares.com/us/products/239619/ishares-msci-china-etf/1467271812596.ajax?dataType=fund&fileName=MCHI_holdings&fileType=csv,,high
2611.HK,GUOTAI HAITONG SECURITIES CO LTD H,China,Financials,2611,Hong Kong Exchanges And Clearing Ltd,,0.13,MCHI,https://www.ishares.com/us/products/239619/ishares-msci-china-etf/1467271812596.ajax?dataType=fund&fileName=MCHI_holdings&fileType=csv,,high
601211.SS,GUOTAI HAITONG SECURITIES LTD A,China,Financials,601211,Shanghai Stock Exchange,,0.08,MCHI,https://www.ishares.com/us/products/239619/ishares-msci-china-etf/1467271812596.ajax?dataType=fund&fileName=MCHI_holdings&fileType=csv,,high
000728.SZ,GUOYUAN SECURITIES LTD A,China,Financials,000728,Shenzhen Stock Exchange,,0.01,MCHI,https://www.ishares.com/us/products/239619/ishares-msci-china-etf/1467271812596.ajax?dataType=fund&fileName=MCHI_holdings&fileType=csv,,high
300033.SZ,HITHINK ROYALFLUSH INFORMATION NET,China,Financials,300033,Shenzhen Stock Exchange,,0.06,MCHI,https://www.ishares.com/us/products/239619/ishares-msci-china-etf/1467271812596.ajax?dataType=fund&fileName=MCHI_holdings&fileType=csv,,high
600015.SS,HUA XIA BANK LTD A,China,Financials,600015,Shanghai Stock Exchange,,0.03,MCHI,https://www.ishares.com/us/products/239619/ishares-msci-china-etf/1467271812596.ajax?dataType=fund&fileName=MCHI_holdings&fileType=csv,,high
601688.SS,HUATAI SECURITIES LTD A,China,Financials,601688,Shanghai Stock Exchange,,0.05,MCHI,https://www.ishares.com/us/products/239619/ishares-msci-china-etf/1467271812596.ajax?dataType=fund&fileName=MCHI_holdings&fileType=csv,,high
6886.HK,HUATAI SECURITIES LTD H,China,Financials,6886,Hong Kong Exchanges And Clearing Ltd,,0.1,MCHI,https://www.ishares.com/us/products/239619/ishares-msci-china-etf/1467271812596.ajax?dataType=fund&fileName=MCHI_holdings&fileType=csv,,high
1398.HK,INDUSTRIAL AND COMMERCIAL BANK OF,China,Financials,1398,Hong Kong Exchanges And Clearing Ltd,,1.93,MCHI,https://www.ishares.com/us/products/239619/ishares-msci-china-etf/1467271812596.ajax?dataType=fund&fileName=MCHI_holdings&fileType=csv,,high
601398.SS,INDUSTRIAL AND COMMERCIAL BANK OF,China,Financials,601398,Shanghai Stock Exchange,,0.14,MCHI,https://www.ishares.com/us/products/239619/ishares-msci-china-etf/1467271812596.ajax?dataType=fund&fileName=MCHI_holdings&fileType=csv,,high
601166.SS,INDUSTRIAL BANK LTD A,China,Financials,601166,Shanghai Stock Exchange,,0.12,MCHI,https://www.ishares.com/us/products/239619/ishares-msci-china-etf/1467271812596.ajax?dataType=fund&fileName=MCHI_holdings&fileType=csv,,high
601377.SS,INDUSTRIAL SECURITIES LTD A,China,Financials,601377,Shanghai Stock Exchange,,0.02,MCHI,https://www.ishares.com/us/products/239619/ishares-msci-china-etf/1467271812596.ajax?dataType=fund&fileName=MCHI_holdings&fileType=csv,,high
1336.HK,NEW CHINA LIFE INSURANCE COMPANY L,China,Financials,1336,Hong Kong Exchanges And Clearing Ltd,,0.23,MCHI,https://www.ishares.com/us/products/239619/ishares-msci-china-etf/1467271812596.ajax?dataType=fund&fileName=MCHI_holdings&fileType=csv,,high
601336.SS,NEW CHINA LIFE INSURANCE LTD A,China,Financials,601336,Shanghai Stock Exchange,,0.05,MCHI,https://www.ishares.com/us/products/239619/ishares-msci-china-etf/1467271812596.ajax?dataType=fund&fileName=MCHI_holdings&fileType=csv,,high
600958.SS,ORIENT SECURITIES LTD A,China,Financials,600958,Shanghai Stock Exchange,,0.02,MCHI,https://www.ishares.com/us/products/239619/ishares-msci-china-etf/1467271812596.ajax?dataType=fund&fileName=MCHI_holdings&fileType=csv,,high
2328.HK,PICC PROPERTY AND CASUALTY LTD H,China,Financials,2328,Hong Kong Exchanges And Clearing Ltd,,0.5,MCHI,https://www.ishares.com/us/products/239619/ishares-msci-china-etf/1467271812596.ajax?dataType=fund&fileName=MCHI_holdings&fileType=csv,,high
000001.SZ,PING AN BANK LTD A,China,Financials,000001,Shenzhen Stock Exchange,,0.07,MCHI,https://www.ishares.com/us/products/239619/ishares-msci-china-etf/1467271812596.ajax?dataType=fund&fileName=MCHI_holdings&fileType=csv,,high
2318.HK,PING AN INSURANCE (GROUP) CO OF CH,China,Financials,2318,Hong Kong Exchanges And Clearing Ltd,,1.98,MCHI,https://www.ishares.com/us/products/239619/ishares-msci-china-etf/1467271812596.ajax?dataType=fund&fileName=MCHI_holdings&fileType=csv,,high
601318.SS,PING AN INSURANCE (GROUP) OF CHINA,China,Financials,601318,Shanghai Stock Exchange,,0.21,MCHI,https://www.ishares.com/us/products/239619/ishares-msci-china-etf/1467271812596.ajax?dataType=fund&fileName=MCHI_holdings&fileType=csv,,high
601658.SS,POSTAL SAVINGS BANK OF CHINA LTD A,China,Financials,601658,Shanghai Stock Exchange,,0.05,MCHI,https://www.ishares.com/us/products/239619/ishares-msci-china-etf/1467271812596.ajax?dataType=fund&fileName=MCHI_holdings&fileType=csv,,high
1658.HK,POSTAL SAVINGS BANK OF CHINA LTD H,China,Financials,1658,Hong Kong Exchanges And Clearing Ltd,,0.21,MCHI,https://www.ishares.com/us/products/239619/ishares-msci-china-etf/1467271812596.ajax?dataType=fund&fileName=MCHI_holdings&fileType=csv,,high
600061.SS,SDIC CAPITAL LTD A,China,Financials,600061,Shanghai Stock Exchange,,0.02,MCHI,https://www.ishares.com/us/products/239619/ishares-msci-china-etf/1467271812596.ajax?dataType=fund&fileName=MCHI_holdings&fileType=csv,,high
600000.SS,SHANGHAI PUDONG DEVELOPMENT BANK L,China,Financials,600000,Shanghai Stock Exchange,,0.1,MCHI,https://www.ishares.com/us/products/239619/ishares-msci-china-etf/1467271812596.ajax?dataType=fund&fileName=MCHI_holdings&fileType=csv,,high
601825.SS,SHANGHAI RURAL COMMERCIAL BANK LTD,China,Financials,601825,Shanghai Stock Exchange,,0.03,MCHI,https://www.ishares.com/us/products/239619/ishares-msci-china-etf/1467271812596.ajax?dataType=fund&fileName=MCHI_holdings&fileType=csv,,high
000166.SZ,SHENWAN HONGYUAN GROUP LTD A,China,Financials,000166,Shenzhen Stock Exchange,,0.04,MCHI,https://www.ishares.com/us/products/239619/ishares-msci-china-etf/1467271812596.ajax?dataType=fund&fileName=MCHI_holdings&fileType=csv,,high
600109.SS,SINOLINK SECURITIES LTD A,China,Financials,600109,Shanghai Stock Exchange,,0.01,MCHI,https://www.ishares.com/us/products/239619/ishares-msci-china-etf/1467271812596.ajax?dataType=fund&fileName=MCHI_holdings&fileType=csv,,high
601555.SS,SOOCHOW SECURITIES CO LTD A,China,Financials,601555,Shanghai Stock Exchange,,0.02,MCHI,https://www.ishares.com/us/products/239619/ishares-msci-china-etf/1467271812596.ajax?dataType=fund&fileName=MCHI_holdings&fileType=csv,,high
1339.HK,THE PEOPLES INSURANCE CO (GROUP),China,Financials,1339,Hong Kong Exchanges And Clearing Ltd,,0.26,MCHI,https://www.ishares.com/us/products/239619/ishares-msci-china-etf/1467271812596.ajax?dataType=fund&fileName=MCHI_holdings&fileType=csv,,high
601319.SS,THE PEOPLES INSURANCE COMPANY (GRO,China,Financials,601319,Shanghai Stock Exchange,,0.03,MCHI,https://www.ishares.com/us/products/239619/ishares-msci-china-etf/1467271812596.ajax?dataType=fund&fileName=MCHI_holdings&fileType=csv,,high
601162.SS,TIANFENG SECURITIES LTD A,China,Financials,601162,Shanghai Stock Exchange,,0.01,MCHI,https://www.ishares.com/us/products/239619/ishares-msci-china-etf/1467271812596.ajax?dataType=fund&fileName=MCHI_holdings&fileType=csv,,high
002673.SZ,WESTERN SECURITIES CO LTD A,China,Financials,002673,Shenzhen Stock Exchange,,0.01,MCHI,https://www.ishares.com/us/products/239619/ishares-msci-china-etf/1467271812596.ajax?dataType=fund&fileName=MCHI_holdings&fileType=csv,,high
601878.SS,ZHESHANG SECURITIES LTD A,China,Financials,601878,Shanghai Stock Exchange,,0.01,MCHI,https://www.ishares.com/us/products/239619/ishares-msci-china-etf/1467271812596.ajax?dataType=fund&fileName=MCHI_holdings&fileType=csv,,high
600918.SS,ZHONGTAI SECURITIES LTD A,China,Financials,600918,Shanghai Stock Exchange,,0.02,MCHI,https://www.ishares.com/us/products/239619/ishares-msci-china-etf/1467271812596.ajax?dataType=fund&fileName=MCHI_holdings&fileType=csv,,high
1530.HK,3SBIO INC,China,Health Care,1530,Hong Kong Exchanges And Clearing Ltd,,0.18,MCHI,https://www.ishares.com/us/products/239619/ishares-msci-china-etf/1467271812596.ajax?dataType=fund&fileName=MCHI_holdings&fileType=csv,,high
300015.SZ,AIER EYE HOSPITAL GROUP LTD A,China,Health Care,300015,Shenzhen Stock Exchange,,0.03,MCHI,https://www.ishares.com/us/products/239619/ishares-msci-china-etf/1467271812596.ajax?dataType=fund&fileName=MCHI_holdings&fileType=csv,,high
9926.HK,AKESO INC,China,Health Care,9926,Hong Kong Exchanges And Clearing Ltd,,0.32,MCHI,https://www.ishares.com/us/products/239619/ishares-msci-china-etf/1467271812596.ajax?dataType=fund&fileName=MCHI_holdings&fileType=csv,,high
688617.SS,APT MEDICAL INC A,China,Health Care,688617,Shanghai Stock Exchange,,0.01,MCHI,https://www.ishares.com/us/products/239619/ishares-msci-china-etf/1467271812596.ajax?dataType=fund&fileName=MCHI_holdings&fileType=csv,,high
600085.SS,BEIJING TONGRENTANG LTD A,China,Health Care,600085,Shanghai Stock Exchange,,0.01,MCHI,https://www.ishares.com/us/products/239619/ishares-msci-china-etf/1467271812596.ajax?dataType=fund&fileName=MCHI_holdings&fileType=csv,,high
603392.SS,BEIJING WANTAI BIOLOGICAL PHARMACY,China,Health Care,603392,Shanghai Stock Exchange,,0.01,MCHI,https://www.ishares.com/us/products/239619/ishares-msci-china-etf/1467271812596.ajax?dataType=fund&fileName=MCHI_holdings&fileType=csv,,high
6160.HK,BEONE MEDICINES AG,China,Health Care,6160,Hong Kong Exchanges And Clearing Ltd,,0.72,MCHI,https://www.ishares.com/us/products/239619/ishares-msci-china-etf/1467271812596.ajax?dataType=fund&fileName=MCHI_holdings&fileType=csv,,high
000661.SZ,CHANGCHUN HIGH & NEW TECHNOLOGY IN,China,Health Care,000661,Shenzhen Stock Exchange,,0.01,MCHI,https://www.ishares.com/us/products/239619/ishares-msci-china-etf/1467271812596.ajax?dataType=fund&fileName=MCHI_holdings&fileType=csv,,high
000999.SZ,CHINA RESOURCES SANJIU MEDICAL AND,China,Health Care,000999,Shenzhen Stock Exchange,,0.02,MCHI,https://www.ishares.com/us/products/239619/ishares-msci-china-etf/1467271812596.ajax?dataType=fund&fileName=MCHI_holdings&fileType=csv,,high
300122.SZ,CHONGQING ZHIFEI BIOLOGICAL PRODUC,China,Health Care,300122,Shenzhen Stock Exchange,,0.01,MCHI,https://www.ishares.com/us/products/239619/ishares-msci-china-etf/1467271812596.ajax?dataType=fund&fileName=MCHI_holdings&fileType=csv,,high
300765.SZ,CSPC INNOVATION PHARMACEUTICAL LTD,China,Health Care,300765,Shenzhen Stock Exchange,,0.01,MCHI,https://www.ishares.com/us/products/239619/ishares-msci-china-etf/1467271812596.ajax?dataType=fund&fileName=MCHI_holdings&fileType=csv,,high
1093.HK,CSPC PHARMACEUTICAL GROUP LTD,China,Health Care,1093,Hong Kong Exchanges And Clearing Ltd,,0.35,MCHI,https://www.ishares.com/us/products/239619/ishares-msci-china-etf/1467271812596.ajax?dataType=fund&fileName=MCHI_holdings&fileType=csv,,high
1548.HK,GENSCRIPT BIOTECH CORP,China,Health Care,1548,Hong Kong Exchanges And Clearing Ltd,,0.07,MCHI,https://www.ishares.com/us/products/239619/ishares-msci-china-etf/1467271812596.ajax?dataType=fund&fileName=MCHI_holdings&fileType=csv,,high
600332.SS,GUANGZHOU BAIYUNSHAN PHARMACEUTICA,China,Health Care,600332,Shanghai Stock Exchange,,0.01,MCHI,https://www.ishares.com/us/products/239619/ishares-msci-china-etf/1467271812596.ajax?dataType=fund&fileName=MCHI_holdings&fileType=csv,,high
002653.SZ,HAISCO PHARMACEUTICAL GROUP LTD A,China,Health Care,002653,Shenzhen Stock Exchange,,0.01,MCHI,https://www.ishares.com/us/products/239619/ishares-msci-china-etf/1467271812596.ajax?dataType=fund&fileName=MCHI_holdings&fileType=csv,,high
300347.SZ,HANGZHOU TIGERMED CONSULTING LTD A,China,Health Care,300347,Shenzhen Stock Exchange,,0.01,MCHI,https://www.ishares.com/us/products/239619/ishares-msci-china-etf/1467271812596.ajax?dataType=fund&fileName=MCHI_holdings&fileType=csv,,high
3692.HK,HANSOH PHARMACEUTICAL GROUP LTD,China,Health Care,3692,Hong Kong Exchanges And Clearing Ltd,,0.24,MCHI,https://www.ishares.com/us/products/239619/ishares-msci-china-etf/1467271812596.ajax?dataType=fund&fileName=MCHI_holdings&fileType=csv,,high
300255.SZ,HEBEI CHANGSHAN BIOCHEMICAL PHARMA,China,Health Care,300255,Shenzhen Stock Exchange,,0.01,MCHI,https://www.ishares.com/us/products/239619/ishares-msci-china-etf/1467271812596.ajax?dataType=fund&fileName=MCHI_holdings&fileType=csv,,high
000963.SZ,HUADONG MEDICINE LTD A,China,Health Care,000963,Shenzhen Stock Exchange,,0.02,MCHI,https://www.ishares.com/us/products/239619/ishares-msci-china-etf/1467271812596.ajax?dataType=fund&fileName=MCHI_holdings&fileType=csv,,high
1801.HK,INNOVENT BIOLOGICS INC,China,Health Care,1801,Hong Kong Exchanges And Clearing Ltd,,0.57,MCHI,https://www.ishares.com/us/products/239619/ishares-msci-china-etf/1467271812596.ajax?dataType=fund&fileName=MCHI_holdings&fileType=csv,,high
600276.SS,JIANGSU HENGRUI MEDICINE LTD A,China,Health Care,600276,Shanghai Stock Exchange,,0.11,MCHI,https://www.ishares.com/us/products/239619/ishares-msci-china-etf/1467271812596.ajax?dataType=fund&fileName=MCHI_holdings&fileType=csv,,high
002223.SZ,JIANGSU YUYUE MEDICAL EQUIPMENT &,China,Health Care,002223,Shenzhen Stock Exchange,,0.01,MCHI,https://www.ishares.com/us/products/239619/ishares-msci-china-etf/1467271812596.ajax?dataType=fund&fileName=MCHI_holdings&fileType=csv,,high
LEGN,LEGEND BIOTECH ADR REP CORP,China,Health Care,LEGN,NASDAQ,,0.05,MCHI,https://www.ishares.com/us/products/239619/ishares-msci-china-etf/1467271812596.ajax?dataType=fund&fileName=MCHI_holdings&fileType=csv,,high
300759.SZ,PHARMARON BEIJING LTD A,China,Health Care,300759,Shenzhen Stock Exchange,,0.01,MCHI,https://www.ishares.com/us/products/239619/ishares-msci-china-etf/1467271812596.ajax?dataType=fund&fileName=MCHI_holdings&fileType=csv,,high
9995.HK,REMEGEN LTD H,China,Health Care,9995,Hong Kong Exchanges And Clearing Ltd,,0.08,MCHI,https://www.ishares.com/us/products/239619/ishares-msci-china-etf/1467271812596.ajax?dataType=fund&fileName=MCHI_holdings&fileType=csv,,high
1066.HK,SHANDONG WEIGAO GP MEDICAL POLYMER,China,Health Care,1066,Hong Kong Exchanges And Clearing Ltd,,0.06,MCHI,https://www.ishares.com/us/products/239619/ishares-msci-china-etf/1467271812596.ajax?dataType=fund&fileName=MCHI_holdings&fileType=csv,,high
688578.SS,SHANGHAI ALLIST PHARMACEUTICALS LT,China,Health Care,688578,Shanghai Stock Exchange,,0.01,MCHI,https://www.ishares.com/us/products/239619/ishares-msci-china-etf/1467271812596.ajax?dataType=fund&fileName=MCHI_holdings&fileType=csv,,high
600196.SS,SHANGHAI FOSUN PHARMACEUTICAL (GRO,China,Health Care,600196,Shanghai Stock Exchange,,0.02,MCHI,https://www.ishares.com/us/products/239619/ishares-msci-china-etf/1467271812596.ajax?dataType=fund&fileName=MCHI_holdings&fileType=csv,,high
601607.SS,SHANGHAI PHARMACEUTICALS HOLDING L,China,Health Care,601607,Shanghai Stock Exchange,,0.02,MCHI,https://www.ishares.com/us/products/239619/ishares-msci-china-etf/1467271812596.ajax?dataType=fund&fileName=MCHI_holdings&fileType=csv,,high
002252.SZ,SHANGHAI RAAS BLOOD PRODUCTS LTD A,China,Health Care,002252,Shenzhen Stock Exchange,,0.01,MCHI,https://www.ishares.com/us/products/239619/ishares-msci-china-etf/1467271812596.ajax?dataType=fund&fileName=MCHI_holdings&fileType=csv,,high
688271.SS,SHANGHAI UNITED IMAGING HEALTHCARE,China,Health Care,688271,Shanghai Stock Exchange,,0.03,MCHI,https://www.ishares.com/us/products/239619/ishares-msci-china-etf/1467271812596.ajax?dataType=fund&fileName=MCHI_holdings&fileType=csv,,high
300760.SZ,SHENZHEN MINDRAY BIO-MEDICAL ELECT,China,Health Care,300760,Shenzhen Stock Exchange,,0.07,MCHI,https://www.ishares.com/us/products/239619/ishares-msci-china-etf/1467271812596.ajax?dataType=fund&fileName=MCHI_holdings&fileType=csv,,high
300832.SZ,SHENZHEN NEW INDUSTRIES BIOMEDICAL,China,Health Care,300832,Shenzhen Stock Exchange,,0.02,MCHI,https://www.ishares.com/us/products/239619/ishares-msci-china-etf/1467271812596.ajax?dataType=fund&fileName=MCHI_holdings&fileType=csv,,high
002294.SZ,SHENZHEN SALUBRIS PHARMACEUTICALS,China,Health Care,002294,Shenzhen Stock Exchange,,0.02,MCHI,https://www.ishares.com/us/products/239619/ishares-msci-china-etf/1467271812596.ajax?dataType=fund&fileName=MCHI_holdings&fileType=csv,,high
002422.SZ,SICHUAN KELUN PHARMACEUTICAL LTD A,China,Health Care,002422,Shenzhen Stock Exchange,,0.02,MCHI,https://www.ishares.com/us/products/239619/ishares-msci-china-etf/1467271812596.ajax?dataType=fund&fileName=MCHI_holdings&fileType=csv,,high
6990.HK,SICHUAN KELUN-BIOTECH BIOPHARMACEU,China,Health Care,6990,Hong Kong Exchanges And Clearing Ltd,,0.09,MCHI,https://www.ishares.com/us/products/239619/ishares-msci-china-etf/1467271812596.ajax?dataType=fund&fileName=MCHI_holdings&fileType=csv,,high
1177.HK,SINO BIOPHARMACEUTICAL LTD,China,Health Care,1177,Hong Kong Exchanges And Clearing Ltd,,0.3,MCHI,https://www.ishares.com/us/products/239619/ishares-msci-china-etf/1467271812596.ajax?dataType=fund&fileName=MCHI_holdings&fileType=csv,,high
1099.HK,SINOPHARM GROUP LTD H,China,Health Care,1099,Hong Kong Exchanges And Clearing Ltd,,0.13,MCHI,https://www.ishares.com/us/products/239619/ishares-msci-china-etf/1467271812596.ajax?dataType=fund&fileName=MCHI_holdings&fileType=csv,,high
603259.SS,WUXI APPTEC LTD A,China,Health Care,603259,Shanghai Stock Exchange,,0.07,MCHI,https://www.ishares.com/us/products/239619/ishares-msci-china-etf/1467271812596.ajax?dataType=fund&fileName=MCHI_holdings&fileType=csv,,high
2359.HK,WUXI APPTEC LTD H,China,Health Care,2359,Hong Kong Exchanges And Clearing Ltd,,0.2,MCHI,https://www.ishares.com/us/products/239619/ishares-msci-china-etf/1467271812596.ajax?dataType=fund&fileName=MCHI_holdings&fileType=csv,,high
2269.HK,WUXI BIOLOGICS CAYMAN INC,China,Health Care,2269,Hong Kong Exchanges And Clearing Ltd,,0.59,MCHI,https://www.ishares.com/us/products/239619/ishares-msci-china-etf/1467271812596.ajax?dataType=fund&fileName=MCHI_holdings&fileType=csv,,high
2268.HK,WUXI XDC CAYMAN INC,China,Health Care,2268,Hong Kong Exchanges And Clearing Ltd,,0.1,MCHI,https://www.ishares.com/us/products/239619/ishares-msci-china-etf/1467271812596.ajax?dataType=fund&fileName=MCHI_holdings&fileType=csv,,high
2228.HK,XTALPI HOLDINGS LTD,China,Health Care,2228,Hong Kong Exchanges And Clearing Ltd,,0.08,MCHI,https://www.ishares.com/us/products/239619/ishares-msci-china-etf/1467271812596.ajax?dataType=fund&fileName=MCHI_holdings&fileType=csv,,high
000538.SZ,YUNNAN BAIYAO GROUP LTD A,China,Health Care,000538,Shenzhen Stock Exchange,,0.03,MCHI,https://www.ishares.com/us/products/239619/ishares-msci-china-etf/1467271812596.ajax?dataType=fund&fileName=MCHI_holdings&fileType=csv,,high
600436.SS,ZHANGZHOU PIENTZEHUANG PHARMACEUTI,China,Health Care,600436,Shanghai Stock Exchange,,0.03,MCHI,https://www.ishares.com/us/products/239619/ishares-msci-china-etf/1467271812596.ajax?dataType=fund&fileName=MCHI_holdings&fileType=csv,,high
600893.SS,AECC AVIATION POWER LTD A,China,Industrials,600893,Shanghai Stock Exchange,,0.05,MCHI,https://www.ishares.com/us/products/239619/ishares-msci-china-etf/1467271812596.ajax?dataType=fund&fileName=MCHI_holdings&fileType=csv,,high
601111.SS,AIR CHINA LTD A,China,Industrials,601111,Shanghai Stock Exchange,,0.03,MCHI,https://www.ishares.com/us/products/239619/ishares-msci-china-etf/1467271812596.ajax?dataType=fund&fileName=MCHI_holdings&fileType=csv,,high
2357.HK,AVICHINA INDUSTRY & TECHNOLOGY LTD,China,Industrials,2357,Hong Kong Exchanges And Clearing Ltd,,0.05,MCHI,https://www.ishares.com/us/products/239619/ishares-msci-china-etf/1467271812596.ajax?dataType=fund&fileName=MCHI_holdings&fileType=csv,,high
000786.SZ,BEIJING NEW BUILDING MATERIALS PUB,China,Industrials,000786,Shenzhen Stock Exchange,,0.02,MCHI,https://www.ishares.com/us/products/239619/ishares-msci-china-etf/1467271812596.ajax?dataType=fund&fileName=MCHI_holdings&fileType=csv,,high
601816.SS,BEIJING-SHANGHAI HIGH SPEED RAILWA,China,Industrials,601816,Shanghai Stock Exchange,,0.08,MCHI,https://www.ishares.com/us/products/239619/ishares-msci-china-etf/1467271812596.ajax?dataType=fund&fileName=MCHI_holdings&fileType=csv,,high
2588.HK,BOC AVIATION LTD,China,Industrials,2588,Hong Kong Exchanges And Clearing Ltd,,0.08,MCHI,https://www.ishares.com/us/products/239619/ishares-msci-china-etf/1467271812596.ajax?dataType=fund&fileName=MCHI_holdings&fileType=csv,,high
600150.SS,CHINA CSSC HOLDINGS LTD A,China,Industrials,600150,Shanghai Stock Exchange,,0.09,MCHI,https://www.ishares.com/us/products/239619/ishares-msci-china-etf/1467271812596.ajax?dataType=fund&fileName=MCHI_holdings&fileType=csv,,high
600115.SS,CHINA EASTERN AIRLINES CORP LTD A,China,Industrials,600115,Shanghai Stock Exchange,,0.03,MCHI,https://www.ishares.com/us/products/239619/ishares-msci-china-etf/1467271812596.ajax?dataType=fund&fileName=MCHI_holdings&fileType=csv,,high
601868.SS,CHINA ENERGY ENGINEERING CORP LTD,China,Industrials,601868,Shanghai Stock Exchange,,0.03,MCHI,https://www.ishares.com/us/products/239619/ishares-msci-china-etf/1467271812596.ajax?dataType=fund&fileName=MCHI_holdings&fileType=csv,,high
001965.SZ,CHINA MERCHANTS EXPRESSWAY NETWORK,China,Industrials,001965,Shenzhen Stock Exchange,,0.02,MCHI,https://www.ishares.com/us/products/239619/ishares-msci-china-etf/1467271812596.ajax?dataType=fund&fileName=MCHI_holdings&fileType=csv,,high
0144.HK,CHINA MERCHANTS PORT HOLDINGS LTD,China,Industrials,144,Hong Kong Exchanges And Clearing Ltd,,0.1,MCHI,https://www.ishares.com/us/products/239619/ishares-msci-china-etf/1467271812596.ajax?dataType=fund&fileName=MCHI_holdings&fileType=csv,,high
601390.SS,CHINA RAILWAY GROUP LTD A,China,Industrials,601390,Shanghai Stock Exchange,,0.04,MCHI,https://www.ishares.com/us/products/239619/ishares-msci-china-etf/1467271812596.ajax?dataType=fund&fileName=MCHI_holdings&fileType=csv,,high
0390.HK,CHINA RAILWAY GROUP LTD H,China,Industrials,390,Hong Kong Exchanges And Clearing Ltd,,0.09,MCHI,https://www.ishares.com/us/products/239619/ishares-msci-china-etf/1467271812596.ajax?dataType=fund&fileName=MCHI_holdings&fileType=csv,,high
600029.SS,CHINA SOUTHERN AIRLINES LTD A,China,Industrials,600029,Shanghai Stock Exchange,,0.02,MCHI,https://www.ishares.com/us/products/239619/ishares-msci-china-etf/1467271812596.ajax?dataType=fund&fileName=MCHI_holdings&fileType=csv,,high
601668.SS,CHINA STATE CONSTRUCTION ENGINEERI,China,Industrials,601668,Shanghai Stock Exchange,,0.07,MCHI,https://www.ishares.com/us/products/239619/ishares-msci-china-etf/1467271812596.ajax?dataType=fund&fileName=MCHI_holdings&fileType=csv,,high
3311.HK,CHINA STATE CONSTRUCTION INTERNATI,China,Industrials,3311,Hong Kong Exchanges And Clearing Ltd,,0.06,MCHI,https://www.ishares.com/us/products/239619/ishares-msci-china-etf/1467271812596.ajax?dataType=fund&fileName=MCHI_holdings&fileType=csv,,high
601179.SS,CHINA XD ELECTRIC LTD A,China,Industrials,601179,Shanghai Stock Exchange,,0.03,MCHI,https://www.ishares.com/us/products/239619/ishares-msci-china-etf/1467271812596.ajax?dataType=fund&fileName=MCHI_holdings&fileType=csv,,high
0267.HK,CITIC LTD,China,Industrials,267,Hong Kong Exchanges And Clearing Ltd,,0.22,MCHI,https://www.ishares.com/us/products/239619/ishares-msci-china-etf/1467271812596.ajax?dataType=fund&fileName=MCHI_holdings&fileType=csv,,high
300919.SZ,CNGR ADVANCED MATERIAL LTD A,China,Industrials,300919,Shenzhen Stock Exchange,,0.02,MCHI,https://www.ishares.com/us/products/239619/ishares-msci-china-etf/1467271812596.ajax?dataType=fund&fileName=MCHI_holdings&fileType=csv,,high
300750.SZ,CONTEMPORARY AMPEREX TECHNOLOGY LT,China,Industrials,300750,Shenzhen Stock Exchange,,0.51,MCHI,https://www.ishares.com/us/products/239619/ishares-msci-china-etf/1467271812596.ajax?dataType=fund&fileName=MCHI_holdings&fileType=csv,,high
3750.HK,CONTEMPORARY AMPEREX TECHNOLOGY LT,China,Industrials,3750,Hong Kong Exchanges And Clearing Ltd,,0.24,MCHI,https://www.ishares.com/us/products/239619/ishares-msci-china-etf/1467271812596.ajax?dataType=fund&fileName=MCHI_holdings&fileType=csv,,high
601919.SS,COSCO SHIPPING HOLDINGS LTD A,China,Industrials,601919,Shanghai Stock Exchange,,0.06,MCHI,https://www.ishares.com/us/products/239619/ishares-msci-china-etf/1467271812596.ajax?dataType=fund&fileName=MCHI_holdings&fileType=csv,,high
1919.HK,COSCO SHIPPING HOLDINGS LTD H,China,Industrials,1919,Hong Kong Exchanges And Clearing Ltd,,0.19,MCHI,https://www.ishares.com/us/products/239619/ishares-msci-china-etf/1467271812596.ajax?dataType=fund&fileName=MCHI_holdings&fileType=csv,,high
601766.SS,CRRC CORP LTD A,China,Industrials,601766,Shanghai Stock Exchange,,0.05,MCHI,https://www.ishares.com/us/products/239619/ishares-msci-china-etf/1467271812596.ajax?dataType=fund&fileName=MCHI_holdings&fileType=csv,,high
1766.HK,CRRC CORP LTD H,China,Industrials,1766,Hong Kong Exchanges And Clearing Ltd,,0.12,MCHI,https://www.ishares.com/us/products/239619/ishares-msci-china-etf/1467271812596.ajax?dataType=fund&fileName=MCHI_holdings&fileType=csv,,high
601006.SS,DAQIN RAILWAY LTD A,China,Industrials,601006,Shanghai Stock Exchange,,0.03,MCHI,https://www.ishares.com/us/products/239619/ishares-msci-china-etf/1467271812596.ajax?dataType=fund&fileName=MCHI_holdings&fileType=csv,,high
600875.SS,DONGFANG ELECTRIC CORP LTD A,China,Industrials,600875,Shanghai Stock Exchange,,0.04,MCHI,https://www.ishares.com/us/products/239619/ishares-msci-china-etf/1467271812596.ajax?dataType=fund&fileName=MCHI_holdings&fileType=csv,,high
300014.SZ,EVE ENERGY LTD A,China,Industrials,300014,Shenzhen Stock Exchange,,0.04,MCHI,https://www.ishares.com/us/products/239619/ishares-msci-china-etf/1467271812596.ajax?dataType=fund&fileName=MCHI_holdings&fileType=csv,,high
002340.SZ,GEM LTD A,China,Industrials,002340,Shenzhen Stock Exchange,,0.01,MCHI,https://www.ishares.com/us/products/239619/ishares-msci-china-etf/1467271812596.ajax?dataType=fund&fileName=MCHI_holdings&fileType=csv,,high
002202.SZ,GOLDWIND SCIENCE&TECHNOLOGY LTD A,China,Industrials,002202,Shenzhen Stock Exchange,,0.03,MCHI,https://www.ishares.com/us/products/239619/ishares-msci-china-etf/1467271812596.ajax?dataType=fund&fileName=MCHI_holdings&fileType=csv,,high
603195.SS,GONEO GROUP LTD A,China,Industrials,603195,Shanghai Stock Exchange,,0.01,MCHI,https://www.ishares.com/us/products/239619/ishares-msci-china-etf/1467271812596.ajax?dataType=fund&fileName=MCHI_holdings&fileType=csv,,high
002074.SZ,GOTION HIGH-TECH LTD A,China,Industrials,002074,Shenzhen Stock Exchange,,0.02,MCHI,https://www.ishares.com/us/products/239619/ishares-msci-china-etf/1467271812596.ajax?dataType=fund&fileName=MCHI_holdings&fileType=csv,,high
600221.SS,HAINAN AIRLINES HOLDING LTD A,China,Industrials,600221,Shanghai Stock Exchange,,0.02,MCHI,https://www.ishares.com/us/products/239619/ishares-msci-china-etf/1467271812596.ajax?dataType=fund&fileName=MCHI_holdings&fileType=csv,,high
1882.HK,HAITIAN INTERNATIONAL LTD,China,Industrials,1882,Hong Kong Exchanges And Clearing Ltd,,0.07,MCHI,https://www.ishares.com/us/products/239619/ishares-msci-china-etf/1467271812596.ajax?dataType=fund&fileName=MCHI_holdings&fileType=csv,,high
1519.HK,J&T GLOBAL EXPRESS LTD,China,Industrials,1519,Hong Kong Exchanges And Clearing Ltd,,0.11,MCHI,https://www.ishares.com/us/products/239619/ishares-msci-china-etf/1467271812596.ajax?dataType=fund&fileName=MCHI_holdings&fileType=csv,,high
2618.HK,JD LOGISTICS INC,China,Industrials,2618,Hong Kong Exchanges And Clearing Ltd,,0.12,MCHI,https://www.ishares.com/us/products/239619/ishares-msci-china-etf/1467271812596.ajax?dataType=fund&fileName=MCHI_holdings&fileType=csv,,high
0177.HK,JIANGSU EXPRESSWAY LTD H,China,Industrials,177,Hong Kong Exchanges And Clearing Ltd,,0.06,MCHI,https://www.ishares.com/us/products/239619/ishares-msci-china-etf/1467271812596.ajax?dataType=fund&fileName=MCHI_holdings&fileType=csv,,high
601100.SS,JIANGSU HENGLI HYDRAULIC LTD A,China,Industrials,601100,Shanghai Stock Exchange,,0.05,MCHI,https://www.ishares.com/us/products/239619/ishares-msci-china-etf/1467271812596.ajax?dataType=fund&fileName=MCHI_holdings&fileType=csv,,high
600522.SS,JIANGSU ZHONGTIAN TECHNOLOGY LTD A,China,Industrials,600522,Shanghai Stock Exchange,,0.03,MCHI,https://www.ishares.com/us/products/239619/ishares-msci-china-etf/1467271812596.ajax?dataType=fund&fileName=MCHI_holdings&fileType=csv,,high
300748.SZ,JL MAG RARE-EARTH LTD A,China,Industrials,300748,Shenzhen Stock Exchange,,0.01,MCHI,https://www.ishares.com/us/products/239619/ishares-msci-china-etf/1467271812596.ajax?dataType=fund&fileName=MCHI_holdings&fileType=csv,,high
BZ,KANZHUN AMERICAN DEPOSITORY SHARES,China,Industrials,BZ,NASDAQ,,0.21,MCHI,https://www.ishares.com/us/products/239619/ishares-msci-china-etf/1467271812596.ajax?dataType=fund&fileName=MCHI_holdings&fileType=csv,,high
002625.SZ,KUANG-CHI TECHNOLOGIES LTD A,China,Industrials,002625,Shenzhen Stock Exchange,,0.03,MCHI,https://www.ishares.com/us/products/239619/ishares-msci-china-etf/1467271812596.ajax?dataType=fund&fileName=MCHI_holdings&fileType=csv,,high
601618.SS,METALLURGICAL CORP OF CHINA LTD A,China,Industrials,601618,Shanghai Stock Exchange,,0.02,MCHI,https://www.ishares.com/us/products/239619/ishares-msci-china-etf/1467271812596.ajax?dataType=fund&fileName=MCHI_holdings&fileType=csv,,high
600406.SS,NARI TECHNOLOGY LTD A,China,Industrials,600406,Shanghai Stock Exchange,,0.08,MCHI,https://www.ishares.com/us/products/239619/ishares-msci-china-etf/1467271812596.ajax?dataType=fund&fileName=MCHI_holdings&fileType=csv,,high
605117.SS,NINGBO DEYE TECHNOLOGY LTD A,China,Industrials,605117,Shanghai Stock Exchange,,0.04,MCHI,https://www.ishares.com/us/products/239619/ishares-msci-china-etf/1467271812596.ajax?dataType=fund&fileName=MCHI_holdings&fileType=csv,,high
603606.SS,NINGBO ORIENT WIRES & CABLES LTD A,China,Industrials,603606,Shanghai Stock Exchange,,0.01,MCHI,https://www.ishares.com/us/products/239619/ishares-msci-china-etf/1467271812596.ajax?dataType=fund&fileName=MCHI_holdings&fileType=csv,,high
601567.SS,NINGBO SANXING MEDICAL ELECTRIC LT,China,Industrials,601567,Shanghai Stock Exchange,,0.01,MCHI,https://www.ishares.com/us/products/239619/ishares-msci-china-etf/1467271812596.ajax?dataType=fund&fileName=MCHI_holdings&fileType=csv,,high
0316.HK,ORIENT OVERSEAS (INTERNATIONAL) LT,China,Industrials,316,Hong Kong Exchanges And Clearing Ltd,,0.1,MCHI,https://www.ishares.com/us/products/239619/ishares-msci-china-etf/1467271812596.ajax?dataType=fund&fileName=MCHI_holdings&fileType=csv,,high
601669.SS,POWER CONSTRUCTION CORPORATION OF,China,Industrials,601669,Shanghai Stock Exchange,,0.03,MCHI,https://www.ishares.com/us/products/239619/ishares-msci-china-etf/1467271812596.ajax?dataType=fund&fileName=MCHI_holdings&fileType=csv,,high
300757.SZ,ROBOTECHNIK INTELLIGENT TECHNOLOGY,China,Industrials,300757,Shenzhen Stock Exchange,,0.02,MCHI,https://www.ishares.com/us/products/239619/ishares-msci-china-etf/1467271812596.ajax?dataType=fund&fileName=MCHI_holdings&fileType=csv,,high
002352.SZ,S.F. HOLDING LTD A,China,Industrials,002352,Shenzhen Stock Exchange,,0.06,MCHI,https://www.ishares.com/us/products/239619/ishares-msci-china-etf/1467271812596.ajax?dataType=fund&fileName=MCHI_holdings&fileType=csv,,high
600031.SS,SANY HEAVY INDUSTRY LTD A,China,Industrials,600031,Shanghai Stock Exchange,,0.06,MCHI,https://www.ishares.com/us/products/239619/ishares-msci-china-etf/1467271812596.ajax?dataType=fund&fileName=MCHI_holdings&fileType=csv,,high
002595.SZ,SHANDONG HIMILE MECHANICAL SCIENCE,China,Industrials,002595,Shenzhen Stock Exchange,,0.02,MCHI,https://www.ishares.com/us/products/239619/ishares-msci-china-etf/1467271812596.ajax?dataType=fund&fileName=MCHI_holdings&fileType=csv,,high
601727.SS,SHANGHAI ELECTRIC GROUP LTD A,China,Industrials,601727,Shanghai Stock Exchange,,0.04,MCHI,https://www.ishares.com/us/products/239619/ishares-msci-china-etf/1467271812596.ajax?dataType=fund&fileName=MCHI_holdings&fileType=csv,,high
600009.SS,SHANGHAI INTERNATIONAL AIRPORT LTD,China,Industrials,600009,Shanghai Stock Exchange,,0.01,MCHI,https://www.ishares.com/us/products/239619/ishares-msci-china-etf/1467271812596.ajax?dataType=fund&fileName=MCHI_holdings&fileType=csv,,high
002837.SZ,SHENZHEN ENVICOOL TECHNOLOGY LTD A,China,Industrials,002837,Shenzhen Stock Exchange,,0.03,MCHI,https://www.ishares.com/us/products/239619/ishares-msci-china-etf/1467271812596.ajax?dataType=fund&fileName=MCHI_holdings&fileType=csv,,high
300124.SZ,SHENZHEN INOVANCE TECHNOLOGY LTD A,China,Industrials,300124,Shenzhen Stock Exchange,,0.03,MCHI,https://www.ishares.com/us/products/239619/ishares-msci-china-etf/1467271812596.ajax?dataType=fund&fileName=MCHI_holdings&fileType=csv,,high
002851.SZ,SHENZHEN MEGMEET ELECTRICAL LTD A,China,Industrials,002851,Shenzhen Stock Exchange,,0.02,MCHI,https://www.ishares.com/us/products/239619/ishares-msci-china-etf/1467271812596.ajax?dataType=fund&fileName=MCHI_holdings&fileType=csv,,high
600039.SS,SICHUAN ROAD & BRIDGE LTD A,China,Industrials,600039,Shanghai Stock Exchange,,0.02,MCHI,https://www.ishares.com/us/products/239619/ishares-msci-china-etf/1467271812596.ajax?dataType=fund&fileName=MCHI_holdings&fileType=csv,,high
3808.HK,SINOTRUK (HONG KONG) LTD,China,Industrials,3808,Hong Kong Exchanges And Clearing Ltd,,0.12,MCHI,https://www.ishares.com/us/products/239619/ishares-msci-china-etf/1467271812596.ajax?dataType=fund&fileName=MCHI_holdings&fileType=csv,,high
601021.SS,SPRING AIRLINES LTD A,China,Industrials,601021,Shanghai Stock Exchange,,0.02,MCHI,https://www.ishares.com/us/products/239619/ishares-msci-china-etf/1467271812596.ajax?dataType=fund&fileName=MCHI_holdings&fileType=csv,,high
300274.SZ,SUNGROW POWER SUPPLY LTD A,China,Industrials,300274,Shenzhen Stock Exchange,,0.1,MCHI,https://www.ishares.com/us/products/239619/ishares-msci-china-etf/1467271812596.ajax?dataType=fund&fileName=MCHI_holdings&fileType=csv,,high
300207.SZ,SUNWODA ELECTRONIC LTD A,China,Industrials,300207,Shenzhen Stock Exchange,,0.02,MCHI,https://www.ishares.com/us/products/239619/ishares-msci-china-etf/1467271812596.ajax?dataType=fund&fileName=MCHI_holdings&fileType=csv,,high
600089.SS,TBEA LTD A,China,Industrials,600089,Shanghai Stock Exchange,,0.05,MCHI,https://www.ishares.com/us/products/239619/ishares-msci-china-etf/1467271812596.ajax?dataType=fund&fileName=MCHI_holdings&fileType=csv,,high
9880.HK,UBTECH ROBOTICS CORP LTD H,China,Industrials,9880,Hong Kong Exchanges And Clearing Ltd,,0.11,MCHI,https://www.ishares.com/us/products/239619/ishares-msci-china-etf/1467271812596.ajax?dataType=fund&fileName=MCHI_holdings&fileType=csv,,high
000338.SZ,WEICHAI POWER LTD A,China,Industrials,000338,Shenzhen Stock Exchange,,0.05,MCHI,https://www.ishares.com/us/products/239619/ishares-msci-china-etf/1467271812596.ajax?dataType=fund&fileName=MCHI_holdings&fileType=csv,,high
2338.HK,WEICHAI POWER LTD H,China,Industrials,2338,Hong Kong Exchanges And Clearing Ltd,,0.28,MCHI,https://www.ishares.com/us/products/239619/ishares-msci-china-etf/1467271812596.ajax?dataType=fund&fileName=MCHI_holdings&fileType=csv,,high
600580.SS,WOLONG ELECTRIC DRIVE GROUP LTD A,China,Industrials,600580,Shanghai Stock Exchange,,0.02,MCHI,https://www.ishares.com/us/products/239619/ishares-msci-china-etf/1467271812596.ajax?dataType=fund&fileName=MCHI_holdings&fileType=csv,,high
000425.SZ,XCMG CONSTRUCTION MACHINERY LTD A,China,Industrials,000425,Shenzhen Stock Exchange,,0.04,MCHI,https://www.ishares.com/us/products/239619/ishares-msci-china-etf/1467271812596.ajax?dataType=fund&fileName=MCHI_holdings&fileType=csv,,high
600233.SS,YTO EXPRESS GROUP LTD A,China,Industrials,600233,Shanghai Stock Exchange,,0.02,MCHI,https://www.ishares.com/us/products/239619/ishares-msci-china-etf/1467271812596.ajax?dataType=fund&fileName=MCHI_holdings&fileType=csv,,high
600066.SS,YUTONG BUS LTD A,China,Industrials,600066,Shanghai Stock Exchange,,0.02,MCHI,https://www.ishares.com/us/products/239619/ishares-msci-china-etf/1467271812596.ajax?dataType=fund&fileName=MCHI_holdings&fileType=csv,,high
601877.SS,ZHEJIANG CHINT ELECTRICS LTD A,China,Industrials,601877,Shanghai Stock Exchange,,0.03,MCHI,https://www.ishares.com/us/products/239619/ishares-msci-china-etf/1467271812596.ajax?dataType=fund&fileName=MCHI_holdings&fileType=csv,,high
603799.SS,ZHEJIANG HUAYOU COBALT LTD A,China,Industrials,603799,Shanghai Stock Exchange,,0.04,MCHI,https://www.ishares.com/us/products/239619/ishares-msci-china-etf/1467271812596.ajax?dataType=fund&fileName=MCHI_holdings&fileType=csv,,high
002050.SZ,ZHEJIANG SANHUA INTELLIGENT CONTRO,China,Industrials,002050,Shenzhen Stock Exchange,,0.03,MCHI,https://www.ishares.com/us/products/239619/ishares-msci-china-etf/1467271812596.ajax?dataType=fund&fileName=MCHI_holdings&fileType=csv,,high
603568.SS,ZHEJIANG WEIMING ENVIRONMENT PROTE,China,Industrials,603568,Shanghai Stock Exchange,,0.02,MCHI,https://www.ishares.com/us/products/239619/ishares-msci-china-etf/1467271812596.ajax?dataType=fund&fileName=MCHI_holdings&fileType=csv,,high
688187.SS,ZHUZHOU CRRC TIMES ELECTRIC LTD A,China,Industrials,688187,Shanghai Stock Exchange,,0.01,MCHI,https://www.ishares.com/us/products/239619/ishares-msci-china-etf/1467271812596.ajax?dataType=fund&fileName=MCHI_holdings&fileType=csv,,high
3898.HK,ZHUZHOU CRRC TIMES ELECTRIC LTD H,China,Industrials,3898,Hong Kong Exchanges And Clearing Ltd,,0.09,MCHI,https://www.ishares.com/us/products/239619/ishares-msci-china-etf/1467271812596.ajax?dataType=fund&fileName=MCHI_holdings&fileType=csv,,high
000157.SZ,ZOOMLION HEAVY INDUSTRY SCIENCE AN,China,Industrials,000157,Shenzhen Stock Exchange,,0.02,MCHI,https://www.ishares.com/us/products/239619/ishares-msci-china-etf/1467271812596.ajax?dataType=fund&fileName=MCHI_holdings&fileType=csv,,high
2057.HK,ZTO EXPRESS (CAYMAN) INC,China,Industrials,2057,Hong Kong Exchanges And Clearing Ltd,,0.35,MCHI,https://www.ishares.com/us/products/239619/ishares-msci-china-etf/1467271812596.ajax?dataType=fund&fileName=MCHI_holdings&fileType=csv,,high
601360.SS,360 SECURITY TECHNOLOGY INC A,China,Information Technology,601360,Shanghai Stock Exchange,,0.03,MCHI,https://www.ishares.com/us/products/239619/ishares-msci-china-etf/1467271812596.ajax?dataType=fund&fileName=MCHI_holdings&fileType=csv,,high
2018.HK,AAC TECHNOLOGIES HOLDINGS INC,China,Information Technology,2018,Hong Kong Exchanges And Clearing Ltd,,0.12,MCHI,https://www.ishares.com/us/products/239619/ishares-msci-china-etf/1467271812596.ajax?dataType=fund&fileName=MCHI_holdings&fileType=csv,,high
002281.SZ,ACCELINK TECHNOLOGIES LTD A,China,Information Technology,002281,Shenzhen Stock Exchange,,0.02,MCHI,https://www.ishares.com/us/products/239619/ishares-msci-china-etf/1467271812596.ajax?dataType=fund&fileName=MCHI_holdings&fileType=csv,,high
688082.SS,ACM RESEARCH (SHANGHAI) INC A,China,Information Technology,688082,Shanghai Stock Exchange,,0.01,MCHI,https://www.ishares.com/us/products/239619/ishares-msci-china-etf/1467271812596.ajax?dataType=fund&fileName=MCHI_holdings&fileType=csv,,high
688012.SS,ADVANCED MICRO-FABRICATION EQUIPME,China,Information Technology,688012,Shanghai Stock Exchange,,0.07,MCHI,https://www.ishares.com/us/products/239619/ishares-msci-china-etf/1467271812596.ajax?dataType=fund&fileName=MCHI_holdings&fileType=csv,,high
688099.SS,AMLOGIC (SHANGHAI) LTD A,China,Information Technology,688099,Shanghai Stock Exchange,,0.01,MCHI,https://www.ishares.com/us/products/239619/ishares-msci-china-etf/1467271812596.ajax?dataType=fund&fileName=MCHI_holdings&fileType=csv,,high
688019.SS,ANJI MICROELECTRONICS TECHNOLOGY (,China,Information Technology,688019,Shanghai Stock Exchange,,0.01,MCHI,https://www.ishares.com/us/products/239619/ishares-msci-china-etf/1467271812596.ajax?dataType=fund&fileName=MCHI_holdings&fileType=csv,,high
300866.SZ,ANKER INNOVATIONS TECHNOLOGY LTD A,China,Information Technology,300866,Shenzhen Stock Exchange,,0.02,MCHI,https://www.ishares.com/us/products/239619/ishares-msci-china-etf/1467271812596.ajax?dataType=fund&fileName=MCHI_holdings&fileType=csv,,high
002938.SZ,AVARY HOLDING (SHENZHEN) LTD A,China,Information Technology,002938,Shenzhen Stock Exchange,,0.04,MCHI,https://www.ishares.com/us/products/239619/ishares-msci-china-etf/1467271812596.ajax?dataType=fund&fileName=MCHI_holdings&fileType=csv,,high
688111.SS,BEIJING KINGSOFT OFFICE SOFTWARE I,China,Information Technology,688111,Shanghai Stock Exchange,,0.05,MCHI,https://www.ishares.com/us/products/239619/ishares-msci-china-etf/1467271812596.ajax?dataType=fund&fileName=MCHI_holdings&fileType=csv,,high
688608.SS,BESTECHNIC (SHANGHAI) LTD A,China,Information Technology,688608,Shanghai Stock Exchange,,0.01,MCHI,https://www.ishares.com/us/products/239619/ishares-msci-china-etf/1467271812596.ajax?dataType=fund&fileName=MCHI_holdings&fileType=csv,,high
688525.SS,BIWIN STORAGE TECHNOLOGY LTD A,China,Information Technology,688525,Shanghai Stock Exchange,,0.03,MCHI,https://www.ishares.com/us/products/239619/ishares-msci-china-etf/1467271812596.ajax?dataType=fund&fileName=MCHI_holdings&fileType=csv,,high
000725.SZ,BOE TECHNOLOGY GROUP LTD A,China,Information Technology,000725,Shenzhen Stock Exchange,,0.05,MCHI,https://www.ishares.com/us/products/239619/ishares-msci-china-etf/1467271812596.ajax?dataType=fund&fileName=MCHI_holdings&fileType=csv,,high
0285.HK,BYD ELECTRONIC (INTERNATIONAL) LTD,China,Information Technology,285,Hong Kong Exchanges And Clearing Ltd,,0.11,MCHI,https://www.ishares.com/us/products/239619/ishares-msci-china-etf/1467271812596.ajax?dataType=fund&fileName=MCHI_holdings&fileType=csv,,high
688256.SS,CAMBRICON TECHNOLOGIES CORPORATION,China,Information Technology,688256,Shanghai Stock Exchange,,0.16,MCHI,https://www.ishares.com/us/products/239619/ishares-msci-china-etf/1467271812596.ajax?dataType=fund&fileName=MCHI_holdings&fileType=csv,,high
300408.SZ,CHAOZHOU THREE-CIRCLE (GROUP) LTD,China,Information Technology,300408,Shenzhen Stock Exchange,,0.03,MCHI,https://www.ishares.com/us/products/239619/ishares-msci-china-etf/1467271812596.ajax?dataType=fund&fileName=MCHI_holdings&fileType=csv,,high
000066.SZ,CHINA GREATWALL TECHNOLOGY GROUP L,China,Information Technology,000066,Shenzhen Stock Exchange,,0.02,MCHI,https://www.ishares.com/us/products/239619/ishares-msci-china-etf/1467271812596.ajax?dataType=fund&fileName=MCHI_holdings&fileType=csv,,high
600536.SS,CHINA NATIONAL SOFTWARE & SERVICE,China,Information Technology,600536,Shanghai Stock Exchange,,0.01,MCHI,https://www.ishares.com/us/products/239619/ishares-msci-china-etf/1467271812596.ajax?dataType=fund&fileName=MCHI_holdings&fileType=csv,,high
688009.SS,CHINA RAILWAY SIGNAL & COMMUNICATI,China,Information Technology,688009,Shanghai Stock Exchange,,0.01,MCHI,https://www.ishares.com/us/products/239619/ishares-msci-china-etf/1467271812596.ajax?dataType=fund&fileName=MCHI_holdings&fileType=csv,,high
688396.SS,CHINA RESOURCES MICROELECTRONICS L,China,Information Technology,688396,Shanghai Stock Exchange,,0.02,MCHI,https://www.ishares.com/us/products/239619/ishares-msci-china-etf/1467271812596.ajax?dataType=fund&fileName=MCHI_holdings&fileType=csv,,high
688387.SS,CICT MOBILE COMMUNICATION TECHNOLO,China,Information Technology,688387,Shanghai Stock Exchange,,0.02,MCHI,https://www.ishares.com/us/products/239619/ishares-msci-china-etf/1467271812596.ajax?dataType=fund&fileName=MCHI_holdings&fileType=csv,,high
688472.SS,CSI SOLAR LTD A,China,Information Technology,688472,Shanghai Stock Exchange,,0.02,MCHI,https://www.ishares.com/us/products/239619/ishares-msci-china-etf/1467271812596.ajax?dataType=fund&fileName=MCHI_holdings&fileType=csv,,high
688110.SS,DOSILICON LTD A,China,Information Technology,688110,Shanghai Stock Exchange,,0.02,MCHI,https://www.ishares.com/us/products/239619/ishares-msci-china-etf/1467271812596.ajax?dataType=fund&fileName=MCHI_holdings&fileType=csv,,high
301269.SZ,EMPYREAN TECHNOLOGY LTD A,China,Information Technology,301269,Shenzhen Stock Exchange,,0.01,MCHI,https://www.ishares.com/us/products/239619/ishares-msci-china-etf/1467271812596.ajax?dataType=fund&fileName=MCHI_holdings&fileType=csv,,high
300502.SZ,EOPTOLINK TECHNOLOGY INC LTD A,China,Information Technology,300502,Shenzhen Stock Exchange,,0.12,MCHI,https://www.ishares.com/us/products/239619/ishares-msci-china-etf/1467271812596.ajax?dataType=fund&fileName=MCHI_holdings&fileType=csv,,high
688538.SS,EVERDISPLAY OPTRONICS (SHANGHAI) L,China,Information Technology,688538,Shanghai Stock Exchange,,0.01,MCHI,https://www.ishares.com/us/products/239619/ishares-msci-china-etf/1467271812596.ajax?dataType=fund&fileName=MCHI_holdings&fileType=csv,,high
600498.SS,FIBERHOME TELECOMMUNICATION TECHNO,China,Information Technology,600498,Shanghai Stock Exchange,,0.02,MCHI,https://www.ishares.com/us/products/239619/ishares-msci-china-etf/1467271812596.ajax?dataType=fund&fileName=MCHI_holdings&fileType=csv,,high
600601.SS,FOUNDER TECHNOLOGY GROUP LTD A,China,Information Technology,600601,Shanghai Stock Exchange,,0.01,MCHI,https://www.ishares.com/us/products/239619/ishares-msci-china-etf/1467271812596.ajax?dataType=fund&fileName=MCHI_holdings&fileType=csv,,high
601138.SS,FOXCONN INDUSTRIAL INTERNET LTD A,China,Information Technology,601138,Shanghai Stock Exchange,,0.22,MCHI,https://www.ishares.com/us/products/239619/ishares-msci-china-etf/1467271812596.ajax?dataType=fund&fileName=MCHI_holdings&fileType=csv,,high
688728.SS,GALAXYCORE INC A,China,Information Technology,688728,Shanghai Stock Exchange,,0.01,MCHI,https://www.ishares.com/us/products/239619/ishares-msci-china-etf/1467271812596.ajax?dataType=fund&fileName=MCHI_holdings&fileType=csv,,high
3800.HK,GCL TECHNOLOGY HOLDINGS LTD,China,Information Technology,3800,Hong Kong Exchanges And Clearing Ltd,,0.12,MCHI,https://www.ishares.com/us/products/239619/ishares-msci-china-etf/1467271812596.ajax?dataType=fund&fileName=MCHI_holdings&fileType=csv,,high
9698.HK,GDS HOLDINGS LTD CLASS A,China,Information Technology,9698,Hong Kong Exchanges And Clearing Ltd,,0.21,MCHI,https://www.ishares.com/us/products/239619/ishares-msci-china-etf/1467271812596.ajax?dataType=fund&fileName=MCHI_holdings&fileType=csv,,high
688568.SS,GEOVIS TECHNOLOGY LTD A,China,Information Technology,688568,Shanghai Stock Exchange,,0.02,MCHI,https://www.ishares.com/us/products/239619/ishares-msci-china-etf/1467271812596.ajax?dataType=fund&fileName=MCHI_holdings&fileType=csv,,high
603986.SS,GIGADEVICE SEMICONDUCTOR INC A,China,Information Technology,603986,Shanghai Stock Exchange,,0.06,MCHI,https://www.ishares.com/us/products/239619/ishares-msci-china-etf/1467271812596.ajax?dataType=fund&fileName=MCHI_holdings&fileType=csv,,high
002241.SZ,GOERTEK INC A,China,Information Technology,002241,Shenzhen Stock Exchange,,0.03,MCHI,https://www.ishares.com/us/products/239619/ishares-msci-china-etf/1467271812596.ajax?dataType=fund&fileName=MCHI_holdings&fileType=csv,,high
002465.SZ,GUANGZHOU HAIGE COMMUNICATIONS GRO,China,Information Technology,002465,Shenzhen Stock Exchange,,0.01,MCHI,https://www.ishares.com/us/products/239619/ishares-msci-china-etf/1467271812596.ajax?dataType=fund&fileName=MCHI_holdings&fileType=csv,,high
688375.SS,GUOBO ELECTRONICS LTD A,China,Information Technology,688375,Shanghai Stock Exchange,,0.01,MCHI,https://www.ishares.com/us/products/239619/ishares-msci-china-etf/1467271812596.ajax?dataType=fund&fileName=MCHI_holdings&fileType=csv,,high
300604.SZ,HANGZHOU CHANG CHUAN TECHNOLOGY LT,China,Information Technology,300604,Shenzhen Stock Exchange,,0.03,MCHI,https://www.ishares.com/us/products/239619/ishares-msci-china-etf/1467271812596.ajax?dataType=fund&fileName=MCHI_holdings&fileType=csv,,high
603806.SS,HANGZHOU FIRST APPLIED MATERIAL LT,China,Information Technology,603806,Shanghai Stock Exchange,,0.02,MCHI,https://www.ishares.com/us/products/239619/ishares-msci-china-etf/1467271812596.ajax?dataType=fund&fileName=MCHI_holdings&fileType=csv,,high
600460.SS,HANGZHOU SILAN MICROELECTRONICS LT,China,Information Technology,600460,Shanghai Stock Exchange,,0.01,MCHI,https://www.ishares.com/us/products/239619/ishares-msci-china-etf/1467271812596.ajax?dataType=fund&fileName=MCHI_holdings&fileType=csv,,high
600487.SS,HENGTONG OPTIC ELECTRIC LTD A,China,Information Technology,600487,Shanghai Stock Exchange,,0.04,MCHI,https://www.ishares.com/us/products/239619/ishares-msci-china-etf/1467271812596.ajax?dataType=fund&fileName=MCHI_holdings&fileType=csv,,high
9660.HK,HORIZON ROBOTICS,China,Information Technology,9660,Hong Kong Exchanges And Clearing Ltd,,0.17,MCHI,https://www.ishares.com/us/products/239619/ishares-msci-china-etf/1467271812596.ajax?dataType=fund&fileName=MCHI_holdings&fileType=csv,,high
1347.HK,HUA HONG SEMICONDUCTOR LTD,China,Information Technology,1347,Hong Kong Exchanges And Clearing Ltd,,0.3,MCHI,https://www.ishares.com/us/products/239619/ishares-msci-china-etf/1467271812596.ajax?dataType=fund&fileName=MCHI_holdings&fileType=csv,,high
688347.SS,HUA HONG SEMICONDUCTOR LTD A,China,Information Technology,688347,Shanghai Stock Exchange,,0.01,MCHI,https://www.ishares.com/us/products/239619/ishares-msci-china-etf/1467271812596.ajax?dataType=fund&fileName=MCHI_holdings&fileType=csv,,high
000988.SZ,HUAGONG TECH LTD A,China,Information Technology,000988,Shenzhen Stock Exchange,,0.04,MCHI,https://www.ishares.com/us/products/239619/ishares-msci-china-etf/1467271812596.ajax?dataType=fund&fileName=MCHI_holdings&fileType=csv,,high
603296.SS,HUAQIN TECHNOLOGY LTD A,China,Information Technology,603296,Shanghai Stock Exchange,,0.02,MCHI,https://www.ishares.com/us/products/239619/ishares-msci-china-etf/1467271812596.ajax?dataType=fund&fileName=MCHI_holdings&fileType=csv,,high
600570.SS,HUNDSUN TECHNOLOGIES INC A,China,Information Technology,600570,Shanghai Stock Exchange,,0.02,MCHI,https://www.ishares.com/us/products/239619/ishares-msci-china-etf/1467271812596.ajax?dataType=fund&fileName=MCHI_holdings&fileType=csv,,high
688120.SS,HWATSING TECHNOLOGY LTD A,China,Information Technology,688120,Shanghai Stock Exchange,,0.02,MCHI,https://www.ishares.com/us/products/239619/ishares-msci-china-etf/1467271812596.ajax?dataType=fund&fileName=MCHI_holdings&fileType=csv,,high
688041.SS,HYGON INFORMATION TECHNOLOGY LTD A,China,Information Technology,688041,Shanghai Stock Exchange,,0.18,MCHI,https://www.ishares.com/us/products/239619/ishares-msci-china-etf/1467271812596.ajax?dataType=fund&fileName=MCHI_holdings&fileType=csv,,high
002230.SZ,IFLYTEK LTD A,China,Information Technology,002230,Shenzhen Stock Exchange,,0.04,MCHI,https://www.ishares.com/us/products/239619/ishares-msci-china-etf/1467271812596.ajax?dataType=fund&fileName=MCHI_holdings&fileType=csv,,high
300223.SZ,INGENIC SEMICONDUCTOR LTD A,China,Information Technology,300223,Shenzhen Stock Exchange,,0.02,MCHI,https://www.ishares.com/us/products/239619/ishares-msci-china-etf/1467271812596.ajax?dataType=fund&fileName=MCHI_holdings&fileType=csv,,high
000977.SZ,INSPUR ELECTRONIC INFORMATION INDU,China,Information Technology,000977,Shenzhen Stock Exchange,,0.03,MCHI,https://www.ishares.com/us/products/239619/ishares-msci-china-etf/1467271812596.ajax?dataType=fund&fileName=MCHI_holdings&fileType=csv,,high
301236.SZ,ISOFTSTONE INFORMATION TECHNOLOGY,China,Information Technology,301236,Shenzhen Stock Exchange,,0.02,MCHI,https://www.ishares.com/us/products/239619/ishares-msci-china-etf/1467271812596.ajax?dataType=fund&fileName=MCHI_holdings&fileType=csv,,high
002459.SZ,JA SOLAR TECHNOLOGY LTD A,China,Information Technology,002459,Shenzhen Stock Exchange,,0.01,MCHI,https://www.ishares.com/us/products/239619/ishares-msci-china-etf/1467271812596.ajax?dataType=fund&fileName=MCHI_holdings&fileType=csv,,high
600584.SS,JCET GROUP LTD A,China,Information Technology,600584,Shanghai Stock Exchange,,0.03,MCHI,https://www.ishares.com/us/products/239619/ishares-msci-china-etf/1467271812596.ajax?dataType=fund&fileName=MCHI_holdings&fileType=csv,,high
300339.SZ,JIANGSU HOPERUN SOFTWARE LTD A,China,Information Technology,300339,Shenzhen Stock Exchange,,0.01,MCHI,https://www.ishares.com/us/products/239619/ishares-msci-china-etf/1467271812596.ajax?dataType=fund&fileName=MCHI_holdings&fileType=csv,,high
688223.SS,JINKO SOLAR LTD A,China,Information Technology,688223,Shanghai Stock Exchange,,0.02,MCHI,https://www.ishares.com/us/products/239619/ishares-msci-china-etf/1467271812596.ajax?dataType=fund&fileName=MCHI_holdings&fileType=csv,,high
0268.HK,KINGDEE INT L SOFTWARE GROUP LTD,China,Information Technology,268,Hong Kong Exchanges And Clearing Ltd,,0.14,MCHI,https://www.ishares.com/us/products/239619/ishares-msci-china-etf/1467271812596.ajax?dataType=fund&fileName=MCHI_holdings&fileType=csv,,high
0992.HK,LENOVO GROUP LTD,China,Information Technology,992,Hong Kong Exchanges And Clearing Ltd,,0.35,MCHI,https://www.ishares.com/us/products/239619/ishares-msci-china-etf/1467271812596.ajax?dataType=fund&fileName=MCHI_holdings&fileType=csv,,high
300433.SZ,LENS TECHNOLOGY LTD A,China,Information Technology,300433,Shenzhen Stock Exchange,,0.05,MCHI,https://www.ishares.com/us/products/239619/ishares-msci-china-etf/1467271812596.ajax?dataType=fund&fileName=MCHI_holdings&fileType=csv,,high
002600.SZ,LINGYI ITECH (GUANGDONG) A,China,Information Technology,002600,Shenzhen Stock Exchange,,0.03,MCHI,https://www.ishares.com/us/products/239619/ishares-msci-china-etf/1467271812596.ajax?dataType=fund&fileName=MCHI_holdings&fileType=csv,,high
601012.SS,LONGI GREEN ENERGY TECHNOLOGY LTD,China,Information Technology,601012,Shanghai Stock Exchange,,0.04,MCHI,https://www.ishares.com/us/products/239619/ishares-msci-china-etf/1467271812596.ajax?dataType=fund&fileName=MCHI_holdings&fileType=csv,,high
688047.SS,LOONGSON TECHNOLOGY CORP LTD A,China,Information Technology,688047,Shanghai Stock Exchange,,0.02,MCHI,https://www.ishares.com/us/products/239619/ishares-msci-china-etf/1467271812596.ajax?dataType=fund&fileName=MCHI_holdings&fileType=csv,,high
002475.SZ,LUXSHARE PRECISION INDUSTRY LTD A,China,Information Technology,002475,Shenzhen Stock Exchange,,0.11,MCHI,https://www.ishares.com/us/products/239619/ishares-msci-china-etf/1467271812596.ajax?dataType=fund&fileName=MCHI_holdings&fileType=csv,,high
300782.SZ,MAXSCEND MICROELECTRONICS LTD A,China,Information Technology,300782,Shenzhen Stock Exchange,,0.01,MCHI,https://www.ishares.com/us/products/239619/ishares-msci-china-etf/1467271812596.ajax?dataType=fund&fileName=MCHI_holdings&fileType=csv,,high
688008.SS,MONTAGE TECHNOLOGY LTD A,China,Information Technology,688008,Shanghai Stock Exchange,,0.06,MCHI,https://www.ishares.com/us/products/239619/ishares-msci-china-etf/1467271812596.ajax?dataType=fund&fileName=MCHI_holdings&fileType=csv,,high
688126.SS,NATIONAL SILICON INDUSTRY GROUP LT,China,Information Technology,688126,Shanghai Stock Exchange,,0.02,MCHI,https://www.ishares.com/us/products/239619/ishares-msci-china-etf/1467271812596.ajax?dataType=fund&fileName=MCHI_holdings&fileType=csv,,high
002371.SZ,NAURA TECHNOLOGY GROUP LTD A,China,Information Technology,002371,Shenzhen Stock Exchange,,0.11,MCHI,https://www.ishares.com/us/products/239619/ishares-msci-china-etf/1467271812596.ajax?dataType=fund&fileName=MCHI_holdings&fileType=csv,,high
688249.SS,NEXCHIP SEMICONDUCTOR CORP A,China,Information Technology,688249,Shanghai Stock Exchange,,0.02,MCHI,https://www.ishares.com/us/products/239619/ishares-msci-china-etf/1467271812596.ajax?dataType=fund&fileName=MCHI_holdings&fileType=csv,,high
002456.SZ,O FILM TECH LTD A,China,Information Technology,002456,Shenzhen Stock Exchange,,0.01,MCHI,https://www.ishares.com/us/products/239619/ishares-msci-china-etf/1467271812596.ajax?dataType=fund&fileName=MCHI_holdings&fileType=csv,,high
603501.SS,OMNIVISION INTEGRATED CIRCUITS GRO,China,Information Technology,603501,Shanghai Stock Exchange,,0.04,MCHI,https://www.ishares.com/us/products/239619/ishares-msci-china-etf/1467271812596.ajax?dataType=fund&fileName=MCHI_holdings&fileType=csv,,high
688072.SS,PIOTECH INC A,China,Information Technology,688072,Shanghai Stock Exchange,,0.03,MCHI,https://www.ishares.com/us/products/239619/ishares-msci-china-etf/1467271812596.ajax?dataType=fund&fileName=MCHI_holdings&fileType=csv,,high
2026.HK,PONY AI INC,China,Information Technology,2026,Hong Kong Exchanges And Clearing Ltd,,0.09,MCHI,https://www.ishares.com/us/products/239619/ishares-msci-china-etf/1467271812596.ajax?dataType=fund&fileName=MCHI_holdings&fileType=csv,,high
688027.SS,QUANTUMCTEK LTD A,China,Information Technology,688027,Shanghai Stock Exchange,,0.02,MCHI,https://www.ishares.com/us/products/239619/ishares-msci-china-etf/1467271812596.ajax?dataType=fund&fileName=MCHI_holdings&fileType=csv,,high
300442.SZ,RANGE INTELLIGENT COMPUTING TECHNO,China,Information Technology,300442,Shenzhen Stock Exchange,,0.04,MCHI,https://www.ishares.com/us/products/239619/ishares-msci-china-etf/1467271812596.ajax?dataType=fund&fileName=MCHI_holdings&fileType=csv,,high
603893.SS,ROCKCHIP ELECTRONICS LTD A,China,Information Technology,603893,Shanghai Stock Exchange,,0.02,MCHI,https://www.ishares.com/us/products/239619/ishares-msci-china-etf/1467271812596.ajax?dataType=fund&fileName=MCHI_holdings&fileType=csv,,high
600703.SS,SANAN OPTOELECTRONICS LTD A,China,Information Technology,600703,Shanghai Stock Exchange,,0.02,MCHI,https://www.ishares.com/us/products/239619/ishares-msci-china-etf/1467271812596.ajax?dataType=fund&fileName=MCHI_holdings&fileType=csv,,high
300454.SZ,SANGFOR TECHNOLOGIES INC A,China,Information Technology,300454,Shenzhen Stock Exchange,,0.02,MCHI,https://www.ishares.com/us/products/239619/ishares-msci-china-etf/1467271812596.ajax?dataType=fund&fileName=MCHI_holdings&fileType=csv,,high
0020.HK,SENSETIME GROUP CLASS B INC,China,Information Technology,20,Hong Kong Exchanges And Clearing Ltd,,0.3,MCHI,https://www.ishares.com/us/products/239619/ishares-msci-china-etf/1467271812596.ajax?dataType=fund&fileName=MCHI_holdings&fileType=csv,,high
300661.SZ,SG MICRO CORP A,China,Information Technology,300661,Shenzhen Stock Exchange,,0.01,MCHI,https://www.ishares.com/us/products/239619/ishares-msci-china-etf/1467271812596.ajax?dataType=fund&fileName=MCHI_holdings&fileType=csv,,high
600845.SS,SHANGHAI BAOSIGHT SOFTWARE LTD A,China,Information Technology,600845,Shanghai Stock Exchange,,0.02,MCHI,https://www.ishares.com/us/products/239619/ishares-msci-china-etf/1467271812596.ajax?dataType=fund&fileName=MCHI_holdings&fileType=csv,,high
688188.SS,SHANGHAI FRIENDESS ELECTRONICS TEC,China,Information Technology,688188,Shanghai Stock Exchange,,0.01,MCHI,https://www.ishares.com/us/products/239619/ishares-msci-china-etf/1467271812596.ajax?dataType=fund&fileName=MCHI_holdings&fileType=csv,,high
002195.SZ,SHANGHAI STONEHILL TECHNOLOGY LTD,China,Information Technology,002195,Shenzhen Stock Exchange,,0.02,MCHI,https://www.ishares.com/us/products/239619/ishares-msci-china-etf/1467271812596.ajax?dataType=fund&fileName=MCHI_holdings&fileType=csv,,high
300475.SZ,SHANNON SEMICONDUCTOR TECHNOLOGY L,China,Information Technology,300475,Shenzhen Stock Exchange,,0.02,MCHI,https://www.ishares.com/us/products/239619/ishares-msci-china-etf/1467271812596.ajax?dataType=fund&fileName=MCHI_holdings&fileType=csv,,high
300857.SZ,SHARETRONIC DATA TECHNOLOGY LTD A,China,Information Technology,300857,Shenzhen Stock Exchange,,0.03,MCHI,https://www.ishares.com/us/products/239619/ishares-msci-china-etf/1467271812596.ajax?dataType=fund&fileName=MCHI_holdings&fileType=csv,,high
688183.SS,SHENGYI ELECTRONICS LTD A,China,Information Technology,688183,Shanghai Stock Exchange,,0.02,MCHI,https://www.ishares.com/us/products/239619/ishares-msci-china-etf/1467271812596.ajax?dataType=fund&fileName=MCHI_holdings&fileType=csv,,high
600183.SS,SHENGYI TECHNOLOGY LTD A,China,Information Technology,600183,Shanghai Stock Exchange,,0.05,MCHI,https://www.ishares.com/us/products/239619/ishares-msci-china-etf/1467271812596.ajax?dataType=fund&fileName=MCHI_holdings&fileType=csv,,high
002916.SZ,SHENNAN CIRCUITS LTD A,China,Information Technology,002916,Shenzhen Stock Exchange,,0.06,MCHI,https://www.ishares.com/us/products/239619/ishares-msci-china-etf/1467271812596.ajax?dataType=fund&fileName=MCHI_holdings&fileType=csv,,high
300115.SZ,SHENZHEN EVERWIN PRECISION TECHNOL,China,Information Technology,300115,Shenzhen Stock Exchange,,0.02,MCHI,https://www.ishares.com/us/products/239619/ishares-msci-china-etf/1467271812596.ajax?dataType=fund&fileName=MCHI_holdings&fileType=csv,,high
603160.SS,SHENZHEN GOODIX TECHNOLOGY LTD A,China,Information Technology,603160,Shanghai Stock Exchange,,0.01,MCHI,https://www.ishares.com/us/products/239619/ishares-msci-china-etf/1467271812596.ajax?dataType=fund&fileName=MCHI_holdings&fileType=csv,,high
603228.SS,SHENZHEN KINWONG ELECTRONIC LTD A,China,Information Technology,603228,Shanghai Stock Exchange,,0.02,MCHI,https://www.ishares.com/us/products/239619/ishares-msci-china-etf/1467271812596.ajax?dataType=fund&fileName=MCHI_holdings&fileType=csv,,high
301308.SZ,SHENZHEN LONGSYS ELECTRONICS LTD A,China,Information Technology,301308,Shenzhen Stock Exchange,,0.04,MCHI,https://www.ishares.com/us/products/239619/ishares-msci-china-etf/1467271812596.ajax?dataType=fund&fileName=MCHI_holdings&fileType=csv,,high
300136.SZ,SHENZHEN SUNWAY COMMUNICATION LTD,China,Information Technology,300136,Shenzhen Stock Exchange,,0.02,MCHI,https://www.ishares.com/us/products/239619/ishares-msci-china-etf/1467271812596.ajax?dataType=fund&fileName=MCHI_holdings&fileType=csv,,high
001309.SZ,SHENZHEN TECHWINSEMI TECHNOLOGY LT,China,Information Technology,001309,Shenzhen Stock Exchange,,0.02,MCHI,https://www.ishares.com/us/products/239619/ishares-msci-china-etf/1467271812596.ajax?dataType=fund&fileName=MCHI_holdings&fileType=csv,,high
688036.SS,SHENZHEN TRANSSION HOLDINGS LTD A,China,Information Technology,688036,Shanghai Stock Exchange,,0.02,MCHI,https://www.ishares.com/us/products/239619/ishares-msci-china-etf/1467271812596.ajax?dataType=fund&fileName=MCHI_holdings&fileType=csv,,high
688361.SS,SKYVERSE TECHNOLOGY LTD A,China,Information Technology,688361,Shanghai Stock Exchange,,0.02,MCHI,https://www.ishares.com/us/products/239619/ishares-msci-china-etf/1467271812596.ajax?dataType=fund&fileName=MCHI_holdings&fileType=csv,,high
2382.HK,SUNNY OPTICAL TECHNOLOGY LTD,China,Information Technology,2382,Hong Kong Exchanges And Clearing Ltd,,0.18,MCHI,https://www.ishares.com/us/products/239619/ishares-msci-china-etf/1467271812596.ajax?dataType=fund&fileName=MCHI_holdings&fileType=csv,,high
688777.SS,SUPCON TECHNOLOGY LTD A,China,Information Technology,688777,Shanghai Stock Exchange,,0.02,MCHI,https://www.ishares.com/us/products/239619/ishares-msci-china-etf/1467271812596.ajax?dataType=fund&fileName=MCHI_holdings&fileType=csv,,high
002384.SZ,SUZHOU DONGSHAN PRECISION MANUFACT,China,Information Technology,002384,Shenzhen Stock Exchange,,0.06,MCHI,https://www.ishares.com/us/products/239619/ishares-msci-china-etf/1467271812596.ajax?dataType=fund&fileName=MCHI_holdings&fileType=csv,,high
300751.SZ,SUZHOU MAXWELL TECHNOLOGIES LTD A,China,Information Technology,300751,Shenzhen Stock Exchange,,0.02,MCHI,https://www.ishares.com/us/products/239619/ishares-msci-china-etf/1467271812596.ajax?dataType=fund&fileName=MCHI_holdings&fileType=csv,,high
300394.SZ,SUZHOU TFC OPTICAL COMMUNICATION L,China,Information Technology,300394,Shenzhen Stock Exchange,,0.08,MCHI,https://www.ishares.com/us/products/239619/ishares-msci-china-etf/1467271812596.ajax?dataType=fund&fileName=MCHI_holdings&fileType=csv,,high
000100.SZ,TCL TECHNOLOGY GROUP CORP A,China,Information Technology,000100,Shenzhen Stock Exchange,,0.03,MCHI,https://www.ishares.com/us/products/239619/ishares-msci-china-etf/1467271812596.ajax?dataType=fund&fileName=MCHI_holdings&fileType=csv,,high
002129.SZ,TCL ZHONGHUAN RENEWABLE ENERGY TEC,China,Information Technology,002129,Shenzhen Stock Exchange,,0.01,MCHI,https://www.ishares.com/us/products/239619/ishares-msci-china-etf/1467271812596.ajax?dataType=fund&fileName=MCHI_holdings&fileType=csv,,high
002185.SZ,TIANSHUI HUATIAN TECHNOLOGY LTD A,China,Information Technology,002185,Shenzhen Stock Exchange,,0.01,MCHI,https://www.ishares.com/us/products/239619/ishares-msci-china-etf/1467271812596.ajax?dataType=fund&fileName=MCHI_holdings&fileType=csv,,high
002156.SZ,TONGFU MICROELECTRONICS LTD A,China,Information Technology,002156,Shenzhen Stock Exchange,,0.02,MCHI,https://www.ishares.com/us/products/239619/ishares-msci-china-etf/1467271812596.ajax?dataType=fund&fileName=MCHI_holdings&fileType=csv,,high
600438.SS,TONGWEI LTD A,China,Information Technology,600438,Shanghai Stock Exchange,,0.03,MCHI,https://www.ishares.com/us/products/239619/ishares-msci-china-etf/1467271812596.ajax?dataType=fund&fileName=MCHI_holdings&fileType=csv,,high
688599.SS,TRINA SOLAR LTD A,China,Information Technology,688599,Shanghai Stock Exchange,,0.01,MCHI,https://www.ishares.com/us/products/239619/ishares-msci-china-etf/1467271812596.ajax?dataType=fund&fileName=MCHI_holdings&fileType=csv,,high
002049.SZ,UNIGROUP GUOXIN MICROELECTRONICS L,China,Information Technology,002049,Shenzhen Stock Exchange,,0.02,MCHI,https://www.ishares.com/us/products/239619/ishares-msci-china-etf/1467271812596.ajax?dataType=fund&fileName=MCHI_holdings&fileType=csv,,high
000938.SZ,UNISPLENDOUR CORP LTD A,China,Information Technology,000938,Shenzhen Stock Exchange,,0.02,MCHI,https://www.ishares.com/us/products/239619/ishares-msci-china-etf/1467271812596.ajax?dataType=fund&fileName=MCHI_holdings&fileType=csv,,high
688469.SS,UNITED NOVA TECHNOLOGY LTD A,China,Information Technology,688469,Shanghai Stock Exchange,,0.02,MCHI,https://www.ishares.com/us/products/239619/ishares-msci-china-etf/1467271812596.ajax?dataType=fund&fileName=MCHI_holdings&fileType=csv,,high
601231.SS,UNIVERSAL SCIENTIFIC INDUSTRIAL (S,China,Information Technology,601231,Shanghai Stock Exchange,,0.02,MCHI,https://www.ishares.com/us/products/239619/ishares-msci-china-etf/1467271812596.ajax?dataType=fund&fileName=MCHI_holdings&fileType=csv,,high
688521.SS,VERISILICON MICROELECTRONICS (SHAN,China,Information Technology,688521,Shanghai Stock Exchange,,0.04,MCHI,https://www.ishares.com/us/products/239619/ishares-msci-china-etf/1467271812596.ajax?dataType=fund&fileName=MCHI_holdings&fileType=csv,,high
300476.SZ,VICTORY GIANT TECHNOLOGY HUIZHOU L,China,Information Technology,300476,Shenzhen Stock Exchange,,0.08,MCHI,https://www.ishares.com/us/products/239619/ishares-msci-china-etf/1467271812596.ajax?dataType=fund&fileName=MCHI_holdings&fileType=csv,,high
600745.SS,WINGTECH TECHNOLOGY LTD A,China,Information Technology,600745,Shanghai Stock Exchange,,0.01,MCHI,https://www.ishares.com/us/products/239619/ishares-msci-china-etf/1467271812596.ajax?dataType=fund&fileName=MCHI_holdings&fileType=csv,,high
002414.SZ,WUHAN GUIDE INFRARED LTD A,China,Information Technology,002414,Shenzhen Stock Exchange,,0.02,MCHI,https://www.ishares.com/us/products/239619/ishares-msci-china-etf/1467271812596.ajax?dataType=fund&fileName=MCHI_holdings&fileType=csv,,high
002463.SZ,WUS PRINTED CIRCUIT (KUNSHAN) LTD,China,Information Technology,002463,Shenzhen Stock Exchange,,0.05,MCHI,https://www.ishares.com/us/products/239619/ishares-msci-china-etf/1467271812596.ajax?dataType=fund&fileName=MCHI_holdings&fileType=csv,,high
1810.HK,XIAOMI CORP,China,Information Technology,1810,Hong Kong Exchanges And Clearing Ltd,,2.72,MCHI,https://www.ishares.com/us/products/239619/ishares-msci-china-etf/1467271812596.ajax?dataType=fund&fileName=MCHI_holdings&fileType=csv,,high
688303.SS,XINJIANG DAQO NEW ENERGY LTD A,China,Information Technology,688303,Shanghai Stock Exchange,,0.02,MCHI,https://www.ishares.com/us/products/239619/ishares-msci-china-etf/1467271812596.ajax?dataType=fund&fileName=MCHI_holdings&fileType=csv,,high
0968.HK,XINYI SOLAR HOLDINGS LTD,China,Information Technology,968,Hong Kong Exchanges And Clearing Ltd,,0.07,MCHI,https://www.ishares.com/us/products/239619/ishares-msci-china-etf/1467271812596.ajax?dataType=fund&fileName=MCHI_holdings&fileType=csv,,high
6869.HK,YANGTZE OPTICAL FIBRE AND CABLE JO,China,Information Technology,6869,Hong Kong Exchanges And Clearing Ltd,,0.27,MCHI,https://www.ishares.com/us/products/239619/ishares-msci-china-etf/1467271812596.ajax?dataType=fund&fileName=MCHI_holdings&fileType=csv,,high
300628.SZ,YEALINK NETWORK TECHNOLOGY LTD A,China,Information Technology,300628,Shenzhen Stock Exchange,,0.01,MCHI,https://www.ishares.com/us/products/239619/ishares-msci-china-etf/1467271812596.ajax?dataType=fund&fileName=MCHI_holdings&fileType=csv,,high
688498.SS,YUANJIE SEMICONDUCTOR TECHNOLOGY L,China,Information Technology,688498,Shanghai Stock Exchange,,0.02,MCHI,https://www.ishares.com/us/products/239619/ishares-msci-china-etf/1467271812596.ajax?dataType=fund&fileName=MCHI_holdings&fileType=csv,,high
002236.SZ,ZHEJIANG DAHUA TECHNOLOGY LTD A,China,Information Technology,002236,Shenzhen Stock Exchange,,0.02,MCHI,https://www.ishares.com/us/products/239619/ishares-msci-china-etf/1467271812596.ajax?dataType=fund&fileName=MCHI_holdings&fileType=csv,,high
300316.SZ,ZHEJIANG JINGSHENG MECHANICAL & EL,China,Information Technology,300316,Shenzhen Stock Exchange,,0.02,MCHI,https://www.ishares.com/us/products/239619/ishares-msci-china-etf/1467271812596.ajax?dataType=fund&fileName=MCHI_holdings&fileType=csv,,high
300308.SZ,ZHONGJI INNOLIGHT LTD A,China,Information Technology,300308,Shenzhen Stock Exchange,,0.19,MCHI,https://www.ishares.com/us/products/239619/ishares-msci-china-etf/1467271812596.ajax?dataType=fund&fileName=MCHI_holdings&fileType=csv,,high
000063.SZ,ZTE CORP A,China,Information Technology,000063,Shenzhen Stock Exchange,,0.05,MCHI,https://www.ishares.com/us/products/239619/ishares-msci-china-etf/1467271812596.ajax?dataType=fund&fileName=MCHI_holdings&fileType=csv,,high
0763.HK,ZTE CORP H,China,Information Technology,763,Hong Kong Exchanges And Clearing Ltd,,0.09,MCHI,https://www.ishares.com/us/products/239619/ishares-msci-china-etf/1467271812596.ajax?dataType=fund&fileName=MCHI_holdings&fileType=csv,,high
2600.HK,ALUMINUM CORPORATION OF CHINA LTD,China,Materials,2600,Hong Kong Exchanges And Clearing Ltd,,0.24,MCHI,https://www.ishares.com/us/products/239619/ishares-msci-china-etf/1467271812596.ajax?dataType=fund&fileName=MCHI_holdings&fileType=csv,,high
601600.SS,ALUMINUM CORPORATION OF CHINA LTD,China,Materials,601600,Shanghai Stock Exchange,,0.06,MCHI,https://www.ishares.com/us/products/239619/ishares-msci-china-etf/1467271812596.ajax?dataType=fund&fileName=MCHI_holdings&fileType=csv,,high
600585.SS,ANHUI CONCH CEMENT LTD A,China,Materials,600585,Shanghai Stock Exchange,,0.03,MCHI,https://www.ishares.com/us/products/239619/ishares-msci-china-etf/1467271812596.ajax?dataType=fund&fileName=MCHI_holdings&fileType=csv,,high
0914.HK,ANHUI CONCH CEMENT LTD H,China,Materials,914,Hong Kong Exchanges And Clearing Ltd,,0.13,MCHI,https://www.ishares.com/us/products/239619/ishares-msci-china-etf/1467271812596.ajax?dataType=fund&fileName=MCHI_holdings&fileType=csv,,high
601212.SS,BAIYIN NONFERROUS GROUP LTD A,China,Materials,601212,Shanghai Stock Exchange,,0.02,MCHI,https://www.ishares.com/us/products/239619/ishares-msci-china-etf/1467271812596.ajax?dataType=fund&fileName=MCHI_holdings&fileType=csv,,high
600019.SS,BAOSHAN IRON & STEEL LTD A,China,Materials,600019,Shanghai Stock Exchange,,0.05,MCHI,https://www.ishares.com/us/products/239619/ishares-msci-china-etf/1467271812596.ajax?dataType=fund&fileName=MCHI_holdings&fileType=csv,,high
600711.SS,CHENGTUN MINING GROUP LTD A,China,Materials,600711,Shanghai Stock Exchange,,0.01,MCHI,https://www.ishares.com/us/products/239619/ishares-msci-china-etf/1467271812596.ajax?dataType=fund&fileName=MCHI_holdings&fileType=csv,,high
600988.SS,CHIFENG JILONG GOLD MINING LTD A,China,Materials,600988,Shanghai Stock Exchange,,0.02,MCHI,https://www.ishares.com/us/products/239619/ishares-msci-china-etf/1467271812596.ajax?dataType=fund&fileName=MCHI_holdings&fileType=csv,,high
2099.HK,CHINA GOLD INTERNATIONAL RESOURCES,China,Materials,2099,Hong Kong Exchanges And Clearing Ltd,,0.2,MCHI,https://www.ishares.com/us/products/239619/ishares-msci-china-etf/1467271812596.ajax?dataType=fund&fileName=MCHI_holdings&fileType=csv,,high
1378.HK,CHINA HONGQIAO GROUP LTD,China,Materials,1378,Hong Kong Exchanges And Clearing Ltd,,0.51,MCHI,https://www.ishares.com/us/products/239619/ishares-msci-china-etf/1467271812596.ajax?dataType=fund&fileName=MCHI_holdings&fileType=csv,,high
600176.SS,CHINA JUSHI LTD A,China,Materials,600176,Shanghai Stock Exchange,,0.03,MCHI,https://www.ishares.com/us/products/239619/ishares-msci-china-etf/1467271812596.ajax?dataType=fund&fileName=MCHI_holdings&fileType=csv,,high
603993.SS,CHINA MOLYBDENUM LTD A,China,Materials,603993,Shanghai Stock Exchange,,0.11,MCHI,https://www.ishares.com/us/products/239619/ishares-msci-china-etf/1467271812596.ajax?dataType=fund&fileName=MCHI_holdings&fileType=csv,,high
3323.HK,CHINA NATIONAL BUILDING MATERIAL L,China,Materials,3323,Hong Kong Exchanges And Clearing Ltd,,0.1,MCHI,https://www.ishares.com/us/products/239619/ishares-msci-china-etf/1467271812596.ajax?dataType=fund&fileName=MCHI_holdings&fileType=csv,,high
1258.HK,CHINA NONFERROUS MINING CORPORATIO,China,Materials,1258,Hong Kong Exchanges And Clearing Ltd,,0.08,MCHI,https://www.ishares.com/us/products/239619/ishares-msci-china-etf/1467271812596.ajax?dataType=fund&fileName=MCHI_holdings&fileType=csv,,high
600111.SS,CHINA NORTHERN RARE EARTH (GROUP),China,Materials,600111,Shanghai Stock Exchange,,0.06,MCHI,https://www.ishares.com/us/products/239619/ishares-msci-china-etf/1467271812596.ajax?dataType=fund&fileName=MCHI_holdings&fileType=csv,,high
000831.SZ,CHINA RARE EARTH RESOURCES AND TEC,China,Materials,000831,Shenzhen Stock Exchange,,0.02,MCHI,https://www.ishares.com/us/products/239619/ishares-msci-china-etf/1467271812596.ajax?dataType=fund&fileName=MCHI_holdings&fileType=csv,,high
000657.SZ,CHINA TUNGSTEN AND HIGHTECH MATERI,China,Materials,000657,Shenzhen Stock Exchange,,0.05,MCHI,https://www.ishares.com/us/products/239619/ishares-msci-china-etf/1467271812596.ajax?dataType=fund&fileName=MCHI_holdings&fileType=csv,,high
000708.SZ,CITIC PACIFIC SPECIAL STEEL GROUP,China,Materials,000708,Shenzhen Stock Exchange,,0.02,MCHI,https://www.ishares.com/us/products/239619/ishares-msci-china-etf/1467271812596.ajax?dataType=fund&fileName=MCHI_holdings&fileType=csv,,high
3993.HK,CMOC GROUP LTD,China,Materials,3993,Hong Kong Exchanges And Clearing Ltd,,0.36,MCHI,https://www.ishares.com/us/products/239619/ishares-msci-china-etf/1467271812596.ajax?dataType=fund&fileName=MCHI_holdings&fileType=csv,,high
002460.SZ,GANFENG LITHIUM GROUP LTD A,China,Materials,002460,Shenzhen Stock Exchange,,0.04,MCHI,https://www.ishares.com/us/products/239619/ishares-msci-china-etf/1467271812596.ajax?dataType=fund&fileName=MCHI_holdings&fileType=csv,,high
1772.HK,GANFENG LITHIUM LTD H,China,Materials,1772,Hong Kong Exchanges And Clearing Ltd,,0.14,MCHI,https://www.ishares.com/us/products/239619/ishares-msci-china-etf/1467271812596.ajax?dataType=fund&fileName=MCHI_holdings&fileType=csv,,high
600673.SS,GUANGDONG HEC TECHNOLOGY HOLDING L,China,Materials,600673,Shanghai Stock Exchange,,0.04,MCHI,https://www.ishares.com/us/products/239619/ishares-msci-china-etf/1467271812596.ajax?dataType=fund&fileName=MCHI_holdings&fileType=csv,,high
002709.SZ,GUANGZHOU TINCI MATERIALS TECHNOLO,China,Materials,002709,Shenzhen Stock Exchange,,0.03,MCHI,https://www.ishares.com/us/products/239619/ishares-msci-china-etf/1467271812596.ajax?dataType=fund&fileName=MCHI_holdings&fileType=csv,,high
000933.SZ,HENAN SHENHUO COAL & POWER LTD A,China,Materials,000933,Shenzhen Stock Exchange,,0.03,MCHI,https://www.ishares.com/us/products/239619/ishares-msci-china-etf/1467271812596.ajax?dataType=fund&fileName=MCHI_holdings&fileType=csv,,high
600346.SS,HENGLI PETROCHEMICAL LTD A,China,Materials,600346,Shanghai Stock Exchange,,0.05,MCHI,https://www.ishares.com/us/products/239619/ishares-msci-china-etf/1467271812596.ajax?dataType=fund&fileName=MCHI_holdings&fileType=csv,,high
603260.SS,HOSHINE SILICON INDUSTRY LTD A,China,Materials,603260,Shanghai Stock Exchange,,0.02,MCHI,https://www.ishares.com/us/products/239619/ishares-msci-china-etf/1467271812596.ajax?dataType=fund&fileName=MCHI_holdings&fileType=csv,,high
002064.SZ,HUAFON CHEMICAL LTD A,China,Materials,002064,Shenzhen Stock Exchange,,0.02,MCHI,https://www.ishares.com/us/products/239619/ishares-msci-china-etf/1467271812596.ajax?dataType=fund&fileName=MCHI_holdings&fileType=csv,,high
000932.SZ,HUNAN VALIN STEEL LTD A,China,Materials,000932,Shenzhen Stock Exchange,,0.01,MCHI,https://www.ishares.com/us/products/239619/ishares-msci-china-etf/1467271812596.ajax?dataType=fund&fileName=MCHI_holdings&fileType=csv,,high
600010.SS,INNER MONGOLIA BAOTOU STEEL UNION,China,Materials,600010,Shanghai Stock Exchange,,0.04,MCHI,https://www.ishares.com/us/products/239619/ishares-msci-china-etf/1467271812596.ajax?dataType=fund&fileName=MCHI_holdings&fileType=csv,,high
601216.SS,INNER MONGOLIA JUNZHENG ENERGY & C,China,Materials,601216,Shanghai Stock Exchange,,0.02,MCHI,https://www.ishares.com/us/products/239619/ishares-msci-china-etf/1467271812596.ajax?dataType=fund&fileName=MCHI_holdings&fileType=csv,,high
000426.SZ,INNER MONGOLIA XINGYE SILVER&TIN M,China,Materials,000426,Shenzhen Stock Exchange,,0.03,MCHI,https://www.ishares.com/us/products/239619/ishares-msci-china-etf/1467271812596.ajax?dataType=fund&fileName=MCHI_holdings&fileType=csv,,high
000301.SZ,JIANGSU EASTERN SHENGHONG LTD A,China,Materials,000301,Shenzhen Stock Exchange,,0.03,MCHI,https://www.ishares.com/us/products/239619/ishares-msci-china-etf/1467271812596.ajax?dataType=fund&fileName=MCHI_holdings&fileType=csv,,high
600362.SS,JIANGXI COPPER LTD A,China,Materials,600362,Shanghai Stock Exchange,,0.03,MCHI,https://www.ishares.com/us/products/239619/ishares-msci-china-etf/1467271812596.ajax?dataType=fund&fileName=MCHI_holdings&fileType=csv,,high
0358.HK,JIANGXI COPPER LTD H,China,Materials,358,Hong Kong Exchanges And Clearing Ltd,,0.2,MCHI,https://www.ishares.com/us/products/239619/ishares-msci-china-etf/1467271812596.ajax?dataType=fund&fileName=MCHI_holdings&fileType=csv,,high
601958.SS,JINDUICHENG MOLYBDENUM LTD A,China,Materials,601958,Shanghai Stock Exchange,,0.02,MCHI,https://www.ishares.com/us/products/239619/ishares-msci-china-etf/1467271812596.ajax?dataType=fund&fileName=MCHI_holdings&fileType=csv,,high
600143.SS,KINGFA SCI&TECH LTD A,China,Materials,600143,Shanghai Stock Exchange,,0.02,MCHI,https://www.ishares.com/us/products/239619/ishares-msci-china-etf/1467271812596.ajax?dataType=fund&fileName=MCHI_holdings&fileType=csv,,high
002601.SZ,LB GROUP LTD A,China,Materials,002601,Shenzhen Stock Exchange,,0.02,MCHI,https://www.ishares.com/us/products/239619/ishares-msci-china-etf/1467271812596.ajax?dataType=fund&fileName=MCHI_holdings&fileType=csv,,high
1208.HK,MMG LTD,China,Materials,1208,Hong Kong Exchanges And Clearing Ltd,,0.18,MCHI,https://www.ishares.com/us/products/239619/ishares-msci-china-etf/1467271812596.ajax?dataType=fund&fileName=MCHI_holdings&fileType=csv,,high
600989.SS,NINGXIA BAOFENG ENERGY GROUP LTD A,China,Materials,600989,Shanghai Stock Exchange,,0.07,MCHI,https://www.ishares.com/us/products/239619/ishares-msci-china-etf/1467271812596.ajax?dataType=fund&fileName=MCHI_holdings&fileType=csv,,high
000792.SZ,QINGHAI SALT LAKE INDUSTRY LTD A,China,Materials,000792,Shenzhen Stock Exchange,,0.06,MCHI,https://www.ishares.com/us/products/239619/ishares-msci-china-etf/1467271812596.ajax?dataType=fund&fileName=MCHI_holdings&fileType=csv,,high
002493.SZ,RONGSHENG PETRO CHEMICAL LTD A,China,Materials,002493,Shenzhen Stock Exchange,,0.04,MCHI,https://www.ishares.com/us/products/239619/ishares-msci-china-etf/1467271812596.ajax?dataType=fund&fileName=MCHI_holdings&fileType=csv,,high
002648.SZ,SATELLITE CHEMICAL LTD A,China,Materials,002648,Shenzhen Stock Exchange,,0.03,MCHI,https://www.ishares.com/us/products/239619/ishares-msci-china-etf/1467271812596.ajax?dataType=fund&fileName=MCHI_holdings&fileType=csv,,high
1787.HK,SHANDONG GOLD MINING LTD H,China,Materials,1787,Hong Kong Exchanges And Clearing Ltd,,0.18,MCHI,https://www.ishares.com/us/products/239619/ishares-msci-china-etf/1467271812596.ajax?dataType=fund&fileName=MCHI_holdings&fileType=csv,,high
600547.SS,SHANDONG GOLD-MINING LTD A,China,Materials,600547,Shanghai Stock Exchange,,0.05,MCHI,https://www.ishares.com/us/products/239619/ishares-msci-china-etf/1467271812596.ajax?dataType=fund&fileName=MCHI_holdings&fileType=csv,,high
002379.SZ,SHANDONG HONGQIAO ALUMINUM INDUSTR,China,Materials,002379,Shenzhen Stock Exchange,,0.03,MCHI,https://www.ishares.com/us/products/239619/ishares-msci-china-etf/1467271812596.ajax?dataType=fund&fileName=MCHI_holdings&fileType=csv,,high
600426.SS,SHANDONG HUALU-HENGSHENG CHEMICAL,China,Materials,600426,Shanghai Stock Exchange,,0.03,MCHI,https://www.ishares.com/us/products/239619/ishares-msci-china-etf/1467271812596.ajax?dataType=fund&fileName=MCHI_holdings&fileType=csv,,high
600219.SS,SHANDONG NANSHAN ALUMINIUM LTD A,China,Materials,600219,Shanghai Stock Exchange,,0.03,MCHI,https://www.ishares.com/us/products/239619/ishares-msci-china-etf/1467271812596.ajax?dataType=fund&fileName=MCHI_holdings&fileType=csv,,high
002078.SZ,SHANDONG SUNPAPER LTD A,China,Materials,002078,Shenzhen Stock Exchange,,0.01,MCHI,https://www.ishares.com/us/products/239619/ishares-msci-china-etf/1467271812596.ajax?dataType=fund&fileName=MCHI_holdings&fileType=csv,,high
603659.SS,SHANGHAI PUTAILAI NEW ENERGY TECHN,China,Materials,603659,Shanghai Stock Exchange,,0.02,MCHI,https://www.ishares.com/us/products/239619/ishares-msci-china-etf/1467271812596.ajax?dataType=fund&fileName=MCHI_holdings&fileType=csv,,high
000975.SZ,SHANJIN INTERNATIONAL GOLD LTD A,China,Materials,000975,Shenzhen Stock Exchange,,0.03,MCHI,https://www.ishares.com/us/products/239619/ishares-msci-china-etf/1467271812596.ajax?dataType=fund&fileName=MCHI_holdings&fileType=csv,,high
002080.SZ,SINOMA SCIENCE & TECHNOLOGY LTD A,China,Materials,002080,Shenzhen Stock Exchange,,0.02,MCHI,https://www.ishares.com/us/products/239619/ishares-msci-china-etf/1467271812596.ajax?dataType=fund&fileName=MCHI_holdings&fileType=csv,,high
002738.SZ,SINOMINE RESOURCE GROUP LTD A,China,Materials,002738,Shenzhen Stock Exchange,,0.02,MCHI,https://www.ishares.com/us/products/239619/ishares-msci-china-etf/1467271812596.ajax?dataType=fund&fileName=MCHI_holdings&fileType=csv,,high
002466.SZ,TIANQI LITHIUM INDUSTRIES CORP A,China,Materials,002466,Shenzhen Stock Exchange,,0.02,MCHI,https://www.ishares.com/us/products/239619/ishares-msci-china-etf/1467271812596.ajax?dataType=fund&fileName=MCHI_holdings&fileType=csv,,high
002532.SZ,TIANSHAN ALUMINUM GROUP LTD A,China,Materials,002532,Shenzhen Stock Exchange,,0.03,MCHI,https://www.ishares.com/us/products/239619/ishares-msci-china-etf/1467271812596.ajax?dataType=fund&fileName=MCHI_holdings&fileType=csv,,high
000630.SZ,TONGLING NONFERROUS METALS GROUP L,China,Materials,000630,Shenzhen Stock Exchange,,0.03,MCHI,https://www.ishares.com/us/products/239619/ishares-msci-china-etf/1467271812596.ajax?dataType=fund&fileName=MCHI_holdings&fileType=csv,,high
600309.SS,WANHUA CHEMICAL GROUP LTD A,China,Materials,600309,Shanghai Stock Exchange,,0.09,MCHI,https://www.ishares.com/us/products/239619/ishares-msci-china-etf/1467271812596.ajax?dataType=fund&fileName=MCHI_holdings&fileType=csv,,high
601168.SS,WESTERN MINING LTD A,China,Materials,601168,Shanghai Stock Exchange,,0.02,MCHI,https://www.ishares.com/us/products/239619/ishares-msci-china-etf/1467271812596.ajax?dataType=fund&fileName=MCHI_holdings&fileType=csv,,high
688122.SS,WESTERN SUPERCONDUCTING TECHNOLOGI,China,Materials,688122,Shanghai Stock Exchange,,0.02,MCHI,https://www.ishares.com/us/products/239619/ishares-msci-china-etf/1467271812596.ajax?dataType=fund&fileName=MCHI_holdings&fileType=csv,,high
600549.SS,XIAMEN TUNGSTEN LTD A,China,Materials,600549,Shanghai Stock Exchange,,0.04,MCHI,https://www.ishares.com/us/products/239619/ishares-msci-china-etf/1467271812596.ajax?dataType=fund&fileName=MCHI_holdings&fileType=csv,,high
000807.SZ,YUNNAN ALUMINIUM LTD A,China,Materials,000807,Shenzhen Stock Exchange,,0.04,MCHI,https://www.ishares.com/us/products/239619/ishares-msci-china-etf/1467271812596.ajax?dataType=fund&fileName=MCHI_holdings&fileType=csv,,high
002812.SZ,YUNNAN ENERGY NEW MATERIAL (GROUP),China,Materials,002812,Shenzhen Stock Exchange,,0.02,MCHI,https://www.ishares.com/us/products/239619/ishares-msci-china-etf/1467271812596.ajax?dataType=fund&fileName=MCHI_holdings&fileType=csv,,high
000960.SZ,YUNNAN TIN LTD A,China,Materials,000960,Shenzhen Stock Exchange,,0.02,MCHI,https://www.ishares.com/us/products/239619/ishares-msci-china-etf/1467271812596.ajax?dataType=fund&fileName=MCHI_holdings&fileType=csv,,high
600096.SS,YUNNAN YUNTIANHUA LTD A,China,Materials,600096,Shanghai Stock Exchange,,0.02,MCHI,https://www.ishares.com/us/products/239619/ishares-msci-china-etf/1467271812596.ajax?dataType=fund&fileName=MCHI_holdings&fileType=csv,,high
000408.SZ,ZANGGE MINING LTD A,China,Materials,000408,Shenzhen Stock Exchange,,0.04,MCHI,https://www.ishares.com/us/products/239619/ishares-msci-china-etf/1467271812596.ajax?dataType=fund&fileName=MCHI_holdings&fileType=csv,,high
1818.HK,ZHAOJIN MINING INDUSTRY LTD H,China,Materials,1818,Hong Kong Exchanges And Clearing Ltd,,0.26,MCHI,https://www.ishares.com/us/products/239619/ishares-msci-china-etf/1467271812596.ajax?dataType=fund&fileName=MCHI_holdings&fileType=csv,,high
600160.SS,ZHEJIANG JU HUA LTD A,China,Materials,600160,Shanghai Stock Exchange,,0.04,MCHI,https://www.ishares.com/us/products/239619/ishares-msci-china-etf/1467271812596.ajax?dataType=fund&fileName=MCHI_holdings&fileType=csv,,high
600352.SS,ZHEJIANG LONGSHENG GROUP LTD A,China,Materials,600352,Shanghai Stock Exchange,,0.02,MCHI,https://www.ishares.com/us/products/239619/ishares-msci-china-etf/1467271812596.ajax?dataType=fund&fileName=MCHI_holdings&fileType=csv,,high
002001.SZ,ZHEJIANG NHU LTD A,China,Materials,002001,Shenzhen Stock Exchange,,0.04,MCHI,https://www.ishares.com/us/products/239619/ishares-msci-china-etf/1467271812596.ajax?dataType=fund&fileName=MCHI_holdings&fileType=csv,,high
600489.SS,ZHONGJIN GOLD CORP LTD A,China,Materials,600489,Shanghai Stock Exchange,,0.05,MCHI,https://www.ishares.com/us/products/239619/ishares-msci-china-etf/1467271812596.ajax?dataType=fund&fileName=MCHI_holdings&fileType=csv,,high
2259.HK,ZIJIN GOLD INTERNATIONAL LTD,China,Materials,2259,Hong Kong Exchanges And Clearing Ltd,,0.21,MCHI,https://www.ishares.com/us/products/239619/ishares-msci-china-etf/1467271812596.ajax?dataType=fund&fileName=MCHI_holdings&fileType=csv,,high
601899.SS,ZIJIN MINING GROUP LTD A,China,Materials,601899,Shanghai Stock Exchange,,0.23,MCHI,https://www.ishares.com/us/products/239619/ishares-msci-china-etf/1467271812596.ajax?dataType=fund&fileName=MCHI_holdings&fileType=csv,,high
2899.HK,ZIJIN MINING GROUP LTD H,China,Materials,2899,Hong Kong Exchanges And Clearing Ltd,,1.11,MCHI,https://www.ishares.com/us/products/239619/ishares-msci-china-etf/1467271812596.ajax?dataType=fund&fileName=MCHI_holdings&fileType=csv,,high
1908.HK,C D INTERNATIONAL INVESTMENT GROUP,China,Real Estate,1908,Hong Kong Exchanges And Clearing Ltd,,0.06,MCHI,https://www.ishares.com/us/products/239619/ishares-msci-china-etf/1467271812596.ajax?dataType=fund&fileName=MCHI_holdings&fileType=csv,,high
001979.SZ,CHINA MERCHANTS SHEKOU INDUSTRIAL,China,Real Estate,001979,Shenzhen Stock Exchange,,0.03,MCHI,https://www.ishares.com/us/products/239619/ishares-msci-china-etf/1467271812596.ajax?dataType=fund&fileName=MCHI_holdings&fileType=csv,,high
0688.HK,CHINA OVERSEAS LAND INVESTMENT LTD,China,Real Estate,688,Hong Kong Exchanges And Clearing Ltd,,0.24,MCHI,https://www.ishares.com/us/products/239619/ishares-msci-china-etf/1467271812596.ajax?dataType=fund&fileName=MCHI_holdings&fileType=csv,,high
1109.HK,CHINA RESOURCES LAND LTD,China,Real Estate,1109,Hong Kong Exchanges And Clearing Ltd,,0.47,MCHI,https://www.ishares.com/us/products/239619/ishares-msci-china-etf/1467271812596.ajax?dataType=fund&fileName=MCHI_holdings&fileType=csv,,high
1209.HK,CHINA RESOURCES MIXC LIFESTYLE SER,China,Real Estate,1209,Hong Kong Exchanges And Clearing Ltd,,0.15,MCHI,https://www.ishares.com/us/products/239619/ishares-msci-china-etf/1467271812596.ajax?dataType=fund&fileName=MCHI_holdings&fileType=csv,,high
000002.SZ,CHINA VANKE LTD A,China,Real Estate,000002,Shenzhen Stock Exchange,,0.01,MCHI,https://www.ishares.com/us/products/239619/ishares-msci-china-etf/1467271812596.ajax?dataType=fund&fileName=MCHI_holdings&fileType=csv,,high
600515.SS,HAINAN AIRPORT INFRASTRUCTURE LTD,China,Real Estate,600515,Shanghai Stock Exchange,,0.01,MCHI,https://www.ishares.com/us/products/239619/ishares-msci-china-etf/1467271812596.ajax?dataType=fund&fileName=MCHI_holdings&fileType=csv,,high
2423.HK,KE HOLDINGS INC,China,Real Estate,2423,Hong Kong Exchanges And Clearing Ltd,,0.41,MCHI,https://www.ishares.com/us/products/239619/ishares-msci-china-etf/1467271812596.ajax?dataType=fund&fileName=MCHI_holdings&fileType=csv,,high
0960.HK,LONGFOR GROUP HOLDINGS LTD,China,Real Estate,960,Hong Kong Exchanges And Clearing Ltd,,0.09,MCHI,https://www.ishares.com/us/products/239619/ishares-msci-china-etf/1467271812596.ajax?dataType=fund&fileName=MCHI_holdings&fileType=csv,,high
600048.SS,POLY DEVELOPMENTS AND HOLDINGS GRO,China,Real Estate,600048,Shanghai Stock Exchange,,0.02,MCHI,https://www.ishares.com/us/products/239619/ishares-msci-china-etf/1467271812596.ajax?dataType=fund&fileName=MCHI_holdings&fileType=csv,,high
600895.SS,SHANGHAI ZHANGJIANG HI-TECH PARK D,China,Real Estate,600895,Shanghai Stock Exchange,,0.02,MCHI,https://www.ishares.com/us/products/239619/ishares-msci-china-etf/1467271812596.ajax?dataType=fund&fileName=MCHI_holdings&fileType=csv,,high
0392.HK,BEIJING ENTERPRISES HOLDINGS LTD,China,Utilities,392,Hong Kong Exchanges And Clearing Ltd,,0.08,MCHI,https://www.ishares.com/us/products/239619/ishares-msci-china-etf/1467271812596.ajax?dataType=fund&fileName=MCHI_holdings&fileType=csv,,high
1816.HK,CGN POWER LTD H,China,Utilities,1816,Hong Kong Exchanges And Clearing Ltd,,0.16,MCHI,https://www.ishares.com/us/products/239619/ishares-msci-china-etf/1467271812596.ajax?dataType=fund&fileName=MCHI_holdings&fileType=csv,,high
0384.HK,CHINA GAS HOLDINGS LTD,China,Utilities,384,Hong Kong Exchanges And Clearing Ltd,,0.1,MCHI,https://www.ishares.com/us/products/239619/ishares-msci-china-etf/1467271812596.ajax?dataType=fund&fileName=MCHI_holdings&fileType=csv,,high
0916.HK,CHINA LONGYUAN POWER GROUP CORP LT,China,Utilities,916,Hong Kong Exchanges And Clearing Ltd,,0.09,MCHI,https://www.ishares.com/us/products/239619/ishares-msci-china-etf/1467271812596.ajax?dataType=fund&fileName=MCHI_holdings&fileType=csv,,high
601985.SS,CHINA NATIONAL NUCLEAR POWER LTD A,China,Utilities,601985,Shanghai Stock Exchange,,0.06,MCHI,https://www.ishares.com/us/products/239619/ishares-msci-china-etf/1467271812596.ajax?dataType=fund&fileName=MCHI_holdings&fileType=csv,,high
2380.HK,CHINA POWER INTERNATIONAL DEVELOPM,China,Utilities,2380,Hong Kong Exchanges And Clearing Ltd,,0.06,MCHI,https://www.ishares.com/us/products/239619/ishares-msci-china-etf/1467271812596.ajax?dataType=fund&fileName=MCHI_holdings&fileType=csv,,high
1193.HK,CHINA RESOURCES GAS GROUP LTD,China,Utilities,1193,Hong Kong Exchanges And Clearing Ltd,,0.09,MCHI,https://www.ishares.com/us/products/239619/ishares-msci-china-etf/1467271812596.ajax?dataType=fund&fileName=MCHI_holdings&fileType=csv,,high
0836.HK,CHINA RESOURCES POWER LTD,China,Utilities,836,Hong Kong Exchanges And Clearing Ltd,,0.18,MCHI,https://www.ishares.com/us/products/239619/ishares-msci-china-etf/1467271812596.ajax?dataType=fund&fileName=MCHI_holdings&fileType=csv,,high
600905.SS,CHINA THREE GORGES RENEWABLES(GROU,China,Utilities,600905,Shanghai Stock Exchange,,0.04,MCHI,https://www.ishares.com/us/products/239619/ishares-msci-china-etf/1467271812596.ajax?dataType=fund&fileName=MCHI_holdings&fileType=csv,,high
600900.SS,CHINA YANGTZE POWER LTD A,China,Utilities,600900,Shanghai Stock Exchange,,0.21,MCHI,https://www.ishares.com/us/products/239619/ishares-msci-china-etf/1467271812596.ajax?dataType=fund&fileName=MCHI_holdings&fileType=csv,,high
601991.SS,DATANG INTERNATIONAL POWER GENERAT,China,Utilities,601991,Shanghai Stock Exchange,,0.02,MCHI,https://www.ishares.com/us/products/239619/ishares-msci-china-etf/1467271812596.ajax?dataType=fund&fileName=MCHI_holdings&fileType=csv,,high
2688.HK,ENN ENERGY HOLDINGS LTD,China,Utilities,2688,Hong Kong Exchanges And Clearing Ltd,,0.25,MCHI,https://www.ishares.com/us/products/239619/ishares-msci-china-etf/1467271812596.ajax?dataType=fund&fileName=MCHI_holdings&fileType=csv,,high
600803.SS,ENN NATURAL GAS LTD A,China,Utilities,600803,Shanghai Stock Exchange,,0.02,MCHI,https://www.ishares.com/us/products/239619/ishares-msci-china-etf/1467271812596.ajax?dataType=fund&fileName=MCHI_holdings&fileType=csv,,high
600795.SS,GD POWER DEVELOPMENT LTD A,China,Utilities,600795,Shanghai Stock Exchange,,0.03,MCHI,https://www.ishares.com/us/products/239619/ishares-msci-china-etf/1467271812596.ajax?dataType=fund&fileName=MCHI_holdings&fileType=csv,,high
0270.HK,GUANGDONG INVESTMENT LTD,China,Utilities,270,Hong Kong Exchanges And Clearing Ltd,,0.1,MCHI,https://www.ishares.com/us/products/239619/ishares-msci-china-etf/1467271812596.ajax?dataType=fund&fileName=MCHI_holdings&fileType=csv,,high
600027.SS,HUADIAN POWER INTERNATIONAL CORP L,China,Utilities,600027,Shanghai Stock Exchange,,0.02,MCHI,https://www.ishares.com/us/products/239619/ishares-msci-china-etf/1467271812596.ajax?dataType=fund&fileName=MCHI_holdings&fileType=csv,,high
600011.SS,HUANENG POWER INTERNATIONAL INC A,China,Utilities,600011,Shanghai Stock Exchange,,0.02,MCHI,https://www.ishares.com/us/products/239619/ishares-msci-china-etf/1467271812596.ajax?dataType=fund&fileName=MCHI_holdings&fileType=csv,,high
0902.HK,HUANENG POWER INTERNATIONAL INC H,China,Utilities,902,Hong Kong Exchanges And Clearing Ltd,,0.12,MCHI,https://www.ishares.com/us/products/239619/ishares-msci-china-etf/1467271812596.ajax?dataType=fund&fileName=MCHI_holdings&fileType=csv,,high
0135.HK,KUNLUN ENERGY LTD,China,Utilities,135,Hong Kong Exchanges And Clearing Ltd,,0.15,MCHI,https://www.ishares.com/us/products/239619/ishares-msci-china-etf/1467271812596.ajax?dataType=fund&fileName=MCHI_holdings&fileType=csv,,high
600886.SS,SDIC POWER HOLDINGS LTD A,China,Utilities,600886,Shanghai Stock Exchange,,0.04,MCHI,https://www.ishares.com/us/products/239619/ishares-msci-china-etf/1467271812596.ajax?dataType=fund&fileName=MCHI_holdings&fileType=csv,,high
600021.SS,SHANGHAI ELECTRIC POWER LTD A,China,Utilities,600021,Shanghai Stock Exchange,,0.02,MCHI,https://www.ishares.com/us/products/239619/ishares-msci-china-etf/1467271812596.ajax?dataType=fund&fileName=MCHI_holdings&fileType=csv,,high
600642.SS,SHENERGY LTD A,China,Utilities,600642,Shanghai Stock Exchange,,0.01,MCHI,https://www.ishares.com/us/products/239619/ishares-msci-china-etf/1467271812596.ajax?dataType=fund&fileName=MCHI_holdings&fileType=csv,,high
600674.SS,SICHUAN CHUANTOU ENERGY LTD A,China,Utilities,600674,Shanghai Stock Exchange,,0.03,MCHI,https://www.ishares.com/us/products/239619/ishares-msci-china-etf/1467271812596.ajax?dataType=fund&fileName=MCHI_holdings&fileType=csv,,high
600157.SS,WINTIME ENERGY GROUP LTD A,China,Utilities,600157,Shanghai Stock Exchange,,0.01,MCHI,https://www.ishares.com/us/products/239619/ishares-msci-china-etf/1467271812596.ajax?dataType=fund&fileName=MCHI_holdings&fileType=csv,,high
600023.SS,ZHEJIANG ZHENENG ELECTRIC POWER LT,China,Utilities,600023,Shanghai Stock Exchange,,0.02,MCHI,https://www.ishares.com/us/products/239619/ishares-msci-china-etf/1467271812596.ajax?dataType=fund&fileName=MCHI_holdings&fileType=csv,,high
