Ticker,Company,Country,Sector,RawTicker,Exchange,ISIN,WeightPct,SourceFund,SourceURL,SourceAsOf,MappingConfidence
2330.TW,TAIWAN SEMICONDUCTOR MANUFACTURING,Taiwan,IT,2330,Taiwan Stock Exchange,,15.1568,MSCI_EM,https://www.ishares.com/de/privatanleger/de/produkte/251858/ishares-msci-emerging-markets-ucits-etf-acc-fund/1535604580385.ajax?fileType=xls&fileName=iShares-MSCI-EM-UCITS-ETF-USD-Acc_fund&dataType=fund,10.Sept.2026,high
005930.KS,SAMSUNG ELECTRONICS LTD,Korea,IT,005930,Korea Exchange (Stock Market),,7.44613,MSCI_EM,https://www.ishares.com/de/privatanleger/de/produkte/251858/ishares-msci-emerging-markets-ucits-etf-acc-fund/1535604580385.ajax?fileType=xls&fileName=iShares-MSCI-EM-UCITS-ETF-USD-Acc_fund&dataType=fund,10.Sept.2026,high
000660.KS,SK HYNIX,Korea,IT,000660,Korea Exchange (Stock Market),,6.06696,MSCI_EM,https://www.ishares.com/de/privatanleger/de/produkte/251858/ishares-msci-emerging-markets-ucits-etf-acc-fund/1535604580385.ajax?fileType=xls&fileName=iShares-MSCI-EM-UCITS-ETF-USD-Acc_fund&dataType=fund,10.Sept.2026,high
0700.HK,TENCENT HOLDINGS,China,Kommunikation,700,Hong Kong Exchanges And Clearing Ltd,,2.6425,MSCI_EM,https://www.ishares.com/de/privatanleger/de/produkte/251858/ishares-msci-emerging-markets-ucits-etf-acc-fund/1535604580385.ajax?fileType=xls&fileName=iShares-MSCI-EM-UCITS-ETF-USD-Acc_fund&dataType=fund,10.Sept.2026,high
4BRZ.DE,ISHARES MSCI BRAZIL UCITS ET USDHA,Deutschland,Finanzwesen,4BRZ,Xetra,,2.00603,MSCI_EM,https://www.ishares.com/de/privatanleger/de/produkte/251858/ishares-msci-emerging-markets-ucits-etf-acc-fund/1535604580385.ajax?fileType=xls&fileName=iShares-MSCI-EM-UCITS-ETF-USD-Acc_fund&dataType=fund,10.Sept.2026,high
9988.HK,ALIBABA GROUP HOLDING,China,Zyklische Konsumgüter,9988,Hong Kong Exchanges And Clearing Ltd,,1.81305,MSCI_EM,https://www.ishares.com/de/privatanleger/de/produkte/251858/ishares-msci-emerging-markets-ucits-etf-acc-fund/1535604580385.ajax?fileType=xls&fileName=iShares-MSCI-EM-UCITS-ETF-USD-Acc_fund&dataType=fund,10.Sept.2026,high
2454.TW,MEDIATEK,Taiwan,IT,2454,Taiwan Stock Exchange,,1.71569,MSCI_EM,https://www.ishares.com/de/privatanleger/de/produkte/251858/ishares-msci-emerging-markets-ucits-etf-acc-fund/1535604580385.ajax?fileType=xls&fileName=iShares-MSCI-EM-UCITS-ETF-USD-Acc_fund&dataType=fund,10.Sept.2026,high
005935.KS,SAMSUNG ELECTRONICS NON VOTING PRE,Korea,IT,005935,Korea Exchange (Stock Market),,0.95648,MSCI_EM,https://www.ishares.com/de/privatanleger/de/produkte/251858/ishares-msci-emerging-markets-ucits-etf-acc-fund/1535604580385.ajax?fileType=xls&fileName=iShares-MSCI-EM-UCITS-ETF-USD-Acc_fund&dataType=fund,10.Sept.2026,high
0939.HK,CHINA CONSTRUCTION BANK CORP H,China,Finanzwesen,939,Hong Kong Exchanges And Clearing Ltd,,0.83696,MSCI_EM,https://www.ishares.com/de/privatanleger/de/produkte/251858/ishares-msci-emerging-markets-ucits-etf-acc-fund/1535604580385.ajax?fileType=xls&fileName=iShares-MSCI-EM-UCITS-ETF-USD-Acc_fund&dataType=fund,10.Sept.2026,high
2308.TW,DELTA ELECTRONICS,Taiwan,IT,2308,Taiwan Stock Exchange,,0.82442,MSCI_EM,https://www.ishares.com/de/privatanleger/de/produkte/251858/ishares-msci-emerging-markets-ucits-etf-acc-fund/1535604580385.ajax?fileType=xls&fileName=iShares-MSCI-EM-UCITS-ETF-USD-Acc_fund&dataType=fund,10.Sept.2026,high
2317.TW,HON HAI PRECISION INDUSTRY,Taiwan,IT,2317,Taiwan Stock Exchange,,0.77755,MSCI_EM,https://www.ishares.com/de/privatanleger/de/produkte/251858/ishares-msci-emerging-markets-ucits-etf-acc-fund/1535604580385.ajax?fileType=xls&fileName=iShares-MSCI-EM-UCITS-ETF-USD-Acc_fund&dataType=fund,10.Sept.2026,high
HDFCBANK.NS,HDFC BANK,Indien,Finanzwesen,HDFCBANK,National Stock Exchange Of India,,0.64216,MSCI_EM,https://www.ishares.com/de/privatanleger/de/produkte/251858/ishares-msci-emerging-markets-ucits-etf-acc-fund/1535604580385.ajax?fileType=xls&fileName=iShares-MSCI-EM-UCITS-ETF-USD-Acc_fund&dataType=fund,10.Sept.2026,high
402340.KS,SK SQUARE,Korea,Industrie,402340,Korea Exchange (Stock Market),,0.60985,MSCI_EM,https://www.ishares.com/de/privatanleger/de/produkte/251858/ishares-msci-emerging-markets-ucits-etf-acc-fund/1535604580385.ajax?fileType=xls&fileName=iShares-MSCI-EM-UCITS-ETF-USD-Acc_fund&dataType=fund,10.Sept.2026,high
RELIANCE.NS,RELIANCE INDUSTRIES LTD,Indien,Energie,RELIANCE,National Stock Exchange Of India,,0.6085,MSCI_EM,https://www.ishares.com/de/privatanleger/de/produkte/251858/ishares-msci-emerging-markets-ucits-etf-acc-fund/1535604580385.ajax?fileType=xls&fileName=iShares-MSCI-EM-UCITS-ETF-USD-Acc_fund&dataType=fund,10.Sept.2026,high
ICICIBANK.NS,ICICI BANK,Indien,Finanzwesen,ICICIBANK,National Stock Exchange Of India,,0.5958,MSCI_EM,https://www.ishares.com/de/privatanleger/de/produkte/251858/ishares-msci-emerging-markets-ucits-etf-acc-fund/1535604580385.ajax?fileType=xls&fileName=iShares-MSCI-EM-UCITS-ETF-USD-Acc_fund&dataType=fund,10.Sept.2026,high
3711.TW,ASE TECHNOLOGY HOLDING,Taiwan,IT,3711,Taiwan Stock Exchange,,0.54566,MSCI_EM,https://www.ishares.com/de/privatanleger/de/produkte/251858/ishares-msci-emerging-markets-ucits-etf-acc-fund/1535604580385.ajax?fileType=xls&fileName=iShares-MSCI-EM-UCITS-ETF-USD-Acc_fund&dataType=fund,10.Sept.2026,high
1398.HK,INDUSTRIAL AND COMMERCIAL BANK OF,China,Finanzwesen,1398,Hong Kong Exchanges And Clearing Ltd,,0.50174,MSCI_EM,https://www.ishares.com/de/privatanleger/de/produkte/251858/ishares-msci-emerging-markets-ucits-etf-acc-fund/1535604580385.ajax?fileType=xls&fileName=iShares-MSCI-EM-UCITS-ETF-USD-Acc_fund&dataType=fund,10.Sept.2026,high
009150.KS,SAMSUNG ELECTRO MECHANICS LTD,Korea,IT,009150,Korea Exchange (Stock Market),,0.46715,MSCI_EM,https://www.ishares.com/de/privatanleger/de/produkte/251858/ishares-msci-emerging-markets-ucits-etf-acc-fund/1535604580385.ajax?fileType=xls&fileName=iShares-MSCI-EM-UCITS-ETF-USD-Acc_fund&dataType=fund,10.Sept.2026,high
1810.HK,XIAOMI,China,IT,1810,Hong Kong Exchanges And Clearing Ltd,,0.44852,MSCI_EM,https://www.ishares.com/de/privatanleger/de/produkte/251858/ishares-msci-emerging-markets-ucits-etf-acc-fund/1535604580385.ajax?fileType=xls&fileName=iShares-MSCI-EM-UCITS-ETF-USD-Acc_fund&dataType=fund,10.Sept.2026,high
BHARTIARTL.NS,BHARTI AIRTEL LTD,Indien,Kommunikation,BHARTIARTL,National Stock Exchange Of India,,0.42887,MSCI_EM,https://www.ishares.com/de/privatanleger/de/produkte/251858/ishares-msci-emerging-markets-ucits-etf-acc-fund/1535604580385.ajax?fileType=xls&fileName=iShares-MSCI-EM-UCITS-ETF-USD-Acc_fund&dataType=fund,10.Sept.2026,high
ANG.JO,ANGLOGOLD ASHANTI PLC,Südafrika,Materialien,ANG,Johannesburg Stock Exchange,,0.41667,MSCI_EM,https://www.ishares.com/de/privatanleger/de/produkte/251858/ishares-msci-emerging-markets-ucits-etf-acc-fund/1535604580385.ajax?fileType=xls&fileName=iShares-MSCI-EM-UCITS-ETF-USD-Acc_fund&dataType=fund,10.Sept.2026,high
1120.SR,AL RAJHI BANK,Saudi-Arabien,Finanzwesen,1120,Saudi Stock Exchange,,0.40935,MSCI_EM,https://www.ishares.com/de/privatanleger/de/produkte/251858/ishares-msci-emerging-markets-ucits-etf-acc-fund/1535604580385.ajax?fileType=xls&fileName=iShares-MSCI-EM-UCITS-ETF-USD-Acc_fund&dataType=fund,10.Sept.2026,high
2303.TW,UNITED MICRO ELECTRONICS CORP,Taiwan,IT,2303,Taiwan Stock Exchange,,0.40329,MSCI_EM,https://www.ishares.com/de/privatanleger/de/produkte/251858/ishares-msci-emerging-markets-ucits-etf-acc-fund/1535604580385.ajax?fileType=xls&fileName=iShares-MSCI-EM-UCITS-ETF-USD-Acc_fund&dataType=fund,10.Sept.2026,high
3988.HK,BANK OF CHINA LTD H,China,Finanzwesen,3988,Hong Kong Exchanges And Clearing Ltd,,0.40326,MSCI_EM,https://www.ishares.com/de/privatanleger/de/produkte/251858/ishares-msci-emerging-markets-ucits-etf-acc-fund/1535604580385.ajax?fileType=xls&fileName=iShares-MSCI-EM-UCITS-ETF-USD-Acc_fund&dataType=fund,10.Sept.2026,high
2383.TW,ELITE MATERIAL,Taiwan,IT,2383,Taiwan Stock Exchange,,0.38246,MSCI_EM,https://www.ishares.com/de/privatanleger/de/produkte/251858/ishares-msci-emerging-markets-ucits-etf-acc-fund/1535604580385.ajax?fileType=xls&fileName=iShares-MSCI-EM-UCITS-ETF-USD-Acc_fund&dataType=fund,10.Sept.2026,high
3690.HK,MEITUAN,China,Zyklische Konsumgüter,3690,Hong Kong Exchanges And Clearing Ltd,,0.37984,MSCI_EM,https://www.ishares.com/de/privatanleger/de/produkte/251858/ishares-msci-emerging-markets-ucits-etf-acc-fund/1535604580385.ajax?fileType=xls&fileName=iShares-MSCI-EM-UCITS-ETF-USD-Acc_fund&dataType=fund,10.Sept.2026,high
105560.KS,KB FINANCIAL GROUP,Korea,Finanzwesen,105560,Korea Exchange (Stock Market),,0.34659,MSCI_EM,https://www.ishares.com/de/privatanleger/de/produkte/251858/ishares-msci-emerging-markets-ucits-etf-acc-fund/1535604580385.ajax?fileType=xls&fileName=iShares-MSCI-EM-UCITS-ETF-USD-Acc_fund&dataType=fund,10.Sept.2026,high
2318.HK,PING AN INSURANCE (GROUP) CO OF CH,China,Finanzwesen,2318,Hong Kong Exchanges And Clearing Ltd,,0.34067,MSCI_EM,https://www.ishares.com/de/privatanleger/de/produkte/251858/ishares-msci-emerging-markets-ucits-etf-acc-fund/1535604580385.ajax?fileType=xls&fileName=iShares-MSCI-EM-UCITS-ETF-USD-Acc_fund&dataType=fund,10.Sept.2026,high
2222.SR,SAUDI ARABIAN OIL,Saudi-Arabien,Energie,2222,Saudi Stock Exchange,,0.33624,MSCI_EM,https://www.ishares.com/de/privatanleger/de/produkte/251858/ishares-msci-emerging-markets-ucits-etf-acc-fund/1535604580385.ajax?fileType=xls&fileName=iShares-MSCI-EM-UCITS-ETF-USD-Acc_fund&dataType=fund,10.Sept.2026,high
3037.TW,UNIMICRON TECHNOLOGY,Taiwan,IT,3037,Taiwan Stock Exchange,,0.33394,MSCI_EM,https://www.ishares.com/de/privatanleger/de/produkte/251858/ishares-msci-emerging-markets-ucits-etf-acc-fund/1535604580385.ajax?fileType=xls&fileName=iShares-MSCI-EM-UCITS-ETF-USD-Acc_fund&dataType=fund,10.Sept.2026,high
9999.HK,NETEASE,China,Kommunikation,9999,Hong Kong Exchanges And Clearing Ltd,,0.32503,MSCI_EM,https://www.ishares.com/de/privatanleger/de/produkte/251858/ishares-msci-emerging-markets-ucits-etf-acc-fund/1535604580385.ajax?fileType=xls&fileName=iShares-MSCI-EM-UCITS-ETF-USD-Acc_fund&dataType=fund,10.Sept.2026,high
GFI.JO,GOLD FIELDS,Südafrika,Materialien,GFI,Johannesburg Stock Exchange,,0.32169,MSCI_EM,https://www.ishares.com/de/privatanleger/de/produkte/251858/ishares-msci-emerging-markets-ucits-etf-acc-fund/1535604580385.ajax?fileType=xls&fileName=iShares-MSCI-EM-UCITS-ETF-USD-Acc_fund&dataType=fund,10.Sept.2026,high
PDD,PDD HOLDINGS ADS,China,Zyklische Konsumgüter,PDD,NASDAQ,,0.3143,MSCI_EM,https://www.ishares.com/de/privatanleger/de/produkte/251858/ishares-msci-emerging-markets-ucits-etf-acc-fund/1535604580385.ajax?fileType=xls&fileName=iShares-MSCI-EM-UCITS-ETF-USD-Acc_fund&dataType=fund,10.Sept.2026,high
2881.TW,FUBON FINANCIAL HOLDING,Taiwan,Finanzwesen,2881,Taiwan Stock Exchange,,0.31053,MSCI_EM,https://www.ishares.com/de/privatanleger/de/produkte/251858/ishares-msci-emerging-markets-ucits-etf-acc-fund/1535604580385.ajax?fileType=xls&fileName=iShares-MSCI-EM-UCITS-ETF-USD-Acc_fund&dataType=fund,10.Sept.2026,high
005380.KS,HYUNDAI MOTOR,Korea,Zyklische Konsumgüter,005380,Korea Exchange (Stock Market),,0.30627,MSCI_EM,https://www.ishares.com/de/privatanleger/de/produkte/251858/ishares-msci-emerging-markets-ucits-etf-acc-fund/1535604580385.ajax?fileType=xls&fileName=iShares-MSCI-EM-UCITS-ETF-USD-Acc_fund&dataType=fund,10.Sept.2026,high
GMEXICOB.MX,GRUPO MEXICO B,Mexiko,Materialien,GMEXICOB,Bolsa Mexicana De Valores,,0.30059,MSCI_EM,https://www.ishares.com/de/privatanleger/de/produkte/251858/ishares-msci-emerging-markets-ucits-etf-acc-fund/1535604580385.ajax?fileType=xls&fileName=iShares-MSCI-EM-UCITS-ETF-USD-Acc_fund&dataType=fund,10.Sept.2026,high
1211.HK,BYD H,China,Zyklische Konsumgüter,1211,Hong Kong Exchanges And Clearing Ltd,,0.29852,MSCI_EM,https://www.ishares.com/de/privatanleger/de/produkte/251858/ishares-msci-emerging-markets-ucits-etf-acc-fund/1535604580385.ajax?fileType=xls&fileName=iShares-MSCI-EM-UCITS-ETF-USD-Acc_fund&dataType=fund,10.Sept.2026,high
1303.TW,NAN YA PLASTICS CORP,Taiwan,Materialien,1303,Taiwan Stock Exchange,,0.28973,MSCI_EM,https://www.ishares.com/de/privatanleger/de/produkte/251858/ishares-msci-emerging-markets-ucits-etf-acc-fund/1535604580385.ajax?fileType=xls&fileName=iShares-MSCI-EM-UCITS-ETF-USD-Acc_fund&dataType=fund,10.Sept.2026,high
2891.TW,CTBC FINANCIAL HOLDING,Taiwan,Finanzwesen,2891,Taiwan Stock Exchange,,0.28244,MSCI_EM,https://www.ishares.com/de/privatanleger/de/produkte/251858/ishares-msci-emerging-markets-ucits-etf-acc-fund/1535604580385.ajax?fileType=xls&fileName=iShares-MSCI-EM-UCITS-ETF-USD-Acc_fund&dataType=fund,10.Sept.2026,high
3017.TW,ASIA VITAL COMPONENTS,Taiwan,IT,3017,Taiwan Stock Exchange,,0.27916,MSCI_EM,https://www.ishares.com/de/privatanleger/de/produkte/251858/ishares-msci-emerging-markets-ucits-etf-acc-fund/1535604580385.ajax?fileType=xls&fileName=iShares-MSCI-EM-UCITS-ETF-USD-Acc_fund&dataType=fund,10.Sept.2026,high
055550.KS,SHINHAN FINANCIAL GROUP,Korea,Finanzwesen,055550,Korea Exchange (Stock Market),,0.27885,MSCI_EM,https://www.ishares.com/de/privatanleger/de/produkte/251858/ishares-msci-emerging-markets-ucits-etf-acc-fund/1535604580385.ajax?fileType=xls&fileName=iShares-MSCI-EM-UCITS-ETF-USD-Acc_fund&dataType=fund,10.Sept.2026,high
NPN.JO,NASPERS LIMITED CLASS N,Südafrika,Zyklische Konsumgüter,NPN,Johannesburg Stock Exchange,,0.26722,MSCI_EM,https://www.ishares.com/de/privatanleger/de/produkte/251858/ishares-msci-emerging-markets-ucits-etf-acc-fund/1535604580385.ajax?fileType=xls&fileName=iShares-MSCI-EM-UCITS-ETF-USD-Acc_fund&dataType=fund,10.Sept.2026,high
INFY.NS,INFOSYS,Indien,IT,INFY,National Stock Exchange Of India,,0.26314,MSCI_EM,https://www.ishares.com/de/privatanleger/de/produkte/251858/ishares-msci-emerging-markets-ucits-etf-acc-fund/1535604580385.ajax?fileType=xls&fileName=iShares-MSCI-EM-UCITS-ETF-USD-Acc_fund&dataType=fund,10.Sept.2026,high
2882.TW,CATHAY FINANCIAL HOLDING,Taiwan,Finanzwesen,2882,Taiwan Stock Exchange,,0.26168,MSCI_EM,https://www.ishares.com/de/privatanleger/de/produkte/251858/ishares-msci-emerging-markets-ucits-etf-acc-fund/1535604580385.ajax?fileType=xls&fileName=iShares-MSCI-EM-UCITS-ETF-USD-Acc_fund&dataType=fund,10.Sept.2026,high
1180.SR,THE SAUDI NATIONAL BANK,Saudi-Arabien,Finanzwesen,1180,Saudi Stock Exchange,,0.25876,MSCI_EM,https://www.ishares.com/de/privatanleger/de/produkte/251858/ishares-msci-emerging-markets-ucits-etf-acc-fund/1535604580385.ajax?fileType=xls&fileName=iShares-MSCI-EM-UCITS-ETF-USD-Acc_fund&dataType=fund,10.Sept.2026,high
OTP.BD,OTP BANK,Ungarn,Finanzwesen,OTP,Budapest Stock Exchange,,0.25567,MSCI_EM,https://www.ishares.com/de/privatanleger/de/produkte/251858/ishares-msci-emerging-markets-ucits-etf-acc-fund/1535604580385.ajax?fileType=xls&fileName=iShares-MSCI-EM-UCITS-ETF-USD-Acc_fund&dataType=fund,10.Sept.2026,high
2345.TW,ACCTON TECHNOLOGY,Taiwan,IT,2345,Taiwan Stock Exchange,,0.25448,MSCI_EM,https://www.ishares.com/de/privatanleger/de/produkte/251858/ishares-msci-emerging-markets-ucits-etf-acc-fund/1535604580385.ajax?fileType=xls&fileName=iShares-MSCI-EM-UCITS-ETF-USD-Acc_fund&dataType=fund,10.Sept.2026,high
9618.HK,JD.COM CLASS A,China,Zyklische Konsumgüter,9618,Hong Kong Exchanges And Clearing Ltd,,0.24933,MSCI_EM,https://www.ishares.com/de/privatanleger/de/produkte/251858/ishares-msci-emerging-markets-ucits-etf-acc-fund/1535604580385.ajax?fileType=xls&fileName=iShares-MSCI-EM-UCITS-ETF-USD-Acc_fund&dataType=fund,10.Sept.2026,high
FSR.JO,FIRSTRAND LTD,Südafrika,Finanzwesen,FSR,Johannesburg Stock Exchange,,0.24464,MSCI_EM,https://www.ishares.com/de/privatanleger/de/produkte/251858/ishares-msci-emerging-markets-ucits-etf-acc-fund/1535604580385.ajax?fileType=xls&fileName=iShares-MSCI-EM-UCITS-ETF-USD-Acc_fund&dataType=fund,10.Sept.2026,high
0992.HK,LENOVO GROUP,China,IT,992,Hong Kong Exchanges And Clearing Ltd,,0.2428,MSCI_EM,https://www.ishares.com/de/privatanleger/de/produkte/251858/ishares-msci-emerging-markets-ucits-etf-acc-fund/1535604580385.ajax?fileType=xls&fileName=iShares-MSCI-EM-UCITS-ETF-USD-Acc_fund&dataType=fund,10.Sept.2026,high
2382.TW,QUANTA COMPUTER,Taiwan,IT,2382,Taiwan Stock Exchange,,0.24253,MSCI_EM,https://www.ishares.com/de/privatanleger/de/produkte/251858/ishares-msci-emerging-markets-ucits-etf-acc-fund/1535604580385.ajax?fileType=xls&fileName=iShares-MSCI-EM-UCITS-ETF-USD-Acc_fund&dataType=fund,10.Sept.2026,high
2887.TW,TS FINANCIAL HOLDING,Taiwan,Finanzwesen,2887,Taiwan Stock Exchange,,0.23926,MSCI_EM,https://www.ishares.com/de/privatanleger/de/produkte/251858/ishares-msci-emerging-markets-ucits-etf-acc-fund/1535604580385.ajax?fileType=xls&fileName=iShares-MSCI-EM-UCITS-ETF-USD-Acc_fund&dataType=fund,10.Sept.2026,high
GFNORTEO.MX,GPO FINANCE BANORTE,Mexiko,Finanzwesen,GFNORTEO,Bolsa Mexicana De Valores,,0.23153,MSCI_EM,https://www.ishares.com/de/privatanleger/de/produkte/251858/ishares-msci-emerging-markets-ucits-etf-acc-fund/1535604580385.ajax?fileType=xls&fileName=iShares-MSCI-EM-UCITS-ETF-USD-Acc_fund&dataType=fund,10.Sept.2026,high
034020.KS,DOOSAN ENERBILITY LTD,Korea,Industrie,034020,Korea Exchange (Stock Market),,0.23149,MSCI_EM,https://www.ishares.com/de/privatanleger/de/produkte/251858/ishares-msci-emerging-markets-ucits-etf-acc-fund/1535604580385.ajax?fileType=xls&fileName=iShares-MSCI-EM-UCITS-ETF-USD-Acc_fund&dataType=fund,10.Sept.2026,high
KFH.KW,KUWAIT FINANCE HOUSE,Kuwait,Finanzwesen,KFH,Kuwait Stock Exchange,,0.23096,MSCI_EM,https://www.ishares.com/de/privatanleger/de/produkte/251858/ishares-msci-emerging-markets-ucits-etf-acc-fund/1535604580385.ajax?fileType=xls&fileName=iShares-MSCI-EM-UCITS-ETF-USD-Acc_fund&dataType=fund,10.Sept.2026,high
VALE3.SA,CIA VALE DO RIO DOCE SH,Brasilien,Materialien,VALE3,XBSP,,0.22847,MSCI_EM,https://www.ishares.com/de/privatanleger/de/produkte/251858/ishares-msci-emerging-markets-ucits-etf-acc-fund/1535604580385.ajax?fileType=xls&fileName=iShares-MSCI-EM-UCITS-ETF-USD-Acc_fund&dataType=fund,10.Sept.2026,high
2899.HK,ZIJIN MINING GROUP LTD H,China,Materialien,2899,Hong Kong Exchanges And Clearing Ltd,,0.22756,MSCI_EM,https://www.ishares.com/de/privatanleger/de/produkte/251858/ishares-msci-emerging-markets-ucits-etf-acc-fund/1535604580385.ajax?fileType=xls&fileName=iShares-MSCI-EM-UCITS-ETF-USD-Acc_fund&dataType=fund,10.Sept.2026,high
M&M.NS,MAHINDRA AND MAHINDRA LTD,Indien,Zyklische Konsumgüter,M&M,National Stock Exchange Of India,,0.22708,MSCI_EM,https://www.ishares.com/de/privatanleger/de/produkte/251858/ishares-msci-emerging-markets-ucits-etf-acc-fund/1535604580385.ajax?fileType=xls&fileName=iShares-MSCI-EM-UCITS-ETF-USD-Acc_fund&dataType=fund,10.Sept.2026,high
NU,NU HOLDINGS CLASS A,Brasilien,Finanzwesen,NU,New York Stock Exchange Inc.,,0.22557,MSCI_EM,https://www.ishares.com/de/privatanleger/de/produkte/251858/ishares-msci-emerging-markets-ucits-etf-acc-fund/1535604580385.ajax?fileType=xls&fileName=iShares-MSCI-EM-UCITS-ETF-USD-Acc_fund&dataType=fund,10.Sept.2026,high
PKO.WA,POWSZECHNA KASA OSZCZEDNOSCI BANK,Polen,Finanzwesen,PKO,Warsaw Stock Exchange/Equities/Main Market,,0.22478,MSCI_EM,https://www.ishares.com/de/privatanleger/de/produkte/251858/ishares-msci-emerging-markets-ucits-etf-acc-fund/1535604580385.ajax?fileType=xls&fileName=iShares-MSCI-EM-UCITS-ETF-USD-Acc_fund&dataType=fund,10.Sept.2026,high
2628.HK,CHINA LIFE INSURANCE LTD H,China,Finanzwesen,2628,Hong Kong Exchanges And Clearing Ltd,,0.22465,MSCI_EM,https://www.ishares.com/de/privatanleger/de/produkte/251858/ishares-msci-emerging-markets-ucits-etf-acc-fund/1535604580385.ajax?fileType=xls&fileName=iShares-MSCI-EM-UCITS-ETF-USD-Acc_fund&dataType=fund,10.Sept.2026,high
2327.TW,YAGEO,Taiwan,IT,2327,Taiwan Stock Exchange,,0.22328,MSCI_EM,https://www.ishares.com/de/privatanleger/de/produkte/251858/ishares-msci-emerging-markets-ucits-etf-acc-fund/1535604580385.ajax?fileType=xls&fileName=iShares-MSCI-EM-UCITS-ETF-USD-Acc_fund&dataType=fund,10.Sept.2026,high
BAJFINANCE.NS,BAJAJ FINANCE LTD,Indien,Finanzwesen,BAJFINANCE,National Stock Exchange Of India,,0.21697,MSCI_EM,https://www.ishares.com/de/privatanleger/de/produkte/251858/ishares-msci-emerging-markets-ucits-etf-acc-fund/1535604580385.ajax?fileType=xls&fileName=iShares-MSCI-EM-UCITS-ETF-USD-Acc_fund&dataType=fund,10.Sept.2026,high
086790.KS,HANA FINANCIAL GROUP,Korea,Finanzwesen,086790,Korea Exchange (Stock Market),,0.21656,MSCI_EM,https://www.ishares.com/de/privatanleger/de/produkte/251858/ishares-msci-emerging-markets-ucits-etf-acc-fund/1535604580385.ajax?fileType=xls&fileName=iShares-MSCI-EM-UCITS-ETF-USD-Acc_fund&dataType=fund,10.Sept.2026,high
LT.NS,LARSEN AND TOUBRO LTD,Indien,Industrie,LT,National Stock Exchange Of India,,0.21383,MSCI_EM,https://www.ishares.com/de/privatanleger/de/produkte/251858/ishares-msci-emerging-markets-ucits-etf-acc-fund/1535604580385.ajax?fileType=xls&fileName=iShares-MSCI-EM-UCITS-ETF-USD-Acc_fund&dataType=fund,10.Sept.2026,high
AXISBANK.NS,AXIS BANK,Indien,Finanzwesen,AXISBANK,National Stock Exchange Of India,,0.2133,MSCI_EM,https://www.ishares.com/de/privatanleger/de/produkte/251858/ishares-msci-emerging-markets-ucits-etf-acc-fund/1535604580385.ajax?fileType=xls&fileName=iShares-MSCI-EM-UCITS-ETF-USD-Acc_fund&dataType=fund,10.Sept.2026,high
0857.HK,PETROCHINA H,China,Energie,857,Hong Kong Exchanges And Clearing Ltd,,0.2122,MSCI_EM,https://www.ishares.com/de/privatanleger/de/produkte/251858/ishares-msci-emerging-markets-ucits-etf-acc-fund/1535604580385.ajax?fileType=xls&fileName=iShares-MSCI-EM-UCITS-ETF-USD-Acc_fund&dataType=fund,10.Sept.2026,high
012450.KS,HANWHA AEROSPACE LTD,Korea,Industrie,012450,Korea Exchange (Stock Market),,0.21172,MSCI_EM,https://www.ishares.com/de/privatanleger/de/produkte/251858/ishares-msci-emerging-markets-ucits-etf-acc-fund/1535604580385.ajax?fileType=xls&fileName=iShares-MSCI-EM-UCITS-ETF-USD-Acc_fund&dataType=fund,10.Sept.2026,high
BAP,CREDICORP LTD,Peru,Finanzwesen,BAP,New York Stock Exchange Inc.,,0.20399,MSCI_EM,https://www.ishares.com/de/privatanleger/de/produkte/251858/ishares-msci-emerging-markets-ucits-etf-acc-fund/1535604580385.ajax?fileType=xls&fileName=iShares-MSCI-EM-UCITS-ETF-USD-Acc_fund&dataType=fund,10.Sept.2026,high
3968.HK,CHINA MERCHANTS BANK H,China,Finanzwesen,3968,Hong Kong Exchanges And Clearing Ltd,,0.20234,MSCI_EM,https://www.ishares.com/de/privatanleger/de/produkte/251858/ishares-msci-emerging-markets-ucits-etf-acc-fund/1535604580385.ajax?fileType=xls&fileName=iShares-MSCI-EM-UCITS-ETF-USD-Acc_fund&dataType=fund,10.Sept.2026,high
SBK.JO,STANDARD BANK GROUP,Südafrika,Finanzwesen,SBK,Johannesburg Stock Exchange,,0.20041,MSCI_EM,https://www.ishares.com/de/privatanleger/de/produkte/251858/ishares-msci-emerging-markets-ucits-etf-acc-fund/1535604580385.ajax?fileType=xls&fileName=iShares-MSCI-EM-UCITS-ETF-USD-Acc_fund&dataType=fund,10.Sept.2026,high
2885.TW,YUANTA FINANCIAL HOLDING,Taiwan,Finanzwesen,2885,Taiwan Stock Exchange,,0.19841,MSCI_EM,https://www.ishares.com/de/privatanleger/de/produkte/251858/ishares-msci-emerging-markets-ucits-etf-acc-fund/1535604580385.ajax?fileType=xls&fileName=iShares-MSCI-EM-UCITS-ETF-USD-Acc_fund&dataType=fund,10.Sept.2026,high
006400.KS,SAMSUNG SDI LTD,Korea,IT,006400,Korea Exchange (Stock Market),,0.19838,MSCI_EM,https://www.ishares.com/de/privatanleger/de/produkte/251858/ishares-msci-emerging-markets-ucits-etf-acc-fund/1535604580385.ajax?fileType=xls&fileName=iShares-MSCI-EM-UCITS-ETF-USD-Acc_fund&dataType=fund,10.Sept.2026,high
DELTA.R.BK,DELTA ELECTRONICS (THAILAND) NON-V,Thailand,IT,DELTA.R,Stock Exchange Of Thailand,,0.198,MSCI_EM,https://www.ishares.com/de/privatanleger/de/produkte/251858/ishares-msci-emerging-markets-ucits-etf-acc-fund/1535604580385.ajax?fileType=xls&fileName=iShares-MSCI-EM-UCITS-ETF-USD-Acc_fund&dataType=fund,10.Sept.2026,high
2360.TW,CHROMA ATE INC,Taiwan,IT,2360,Taiwan Stock Exchange,,0.19666,MSCI_EM,https://www.ishares.com/de/privatanleger/de/produkte/251858/ishares-msci-emerging-markets-ucits-etf-acc-fund/1535604580385.ajax?fileType=xls&fileName=iShares-MSCI-EM-UCITS-ETF-USD-Acc_fund&dataType=fund,10.Sept.2026,high
PKN.WA,ORLEN,Polen,Energie,PKN,Warsaw Stock Exchange/Equities/Main Market,,0.19393,MSCI_EM,https://www.ishares.com/de/privatanleger/de/produkte/251858/ishares-msci-emerging-markets-ucits-etf-acc-fund/1535604580385.ajax?fileType=xls&fileName=iShares-MSCI-EM-UCITS-ETF-USD-Acc_fund&dataType=fund,10.Sept.2026,high
NBK.KW,NATIONAL BANK OF KUWAIT,Kuwait,Finanzwesen,NBK,Kuwait Stock Exchange,,0.19141,MSCI_EM,https://www.ishares.com/de/privatanleger/de/produkte/251858/ishares-msci-emerging-markets-ucits-etf-acc-fund/1535604580385.ajax?fileType=xls&fileName=iShares-MSCI-EM-UCITS-ETF-USD-Acc_fund&dataType=fund,10.Sept.2026,high
KOTAKBANK.NS,KOTAK MAHINDRA BANK LTD,Indien,Finanzwesen,KOTAKBANK,National Stock Exchange Of India,,0.19002,MSCI_EM,https://www.ishares.com/de/privatanleger/de/produkte/251858/ishares-msci-emerging-markets-ucits-etf-acc-fund/1535604580385.ajax?fileType=xls&fileName=iShares-MSCI-EM-UCITS-ETF-USD-Acc_fund&dataType=fund,10.Sept.2026,high
CPI.JO,CAPITEC SHS,Südafrika,Finanzwesen,CPI,Johannesburg Stock Exchange,,0.18998,MSCI_EM,https://www.ishares.com/de/privatanleger/de/produkte/251858/ishares-msci-emerging-markets-ucits-etf-acc-fund/1535604580385.ajax?fileType=xls&fileName=iShares-MSCI-EM-UCITS-ETF-USD-Acc_fund&dataType=fund,10.Sept.2026,high
028260.KS,SAMSUNG C&T CORP,Korea,Industrie,028260,Korea Exchange (Stock Market),,0.18919,MSCI_EM,https://www.ishares.com/de/privatanleger/de/produkte/251858/ishares-msci-emerging-markets-ucits-etf-acc-fund/1535604580385.ajax?fileType=xls&fileName=iShares-MSCI-EM-UCITS-ETF-USD-Acc_fund&dataType=fund,10.Sept.2026,high
9888.HK,BAIDU,China,Kommunikation,9888,Hong Kong Exchanges And Clearing Ltd,,0.18814,MSCI_EM,https://www.ishares.com/de/privatanleger/de/produkte/251858/ishares-msci-emerging-markets-ucits-etf-acc-fund/1535604580385.ajax?fileType=xls&fileName=iShares-MSCI-EM-UCITS-ETF-USD-Acc_fund&dataType=fund,10.Sept.2026,high
VAL.JO,VALTERRA PLATINUM LTD,Südafrika,Materialien,VAL,Johannesburg Stock Exchange,,0.18776,MSCI_EM,https://www.ishares.com/de/privatanleger/de/produkte/251858/ishares-msci-emerging-markets-ucits-etf-acc-fund/1535604580385.ajax?fileType=xls&fileName=iShares-MSCI-EM-UCITS-ETF-USD-Acc_fund&dataType=fund,10.Sept.2026,high
FAB.AD,FIRST ABU DHABI BANK,Ver. Arabische Emirate,Finanzwesen,FAB,Abu Dhabi Securities Exchange,,0.18696,MSCI_EM,https://www.ishares.com/de/privatanleger/de/produkte/251858/ishares-msci-emerging-markets-ucits-etf-acc-fund/1535604580385.ajax?fileType=xls&fileName=iShares-MSCI-EM-UCITS-ETF-USD-Acc_fund&dataType=fund,10.Sept.2026,high
ITUB4.SA,ITAU UNIBANCO HOLDING PREF SA,Brasilien,Finanzwesen,ITUB4,XBSP,,0.18293,MSCI_EM,https://www.ishares.com/de/privatanleger/de/produkte/251858/ishares-msci-emerging-markets-ucits-etf-acc-fund/1535604580385.ajax?fileType=xls&fileName=iShares-MSCI-EM-UCITS-ETF-USD-Acc_fund&dataType=fund,10.Sept.2026,high
9961.HK,TRIP.COM GROUP,China,Zyklische Konsumgüter,9961,Hong Kong Exchanges And Clearing Ltd,,0.18247,MSCI_EM,https://www.ishares.com/de/privatanleger/de/produkte/251858/ishares-msci-emerging-markets-ucits-etf-acc-fund/1535604580385.ajax?fileType=xls&fileName=iShares-MSCI-EM-UCITS-ETF-USD-Acc_fund&dataType=fund,10.Sept.2026,high
PETR4.SA,PETROLEO BRASILEIRO PREF SA,Brasilien,Energie,PETR4,XBSP,,0.1814,MSCI_EM,https://www.ishares.com/de/privatanleger/de/produkte/251858/ishares-msci-emerging-markets-ucits-etf-acc-fund/1535604580385.ajax?fileType=xls&fileName=iShares-MSCI-EM-UCITS-ETF-USD-Acc_fund&dataType=fund,10.Sept.2026,high
7010.SR,SAUDI TELECOM,Saudi-Arabien,Kommunikation,7010,Saudi Stock Exchange,,0.17652,MSCI_EM,https://www.ishares.com/de/privatanleger/de/produkte/251858/ishares-msci-emerging-markets-ucits-etf-acc-fund/1535604580385.ajax?fileType=xls&fileName=iShares-MSCI-EM-UCITS-ETF-USD-Acc_fund&dataType=fund,10.Sept.2026,high
2059.TW,KING SLIDE WORKS,Taiwan,IT,2059,Taiwan Stock Exchange,,0.17631,MSCI_EM,https://www.ishares.com/de/privatanleger/de/produkte/251858/ishares-msci-emerging-markets-ucits-etf-acc-fund/1535604580385.ajax?fileType=xls&fileName=iShares-MSCI-EM-UCITS-ETF-USD-Acc_fund&dataType=fund,10.Sept.2026,high
1288.HK,AGRICULTURAL BANK OF CHINA LTD H,China,Finanzwesen,1288,Hong Kong Exchanges And Clearing Ltd,,0.17611,MSCI_EM,https://www.ishares.com/de/privatanleger/de/produkte/251858/ishares-msci-emerging-markets-ucits-etf-acc-fund/1535604580385.ajax?fileType=xls&fileName=iShares-MSCI-EM-UCITS-ETF-USD-Acc_fund&dataType=fund,10.Sept.2026,high
6669.TW,WIWYNN CORPORATION,Taiwan,IT,6669,Taiwan Stock Exchange,,0.17493,MSCI_EM,https://www.ishares.com/de/privatanleger/de/produkte/251858/ishares-msci-emerging-markets-ucits-etf-acc-fund/1535604580385.ajax?fileType=xls&fileName=iShares-MSCI-EM-UCITS-ETF-USD-Acc_fund&dataType=fund,10.Sept.2026,high
000270.KS,KIA CORPORATION,Korea,Zyklische Konsumgüter,000270,Korea Exchange (Stock Market),,0.17305,MSCI_EM,https://www.ishares.com/de/privatanleger/de/produkte/251858/ishares-msci-emerging-markets-ucits-etf-acc-fund/1535604580385.ajax?fileType=xls&fileName=iShares-MSCI-EM-UCITS-ETF-USD-Acc_fund&dataType=fund,10.Sept.2026,high
MTN.JO,MTN GROUP,Südafrika,Kommunikation,MTN,Johannesburg Stock Exchange,,0.17118,MSCI_EM,https://www.ishares.com/de/privatanleger/de/produkte/251858/ishares-msci-emerging-markets-ucits-etf-acc-fund/1535604580385.ajax?fileType=xls&fileName=iShares-MSCI-EM-UCITS-ETF-USD-Acc_fund&dataType=fund,10.Sept.2026,high
035420.KS,NAVER,Korea,Kommunikation,035420,Korea Exchange (Stock Market),,0.17101,MSCI_EM,https://www.ishares.com/de/privatanleger/de/produkte/251858/ishares-msci-emerging-markets-ucits-etf-acc-fund/1535604580385.ajax?fileType=xls&fileName=iShares-MSCI-EM-UCITS-ETF-USD-Acc_fund&dataType=fund,10.Sept.2026,high
PETR3.SA,PETROLEO BRASILEIRO SA PETROBRAS,Brasilien,Energie,PETR3,XBSP,,0.16732,MSCI_EM,https://www.ishares.com/de/privatanleger/de/produkte/251858/ishares-msci-emerging-markets-ucits-etf-acc-fund/1535604580385.ajax?fileType=xls&fileName=iShares-MSCI-EM-UCITS-ETF-USD-Acc_fund&dataType=fund,10.Sept.2026,high
2408.TW,NANYA TECHNOLOGY CORP,Taiwan,IT,2408,Taiwan Stock Exchange,,0.16697,MSCI_EM,https://www.ishares.com/de/privatanleger/de/produkte/251858/ishares-msci-emerging-markets-ucits-etf-acc-fund/1535604580385.ajax?fileType=xls&fileName=iShares-MSCI-EM-UCITS-ETF-USD-Acc_fund&dataType=fund,10.Sept.2026,high
2357.TW,ASUSTEK COMPUTER INC,Taiwan,IT,2357,Taiwan Stock Exchange,,0.16654,MSCI_EM,https://www.ishares.com/de/privatanleger/de/produkte/251858/ishares-msci-emerging-markets-ucits-etf-acc-fund/1535604580385.ajax?fileType=xls&fileName=iShares-MSCI-EM-UCITS-ETF-USD-Acc_fund&dataType=fund,10.Sept.2026,high
068270.KS,CELLTRION,Korea,Gesundheitsversorgung,068270,Korea Exchange (Stock Market),,0.16637,MSCI_EM,https://www.ishares.com/de/privatanleger/de/produkte/251858/ishares-msci-emerging-markets-ucits-etf-acc-fund/1535604580385.ajax?fileType=xls&fileName=iShares-MSCI-EM-UCITS-ETF-USD-Acc_fund&dataType=fund,10.Sept.2026,high
QNBK.QA,QATAR NATIONAL BANK,Qatar,Finanzwesen,QNBK,Qatar Exchange,,0.16628,MSCI_EM,https://www.ishares.com/de/privatanleger/de/produkte/251858/ishares-msci-emerging-markets-ucits-etf-acc-fund/1535604580385.ajax?fileType=xls&fileName=iShares-MSCI-EM-UCITS-ETF-USD-Acc_fund&dataType=fund,10.Sept.2026,high
6160.HK,BEONE MEDICINES AG,China,Gesundheitsversorgung,6160,Hong Kong Exchanges And Clearing Ltd,,0.16534,MSCI_EM,https://www.ishares.com/de/privatanleger/de/produkte/251858/ishares-msci-emerging-markets-ucits-etf-acc-fund/1535604580385.ajax?fileType=xls&fileName=iShares-MSCI-EM-UCITS-ETF-USD-Acc_fund&dataType=fund,10.Sept.2026,high
1088.HK,CHINA SHENHUA ENERGY LTD H,China,Energie,1088,Hong Kong Exchanges And Clearing Ltd,,0.16349,MSCI_EM,https://www.ishares.com/de/privatanleger/de/produkte/251858/ishares-msci-emerging-markets-ucits-etf-acc-fund/1535604580385.ajax?fileType=xls&fileName=iShares-MSCI-EM-UCITS-ETF-USD-Acc_fund&dataType=fund,10.Sept.2026,high
2269.HK,WUXI BIOLOGICS CAYMAN,China,Gesundheitsversorgung,2269,Hong Kong Exchanges And Clearing Ltd,,0.16341,MSCI_EM,https://www.ishares.com/de/privatanleger/de/produkte/251858/ishares-msci-emerging-markets-ucits-etf-acc-fund/1535604580385.ajax?fileType=xls&fileName=iShares-MSCI-EM-UCITS-ETF-USD-Acc_fund&dataType=fund,10.Sept.2026,high
1211.SR,SAUDI ARABIAN MINING,Saudi-Arabien,Materialien,1211,Saudi Stock Exchange,,0.16297,MSCI_EM,https://www.ishares.com/de/privatanleger/de/produkte/251858/ishares-msci-emerging-markets-ucits-etf-acc-fund/1535604580385.ajax?fileType=xls&fileName=iShares-MSCI-EM-UCITS-ETF-USD-Acc_fund&dataType=fund,10.Sept.2026,high
2884.TW,E.SUN FINANCIAL HOLDING,Taiwan,Finanzwesen,2884,Taiwan Stock Exchange,,0.16119,MSCI_EM,https://www.ishares.com/de/privatanleger/de/produkte/251858/ishares-msci-emerging-markets-ucits-etf-acc-fund/1535604580385.ajax?fileType=xls&fileName=iShares-MSCI-EM-UCITS-ETF-USD-Acc_fund&dataType=fund,10.Sept.2026,high
EAND.AD,EMIRATES TELECOM,Ver. Arabische Emirate,Kommunikation,EAND,Abu Dhabi Securities Exchange,,0.15816,MSCI_EM,https://www.ishares.com/de/privatanleger/de/produkte/251858/ishares-msci-emerging-markets-ucits-etf-acc-fund/1535604580385.ajax?fileType=xls&fileName=iShares-MSCI-EM-UCITS-ETF-USD-Acc_fund&dataType=fund,10.Sept.2026,high
3008.TW,LARGAN PRECISION LTD,Taiwan,IT,3008,Taiwan Stock Exchange,,0.1565,MSCI_EM,https://www.ishares.com/de/privatanleger/de/produkte/251858/ishares-msci-emerging-markets-ucits-etf-acc-fund/1535604580385.ajax?fileType=xls&fileName=iShares-MSCI-EM-UCITS-ETF-USD-Acc_fund&dataType=fund,10.Sept.2026,high
FEMSAUBD.MX,FOMENTO ECONOMICO MEXICANO,Mexiko,Nichtzyklische Konsumgüter,FEMSAUBD,Bolsa Mexicana De Valores,,0.15257,MSCI_EM,https://www.ishares.com/de/privatanleger/de/produkte/251858/ishares-msci-emerging-markets-ucits-etf-acc-fund/1535604580385.ajax?fileType=xls&fileName=iShares-MSCI-EM-UCITS-ETF-USD-Acc_fund&dataType=fund,10.Sept.2026,high
5274.TWO,ASPEED TECHNOLOGY,Taiwan,IT,5274,Gretai Securities Market,,0.15199,MSCI_EM,https://www.ishares.com/de/privatanleger/de/produkte/251858/ishares-msci-emerging-markets-ucits-etf-acc-fund/1535604580385.ajax?fileType=xls&fileName=iShares-MSCI-EM-UCITS-ETF-USD-Acc_fund&dataType=fund,10.Sept.2026,high
TITAN.NS,TITAN COMPANY LTD,Indien,Zyklische Konsumgüter,TITAN,National Stock Exchange Of India,,0.15099,MSCI_EM,https://www.ishares.com/de/privatanleger/de/produkte/251858/ishares-msci-emerging-markets-ucits-etf-acc-fund/1535604580385.ajax?fileType=xls&fileName=iShares-MSCI-EM-UCITS-ETF-USD-Acc_fund&dataType=fund,10.Sept.2026,high
TCS.NS,TATA CONSULTANCY SERVICES LTD,Indien,IT,TCS,National Stock Exchange Of India,,0.15011,MSCI_EM,https://www.ishares.com/de/privatanleger/de/produkte/251858/ishares-msci-emerging-markets-ucits-etf-acc-fund/1535604580385.ajax?fileType=xls&fileName=iShares-MSCI-EM-UCITS-ETF-USD-Acc_fund&dataType=fund,10.Sept.2026,high
EMAAR.DU,EMAAR PROPERTIES,Ver. Arabische Emirate,Immobilien,EMAAR,Dubai Financial Market,,0.14997,MSCI_EM,https://www.ishares.com/de/privatanleger/de/produkte/251858/ishares-msci-emerging-markets-ucits-etf-acc-fund/1535604580385.ajax?fileType=xls&fileName=iShares-MSCI-EM-UCITS-ETF-USD-Acc_fund&dataType=fund,10.Sept.2026,high
SBIN.NS,STATE BANK OF INDIA,Indien,Finanzwesen,SBIN,National Stock Exchange Of India,,0.14979,MSCI_EM,https://www.ishares.com/de/privatanleger/de/produkte/251858/ishares-msci-emerging-markets-ucits-etf-acc-fund/1535604580385.ajax?fileType=xls&fileName=iShares-MSCI-EM-UCITS-ETF-USD-Acc_fund&dataType=fund,10.Sept.2026,high
SUNPHARMA.NS,SUN PHARMACEUTICAL INDUSTRIES LTD,Indien,Gesundheitsversorgung,SUNPHARMA,National Stock Exchange Of India,,0.1468,MSCI_EM,https://www.ishares.com/de/privatanleger/de/produkte/251858/ishares-msci-emerging-markets-ucits-etf-acc-fund/1535604580385.ajax?fileType=xls&fileName=iShares-MSCI-EM-UCITS-ETF-USD-Acc_fund&dataType=fund,10.Sept.2026,high
2883.TW,KGI FINANCIAL HOLDING,Taiwan,Finanzwesen,2883,Taiwan Stock Exchange,,0.14632,MSCI_EM,https://www.ishares.com/de/privatanleger/de/produkte/251858/ishares-msci-emerging-markets-ucits-etf-acc-fund/1535604580385.ajax?fileType=xls&fileName=iShares-MSCI-EM-UCITS-ETF-USD-Acc_fund&dataType=fund,10.Sept.2026,high
005490.KS,POSCO,Korea,Materialien,005490,Korea Exchange (Stock Market),,0.14537,MSCI_EM,https://www.ishares.com/de/privatanleger/de/produkte/251858/ishares-msci-emerging-markets-ucits-etf-acc-fund/1535604580385.ajax?fileType=xls&fileName=iShares-MSCI-EM-UCITS-ETF-USD-Acc_fund&dataType=fund,10.Sept.2026,high
2886.TW,MEGA FINANCIAL HOLDING LTD,Taiwan,Finanzwesen,2886,Taiwan Stock Exchange,,0.14459,MSCI_EM,https://www.ishares.com/de/privatanleger/de/produkte/251858/ishares-msci-emerging-markets-ucits-etf-acc-fund/1535604580385.ajax?fileType=xls&fileName=iShares-MSCI-EM-UCITS-ETF-USD-Acc_fund&dataType=fund,10.Sept.2026,high
BBCA.JK,BANK CENTRAL ASIA,Indonesien,Finanzwesen,BBCA,Indonesia Stock Exchange,,0.14437,MSCI_EM,https://www.ishares.com/de/privatanleger/de/produkte/251858/ishares-msci-emerging-markets-ucits-etf-acc-fund/1535604580385.ajax?fileType=xls&fileName=iShares-MSCI-EM-UCITS-ETF-USD-Acc_fund&dataType=fund,10.Sept.2026,high
032830.KS,SAMSUNG LIFE LTD,Korea,Finanzwesen,032830,Korea Exchange (Stock Market),,0.14346,MSCI_EM,https://www.ishares.com/de/privatanleger/de/produkte/251858/ishares-msci-emerging-markets-ucits-etf-acc-fund/1535604580385.ajax?fileType=xls&fileName=iShares-MSCI-EM-UCITS-ETF-USD-Acc_fund&dataType=fund,10.Sept.2026,high
012330.KS,HYUNDAI MOBIS LTD,Korea,Zyklische Konsumgüter,012330,Korea Exchange (Stock Market),,0.14291,MSCI_EM,https://www.ishares.com/de/privatanleger/de/produkte/251858/ishares-msci-emerging-markets-ucits-etf-acc-fund/1535604580385.ajax?fileType=xls&fileName=iShares-MSCI-EM-UCITS-ETF-USD-Acc_fund&dataType=fund,10.Sept.2026,high
2344.TW,WINBOND ELECTRONICS,Taiwan,IT,2344,Taiwan Stock Exchange,,0.14189,MSCI_EM,https://www.ishares.com/de/privatanleger/de/produkte/251858/ishares-msci-emerging-markets-ucits-etf-acc-fund/1535604580385.ajax?fileType=xls&fileName=iShares-MSCI-EM-UCITS-ETF-USD-Acc_fund&dataType=fund,10.Sept.2026,high
SCCO,SOUTHERN COPPER CORP,Peru,Materialien,SCCO,New York Stock Exchange Inc.,,0.14122,MSCI_EM,https://www.ishares.com/de/privatanleger/de/produkte/251858/ishares-msci-emerging-markets-ucits-etf-acc-fund/1535604580385.ajax?fileType=xls&fileName=iShares-MSCI-EM-UCITS-ETF-USD-Acc_fund&dataType=fund,10.Sept.2026,high
2301.TW,LITE ON TECHNOLOGY,Taiwan,IT,2301,Taiwan Stock Exchange,,0.1403,MSCI_EM,https://www.ishares.com/de/privatanleger/de/produkte/251858/ishares-msci-emerging-markets-ucits-etf-acc-fund/1535604580385.ajax?fileType=xls&fileName=iShares-MSCI-EM-UCITS-ETF-USD-Acc_fund&dataType=fund,10.Sept.2026,high
ETE.AT,NATIONAL BANK OF GREECE,Griechenland,Finanzwesen,ETE,Athens Exchange S.A. Cash Market,,0.1382,MSCI_EM,https://www.ishares.com/de/privatanleger/de/produkte/251858/ishares-msci-emerging-markets-ucits-etf-acc-fund/1535604580385.ajax?fileType=xls&fileName=iShares-MSCI-EM-UCITS-ETF-USD-Acc_fund&dataType=fund,10.Sept.2026,high
AMXB.MX,AMERICA MOVIL B,Mexiko,Kommunikation,AMXB,Bolsa Mexicana De Valores,,0.1364,MSCI_EM,https://www.ishares.com/de/privatanleger/de/produkte/251858/ishares-msci-emerging-markets-ucits-etf-acc-fund/1535604580385.ajax?fileType=xls&fileName=iShares-MSCI-EM-UCITS-ETF-USD-Acc_fund&dataType=fund,10.Sept.2026,high
1801.HK,INNOVENT BIOLOGICS,China,Gesundheitsversorgung,1801,Hong Kong Exchanges And Clearing Ltd,,0.13631,MSCI_EM,https://www.ishares.com/de/privatanleger/de/produkte/251858/ishares-msci-emerging-markets-ucits-etf-acc-fund/1535604580385.ajax?fileType=xls&fileName=iShares-MSCI-EM-UCITS-ETF-USD-Acc_fund&dataType=fund,10.Sept.2026,high
3443.TW,GLOBAL UNICHIP,Taiwan,IT,3443,Taiwan Stock Exchange,,0.13529,MSCI_EM,https://www.ishares.com/de/privatanleger/de/produkte/251858/ishares-msci-emerging-markets-ucits-etf-acc-fund/1535604580385.ajax?fileType=xls&fileName=iShares-MSCI-EM-UCITS-ETF-USD-Acc_fund&dataType=fund,10.Sept.2026,high
3231.TW,WISTRON,Taiwan,IT,3231,Taiwan Stock Exchange,,0.135,MSCI_EM,https://www.ishares.com/de/privatanleger/de/produkte/251858/ishares-msci-emerging-markets-ucits-etf-acc-fund/1535604580385.ajax?fileType=xls&fileName=iShares-MSCI-EM-UCITS-ETF-USD-Acc_fund&dataType=fund,10.Sept.2026,high
2890.TW,SINOPAC FINANCIAL HOLDINGS,Taiwan,Finanzwesen,2890,Taiwan Stock Exchange,,0.13447,MSCI_EM,https://www.ishares.com/de/privatanleger/de/produkte/251858/ishares-msci-emerging-markets-ucits-etf-acc-fund/1535604580385.ajax?fileType=xls&fileName=iShares-MSCI-EM-UCITS-ETF-USD-Acc_fund&dataType=fund,10.Sept.2026,high
2412.TW,CHUNGHWA TELECOM LTD,Taiwan,Kommunikation,2412,Taiwan Stock Exchange,,0.13304,MSCI_EM,https://www.ishares.com/de/privatanleger/de/produkte/251858/ishares-msci-emerging-markets-ucits-etf-acc-fund/1535604580385.ajax?fileType=xls&fileName=iShares-MSCI-EM-UCITS-ETF-USD-Acc_fund&dataType=fund,10.Sept.2026,high
PBBANK.KL,PUBLIC BANK,Malaysia,Finanzwesen,PBBANK,Bursa Malaysia,,0.1328,MSCI_EM,https://www.ishares.com/de/privatanleger/de/produkte/251858/ishares-msci-emerging-markets-ucits-etf-acc-fund/1535604580385.ajax?fileType=xls&fileName=iShares-MSCI-EM-UCITS-ETF-USD-Acc_fund&dataType=fund,10.Sept.2026,high
316140.KS,WOORI FINANCIAL GROUP INC,Korea,Finanzwesen,316140,Korea Exchange (Stock Market),,0.13207,MSCI_EM,https://www.ishares.com/de/privatanleger/de/produkte/251858/ishares-msci-emerging-markets-ucits-etf-acc-fund/1535604580385.ajax?fileType=xls&fileName=iShares-MSCI-EM-UCITS-ETF-USD-Acc_fund&dataType=fund,10.Sept.2026,high
MARUTI.NS,MARUTI SUZUKI INDIA LTD,Indien,Zyklische Konsumgüter,MARUTI,National Stock Exchange Of India,,0.13022,MSCI_EM,https://www.ishares.com/de/privatanleger/de/produkte/251858/ishares-msci-emerging-markets-ucits-etf-acc-fund/1535604580385.ajax?fileType=xls&fileName=iShares-MSCI-EM-UCITS-ETF-USD-Acc_fund&dataType=fund,10.Sept.2026,high
034730.KS,SK INC,Korea,Industrie,034730,Korea Exchange (Stock Market),,0.12966,MSCI_EM,https://www.ishares.com/de/privatanleger/de/produkte/251858/ishares-msci-emerging-markets-ucits-etf-acc-fund/1535604580385.ajax?fileType=xls&fileName=iShares-MSCI-EM-UCITS-ETF-USD-Acc_fund&dataType=fund,10.Sept.2026,high
ETERNAL.NS,ETERNAL,Indien,Zyklische Konsumgüter,ETERNAL,National Stock Exchange Of India,,0.12783,MSCI_EM,https://www.ishares.com/de/privatanleger/de/produkte/251858/ishares-msci-emerging-markets-ucits-etf-acc-fund/1535604580385.ajax?fileType=xls&fileName=iShares-MSCI-EM-UCITS-ETF-USD-Acc_fund&dataType=fund,10.Sept.2026,high
SHFL.NS,SHRIRAM FINANCE LTD,Indien,Finanzwesen,SHFL,National Stock Exchange Of India,,0.12716,MSCI_EM,https://www.ishares.com/de/privatanleger/de/produkte/251858/ishares-msci-emerging-markets-ucits-etf-acc-fund/1535604580385.ajax?fileType=xls&fileName=iShares-MSCI-EM-UCITS-ETF-USD-Acc_fund&dataType=fund,10.Sept.2026,high
CEMEXCPO.MX,CEMEX CPO,Mexiko,Materialien,CEMEXCPO,Bolsa Mexicana De Valores,,0.12686,MSCI_EM,https://www.ishares.com/de/privatanleger/de/produkte/251858/ishares-msci-emerging-markets-ucits-etf-acc-fund/1535604580385.ajax?fileType=xls&fileName=iShares-MSCI-EM-UCITS-ETF-USD-Acc_fund&dataType=fund,10.Sept.2026,high
3653.TW,JENTECH PRECISION INDUSTRIAL LTD,Taiwan,IT,3653,Taiwan Stock Exchange,,0.12584,MSCI_EM,https://www.ishares.com/de/privatanleger/de/produkte/251858/ishares-msci-emerging-markets-ucits-etf-acc-fund/1535604580385.ajax?fileType=xls&fileName=iShares-MSCI-EM-UCITS-ETF-USD-Acc_fund&dataType=fund,10.Sept.2026,high
CIMB.KL,CIMB GROUP HOLDINGS,Malaysia,Finanzwesen,CIMB,Bursa Malaysia,,0.12358,MSCI_EM,https://www.ishares.com/de/privatanleger/de/produkte/251858/ishares-msci-emerging-markets-ucits-etf-acc-fund/1535604580385.ajax?fileType=xls&fileName=iShares-MSCI-EM-UCITS-ETF-USD-Acc_fund&dataType=fund,10.Sept.2026,high
BEL.NS,BHARAT ELECTRONICS LTD,Indien,Industrie,BEL,National Stock Exchange Of India,,0.12154,MSCI_EM,https://www.ishares.com/de/privatanleger/de/produkte/251858/ishares-msci-emerging-markets-ucits-etf-acc-fund/1535604580385.ajax?fileType=xls&fileName=iShares-MSCI-EM-UCITS-ETF-USD-Acc_fund&dataType=fund,10.Sept.2026,high
2328.HK,PICC PROPERTY AND CASUALTY LTD H,China,Finanzwesen,2328,Hong Kong Exchanges And Clearing Ltd,,0.12153,MSCI_EM,https://www.ishares.com/de/privatanleger/de/produkte/251858/ishares-msci-emerging-markets-ucits-etf-acc-fund/1535604580385.ajax?fileType=xls&fileName=iShares-MSCI-EM-UCITS-ETF-USD-Acc_fund&dataType=fund,10.Sept.2026,high
7769.TW,HONPRECISION INC,Taiwan,IT,7769,Taiwan Stock Exchange,,0.12145,MSCI_EM,https://www.ishares.com/de/privatanleger/de/produkte/251858/ishares-msci-emerging-markets-ucits-etf-acc-fund/1535604580385.ajax?fileType=xls&fileName=iShares-MSCI-EM-UCITS-ETF-USD-Acc_fund&dataType=fund,10.Sept.2026,high
066570.KS,LG ELECTRONICS INC,Korea,Zyklische Konsumgüter,066570,Korea Exchange (Stock Market),,0.12137,MSCI_EM,https://www.ishares.com/de/privatanleger/de/produkte/251858/ishares-msci-emerging-markets-ucits-etf-acc-fund/1535604580385.ajax?fileType=xls&fileName=iShares-MSCI-EM-UCITS-ETF-USD-Acc_fund&dataType=fund,10.Sept.2026,high
NTPC.NS,NTPC LTD,Indien,Versorger,NTPC,National Stock Exchange Of India,,0.12099,MSCI_EM,https://www.ishares.com/de/privatanleger/de/produkte/251858/ishares-msci-emerging-markets-ucits-etf-acc-fund/1535604580385.ajax?fileType=xls&fileName=iShares-MSCI-EM-UCITS-ETF-USD-Acc_fund&dataType=fund,10.Sept.2026,high
EMIRATESNBD.DU,EMIRATES NBD,Ver. Arabische Emirate,Finanzwesen,EMIRATESNBD,Dubai Financial Market,,0.12001,MSCI_EM,https://www.ishares.com/de/privatanleger/de/produkte/251858/ishares-msci-emerging-markets-ucits-etf-acc-fund/1535604580385.ajax?fileType=xls&fileName=iShares-MSCI-EM-UCITS-ETF-USD-Acc_fund&dataType=fund,10.Sept.2026,high
ICT.PS,INTERNATIONAL CONTAINER TERMINAL S,Philippinen,Industrie,ICT,Philippine Stock Exchange Inc.,,0.11881,MSCI_EM,https://www.ishares.com/de/privatanleger/de/produkte/251858/ishares-msci-emerging-markets-ucits-etf-acc-fund/1535604580385.ajax?fileType=xls&fileName=iShares-MSCI-EM-UCITS-ETF-USD-Acc_fund&dataType=fund,10.Sept.2026,high
6223.TWO,MPI CORP,Taiwan,IT,6223,Gretai Securities Market,,0.11712,MSCI_EM,https://www.ishares.com/de/privatanleger/de/produkte/251858/ishares-msci-emerging-markets-ucits-etf-acc-fund/1535604580385.ajax?fileType=xls&fileName=iShares-MSCI-EM-UCITS-ETF-USD-Acc_fund&dataType=fund,10.Sept.2026,high
TATASTEEL.NS,TATA STEEL LTD,Indien,Materialien,TATASTEEL,National Stock Exchange Of India,,0.11556,MSCI_EM,https://www.ishares.com/de/privatanleger/de/produkte/251858/ishares-msci-emerging-markets-ucits-etf-acc-fund/1535604580385.ajax?fileType=xls&fileName=iShares-MSCI-EM-UCITS-ETF-USD-Acc_fund&dataType=fund,10.Sept.2026,high
9987.HK,YUM CHINA HOLDINGS INC,China,Zyklische Konsumgüter,9987,Hong Kong Exchanges And Clearing Ltd,,0.11541,MSCI_EM,https://www.ishares.com/de/privatanleger/de/produkte/251858/ishares-msci-emerging-markets-ucits-etf-acc-fund/1535604580385.ajax?fileType=xls&fileName=iShares-MSCI-EM-UCITS-ETF-USD-Acc_fund&dataType=fund,10.Sept.2026,high
HINDUNILVR.NS,HINDUSTAN UNILEVER LTD,Indien,Nichtzyklische Konsumgüter,HINDUNILVR,National Stock Exchange Of India,,0.11467,MSCI_EM,https://www.ishares.com/de/privatanleger/de/produkte/251858/ishares-msci-emerging-markets-ucits-etf-acc-fund/1535604580385.ajax?fileType=xls&fileName=iShares-MSCI-EM-UCITS-ETF-USD-Acc_fund&dataType=fund,10.Sept.2026,high
HINDALCO.NS,HINDALCO INDUSTRIES LTD,Indien,Materialien,HINDALCO,National Stock Exchange Of India,,0.11307,MSCI_EM,https://www.ishares.com/de/privatanleger/de/produkte/251858/ishares-msci-emerging-markets-ucits-etf-acc-fund/1535604580385.ajax?fileType=xls&fileName=iShares-MSCI-EM-UCITS-ETF-USD-Acc_fund&dataType=fund,10.Sept.2026,high
2892.TW,FIRST FINANCIAL HOLDING LTD,Taiwan,Finanzwesen,2892,Taiwan Stock Exchange,,0.11124,MSCI_EM,https://www.ishares.com/de/privatanleger/de/produkte/251858/ishares-msci-emerging-markets-ucits-etf-acc-fund/1535604580385.ajax?fileType=xls&fileName=iShares-MSCI-EM-UCITS-ETF-USD-Acc_fund&dataType=fund,10.Sept.2026,high
6446.TW,PHARMAESSENTIA,Taiwan,Gesundheitsversorgung,6446,Taiwan Stock Exchange,,0.11123,MSCI_EM,https://www.ishares.com/de/privatanleger/de/produkte/251858/ishares-msci-emerging-markets-ucits-etf-acc-fund/1535604580385.ajax?fileType=xls&fileName=iShares-MSCI-EM-UCITS-ETF-USD-Acc_fund&dataType=fund,10.Sept.2026,high
0386.HK,CHINA PETROLEUM AND CHEMICAL H,China,Energie,386,Hong Kong Exchanges And Clearing Ltd,,0.11079,MSCI_EM,https://www.ishares.com/de/privatanleger/de/produkte/251858/ishares-msci-emerging-markets-ucits-etf-acc-fund/1535604580385.ajax?fileType=xls&fileName=iShares-MSCI-EM-UCITS-ETF-USD-Acc_fund&dataType=fund,10.Sept.2026,high
000810.KS,SAMSUNG FIRE & MARINE INSURANCE LT,Korea,Finanzwesen,000810,Korea Exchange (Stock Market),,0.1088,MSCI_EM,https://www.ishares.com/de/privatanleger/de/produkte/251858/ishares-msci-emerging-markets-ucits-etf-acc-fund/1535604580385.ajax?fileType=xls&fileName=iShares-MSCI-EM-UCITS-ETF-USD-Acc_fund&dataType=fund,10.Sept.2026,high
ADCB.AD,ABU DHABI COMMERCIAL BANK,Ver. Arabische Emirate,Finanzwesen,ADCB,Abu Dhabi Securities Exchange,,0.10856,MSCI_EM,https://www.ishares.com/de/privatanleger/de/produkte/251858/ishares-msci-emerging-markets-ucits-etf-acc-fund/1535604580385.ajax?fileType=xls&fileName=iShares-MSCI-EM-UCITS-ETF-USD-Acc_fund&dataType=fund,10.Sept.2026,high
TPEIR.AT,PIRAEUS BANK SA,Griechenland,Finanzwesen,TPEIR,Athens Exchange S.A. Cash Market,,0.10453,MSCI_EM,https://www.ishares.com/de/privatanleger/de/produkte/251858/ishares-msci-emerging-markets-ucits-etf-acc-fund/1535604580385.ajax?fileType=xls&fileName=iShares-MSCI-EM-UCITS-ETF-USD-Acc_fund&dataType=fund,10.Sept.2026,high
0175.HK,GEELY AUTOMOBILE HOLDINGS LTD,China,Zyklische Konsumgüter,175,Hong Kong Exchanges And Clearing Ltd,,0.10441,MSCI_EM,https://www.ishares.com/de/privatanleger/de/produkte/251858/ishares-msci-emerging-markets-ucits-etf-acc-fund/1535604580385.ajax?fileType=xls&fileName=iShares-MSCI-EM-UCITS-ETF-USD-Acc_fund&dataType=fund,10.Sept.2026,high
IMP.JO,IMPALA PLATINUM,Südafrika,Materialien,IMP,Johannesburg Stock Exchange,,0.10337,MSCI_EM,https://www.ishares.com/de/privatanleger/de/produkte/251858/ishares-msci-emerging-markets-ucits-etf-acc-fund/1535604580385.ajax?fileType=xls&fileName=iShares-MSCI-EM-UCITS-ETF-USD-Acc_fund&dataType=fund,10.Sept.2026,high
EUROB.AT,EUROBANK SA,Griechenland,Finanzwesen,EUROB,Athens Exchange S.A. Cash Market,,0.10314,MSCI_EM,https://www.ishares.com/de/privatanleger/de/produkte/251858/ishares-msci-emerging-markets-ucits-etf-acc-fund/1535604580385.ajax?fileType=xls&fileName=iShares-MSCI-EM-UCITS-ETF-USD-Acc_fund&dataType=fund,10.Sept.2026,high
WALMEX*.MX,WALMART DE MEXICO V,Mexiko,Nichtzyklische Konsumgüter,WALMEX*,Bolsa Mexicana De Valores,,0.10211,MSCI_EM,https://www.ishares.com/de/privatanleger/de/produkte/251858/ishares-msci-emerging-markets-ucits-etf-acc-fund/1535604580385.ajax?fileType=xls&fileName=iShares-MSCI-EM-UCITS-ETF-USD-Acc_fund&dataType=fund,10.Sept.2026,high
2880.TW,HUA NAN FINANCIAL HOLDINGS,Taiwan,Finanzwesen,2880,Taiwan Stock Exchange,,0.10173,MSCI_EM,https://www.ishares.com/de/privatanleger/de/produkte/251858/ishares-msci-emerging-markets-ucits-etf-acc-fund/1535604580385.ajax?fileType=xls&fileName=iShares-MSCI-EM-UCITS-ETF-USD-Acc_fund&dataType=fund,10.Sept.2026,high
373220.KS,LG ENERGY SOLUTION LTD,Korea,Industrie,373220,Korea Exchange (Stock Market),,0.1015,MSCI_EM,https://www.ishares.com/de/privatanleger/de/produkte/251858/ishares-msci-emerging-markets-ucits-etf-acc-fund/1535604580385.ajax?fileType=xls&fileName=iShares-MSCI-EM-UCITS-ETF-USD-Acc_fund&dataType=fund,10.Sept.2026,high
KGH.WA,KGHM POLSKA MIEDZ SA,Polen,Materialien,KGH,Warsaw Stock Exchange/Equities/Main Market,,0.10093,MSCI_EM,https://www.ishares.com/de/privatanleger/de/produkte/251858/ishares-msci-emerging-markets-ucits-etf-acc-fund/1535604580385.ajax?fileType=xls&fileName=iShares-MSCI-EM-UCITS-ETF-USD-Acc_fund&dataType=fund,10.Sept.2026,high
267260.KS,HD HYUNDAI ELECTRIC,Korea,Industrie,267260,Korea Exchange (Stock Market),,0.10018,MSCI_EM,https://www.ishares.com/de/privatanleger/de/produkte/251858/ishares-msci-emerging-markets-ucits-etf-acc-fund/1535604580385.ajax?fileType=xls&fileName=iShares-MSCI-EM-UCITS-ETF-USD-Acc_fund&dataType=fund,10.Sept.2026,high
MAYBANK.KL,MALAYAN BANKING,Malaysia,Finanzwesen,MAYBANK,Bursa Malaysia,,0.09874,MSCI_EM,https://www.ishares.com/de/privatanleger/de/produkte/251858/ishares-msci-emerging-markets-ucits-etf-acc-fund/1535604580385.ajax?fileType=xls&fileName=iShares-MSCI-EM-UCITS-ETF-USD-Acc_fund&dataType=fund,10.Sept.2026,high
PEO.WA,BANK PEKAO SA,Polen,Finanzwesen,PEO,Warsaw Stock Exchange/Equities/Main Market,,0.09816,MSCI_EM,https://www.ishares.com/de/privatanleger/de/produkte/251858/ishares-msci-emerging-markets-ucits-etf-acc-fund/1535604580385.ajax?fileType=xls&fileName=iShares-MSCI-EM-UCITS-ETF-USD-Acc_fund&dataType=fund,10.Sept.2026,high
3750.HK,CONTEMPORARY AMPEREX TECHNOLOGY CL,China,Industrie,3750,Hong Kong Exchanges And Clearing Ltd,,0.09785,MSCI_EM,https://www.ishares.com/de/privatanleger/de/produkte/251858/ishares-msci-emerging-markets-ucits-etf-acc-fund/1535604580385.ajax?fileType=xls&fileName=iShares-MSCI-EM-UCITS-ETF-USD-Acc_fund&dataType=fund,10.Sept.2026,high
4958.TW,ZHEN DING TECHNOLOGY HOLDING LTD,Taiwan,IT,4958,Taiwan Stock Exchange,,0.09727,MSCI_EM,https://www.ishares.com/de/privatanleger/de/produkte/251858/ishares-msci-emerging-markets-ucits-etf-acc-fund/1535604580385.ajax?fileType=xls&fileName=iShares-MSCI-EM-UCITS-ETF-USD-Acc_fund&dataType=fund,10.Sept.2026,high
PZU.WA,PZU SA,Polen,Finanzwesen,PZU,Warsaw Stock Exchange/Equities/Main Market,,0.09666,MSCI_EM,https://www.ishares.com/de/privatanleger/de/produkte/251858/ishares-msci-emerging-markets-ucits-etf-acc-fund/1535604580385.ajax?fileType=xls&fileName=iShares-MSCI-EM-UCITS-ETF-USD-Acc_fund&dataType=fund,10.Sept.2026,high
POWERGRID.NS,POWER GRID CORPORATION OF INDIA,Indien,Versorger,POWERGRID,National Stock Exchange Of India,,0.09543,MSCI_EM,https://www.ishares.com/de/privatanleger/de/produkte/251858/ishares-msci-emerging-markets-ucits-etf-acc-fund/1535604580385.ajax?fileType=xls&fileName=iShares-MSCI-EM-UCITS-ETF-USD-Acc_fund&dataType=fund,10.Sept.2026,high
HCLTECH.NS,HCL TECHNOLOGIES LTD,Indien,IT,HCLTECH,National Stock Exchange Of India,,0.09531,MSCI_EM,https://www.ishares.com/de/privatanleger/de/produkte/251858/ishares-msci-emerging-markets-ucits-etf-acc-fund/1535604580385.ajax?fileType=xls&fileName=iShares-MSCI-EM-UCITS-ETF-USD-Acc_fund&dataType=fund,10.Sept.2026,high
ULTRACEMCO.NS,ULTRATECH CEMENT LTD,Indien,Materialien,ULTRACEMCO,National Stock Exchange Of India,,0.09496,MSCI_EM,https://www.ishares.com/de/privatanleger/de/produkte/251858/ishares-msci-emerging-markets-ucits-etf-acc-fund/1535604580385.ajax?fileType=xls&fileName=iShares-MSCI-EM-UCITS-ETF-USD-Acc_fund&dataType=fund,10.Sept.2026,high
PTT.R.BK,PTT NON-VOTING DR,Thailand,Energie,PTT.R,Stock Exchange Of Thailand,,0.09478,MSCI_EM,https://www.ishares.com/de/privatanleger/de/produkte/251858/ishares-msci-emerging-markets-ucits-etf-acc-fund/1535604580385.ajax?fileType=xls&fileName=iShares-MSCI-EM-UCITS-ETF-USD-Acc_fund&dataType=fund,10.Sept.2026,high
DIVISLAB.NS,DIVIS LABORATORIES LTD,Indien,Gesundheitsversorgung,DIVISLAB,National Stock Exchange Of India,,0.09456,MSCI_EM,https://www.ishares.com/de/privatanleger/de/produkte/251858/ishares-msci-emerging-markets-ucits-etf-acc-fund/1535604580385.ajax?fileType=xls&fileName=iShares-MSCI-EM-UCITS-ETF-USD-Acc_fund&dataType=fund,10.Sept.2026,high
2010.SR,SAUDI BASIC INDUSTRIES,Saudi-Arabien,Materialien,2010,Saudi Stock Exchange,,0.09439,MSCI_EM,https://www.ishares.com/de/privatanleger/de/produkte/251858/ishares-msci-emerging-markets-ucits-etf-acc-fund/1535604580385.ajax?fileType=xls&fileName=iShares-MSCI-EM-UCITS-ETF-USD-Acc_fund&dataType=fund,10.Sept.2026,high
8299.TWO,PHISON ELECTRONICS CORP,Taiwan,IT,8299,Gretai Securities Market,,0.09406,MSCI_EM,https://www.ishares.com/de/privatanleger/de/produkte/251858/ishares-msci-emerging-markets-ucits-etf-acc-fund/1535604580385.ajax?fileType=xls&fileName=iShares-MSCI-EM-UCITS-ETF-USD-Acc_fund&dataType=fund,10.Sept.2026,high
010120.KS,LS ELECTRIC LTD,Korea,Industrie,010120,Korea Exchange (Stock Market),,0.0937,MSCI_EM,https://www.ishares.com/de/privatanleger/de/produkte/251858/ishares-msci-emerging-markets-ucits-etf-acc-fund/1535604580385.ajax?fileType=xls&fileName=iShares-MSCI-EM-UCITS-ETF-USD-Acc_fund&dataType=fund,10.Sept.2026,high
ABG.JO,ABSA GROUP,Südafrika,Finanzwesen,ABG,Johannesburg Stock Exchange,,0.09321,MSCI_EM,https://www.ishares.com/de/privatanleger/de/produkte/251858/ishares-msci-emerging-markets-ucits-etf-acc-fund/1535604580385.ajax?fileType=xls&fileName=iShares-MSCI-EM-UCITS-ETF-USD-Acc_fund&dataType=fund,10.Sept.2026,high
2082.SR,ACWA POWER CO,Saudi-Arabien,Versorger,2082,Saudi Stock Exchange,,0.09321,MSCI_EM,https://www.ishares.com/de/privatanleger/de/produkte/251858/ishares-msci-emerging-markets-ucits-etf-acc-fund/1535604580385.ajax?fileType=xls&fileName=iShares-MSCI-EM-UCITS-ETF-USD-Acc_fund&dataType=fund,10.Sept.2026,high
207940.KS,SAMSUNG BIOLOGICS,Korea,Gesundheitsversorgung,207940,Korea Exchange (Stock Market),,0.09288,MSCI_EM,https://www.ishares.com/de/privatanleger/de/produkte/251858/ishares-msci-emerging-markets-ucits-etf-acc-fund/1535604580385.ajax?fileType=xls&fileName=iShares-MSCI-EM-UCITS-ETF-USD-Acc_fund&dataType=fund,10.Sept.2026,high
BBRI.JK,BANK RAKYAT INDONESIA (PERSERO),Indonesien,Finanzwesen,BBRI,Indonesia Stock Exchange,,0.09208,MSCI_EM,https://www.ishares.com/de/privatanleger/de/produkte/251858/ishares-msci-emerging-markets-ucits-etf-acc-fund/1535604580385.ajax?fileType=xls&fileName=iShares-MSCI-EM-UCITS-ETF-USD-Acc_fund&dataType=fund,10.Sept.2026,high
PFCIBEST.CL,GRUPO CIBEST PREF SA,Kolumbien,Finanzwesen,PFCIBEST,Bolsa De Valores De Colombia,,0.09207,MSCI_EM,https://www.ishares.com/de/privatanleger/de/produkte/251858/ishares-msci-emerging-markets-ucits-etf-acc-fund/1535604580385.ajax?fileType=xls&fileName=iShares-MSCI-EM-UCITS-ETF-USD-Acc_fund&dataType=fund,10.Sept.2026,high
ALE.WA,ALLEGRO SA,Polen,Zyklische Konsumgüter,ALE,Warsaw Stock Exchange/Equities/Main Market,,0.09162,MSCI_EM,https://www.ishares.com/de/privatanleger/de/produkte/251858/ishares-msci-emerging-markets-ucits-etf-acc-fund/1535604580385.ajax?fileType=xls&fileName=iShares-MSCI-EM-UCITS-ETF-USD-Acc_fund&dataType=fund,10.Sept.2026,high
2423.HK,KE HOLDINGS,China,Immobilien,2423,Hong Kong Exchanges And Clearing Ltd,,0.09096,MSCI_EM,https://www.ishares.com/de/privatanleger/de/produkte/251858/ishares-msci-emerging-markets-ucits-etf-acc-fund/1535604580385.ajax?fileType=xls&fileName=iShares-MSCI-EM-UCITS-ETF-USD-Acc_fund&dataType=fund,10.Sept.2026,high
HAR.JO,HARMONY GOLD MINING COMPANY LIMITE,Südafrika,Materialien,HAR,Johannesburg Stock Exchange,,0.09096,MSCI_EM,https://www.ishares.com/de/privatanleger/de/produkte/251858/ishares-msci-emerging-markets-ucits-etf-acc-fund/1535604580385.ajax?fileType=xls&fileName=iShares-MSCI-EM-UCITS-ETF-USD-Acc_fund&dataType=fund,10.Sept.2026,high
1024.HK,KUAISHOU TECHNOLOGY,China,Kommunikation,1024,Hong Kong Exchanges And Clearing Ltd,,0.09095,MSCI_EM,https://www.ishares.com/de/privatanleger/de/produkte/251858/ishares-msci-emerging-markets-ucits-etf-acc-fund/1535604580385.ajax?fileType=xls&fileName=iShares-MSCI-EM-UCITS-ETF-USD-Acc_fund&dataType=fund,10.Sept.2026,high
033780.KS,KT&G CORP,Korea,Nichtzyklische Konsumgüter,033780,Korea Exchange (Stock Market),,0.09095,MSCI_EM,https://www.ishares.com/de/privatanleger/de/produkte/251858/ishares-msci-emerging-markets-ucits-etf-acc-fund/1535604580385.ajax?fileType=xls&fileName=iShares-MSCI-EM-UCITS-ETF-USD-Acc_fund&dataType=fund,10.Sept.2026,high
3481.TW,INNOLUX CORP,Taiwan,IT,3481,Taiwan Stock Exchange,,0.09081,MSCI_EM,https://www.ishares.com/de/privatanleger/de/produkte/251858/ishares-msci-emerging-markets-ucits-etf-acc-fund/1535604580385.ajax?fileType=xls&fileName=iShares-MSCI-EM-UCITS-ETF-USD-Acc_fund&dataType=fund,10.Sept.2026,high
1216.TW,UNI-PRESIDENT ENTERPRISES,Taiwan,Nichtzyklische Konsumgüter,1216,Taiwan Stock Exchange,,0.08968,MSCI_EM,https://www.ishares.com/de/privatanleger/de/produkte/251858/ishares-msci-emerging-markets-ucits-etf-acc-fund/1535604580385.ajax?fileType=xls&fileName=iShares-MSCI-EM-UCITS-ETF-USD-Acc_fund&dataType=fund,10.Sept.2026,high
009540.KS,HD KOREA SHIPBUILDING & OFFSHORE E,Korea,Industrie,009540,Korea Exchange (Stock Market),,0.08886,MSCI_EM,https://www.ishares.com/de/privatanleger/de/produkte/251858/ishares-msci-emerging-markets-ucits-etf-acc-fund/1535604580385.ajax?fileType=xls&fileName=iShares-MSCI-EM-UCITS-ETF-USD-Acc_fund&dataType=fund,10.Sept.2026,high
2020.HK,ANTA SPORTS PRODUCTS LTD,China,Zyklische Konsumgüter,2020,Hong Kong Exchanges And Clearing Ltd,,0.08852,MSCI_EM,https://www.ishares.com/de/privatanleger/de/produkte/251858/ishares-msci-emerging-markets-ucits-etf-acc-fund/1535604580385.ajax?fileType=xls&fileName=iShares-MSCI-EM-UCITS-ETF-USD-Acc_fund&dataType=fund,10.Sept.2026,high
2368.TW,GOLD CIRCUIT ELECTRONICS,Taiwan,IT,2368,Taiwan Stock Exchange,,0.08805,MSCI_EM,https://www.ishares.com/de/privatanleger/de/produkte/251858/ishares-msci-emerging-markets-ucits-etf-acc-fund/1535604580385.ajax?fileType=xls&fileName=iShares-MSCI-EM-UCITS-ETF-USD-Acc_fund&dataType=fund,10.Sept.2026,high
ADVANC.R.BK,ADVANCED INFO SERVICE NON-VOTING D,Thailand,Kommunikation,ADVANC.R,Stock Exchange Of Thailand,,0.08744,MSCI_EM,https://www.ishares.com/de/privatanleger/de/produkte/251858/ishares-msci-emerging-markets-ucits-etf-acc-fund/1535604580385.ajax?fileType=xls&fileName=iShares-MSCI-EM-UCITS-ETF-USD-Acc_fund&dataType=fund,10.Sept.2026,high
298040.KS,HYOSUNG HEAVY INDUSTRIES CORP,Korea,Industrie,298040,Korea Exchange (Stock Market),,0.0871,MSCI_EM,https://www.ishares.com/de/privatanleger/de/produkte/251858/ishares-msci-emerging-markets-ucits-etf-acc-fund/1535604580385.ajax?fileType=xls&fileName=iShares-MSCI-EM-UCITS-ETF-USD-Acc_fund&dataType=fund,10.Sept.2026,high
196170.KQ,ALTEOGEN INC,Korea,Gesundheitsversorgung,196170,Korea Exchange (Kosdaq),,0.08672,MSCI_EM,https://www.ishares.com/de/privatanleger/de/produkte/251858/ishares-msci-emerging-markets-ucits-etf-acc-fund/1535604580385.ajax?fileType=xls&fileName=iShares-MSCI-EM-UCITS-ETF-USD-Acc_fund&dataType=fund,10.Sept.2026,high
2379.TW,REALTEK SEMICONDUCTOR,Taiwan,IT,2379,Taiwan Stock Exchange,,0.08627,MSCI_EM,https://www.ishares.com/de/privatanleger/de/produkte/251858/ishares-msci-emerging-markets-ucits-etf-acc-fund/1535604580385.ajax?fileType=xls&fileName=iShares-MSCI-EM-UCITS-ETF-USD-Acc_fund&dataType=fund,10.Sept.2026,high
1109.HK,CHINA RESOURCES LAND,China,Immobilien,1109,Hong Kong Exchanges And Clearing Ltd,,0.08624,MSCI_EM,https://www.ishares.com/de/privatanleger/de/produkte/251858/ishares-msci-emerging-markets-ucits-etf-acc-fund/1535604580385.ajax?fileType=xls&fileName=iShares-MSCI-EM-UCITS-ETF-USD-Acc_fund&dataType=fund,10.Sept.2026,high
1347.HK,HUA HONG GRACE SEMICONDUCTOR LTD,China,IT,1347,Hong Kong Exchanges And Clearing Ltd,,0.08572,MSCI_EM,https://www.ishares.com/de/privatanleger/de/produkte/251858/ishares-msci-emerging-markets-ucits-etf-acc-fund/1535604580385.ajax?fileType=xls&fileName=iShares-MSCI-EM-UCITS-ETF-USD-Acc_fund&dataType=fund,10.Sept.2026,high
010140.KS,SAMSUNG HEAVY INDUSTRIES LTD,Korea,Industrie,010140,Korea Exchange (Stock Market),,0.0854,MSCI_EM,https://www.ishares.com/de/privatanleger/de/produkte/251858/ishares-msci-emerging-markets-ucits-etf-acc-fund/1535604580385.ajax?fileType=xls&fileName=iShares-MSCI-EM-UCITS-ETF-USD-Acc_fund&dataType=fund,10.Sept.2026,high
329180.KS,HD HYUNDAI HEAVY INDUSTRIES LTD,Korea,Industrie,329180,Korea Exchange (Stock Market),,0.08494,MSCI_EM,https://www.ishares.com/de/privatanleger/de/produkte/251858/ishares-msci-emerging-markets-ucits-etf-acc-fund/1535604580385.ajax?fileType=xls&fileName=iShares-MSCI-EM-UCITS-ETF-USD-Acc_fund&dataType=fund,10.Sept.2026,high
1010.SR,RIYAD BANK,Saudi-Arabien,Finanzwesen,1010,Saudi Stock Exchange,,0.08475,MSCI_EM,https://www.ishares.com/de/privatanleger/de/produkte/251858/ishares-msci-emerging-markets-ucits-etf-acc-fund/1535604580385.ajax?fileType=xls&fileName=iShares-MSCI-EM-UCITS-ETF-USD-Acc_fund&dataType=fund,10.Sept.2026,high
EICHERMOT.NS,EICHER MOTORS LTD,Indien,Zyklische Konsumgüter,EICHERMOT,National Stock Exchange Of India,,0.08464,MSCI_EM,https://www.ishares.com/de/privatanleger/de/produkte/251858/ishares-msci-emerging-markets-ucits-etf-acc-fund/1535604580385.ajax?fileType=xls&fileName=iShares-MSCI-EM-UCITS-ETF-USD-Acc_fund&dataType=fund,10.Sept.2026,high
3034.TW,NOVATEK MICROELECTRONICS,Taiwan,IT,3034,Taiwan Stock Exchange,,0.08437,MSCI_EM,https://www.ishares.com/de/privatanleger/de/produkte/251858/ishares-msci-emerging-markets-ucits-etf-acc-fund/1535604580385.ajax?fileType=xls&fileName=iShares-MSCI-EM-UCITS-ETF-USD-Acc_fund&dataType=fund,10.Sept.2026,high
051910.KS,LG CHEM LTD,Korea,Materialien,051910,Korea Exchange (Stock Market),,0.08292,MSCI_EM,https://www.ishares.com/de/privatanleger/de/produkte/251858/ishares-msci-emerging-markets-ucits-etf-acc-fund/1535604580385.ajax?fileType=xls&fileName=iShares-MSCI-EM-UCITS-ETF-USD-Acc_fund&dataType=fund,10.Sept.2026,high
3665.TW,BIZLINK HOLDING INC,Taiwan,Industrie,3665,Taiwan Stock Exchange,,0.08274,MSCI_EM,https://www.ishares.com/de/privatanleger/de/produkte/251858/ishares-msci-emerging-markets-ucits-etf-acc-fund/1535604580385.ajax?fileType=xls&fileName=iShares-MSCI-EM-UCITS-ETF-USD-Acc_fund&dataType=fund,10.Sept.2026,high
2601.HK,CHINA PACIFIC INSURANCE (GROUP) H,China,Finanzwesen,2601,Hong Kong Exchanges And Clearing Ltd,,0.08078,MSCI_EM,https://www.ishares.com/de/privatanleger/de/produkte/251858/ishares-msci-emerging-markets-ucits-etf-acc-fund/1535604580385.ajax?fileType=xls&fileName=iShares-MSCI-EM-UCITS-ETF-USD-Acc_fund&dataType=fund,10.Sept.2026,high
QIBK.QA,QATAR ISLAMIC BANK,Qatar,Finanzwesen,QIBK,Qatar Exchange,,0.0802,MSCI_EM,https://www.ishares.com/de/privatanleger/de/produkte/251858/ishares-msci-emerging-markets-ucits-etf-acc-fund/1535604580385.ajax?fileType=xls&fileName=iShares-MSCI-EM-UCITS-ETF-USD-Acc_fund&dataType=fund,10.Sept.2026,high
ASIANPAINT.NS,ASIAN PAINTS,Indien,Materialien,ASIANPAINT,National Stock Exchange Of India,,0.07943,MSCI_EM,https://www.ishares.com/de/privatanleger/de/produkte/251858/ishares-msci-emerging-markets-ucits-etf-acc-fund/1535604580385.ajax?fileType=xls&fileName=iShares-MSCI-EM-UCITS-ETF-USD-Acc_fund&dataType=fund,10.Sept.2026,high
ADANIPORTS.NS,ADANI PORTS AND SPECIAL ECONOMIC Z,Indien,Industrie,ADANIPORTS,National Stock Exchange Of India,,0.0792,MSCI_EM,https://www.ishares.com/de/privatanleger/de/produkte/251858/ishares-msci-emerging-markets-ucits-etf-acc-fund/1535604580385.ajax?fileType=xls&fileName=iShares-MSCI-EM-UCITS-ETF-USD-Acc_fund&dataType=fund,10.Sept.2026,high
SQM.B.SN,SOCIEDAD QUIMICA Y MINERA DE CHILE,Chile,Materialien,SQM.B,Santiago Stock Exchange,,0.07889,MSCI_EM,https://www.ishares.com/de/privatanleger/de/produkte/251858/ishares-msci-emerging-markets-ucits-etf-acc-fund/1535604580385.ajax?fileType=xls&fileName=iShares-MSCI-EM-UCITS-ETF-USD-Acc_fund&dataType=fund,10.Sept.2026,high
INDIGO.NS,INTERGLOBE AVIATION LTD,Indien,Industrie,INDIGO,National Stock Exchange Of India,,0.07837,MSCI_EM,https://www.ishares.com/de/privatanleger/de/produkte/251858/ishares-msci-emerging-markets-ucits-etf-acc-fund/1535604580385.ajax?fileType=xls&fileName=iShares-MSCI-EM-UCITS-ETF-USD-Acc_fund&dataType=fund,10.Sept.2026,high
BBDC4.SA,BANCO BRADESCO PREF,Brasilien,Finanzwesen,BBDC4,XBSP,,0.07788,MSCI_EM,https://www.ishares.com/de/privatanleger/de/produkte/251858/ishares-msci-emerging-markets-ucits-etf-acc-fund/1535604580385.ajax?fileType=xls&fileName=iShares-MSCI-EM-UCITS-ETF-USD-Acc_fund&dataType=fund,10.Sept.2026,high
B3SA3.SA,B3 BRASIL BOLSA BALCAO SA,Brasilien,Finanzwesen,B3SA3,XBSP,,0.07787,MSCI_EM,https://www.ishares.com/de/privatanleger/de/produkte/251858/ishares-msci-emerging-markets-ucits-etf-acc-fund/1535604580385.ajax?fileType=xls&fileName=iShares-MSCI-EM-UCITS-ETF-USD-Acc_fund&dataType=fund,10.Sept.2026,high
1150.SR,ALINMA BANK,Saudi-Arabien,Finanzwesen,1150,Saudi Stock Exchange,,0.07763,MSCI_EM,https://www.ishares.com/de/privatanleger/de/produkte/251858/ishares-msci-emerging-markets-ucits-etf-acc-fund/1535604580385.ajax?fileType=xls&fileName=iShares-MSCI-EM-UCITS-ETF-USD-Acc_fund&dataType=fund,10.Sept.2026,high
9992.HK,POP MART INTERNATIONAL GROUP,China,Zyklische Konsumgüter,9992,Hong Kong Exchanges And Clearing Ltd,,0.07716,MSCI_EM,https://www.ishares.com/de/privatanleger/de/produkte/251858/ishares-msci-emerging-markets-ucits-etf-acc-fund/1535604580385.ajax?fileType=xls&fileName=iShares-MSCI-EM-UCITS-ETF-USD-Acc_fund&dataType=fund,10.Sept.2026,high
5880.TW,TAIWAN COOPERATIVE FINANCIAL HOLDI,Taiwan,Finanzwesen,5880,Taiwan Stock Exchange,,0.07675,MSCI_EM,https://www.ishares.com/de/privatanleger/de/produkte/251858/ishares-msci-emerging-markets-ucits-etf-acc-fund/1535604580385.ajax?fileType=xls&fileName=iShares-MSCI-EM-UCITS-ETF-USD-Acc_fund&dataType=fund,10.Sept.2026,high
PE&OLES*.MX,INDUST PENOLES,Mexiko,Materialien,PE&OLES*,Bolsa Mexicana De Valores,,0.07648,MSCI_EM,https://www.ishares.com/de/privatanleger/de/produkte/251858/ishares-msci-emerging-markets-ucits-etf-acc-fund/1535604580385.ajax?fileType=xls&fileName=iShares-MSCI-EM-UCITS-ETF-USD-Acc_fund&dataType=fund,10.Sept.2026,high
1378.HK,CHINA HONGQIAO GROUP LTD,China,Materialien,1378,Hong Kong Exchanges And Clearing Ltd,,0.07647,MSCI_EM,https://www.ishares.com/de/privatanleger/de/produkte/251858/ishares-msci-emerging-markets-ucits-etf-acc-fund/1535604580385.ajax?fileType=xls&fileName=iShares-MSCI-EM-UCITS-ETF-USD-Acc_fund&dataType=fund,10.Sept.2026,high
CHILE.SN,BANCO DE CHILE,Chile,Finanzwesen,CHILE,Santiago Stock Exchange,,0.07625,MSCI_EM,https://www.ishares.com/de/privatanleger/de/produkte/251858/ishares-msci-emerging-markets-ucits-etf-acc-fund/1535604580385.ajax?fileType=xls&fileName=iShares-MSCI-EM-UCITS-ETF-USD-Acc_fund&dataType=fund,10.Sept.2026,high
SLM.JO,SANLAM LIMITED LTD,Südafrika,Finanzwesen,SLM,Johannesburg Stock Exchange,,0.07557,MSCI_EM,https://www.ishares.com/de/privatanleger/de/produkte/251858/ishares-msci-emerging-markets-ucits-etf-acc-fund/1535604580385.ajax?fileType=xls&fileName=iShares-MSCI-EM-UCITS-ETF-USD-Acc_fund&dataType=fund,10.Sept.2026,high
APOLLOHOSP.NS,APOLLO HOSPITALS ENTERPRISE,Indien,Gesundheitsversorgung,APOLLOHOSP,National Stock Exchange Of India,,0.07538,MSCI_EM,https://www.ishares.com/de/privatanleger/de/produkte/251858/ishares-msci-emerging-markets-ucits-etf-acc-fund/1535604580385.ajax?fileType=xls&fileName=iShares-MSCI-EM-UCITS-ETF-USD-Acc_fund&dataType=fund,10.Sept.2026,high
TVSMOTOR.NS,TVS MOTOR COMPANY,Indien,Zyklische Konsumgüter,TVSMOTOR,National Stock Exchange Of India,,0.07527,MSCI_EM,https://www.ishares.com/de/privatanleger/de/produkte/251858/ishares-msci-emerging-markets-ucits-etf-acc-fund/1535604580385.ajax?fileType=xls&fileName=iShares-MSCI-EM-UCITS-ETF-USD-Acc_fund&dataType=fund,10.Sept.2026,high
2395.TW,ADVANTECH,Taiwan,IT,2395,Taiwan Stock Exchange,,0.07517,MSCI_EM,https://www.ishares.com/de/privatanleger/de/produkte/251858/ishares-msci-emerging-markets-ucits-etf-acc-fund/1535604580385.ajax?fileType=xls&fileName=iShares-MSCI-EM-UCITS-ETF-USD-Acc_fund&dataType=fund,10.Sept.2026,high
ASELS.E.IS,ASELSAN ELEKTRONIK SANAYI VE TICAR,Türkei,Industrie,ASELS.E,Istanbul Stock Exchange,,0.07488,MSCI_EM,https://www.ishares.com/de/privatanleger/de/produkte/251858/ishares-msci-emerging-markets-ucits-etf-acc-fund/1535604580385.ajax?fileType=xls&fileName=iShares-MSCI-EM-UCITS-ETF-USD-Acc_fund&dataType=fund,10.Sept.2026,high
2449.TW,KING YUAN ELECTRONICS,Taiwan,IT,2449,Taiwan Stock Exchange,,0.07441,MSCI_EM,https://www.ishares.com/de/privatanleger/de/produkte/251858/ishares-msci-emerging-markets-ucits-etf-acc-fund/1535604580385.ajax?fileType=xls&fileName=iShares-MSCI-EM-UCITS-ETF-USD-Acc_fund&dataType=fund,10.Sept.2026,high
ADIB.AD,ABU DHABI ISLAMIC BANK,Ver. Arabische Emirate,Finanzwesen,ADIB,Abu Dhabi Securities Exchange,,0.07436,MSCI_EM,https://www.ishares.com/de/privatanleger/de/produkte/251858/ishares-msci-emerging-markets-ucits-etf-acc-fund/1535604580385.ajax?fileType=xls&fileName=iShares-MSCI-EM-UCITS-ETF-USD-Acc_fund&dataType=fund,10.Sept.2026,high
GRASIM.NS,GRASIM INDUSTRIES,Indien,Materialien,GRASIM,National Stock Exchange Of India,,0.07371,MSCI_EM,https://www.ishares.com/de/privatanleger/de/produkte/251858/ishares-msci-emerging-markets-ucits-etf-acc-fund/1535604580385.ajax?fileType=xls&fileName=iShares-MSCI-EM-UCITS-ETF-USD-Acc_fund&dataType=fund,10.Sept.2026,high
SHP.JO,SHOPRITE HOLDINGS LTD,Südafrika,Nichtzyklische Konsumgüter,SHP,Johannesburg Stock Exchange,,0.07309,MSCI_EM,https://www.ishares.com/de/privatanleger/de/produkte/251858/ishares-msci-emerging-markets-ucits-etf-acc-fund/1535604580385.ajax?fileType=xls&fileName=iShares-MSCI-EM-UCITS-ETF-USD-Acc_fund&dataType=fund,10.Sept.2026,high
TMCV.NS,TATA MOTORS LTD,Indien,Industrie,TMCV,National Stock Exchange Of India,,0.07307,MSCI_EM,https://www.ishares.com/de/privatanleger/de/produkte/251858/ishares-msci-emerging-markets-ucits-etf-acc-fund/1535604580385.ajax?fileType=xls&fileName=iShares-MSCI-EM-UCITS-ETF-USD-Acc_fund&dataType=fund,10.Sept.2026,high
2359.HK,WUXI APPTEC H,China,Gesundheitsversorgung,2359,Hong Kong Exchanges And Clearing Ltd,,0.07288,MSCI_EM,https://www.ishares.com/de/privatanleger/de/produkte/251858/ishares-msci-emerging-markets-ucits-etf-acc-fund/1535604580385.ajax?fileType=xls&fileName=iShares-MSCI-EM-UCITS-ETF-USD-Acc_fund&dataType=fund,10.Sept.2026,high
BMRI.JK,BANK MANDIRI (PERSERO),Indonesien,Finanzwesen,BMRI,Indonesia Stock Exchange,,0.07285,MSCI_EM,https://www.ishares.com/de/privatanleger/de/produkte/251858/ishares-msci-emerging-markets-ucits-etf-acc-fund/1535604580385.ajax?fileType=xls&fileName=iShares-MSCI-EM-UCITS-ETF-USD-Acc_fund&dataType=fund,10.Sept.2026,high
BID.JO,BID CORPORATION,Südafrika,Nichtzyklische Konsumgüter,BID,Johannesburg Stock Exchange,,0.07275,MSCI_EM,https://www.ishares.com/de/privatanleger/de/produkte/251858/ishares-msci-emerging-markets-ucits-etf-acc-fund/1535604580385.ajax?fileType=xls&fileName=iShares-MSCI-EM-UCITS-ETF-USD-Acc_fund&dataType=fund,10.Sept.2026,high
3661.TW,ALCHIP TECHNOLOGIES,Taiwan,IT,3661,Taiwan Stock Exchange,,0.07244,MSCI_EM,https://www.ishares.com/de/privatanleger/de/produkte/251858/ishares-msci-emerging-markets-ucits-etf-acc-fund/1535604580385.ajax?fileType=xls&fileName=iShares-MSCI-EM-UCITS-ETF-USD-Acc_fund&dataType=fund,10.Sept.2026,high
SOL.JO,SASOL,Südafrika,Materialien,SOL,Johannesburg Stock Exchange,,0.07179,MSCI_EM,https://www.ishares.com/de/privatanleger/de/produkte/251858/ishares-msci-emerging-markets-ucits-etf-acc-fund/1535604580385.ajax?fileType=xls&fileName=iShares-MSCI-EM-UCITS-ETF-USD-Acc_fund&dataType=fund,10.Sept.2026,high
SSW.JO,SIBANYE STILLWATER,Südafrika,Materialien,SSW,Johannesburg Stock Exchange,,0.07134,MSCI_EM,https://www.ishares.com/de/privatanleger/de/produkte/251858/ishares-msci-emerging-markets-ucits-etf-acc-fund/1535604580385.ajax?fileType=xls&fileName=iShares-MSCI-EM-UCITS-ETF-USD-Acc_fund&dataType=fund,10.Sept.2026,high
ALPHA.AT,ALPHA BANK SA,Griechenland,Finanzwesen,ALPHA,Athens Exchange S.A. Cash Market,,0.07108,MSCI_EM,https://www.ishares.com/de/privatanleger/de/produkte/251858/ishares-msci-emerging-markets-ucits-etf-acc-fund/1535604580385.ajax?fileType=xls&fileName=iShares-MSCI-EM-UCITS-ETF-USD-Acc_fund&dataType=fund,10.Sept.2026,high
6869.HK,YANGTZE OPTICAL FIBRE AND CABLE JO,China,IT,6869,Hong Kong Exchanges And Clearing Ltd,,0.07101,MSCI_EM,https://www.ishares.com/de/privatanleger/de/produkte/251858/ishares-msci-emerging-markets-ucits-etf-acc-fund/1535604580385.ajax?fileType=xls&fileName=iShares-MSCI-EM-UCITS-ETF-USD-Acc_fund&dataType=fund,10.Sept.2026,high
ITSA4.SA,ITAUSA INVESTIMENTOS ITAU PREF SA,Brasilien,Finanzwesen,ITSA4,XBSP,,0.07087,MSCI_EM,https://www.ishares.com/de/privatanleger/de/produkte/251858/ishares-msci-emerging-markets-ucits-etf-acc-fund/1535604580385.ajax?fileType=xls&fileName=iShares-MSCI-EM-UCITS-ETF-USD-Acc_fund&dataType=fund,10.Sept.2026,high
9633.HK,NONGFU SPRING LTD H,China,Nichtzyklische Konsumgüter,9633,Hong Kong Exchanges And Clearing Ltd,,0.0708,MSCI_EM,https://www.ishares.com/de/privatanleger/de/produkte/251858/ishares-msci-emerging-markets-ucits-etf-acc-fund/1535604580385.ajax?fileType=xls&fileName=iShares-MSCI-EM-UCITS-ETF-USD-Acc_fund&dataType=fund,10.Sept.2026,high
1060.SR,SAUDI AWWAL BANK,Saudi-Arabien,Finanzwesen,1060,Saudi Stock Exchange,,0.07042,MSCI_EM,https://www.ishares.com/de/privatanleger/de/produkte/251858/ishares-msci-emerging-markets-ucits-etf-acc-fund/1535604580385.ajax?fileType=xls&fileName=iShares-MSCI-EM-UCITS-ETF-USD-Acc_fund&dataType=fund,10.Sept.2026,high
2057.HK,ZTO EXPRESS (CAYMAN) INC,China,Industrie,2057,Hong Kong Exchanges And Clearing Ltd,,0.07035,MSCI_EM,https://www.ishares.com/de/privatanleger/de/produkte/251858/ishares-msci-emerging-markets-ucits-etf-acc-fund/1535604580385.ajax?fileType=xls&fileName=iShares-MSCI-EM-UCITS-ETF-USD-Acc_fund&dataType=fund,10.Sept.2026,high
DSY.JO,DISCOVERY,Südafrika,Finanzwesen,DSY,Johannesburg Stock Exchange,,0.0701,MSCI_EM,https://www.ishares.com/de/privatanleger/de/produkte/251858/ishares-msci-emerging-markets-ucits-etf-acc-fund/1535604580385.ajax?fileType=xls&fileName=iShares-MSCI-EM-UCITS-ETF-USD-Acc_fund&dataType=fund,10.Sept.2026,high
1093.HK,CSPC PHARMACEUTICAL GROUP,China,Gesundheitsversorgung,1093,Hong Kong Exchanges And Clearing Ltd,,0.06983,MSCI_EM,https://www.ishares.com/de/privatanleger/de/produkte/251858/ishares-msci-emerging-markets-ucits-etf-acc-fund/1535604580385.ajax?fileType=xls&fileName=iShares-MSCI-EM-UCITS-ETF-USD-Acc_fund&dataType=fund,10.Sept.2026,high
HAL.NS,HINDUSTAN AERONAUTICS LTD,Indien,Industrie,HAL,National Stock Exchange Of India,,0.06972,MSCI_EM,https://www.ishares.com/de/privatanleger/de/produkte/251858/ishares-msci-emerging-markets-ucits-etf-acc-fund/1535604580385.ajax?fileType=xls&fileName=iShares-MSCI-EM-UCITS-ETF-USD-Acc_fund&dataType=fund,10.Sept.2026,high
042660.KS,HANWHA OCEAN LTD,Korea,Industrie,042660,Korea Exchange (Stock Market),,0.06961,MSCI_EM,https://www.ishares.com/de/privatanleger/de/produkte/251858/ishares-msci-emerging-markets-ucits-etf-acc-fund/1535604580385.ajax?fileType=xls&fileName=iShares-MSCI-EM-UCITS-ETF-USD-Acc_fund&dataType=fund,10.Sept.2026,high
0998.HK,CHINA CITIC BANK CORP LTD H,China,Finanzwesen,998,Hong Kong Exchanges And Clearing Ltd,,0.06855,MSCI_EM,https://www.ishares.com/de/privatanleger/de/produkte/251858/ishares-msci-emerging-markets-ucits-etf-acc-fund/1535604580385.ajax?fileType=xls&fileName=iShares-MSCI-EM-UCITS-ETF-USD-Acc_fund&dataType=fund,10.Sept.2026,high
HTHT,H WORLD GROUP ADR,China,Zyklische Konsumgüter,HTHT,NASDAQ,,0.06804,MSCI_EM,https://www.ishares.com/de/privatanleger/de/produkte/251858/ishares-msci-emerging-markets-ucits-etf-acc-fund/1535604580385.ajax?fileType=xls&fileName=iShares-MSCI-EM-UCITS-ETF-USD-Acc_fund&dataType=fund,10.Sept.2026,high
TECHM.NS,TECH MAHINDRA,Indien,IT,TECHM,National Stock Exchange Of India,,0.06803,MSCI_EM,https://www.ishares.com/de/privatanleger/de/produkte/251858/ishares-msci-emerging-markets-ucits-etf-acc-fund/1535604580385.ajax?fileType=xls&fileName=iShares-MSCI-EM-UCITS-ETF-USD-Acc_fund&dataType=fund,10.Sept.2026,high
TUPRS.E.IS,TURKIYE PETROL RAFINERILERI A,Türkei,Energie,TUPRS.E,Istanbul Stock Exchange,,0.06801,MSCI_EM,https://www.ishares.com/de/privatanleger/de/produkte/251858/ishares-msci-emerging-markets-ucits-etf-acc-fund/1535604580385.ajax?fileType=xls&fileName=iShares-MSCI-EM-UCITS-ETF-USD-Acc_fund&dataType=fund,10.Sept.2026,high
NESTLEIND.NS,NESTLE INDIA LTD,Indien,Nichtzyklische Konsumgüter,NESTLEIND,National Stock Exchange Of India,,0.0675,MSCI_EM,https://www.ishares.com/de/privatanleger/de/produkte/251858/ishares-msci-emerging-markets-ucits-etf-acc-fund/1535604580385.ajax?fileType=xls&fileName=iShares-MSCI-EM-UCITS-ETF-USD-Acc_fund&dataType=fund,10.Sept.2026,high
CHOLAFIN.NS,CHOLAMANDALAM INVESTMENT AND FINAN,Indien,Finanzwesen,CHOLAFIN,National Stock Exchange Of India,,0.06749,MSCI_EM,https://www.ishares.com/de/privatanleger/de/produkte/251858/ishares-msci-emerging-markets-ucits-etf-acc-fund/1535604580385.ajax?fileType=xls&fileName=iShares-MSCI-EM-UCITS-ETF-USD-Acc_fund&dataType=fund,10.Sept.2026,high
EBP.WA,ERSTE BANK POLSKA SA,Polen,Finanzwesen,EBP,Warsaw Stock Exchange/Equities/Main Market,,0.06646,MSCI_EM,https://www.ishares.com/de/privatanleger/de/produkte/251858/ishares-msci-emerging-markets-ucits-etf-acc-fund/1535604580385.ajax?fileType=xls&fileName=iShares-MSCI-EM-UCITS-ETF-USD-Acc_fund&dataType=fund,10.Sept.2026,high
CEZ.PR,CEZ,Tschechien,Versorger,CEZ,Prague Stock Exchange,,0.06582,MSCI_EM,https://www.ishares.com/de/privatanleger/de/produkte/251858/ishares-msci-emerging-markets-ucits-etf-acc-fund/1535604580385.ajax?fileType=xls&fileName=iShares-MSCI-EM-UCITS-ETF-USD-Acc_fund&dataType=fund,10.Sept.2026,high
ADANIENT.NS,ADANI ENTERPRISES,Indien,Industrie,ADANIENT,National Stock Exchange Of India,,0.06578,MSCI_EM,https://www.ishares.com/de/privatanleger/de/produkte/251858/ishares-msci-emerging-markets-ucits-etf-acc-fund/1535604580385.ajax?fileType=xls&fileName=iShares-MSCI-EM-UCITS-ETF-USD-Acc_fund&dataType=fund,10.Sept.2026,high
1326.TW,FORMOSA CHEMICALS & FIBRE CORP,Taiwan,Materialien,1326,Taiwan Stock Exchange,,0.06507,MSCI_EM,https://www.ishares.com/de/privatanleger/de/produkte/251858/ishares-msci-emerging-markets-ucits-etf-acc-fund/1535604580385.ajax?fileType=xls&fileName=iShares-MSCI-EM-UCITS-ETF-USD-Acc_fund&dataType=fund,10.Sept.2026,high
ITC.NS,ITC LTD,Indien,Nichtzyklische Konsumgüter,ITC,National Stock Exchange Of India,,0.06467,MSCI_EM,https://www.ishares.com/de/privatanleger/de/produkte/251858/ishares-msci-emerging-markets-ucits-etf-acc-fund/1535604580385.ajax?fileType=xls&fileName=iShares-MSCI-EM-UCITS-ETF-USD-Acc_fund&dataType=fund,10.Sept.2026,high
LTM.SN,LATAM AIRLINES GROUP,Chile,Industrie,LTM,Santiago Stock Exchange,,0.06466,MSCI_EM,https://www.ishares.com/de/privatanleger/de/produkte/251858/ishares-msci-emerging-markets-ucits-etf-acc-fund/1535604580385.ajax?fileType=xls&fileName=iShares-MSCI-EM-UCITS-ETF-USD-Acc_fund&dataType=fund,10.Sept.2026,high
9926.HK,AKESO INC,China,Gesundheitsversorgung,9926,Hong Kong Exchanges And Clearing Ltd,,0.0645,MSCI_EM,https://www.ishares.com/de/privatanleger/de/produkte/251858/ishares-msci-emerging-markets-ucits-etf-acc-fund/1535604580385.ajax?fileType=xls&fileName=iShares-MSCI-EM-UCITS-ETF-USD-Acc_fund&dataType=fund,10.Sept.2026,high
TRENT.NS,TRENT LTD,Indien,Zyklische Konsumgüter,TRENT,National Stock Exchange Of India,,0.06445,MSCI_EM,https://www.ishares.com/de/privatanleger/de/produkte/251858/ishares-msci-emerging-markets-ucits-etf-acc-fund/1535604580385.ajax?fileType=xls&fileName=iShares-MSCI-EM-UCITS-ETF-USD-Acc_fund&dataType=fund,10.Sept.2026,high
JSWSTEEL.NS,JSW STEEL,Indien,Materialien,JSWSTEEL,National Stock Exchange Of India,,0.06366,MSCI_EM,https://www.ishares.com/de/privatanleger/de/produkte/251858/ishares-msci-emerging-markets-ucits-etf-acc-fund/1535604580385.ajax?fileType=xls&fileName=iShares-MSCI-EM-UCITS-ETF-USD-Acc_fund&dataType=fund,10.Sept.2026,high
035720.KS,KAKAO,Korea,Kommunikation,035720,Korea Exchange (Stock Market),,0.06354,MSCI_EM,https://www.ishares.com/de/privatanleger/de/produkte/251858/ishares-msci-emerging-markets-ucits-etf-acc-fund/1535604580385.ajax?fileType=xls&fileName=iShares-MSCI-EM-UCITS-ETF-USD-Acc_fund&dataType=fund,10.Sept.2026,high
3993.HK,CHINA MOLYBDENUM H,China,Materialien,3993,Hong Kong Exchanges And Clearing Ltd,,0.06353,MSCI_EM,https://www.ishares.com/de/privatanleger/de/produkte/251858/ishares-msci-emerging-markets-ucits-etf-acc-fund/1535604580385.ajax?fileType=xls&fileName=iShares-MSCI-EM-UCITS-ETF-USD-Acc_fund&dataType=fund,10.Sept.2026,high
2020.SR,SABIC AGRI-NUTRIENTS,Saudi-Arabien,Materialien,2020,Saudi Stock Exchange,,0.0634,MSCI_EM,https://www.ishares.com/de/privatanleger/de/produkte/251858/ishares-msci-emerging-markets-ucits-etf-acc-fund/1535604580385.ajax?fileType=xls&fileName=iShares-MSCI-EM-UCITS-ETF-USD-Acc_fund&dataType=fund,10.Sept.2026,high
096770.KS,SK INNOVATION LTD,Korea,Energie,096770,Korea Exchange (Stock Market),,0.06313,MSCI_EM,https://www.ishares.com/de/privatanleger/de/produkte/251858/ishares-msci-emerging-markets-ucits-etf-acc-fund/1535604580385.ajax?fileType=xls&fileName=iShares-MSCI-EM-UCITS-ETF-USD-Acc_fund&dataType=fund,10.Sept.2026,high
1301.TW,FORMOSA PLASTICS CORP,Taiwan,Materialien,1301,Taiwan Stock Exchange,,0.06269,MSCI_EM,https://www.ishares.com/de/privatanleger/de/produkte/251858/ishares-msci-emerging-markets-ucits-etf-acc-fund/1535604580385.ajax?fileType=xls&fileName=iShares-MSCI-EM-UCITS-ETF-USD-Acc_fund&dataType=fund,10.Sept.2026,high
BAJAJFINSV.NS,BAJAJ FINSERV LTD,Indien,Finanzwesen,BAJAJFINSV,National Stock Exchange Of India,,0.0625,MSCI_EM,https://www.ishares.com/de/privatanleger/de/produkte/251858/ishares-msci-emerging-markets-ucits-etf-acc-fund/1535604580385.ajax?fileType=xls&fileName=iShares-MSCI-EM-UCITS-ETF-USD-Acc_fund&dataType=fund,10.Sept.2026,high
PPC.AT,PUBLIC POWER CORPORATION SA,Griechenland,Versorger,PPC,Athens Exchange S.A. Cash Market,,0.06219,MSCI_EM,https://www.ishares.com/de/privatanleger/de/produkte/251858/ishares-msci-emerging-markets-ucits-etf-acc-fund/1535604580385.ajax?fileType=xls&fileName=iShares-MSCI-EM-UCITS-ETF-USD-Acc_fund&dataType=fund,10.Sept.2026,high
WEGE3.SA,WEG,Brasilien,Industrie,WEGE3,XBSP,,0.06217,MSCI_EM,https://www.ishares.com/de/privatanleger/de/produkte/251858/ishares-msci-emerging-markets-ucits-etf-acc-fund/1535604580385.ajax?fileType=xls&fileName=iShares-MSCI-EM-UCITS-ETF-USD-Acc_fund&dataType=fund,10.Sept.2026,high
NED.JO,NEDBANK GROUP LTD,Südafrika,Finanzwesen,NED,Johannesburg Stock Exchange,,0.06193,MSCI_EM,https://www.ishares.com/de/privatanleger/de/produkte/251858/ishares-msci-emerging-markets-ucits-etf-acc-fund/1535604580385.ajax?fileType=xls&fileName=iShares-MSCI-EM-UCITS-ETF-USD-Acc_fund&dataType=fund,10.Sept.2026,high
003550.KS,LG,Korea,Industrie,003550,Korea Exchange (Stock Market),,0.06185,MSCI_EM,https://www.ishares.com/de/privatanleger/de/produkte/251858/ishares-msci-emerging-markets-ucits-etf-acc-fund/1535604580385.ajax?fileType=xls&fileName=iShares-MSCI-EM-UCITS-ETF-USD-Acc_fund&dataType=fund,10.Sept.2026,high
2338.HK,WEICHAI POWER LTD H,China,Industrie,2338,Hong Kong Exchanges And Clearing Ltd,,0.06176,MSCI_EM,https://www.ishares.com/de/privatanleger/de/produkte/251858/ishares-msci-emerging-markets-ucits-etf-acc-fund/1535604580385.ajax?fileType=xls&fileName=iShares-MSCI-EM-UCITS-ETF-USD-Acc_fund&dataType=fund,10.Sept.2026,high
MAXHEALTH.NS,MAX HEALTHCARE INSTITUTE,Indien,Gesundheitsversorgung,MAXHEALTH,National Stock Exchange Of India,,0.06174,MSCI_EM,https://www.ishares.com/de/privatanleger/de/produkte/251858/ishares-msci-emerging-markets-ucits-etf-acc-fund/1535604580385.ajax?fileType=xls&fileName=iShares-MSCI-EM-UCITS-ETF-USD-Acc_fund&dataType=fund,10.Sept.2026,high
SBILIFE.NS,SBI LIFE INSURANCE COMPANY LTD,Indien,Finanzwesen,SBILIFE,National Stock Exchange Of India,,0.06125,MSCI_EM,https://www.ishares.com/de/privatanleger/de/produkte/251858/ishares-msci-emerging-markets-ucits-etf-acc-fund/1535604580385.ajax?fileType=xls&fileName=iShares-MSCI-EM-UCITS-ETF-USD-Acc_fund&dataType=fund,10.Sept.2026,high
CUMMINSIND.NS,CUMMINS INDIA LTD,Indien,Industrie,CUMMINSIND,National Stock Exchange Of India,,0.06087,MSCI_EM,https://www.ishares.com/de/privatanleger/de/produkte/251858/ishares-msci-emerging-markets-ucits-etf-acc-fund/1535604580385.ajax?fileType=xls&fileName=iShares-MSCI-EM-UCITS-ETF-USD-Acc_fund&dataType=fund,10.Sept.2026,high
CPALL.R.BK,CP ALL NON-VOTING DR,Thailand,Nichtzyklische Konsumgüter,CPALL.R,Stock Exchange Of Thailand,,0.06086,MSCI_EM,https://www.ishares.com/de/privatanleger/de/produkte/251858/ishares-msci-emerging-markets-ucits-etf-acc-fund/1535604580385.ajax?fileType=xls&fileName=iShares-MSCI-EM-UCITS-ETF-USD-Acc_fund&dataType=fund,10.Sept.2026,high
2099.HK,CHINA GOLD INTERNATIONAL RESOURCES,China,Materialien,2099,Hong Kong Exchanges And Clearing Ltd,,0.06041,MSCI_EM,https://www.ishares.com/de/privatanleger/de/produkte/251858/ishares-msci-emerging-markets-ucits-etf-acc-fund/1535604580385.ajax?fileType=xls&fileName=iShares-MSCI-EM-UCITS-ETF-USD-Acc_fund&dataType=fund,10.Sept.2026,high
3328.HK,BANK OF COMMUNICATIONS LTD H,China,Finanzwesen,3328,Hong Kong Exchanges And Clearing Ltd,,0.05999,MSCI_EM,https://www.ishares.com/de/privatanleger/de/produkte/251858/ishares-msci-emerging-markets-ucits-etf-acc-fund/1535604580385.ajax?fileType=xls&fileName=iShares-MSCI-EM-UCITS-ETF-USD-Acc_fund&dataType=fund,10.Sept.2026,high
000720.KS,HYUNDAI ENGINEERING & CONSTRUCTION,Korea,Industrie,000720,Korea Exchange (Stock Market),,0.05964,MSCI_EM,https://www.ishares.com/de/privatanleger/de/produkte/251858/ishares-msci-emerging-markets-ucits-etf-acc-fund/1535604580385.ajax?fileType=xls&fileName=iShares-MSCI-EM-UCITS-ETF-USD-Acc_fund&dataType=fund,10.Sept.2026,high
AOT.R.BK,AIRPORTS OF THAILAND NON-VOTING DR,Thailand,Industrie,AOT.R,Stock Exchange Of Thailand,,0.05937,MSCI_EM,https://www.ishares.com/de/privatanleger/de/produkte/251858/ishares-msci-emerging-markets-ucits-etf-acc-fund/1535604580385.ajax?fileType=xls&fileName=iShares-MSCI-EM-UCITS-ETF-USD-Acc_fund&dataType=fund,10.Sept.2026,high
000150.KS,DOOSAN CORP,Korea,Industrie,000150,Korea Exchange (Stock Market),,0.05921,MSCI_EM,https://www.ishares.com/de/privatanleger/de/produkte/251858/ishares-msci-emerging-markets-ucits-etf-acc-fund/1535604580385.ajax?fileType=xls&fileName=iShares-MSCI-EM-UCITS-ETF-USD-Acc_fund&dataType=fund,10.Sept.2026,high
042700.KS,HANMI SEMICONDUCTOR,Korea,IT,042700,Korea Exchange (Stock Market),,0.05919,MSCI_EM,https://www.ishares.com/de/privatanleger/de/produkte/251858/ishares-msci-emerging-markets-ucits-etf-acc-fund/1535604580385.ajax?fileType=xls&fileName=iShares-MSCI-EM-UCITS-ETF-USD-Acc_fund&dataType=fund,10.Sept.2026,high
267250.KS,HD HYUNDAI LTD,Korea,Energie,267250,Korea Exchange (Stock Market),,0.05918,MSCI_EM,https://www.ishares.com/de/privatanleger/de/produkte/251858/ishares-msci-emerging-markets-ucits-etf-acc-fund/1535604580385.ajax?fileType=xls&fileName=iShares-MSCI-EM-UCITS-ETF-USD-Acc_fund&dataType=fund,10.Sept.2026,high
GAPB.MX,GRUPO AEROPORTUARIO DEL PACIFICO,Mexiko,Industrie,GAPB,Bolsa Mexicana De Valores,,0.05914,MSCI_EM,https://www.ishares.com/de/privatanleger/de/produkte/251858/ishares-msci-emerging-markets-ucits-etf-acc-fund/1535604580385.ajax?fileType=xls&fileName=iShares-MSCI-EM-UCITS-ETF-USD-Acc_fund&dataType=fund,10.Sept.2026,high
ABEV3.SA,AMBEV SA,Brasilien,Nichtzyklische Konsumgüter,ABEV3,XBSP,,0.05878,MSCI_EM,https://www.ishares.com/de/privatanleger/de/produkte/251858/ishares-msci-emerging-markets-ucits-etf-acc-fund/1535604580385.ajax?fileType=xls&fileName=iShares-MSCI-EM-UCITS-ETF-USD-Acc_fund&dataType=fund,10.Sept.2026,high
BAJAJ.AUTO.NS,BAJAJ AUTO,Indien,Zyklische Konsumgüter,BAJAJ.AUTO,National Stock Exchange Of India,,0.05871,MSCI_EM,https://www.ishares.com/de/privatanleger/de/produkte/251858/ishares-msci-emerging-markets-ucits-etf-acc-fund/1535604580385.ajax?fileType=xls&fileName=iShares-MSCI-EM-UCITS-ETF-USD-Acc_fund&dataType=fund,10.Sept.2026,high
1177.HK,SINO BIOPHARMACEUTICAL,China,Gesundheitsversorgung,1177,Hong Kong Exchanges And Clearing Ltd,,0.05867,MSCI_EM,https://www.ishares.com/de/privatanleger/de/produkte/251858/ishares-msci-emerging-markets-ucits-etf-acc-fund/1535604580385.ajax?fileType=xls&fileName=iShares-MSCI-EM-UCITS-ETF-USD-Acc_fund&dataType=fund,10.Sept.2026,high
PMETAL.KL,PRESS METAL ALUMINIUM HOLDINGS,Malaysia,Materialien,PMETAL,Bursa Malaysia,,0.0586,MSCI_EM,https://www.ishares.com/de/privatanleger/de/produkte/251858/ishares-msci-emerging-markets-ucits-etf-acc-fund/1535604580385.ajax?fileType=xls&fileName=iShares-MSCI-EM-UCITS-ETF-USD-Acc_fund&dataType=fund,10.Sept.2026,high
2603.TW,EVERGREEN MARINE CORP (TAIWAN) LTD,Taiwan,Industrie,2603,Taiwan Stock Exchange,,0.05856,MSCI_EM,https://www.ishares.com/de/privatanleger/de/produkte/251858/ishares-msci-emerging-markets-ucits-etf-acc-fund/1535604580385.ajax?fileType=xls&fileName=iShares-MSCI-EM-UCITS-ETF-USD-Acc_fund&dataType=fund,10.Sept.2026,high
TENAGA.KL,TENAGA NASIONAL,Malaysia,Versorger,TENAGA,Bursa Malaysia,,0.05853,MSCI_EM,https://www.ishares.com/de/privatanleger/de/produkte/251858/ishares-msci-emerging-markets-ucits-etf-acc-fund/1535604580385.ajax?fileType=xls&fileName=iShares-MSCI-EM-UCITS-ETF-USD-Acc_fund&dataType=fund,10.Sept.2026,high
2015.HK,LI AUTO CLASS A,China,Zyklische Konsumgüter,2015,Hong Kong Exchanges And Clearing Ltd,,0.05818,MSCI_EM,https://www.ishares.com/de/privatanleger/de/produkte/251858/ishares-msci-emerging-markets-ucits-etf-acc-fund/1535604580385.ajax?fileType=xls&fileName=iShares-MSCI-EM-UCITS-ETF-USD-Acc_fund&dataType=fund,10.Sept.2026,high
6488.TWO,GLOBALWAFERS LTD,Taiwan,IT,6488,Gretai Securities Market,,0.05815,MSCI_EM,https://www.ishares.com/de/privatanleger/de/produkte/251858/ishares-msci-emerging-markets-ucits-etf-acc-fund/1535604580385.ajax?fileType=xls&fileName=iShares-MSCI-EM-UCITS-ETF-USD-Acc_fund&dataType=fund,10.Sept.2026,high
2259.HK,ZIJIN GOLD INTERNATIONAL LTD,China,Materialien,2259,Hong Kong Exchanges And Clearing Ltd,,0.05813,MSCI_EM,https://www.ishares.com/de/privatanleger/de/produkte/251858/ishares-msci-emerging-markets-ucits-etf-acc-fund/1535604580385.ajax?fileType=xls&fileName=iShares-MSCI-EM-UCITS-ETF-USD-Acc_fund&dataType=fund,10.Sept.2026,high
MOTHERSON.NS,SAMVARDHANA MOTHERSON INTERNATIONA,Indien,Zyklische Konsumgüter,MOTHERSON,National Stock Exchange Of India,,0.058,MSCI_EM,https://www.ishares.com/de/privatanleger/de/produkte/251858/ishares-msci-emerging-markets-ucits-etf-acc-fund/1535604580385.ajax?fileType=xls&fileName=iShares-MSCI-EM-UCITS-ETF-USD-Acc_fund&dataType=fund,10.Sept.2026,high
CIPLA.NS,CIPLA LTD,Indien,Gesundheitsversorgung,CIPLA,National Stock Exchange Of India,,0.05763,MSCI_EM,https://www.ishares.com/de/privatanleger/de/produkte/251858/ishares-msci-emerging-markets-ucits-etf-acc-fund/1535604580385.ajax?fileType=xls&fileName=iShares-MSCI-EM-UCITS-ETF-USD-Acc_fund&dataType=fund,10.Sept.2026,high
BIMAS.E.IS,BIM BIRLESIK MAGAZALAR A,Türkei,Nichtzyklische Konsumgüter,BIMAS.E,Istanbul Stock Exchange,,0.05758,MSCI_EM,https://www.ishares.com/de/privatanleger/de/produkte/251858/ishares-msci-emerging-markets-ucits-etf-acc-fund/1535604580385.ajax?fileType=xls&fileName=iShares-MSCI-EM-UCITS-ETF-USD-Acc_fund&dataType=fund,10.Sept.2026,high
AXIA3.SA,AXIA ENERGIA SA,Brasilien,Versorger,AXIA3,XBSP,,0.05742,MSCI_EM,https://www.ishares.com/de/privatanleger/de/produkte/251858/ishares-msci-emerging-markets-ucits-etf-acc-fund/1535604580385.ajax?fileType=xls&fileName=iShares-MSCI-EM-UCITS-ETF-USD-Acc_fund&dataType=fund,10.Sept.2026,high
017670.KS,SK TELECOM,Korea,Kommunikation,017670,Korea Exchange (Stock Market),,0.05717,MSCI_EM,https://www.ishares.com/de/privatanleger/de/produkte/251858/ishares-msci-emerging-markets-ucits-etf-acc-fund/1535604580385.ajax?fileType=xls&fileName=iShares-MSCI-EM-UCITS-ETF-USD-Acc_fund&dataType=fund,10.Sept.2026,high
NPH.JO,NORTHAM PLATINUM HLDGS LTD,Südafrika,Materialien,NPH,Johannesburg Stock Exchange,,0.05674,MSCI_EM,https://www.ishares.com/de/privatanleger/de/produkte/251858/ishares-msci-emerging-markets-ucits-etf-acc-fund/1535604580385.ajax?fileType=xls&fileName=iShares-MSCI-EM-UCITS-ETF-USD-Acc_fund&dataType=fund,10.Sept.2026,high
LAURUSLABS.NS,LAURUS LABS LTD,Indien,Gesundheitsversorgung,LAURUSLABS,National Stock Exchange Of India,,0.0565,MSCI_EM,https://www.ishares.com/de/privatanleger/de/produkte/251858/ishares-msci-emerging-markets-ucits-etf-acc-fund/1535604580385.ajax?fileType=xls&fileName=iShares-MSCI-EM-UCITS-ETF-USD-Acc_fund&dataType=fund,10.Sept.2026,high
2002.TW,CHINA STEEL CORP,Taiwan,Materialien,2002,Taiwan Stock Exchange,,0.05641,MSCI_EM,https://www.ishares.com/de/privatanleger/de/produkte/251858/ishares-msci-emerging-markets-ucits-etf-acc-fund/1535604580385.ajax?fileType=xls&fileName=iShares-MSCI-EM-UCITS-ETF-USD-Acc_fund&dataType=fund,10.Sept.2026,high
ALDAR.AD,ALDAR PROPERTIES,Ver. Arabische Emirate,Immobilien,ALDAR,Abu Dhabi Securities Exchange,,0.05621,MSCI_EM,https://www.ishares.com/de/privatanleger/de/produkte/251858/ishares-msci-emerging-markets-ucits-etf-acc-fund/1535604580385.ajax?fileType=xls&fileName=iShares-MSCI-EM-UCITS-ETF-USD-Acc_fund&dataType=fund,10.Sept.2026,high
JIOFIN.NS,JIO FINANCIAL SERVICES,Indien,Finanzwesen,JIOFIN,National Stock Exchange Of India,,0.05615,MSCI_EM,https://www.ishares.com/de/privatanleger/de/produkte/251858/ishares-msci-emerging-markets-ucits-etf-acc-fund/1535604580385.ajax?fileType=xls&fileName=iShares-MSCI-EM-UCITS-ETF-USD-Acc_fund&dataType=fund,10.Sept.2026,high
BPAC11.SA,BCO BTG PACTUAL UNT SA,Brasilien,Finanzwesen,BPAC11,XBSP,,0.05611,MSCI_EM,https://www.ishares.com/de/privatanleger/de/produkte/251858/ishares-msci-emerging-markets-ucits-etf-acc-fund/1535604580385.ajax?fileType=xls&fileName=iShares-MSCI-EM-UCITS-ETF-USD-Acc_fund&dataType=fund,10.Sept.2026,high
COALINDIA.NS,COAL INDIA,Indien,Energie,COALINDIA,National Stock Exchange Of India,,0.05609,MSCI_EM,https://www.ishares.com/de/privatanleger/de/produkte/251858/ishares-msci-emerging-markets-ucits-etf-acc-fund/1535604580385.ajax?fileType=xls&fileName=iShares-MSCI-EM-UCITS-ETF-USD-Acc_fund&dataType=fund,10.Sept.2026,high
CIBEST.CL,GRUPO CIBEST SA,Kolumbien,Finanzwesen,CIBEST,Bolsa De Valores De Colombia,,0.05594,MSCI_EM,https://www.ishares.com/de/privatanleger/de/produkte/251858/ishares-msci-emerging-markets-ucits-etf-acc-fund/1535604580385.ajax?fileType=xls&fileName=iShares-MSCI-EM-UCITS-ETF-USD-Acc_fund&dataType=fund,10.Sept.2026,high
GULF.R.BK,GULF DEVELOPMENT NON-VOTING DR PCL,Thailand,Versorger,GULF.R,Stock Exchange Of Thailand,,0.05594,MSCI_EM,https://www.ishares.com/de/privatanleger/de/produkte/251858/ishares-msci-emerging-markets-ucits-etf-acc-fund/1535604580385.ajax?fileType=xls&fileName=iShares-MSCI-EM-UCITS-ETF-USD-Acc_fund&dataType=fund,10.Sept.2026,high
064350.KS,HYUNDAI-ROTEM,Korea,Industrie,064350,Korea Exchange (Stock Market),,0.05562,MSCI_EM,https://www.ishares.com/de/privatanleger/de/produkte/251858/ishares-msci-emerging-markets-ucits-etf-acc-fund/1535604580385.ajax?fileType=xls&fileName=iShares-MSCI-EM-UCITS-ETF-USD-Acc_fund&dataType=fund,10.Sept.2026,high
PAYTM.NS,ONE COMMUNICATIONS LTD,Indien,Finanzwesen,PAYTM,National Stock Exchange Of India,,0.05529,MSCI_EM,https://www.ishares.com/de/privatanleger/de/produkte/251858/ishares-msci-emerging-markets-ucits-etf-acc-fund/1535604580385.ajax?fileType=xls&fileName=iShares-MSCI-EM-UCITS-ETF-USD-Acc_fund&dataType=fund,10.Sept.2026,high
CGPOWER.NS,CG POWER AND INDUSTRIAL SOLUTIONS,Indien,Industrie,CGPOWER,National Stock Exchange Of India,,0.05503,MSCI_EM,https://www.ishares.com/de/privatanleger/de/produkte/251858/ishares-msci-emerging-markets-ucits-etf-acc-fund/1535604580385.ajax?fileType=xls&fileName=iShares-MSCI-EM-UCITS-ETF-USD-Acc_fund&dataType=fund,10.Sept.2026,high
TLKM.JK,TELEKOMUNIKASI INDONESIA,Indonesien,Kommunikation,TLKM,Indonesia Stock Exchange,,0.05468,MSCI_EM,https://www.ishares.com/de/privatanleger/de/produkte/251858/ishares-msci-emerging-markets-ucits-etf-acc-fund/1535604580385.ajax?fileType=xls&fileName=iShares-MSCI-EM-UCITS-ETF-USD-Acc_fund&dataType=fund,10.Sept.2026,high
0267.HK,CITIC LTD,China,Industrie,267,Hong Kong Exchanges And Clearing Ltd,,0.05451,MSCI_EM,https://www.ishares.com/de/privatanleger/de/produkte/251858/ishares-msci-emerging-markets-ucits-etf-acc-fund/1535604580385.ajax?fileType=xls&fileName=iShares-MSCI-EM-UCITS-ETF-USD-Acc_fund&dataType=fund,10.Sept.2026,high
2319.HK,CHINA MENGNIU DAIRY LTD,China,Nichtzyklische Konsumgüter,2319,Hong Kong Exchanges And Clearing Ltd,,0.05425,MSCI_EM,https://www.ishares.com/de/privatanleger/de/produkte/251858/ishares-msci-emerging-markets-ucits-etf-acc-fund/1535604580385.ajax?fileType=xls&fileName=iShares-MSCI-EM-UCITS-ETF-USD-Acc_fund&dataType=fund,10.Sept.2026,high
SBSP3.SA,COMPANHIA DE SANEAMENTO BASICO DE,Brasilien,Versorger,SBSP3,XBSP,,0.05387,MSCI_EM,https://www.ishares.com/de/privatanleger/de/produkte/251858/ishares-msci-emerging-markets-ucits-etf-acc-fund/1535604580385.ajax?fileType=xls&fileName=iShares-MSCI-EM-UCITS-ETF-USD-Acc_fund&dataType=fund,10.Sept.2026,high
079550.KS,LIG DEFENSE&AEROSPACE LTD,Korea,Industrie,079550,Korea Exchange (Stock Market),,0.05385,MSCI_EM,https://www.ishares.com/de/privatanleger/de/produkte/251858/ishares-msci-emerging-markets-ucits-etf-acc-fund/1535604580385.ajax?fileType=xls&fileName=iShares-MSCI-EM-UCITS-ETF-USD-Acc_fund&dataType=fund,10.Sept.2026,high
9901.HK,NEW ORIENTAL EDUCATION & TECHNOLOG,China,Zyklische Konsumgüter,9901,Hong Kong Exchanges And Clearing Ltd,,0.05383,MSCI_EM,https://www.ishares.com/de/privatanleger/de/produkte/251858/ishares-msci-emerging-markets-ucits-etf-acc-fund/1535604580385.ajax?fileType=xls&fileName=iShares-MSCI-EM-UCITS-ETF-USD-Acc_fund&dataType=fund,10.Sept.2026,high
HEROMOTOCO.NS,HERO MOTOCORP LTD,Indien,Zyklische Konsumgüter,HEROMOTOCO,National Stock Exchange Of India,,0.05371,MSCI_EM,https://www.ishares.com/de/privatanleger/de/produkte/251858/ishares-msci-emerging-markets-ucits-etf-acc-fund/1535604580385.ajax?fileType=xls&fileName=iShares-MSCI-EM-UCITS-ETF-USD-Acc_fund&dataType=fund,10.Sept.2026,high
9866.HK,NIO CLASS A,China,Zyklische Konsumgüter,9866,Hong Kong Exchanges And Clearing Ltd,,0.05344,MSCI_EM,https://www.ishares.com/de/privatanleger/de/produkte/251858/ishares-msci-emerging-markets-ucits-etf-acc-fund/1535604580385.ajax?fileType=xls&fileName=iShares-MSCI-EM-UCITS-ETF-USD-Acc_fund&dataType=fund,10.Sept.2026,high
1050.SR,BANQUE SAUDI FRANSI,Saudi-Arabien,Finanzwesen,1050,Saudi Stock Exchange,,0.05307,MSCI_EM,https://www.ishares.com/de/privatanleger/de/produkte/251858/ishares-msci-emerging-markets-ucits-etf-acc-fund/1535604580385.ajax?fileType=xls&fileName=iShares-MSCI-EM-UCITS-ETF-USD-Acc_fund&dataType=fund,10.Sept.2026,high
EMBJ3.SA,EMBRAER,Brasilien,Industrie,EMBJ3,XBSP,,0.05296,MSCI_EM,https://www.ishares.com/de/privatanleger/de/produkte/251858/ishares-msci-emerging-markets-ucits-etf-acc-fund/1535604580385.ajax?fileType=xls&fileName=iShares-MSCI-EM-UCITS-ETF-USD-Acc_fund&dataType=fund,10.Sept.2026,high
FEDERALBNK.NS,FEDERAL BANK LTD,Indien,Finanzwesen,FEDERALBNK,National Stock Exchange Of India,,0.05291,MSCI_EM,https://www.ishares.com/de/privatanleger/de/produkte/251858/ishares-msci-emerging-markets-ucits-etf-acc-fund/1535604580385.ajax?fileType=xls&fileName=iShares-MSCI-EM-UCITS-ETF-USD-Acc_fund&dataType=fund,10.Sept.2026,high
3045.TW,TAIWAN MOBILE,Taiwan,Kommunikation,3045,Taiwan Stock Exchange,,0.05289,MSCI_EM,https://www.ishares.com/de/privatanleger/de/produkte/251858/ishares-msci-emerging-markets-ucits-etf-acc-fund/1535604580385.ajax?fileType=xls&fileName=iShares-MSCI-EM-UCITS-ETF-USD-Acc_fund&dataType=fund,10.Sept.2026,high
ADANIPOWER.NS,ADANI POWER LTD,Indien,Versorger,ADANIPOWER,National Stock Exchange Of India,,0.05276,MSCI_EM,https://www.ishares.com/de/privatanleger/de/produkte/251858/ishares-msci-emerging-markets-ucits-etf-acc-fund/1535604580385.ajax?fileType=xls&fileName=iShares-MSCI-EM-UCITS-ETF-USD-Acc_fund&dataType=fund,10.Sept.2026,high
086520.KQ,ECOPRO LTD,Korea,Industrie,086520,Korea Exchange (Kosdaq),,0.05263,MSCI_EM,https://www.ishares.com/de/privatanleger/de/produkte/251858/ishares-msci-emerging-markets-ucits-etf-acc-fund/1535604580385.ajax?fileType=xls&fileName=iShares-MSCI-EM-UCITS-ETF-USD-Acc_fund&dataType=fund,10.Sept.2026,high
POLICYBZR.NS,PB FINTECH,Indien,Finanzwesen,POLICYBZR,National Stock Exchange Of India,,0.05257,MSCI_EM,https://www.ishares.com/de/privatanleger/de/produkte/251858/ishares-msci-emerging-markets-ucits-etf-acc-fund/1535604580385.ajax?fileType=xls&fileName=iShares-MSCI-EM-UCITS-ETF-USD-Acc_fund&dataType=fund,10.Sept.2026,high
278470.KS,APR LTD,Korea,Nichtzyklische Konsumgüter,278470,Korea Exchange (Stock Market),,0.05238,MSCI_EM,https://www.ishares.com/de/privatanleger/de/produkte/251858/ishares-msci-emerging-markets-ucits-etf-acc-fund/1535604580385.ajax?fileType=xls&fileName=iShares-MSCI-EM-UCITS-ETF-USD-Acc_fund&dataType=fund,10.Sept.2026,high
1339.HK,THE PEOPLES INSURANCE CO (GROUP),China,Finanzwesen,1339,Hong Kong Exchanges And Clearing Ltd,,0.05206,MSCI_EM,https://www.ishares.com/de/privatanleger/de/produkte/251858/ishares-msci-emerging-markets-ucits-etf-acc-fund/1535604580385.ajax?fileType=xls&fileName=iShares-MSCI-EM-UCITS-ETF-USD-Acc_fund&dataType=fund,10.Sept.2026,high
DRREDDY.NS,DR REDDYS LABORATORIES,Indien,Gesundheitsversorgung,DRREDDY,National Stock Exchange Of India,,0.05187,MSCI_EM,https://www.ishares.com/de/privatanleger/de/produkte/251858/ishares-msci-emerging-markets-ucits-etf-acc-fund/1535604580385.ajax?fileType=xls&fileName=iShares-MSCI-EM-UCITS-ETF-USD-Acc_fund&dataType=fund,10.Sept.2026,high
9868.HK,XPENG CLASS A INC,China,Zyklische Konsumgüter,9868,Hong Kong Exchanges And Clearing Ltd,,0.05184,MSCI_EM,https://www.ishares.com/de/privatanleger/de/produkte/251858/ishares-msci-emerging-markets-ucits-etf-acc-fund/1535604580385.ajax?fileType=xls&fileName=iShares-MSCI-EM-UCITS-ETF-USD-Acc_fund&dataType=fund,10.Sept.2026,high
BDMS.R.BK,BANGKOK DUSIT MEDICAL SERVICES NON,Thailand,Gesundheitsversorgung,BDMS.R,Stock Exchange Of Thailand,,0.05168,MSCI_EM,https://www.ishares.com/de/privatanleger/de/produkte/251858/ishares-msci-emerging-markets-ucits-etf-acc-fund/1535604580385.ajax?fileType=xls&fileName=iShares-MSCI-EM-UCITS-ETF-USD-Acc_fund&dataType=fund,10.Sept.2026,high
ONGC.NS,OIL AND NATURAL GAS LTD,Indien,Energie,ONGC,National Stock Exchange Of India,,0.05157,MSCI_EM,https://www.ishares.com/de/privatanleger/de/produkte/251858/ishares-msci-emerging-markets-ucits-etf-acc-fund/1535604580385.ajax?fileType=xls&fileName=iShares-MSCI-EM-UCITS-ETF-USD-Acc_fund&dataType=fund,10.Sept.2026,high
TORNTPHARM.NS,TORRENT PHARMACEUTICALS LTD,Indien,Gesundheitsversorgung,TORNTPHARM,National Stock Exchange Of India,,0.05155,MSCI_EM,https://www.ishares.com/de/privatanleger/de/produkte/251858/ishares-msci-emerging-markets-ucits-etf-acc-fund/1535604580385.ajax?fileType=xls&fileName=iShares-MSCI-EM-UCITS-ETF-USD-Acc_fund&dataType=fund,10.Sept.2026,high
TMPV.NS,TATA MOTORS PASSENGER VEHICLES LTD,Indien,Zyklische Konsumgüter,TMPV,National Stock Exchange Of India,,0.05129,MSCI_EM,https://www.ishares.com/de/privatanleger/de/produkte/251858/ishares-msci-emerging-markets-ucits-etf-acc-fund/1535604580385.ajax?fileType=xls&fileName=iShares-MSCI-EM-UCITS-ETF-USD-Acc_fund&dataType=fund,10.Sept.2026,high
7020.SR,ETIHAD ETISALAT,Saudi-Arabien,Kommunikation,7020,Saudi Stock Exchange,,0.05088,MSCI_EM,https://www.ishares.com/de/privatanleger/de/produkte/251858/ishares-msci-emerging-markets-ucits-etf-acc-fund/1535604580385.ajax?fileType=xls&fileName=iShares-MSCI-EM-UCITS-ETF-USD-Acc_fund&dataType=fund,10.Sept.2026,high
SCC.R.BK,SIAM CEMENT NON-VOTING DR PCL,Thailand,Materialien,SCC.R,Stock Exchange Of Thailand,,0.05069,MSCI_EM,https://www.ishares.com/de/privatanleger/de/produkte/251858/ishares-msci-emerging-markets-ucits-etf-acc-fund/1535604580385.ajax?fileType=xls&fileName=iShares-MSCI-EM-UCITS-ETF-USD-Acc_fund&dataType=fund,10.Sept.2026,high
2280.SR,ALMARAI,Saudi-Arabien,Nichtzyklische Konsumgüter,2280,Saudi Stock Exchange,,0.05056,MSCI_EM,https://www.ishares.com/de/privatanleger/de/produkte/251858/ishares-msci-emerging-markets-ucits-etf-acc-fund/1535604580385.ajax?fileType=xls&fileName=iShares-MSCI-EM-UCITS-ETF-USD-Acc_fund&dataType=fund,10.Sept.2026,high
138040.KS,MERITZ FINANCIAL GROUP INC,Korea,Finanzwesen,138040,Korea Exchange (Stock Market),,0.05054,MSCI_EM,https://www.ishares.com/de/privatanleger/de/produkte/251858/ishares-msci-emerging-markets-ucits-etf-acc-fund/1535604580385.ajax?fileType=xls&fileName=iShares-MSCI-EM-UCITS-ETF-USD-Acc_fund&dataType=fund,10.Sept.2026,high
PERSISTENT.NS,PERSISTENT SYSTEMS LTD,Indien,IT,PERSISTENT,National Stock Exchange Of India,,0.05043,MSCI_EM,https://www.ishares.com/de/privatanleger/de/produkte/251858/ishares-msci-emerging-markets-ucits-etf-acc-fund/1535604580385.ajax?fileType=xls&fileName=iShares-MSCI-EM-UCITS-ETF-USD-Acc_fund&dataType=fund,10.Sept.2026,high
005830.KS,DB INSURANCE LTD,Korea,Finanzwesen,005830,Korea Exchange (Stock Market),,0.05034,MSCI_EM,https://www.ishares.com/de/privatanleger/de/produkte/251858/ishares-msci-emerging-markets-ucits-etf-acc-fund/1535604580385.ajax?fileType=xls&fileName=iShares-MSCI-EM-UCITS-ETF-USD-Acc_fund&dataType=fund,10.Sept.2026,high
TATACONSUM.NS,TATA CONSUMER PRODUCTS LTD,Indien,Nichtzyklische Konsumgüter,TATACONSUM,National Stock Exchange Of India,,0.05032,MSCI_EM,https://www.ishares.com/de/privatanleger/de/produkte/251858/ishares-msci-emerging-markets-ucits-etf-acc-fund/1535604580385.ajax?fileType=xls&fileName=iShares-MSCI-EM-UCITS-ETF-USD-Acc_fund&dataType=fund,10.Sept.2026,high
2376.TW,GIGABYTE TECHNOLOGY LTD,Taiwan,IT,2376,Taiwan Stock Exchange,,0.05023,MSCI_EM,https://www.ishares.com/de/privatanleger/de/produkte/251858/ishares-msci-emerging-markets-ucits-etf-acc-fund/1535604580385.ajax?fileType=xls&fileName=iShares-MSCI-EM-UCITS-ETF-USD-Acc_fund&dataType=fund,10.Sept.2026,high
0688.HK,CHINA OVERSEAS LAND INVESTMENT,China,Immobilien,688,Hong Kong Exchanges And Clearing Ltd,,0.05018,MSCI_EM,https://www.ishares.com/de/privatanleger/de/produkte/251858/ishares-msci-emerging-markets-ucits-etf-acc-fund/1535604580385.ajax?fileType=xls&fileName=iShares-MSCI-EM-UCITS-ETF-USD-Acc_fund&dataType=fund,10.Sept.2026,high
6690.HK,HAIER SMART HOME CLASS H LTD H,China,Zyklische Konsumgüter,6690,Hong Kong Exchanges And Clearing Ltd,,0.05,MSCI_EM,https://www.ishares.com/de/privatanleger/de/produkte/251858/ishares-msci-emerging-markets-ucits-etf-acc-fund/1535604580385.ajax?fileType=xls&fileName=iShares-MSCI-EM-UCITS-ETF-USD-Acc_fund&dataType=fund,10.Sept.2026,high
BCI.SN,BANCO DE CREDITO E INVERSION,Chile,Finanzwesen,BCI,Santiago Stock Exchange,,0.04992,MSCI_EM,https://www.ishares.com/de/privatanleger/de/produkte/251858/ishares-msci-emerging-markets-ucits-etf-acc-fund/1535604580385.ajax?fileType=xls&fileName=iShares-MSCI-EM-UCITS-ETF-USD-Acc_fund&dataType=fund,10.Sept.2026,high
1888.HK,KINGBOARD LAMINATES HOLDINGS LTD,China,IT,1888,Hong Kong Exchanges And Clearing Ltd,,0.0497,MSCI_EM,https://www.ishares.com/de/privatanleger/de/produkte/251858/ishares-msci-emerging-markets-ucits-etf-acc-fund/1535604580385.ajax?fileType=xls&fileName=iShares-MSCI-EM-UCITS-ETF-USD-Acc_fund&dataType=fund,10.Sept.2026,high
2801.TW,CHANG HWA COMMERCIAL BANK LTD,Taiwan,Finanzwesen,2801,Taiwan Stock Exchange,,0.04963,MSCI_EM,https://www.ishares.com/de/privatanleger/de/produkte/251858/ishares-msci-emerging-markets-ucits-etf-acc-fund/1535604580385.ajax?fileType=xls&fileName=iShares-MSCI-EM-UCITS-ETF-USD-Acc_fund&dataType=fund,10.Sept.2026,high
LPP.WA,LPP SA,Polen,Zyklische Konsumgüter,LPP,Warsaw Stock Exchange/Equities/Main Market,,0.04956,MSCI_EM,https://www.ishares.com/de/privatanleger/de/produkte/251858/ishares-msci-emerging-markets-ucits-etf-acc-fund/1535604580385.ajax?fileType=xls&fileName=iShares-MSCI-EM-UCITS-ETF-USD-Acc_fund&dataType=fund,10.Sept.2026,high
INDHOTEL.NS,INDIAN HOTELS LTD,Indien,Zyklische Konsumgüter,INDHOTEL,National Stock Exchange Of India,,0.04939,MSCI_EM,https://www.ishares.com/de/privatanleger/de/produkte/251858/ishares-msci-emerging-markets-ucits-etf-acc-fund/1535604580385.ajax?fileType=xls&fileName=iShares-MSCI-EM-UCITS-ETF-USD-Acc_fund&dataType=fund,10.Sept.2026,high
5871.TW,CHAILEASE HOLDING LTD,Taiwan,Finanzwesen,5871,Taiwan Stock Exchange,,0.04912,MSCI_EM,https://www.ishares.com/de/privatanleger/de/produkte/251858/ishares-msci-emerging-markets-ucits-etf-acc-fund/1535604580385.ajax?fileType=xls&fileName=iShares-MSCI-EM-UCITS-ETF-USD-Acc_fund&dataType=fund,10.Sept.2026,high
BZ,KANZHUN AMERICAN DEPOSITORY SHARES,China,Industrie,BZ,NASDAQ,,0.04884,MSCI_EM,https://www.ishares.com/de/privatanleger/de/produkte/251858/ishares-msci-emerging-markets-ucits-etf-acc-fund/1535604580385.ajax?fileType=xls&fileName=iShares-MSCI-EM-UCITS-ETF-USD-Acc_fund&dataType=fund,10.Sept.2026,high
5347.TWO,VANGUARD INTERNATIONAL SEMICONDUCT,Taiwan,IT,5347,Gretai Securities Market,,0.04852,MSCI_EM,https://www.ishares.com/de/privatanleger/de/produkte/251858/ishares-msci-emerging-markets-ucits-etf-acc-fund/1535604580385.ajax?fileType=xls&fileName=iShares-MSCI-EM-UCITS-ETF-USD-Acc_fund&dataType=fund,10.Sept.2026,high
INDUSINDBK.NS,INDUSIND BANK,Indien,Finanzwesen,INDUSINDBK,National Stock Exchange Of India,,0.04838,MSCI_EM,https://www.ishares.com/de/privatanleger/de/produkte/251858/ishares-msci-emerging-markets-ucits-etf-acc-fund/1535604580385.ajax?fileType=xls&fileName=iShares-MSCI-EM-UCITS-ETF-USD-Acc_fund&dataType=fund,10.Sept.2026,high
2382.HK,SUNNY OPTICAL TECHNOLOGY LTD,China,IT,2382,Hong Kong Exchanges And Clearing Ltd,,0.04831,MSCI_EM,https://www.ishares.com/de/privatanleger/de/produkte/251858/ishares-msci-emerging-markets-ucits-etf-acc-fund/1535604580385.ajax?fileType=xls&fileName=iShares-MSCI-EM-UCITS-ETF-USD-Acc_fund&dataType=fund,10.Sept.2026,high
GVT&D.NS,GE VERNOVA T&D INDIA LTD,Indien,Industrie,GVT&D,National Stock Exchange Of India,,0.04815,MSCI_EM,https://www.ishares.com/de/privatanleger/de/produkte/251858/ishares-msci-emerging-markets-ucits-etf-acc-fund/1535604580385.ajax?fileType=xls&fileName=iShares-MSCI-EM-UCITS-ETF-USD-Acc_fund&dataType=fund,10.Sept.2026,high
1658.HK,POSTAL SAVINGS BANK OF CHINA LTD H,China,Finanzwesen,1658,Hong Kong Exchanges And Clearing Ltd,,0.04807,MSCI_EM,https://www.ishares.com/de/privatanleger/de/produkte/251858/ishares-msci-emerging-markets-ucits-etf-acc-fund/1535604580385.ajax?fileType=xls&fileName=iShares-MSCI-EM-UCITS-ETF-USD-Acc_fund&dataType=fund,10.Sept.2026,high
1208.HK,MMG LTD,China,Materialien,1208,Hong Kong Exchanges And Clearing Ltd,,0.04803,MSCI_EM,https://www.ishares.com/de/privatanleger/de/produkte/251858/ishares-msci-emerging-markets-ucits-etf-acc-fund/1535604580385.ajax?fileType=xls&fileName=iShares-MSCI-EM-UCITS-ETF-USD-Acc_fund&dataType=fund,10.Sept.2026,high
018260.KS,SAMSUNG SDS,Korea,IT,018260,Korea Exchange (Stock Market),,0.04789,MSCI_EM,https://www.ishares.com/de/privatanleger/de/produkte/251858/ishares-msci-emerging-markets-ucits-etf-acc-fund/1535604580385.ajax?fileType=xls&fileName=iShares-MSCI-EM-UCITS-ETF-USD-Acc_fund&dataType=fund,10.Sept.2026,high
4904.TW,FAR EASTONE TELECOMMUNICATIONS LTD,Taiwan,Kommunikation,4904,Taiwan Stock Exchange,,0.04763,MSCI_EM,https://www.ishares.com/de/privatanleger/de/produkte/251858/ishares-msci-emerging-markets-ucits-etf-acc-fund/1535604580385.ajax?fileType=xls&fileName=iShares-MSCI-EM-UCITS-ETF-USD-Acc_fund&dataType=fund,10.Sept.2026,high
VOD.JO,VODACOM GROUP LTD,Südafrika,Kommunikation,VOD,Johannesburg Stock Exchange,,0.04752,MSCI_EM,https://www.ishares.com/de/privatanleger/de/produkte/251858/ishares-msci-emerging-markets-ucits-etf-acc-fund/1535604580385.ajax?fileType=xls&fileName=iShares-MSCI-EM-UCITS-ETF-USD-Acc_fund&dataType=fund,10.Sept.2026,high
AUBANK.NS,AU SMALL FINANCE BANK,Indien,Finanzwesen,AUBANK,National Stock Exchange Of India,,0.0474,MSCI_EM,https://www.ishares.com/de/privatanleger/de/produkte/251858/ishares-msci-emerging-markets-ucits-etf-acc-fund/1535604580385.ajax?fileType=xls&fileName=iShares-MSCI-EM-UCITS-ETF-USD-Acc_fund&dataType=fund,10.Sept.2026,high
BVN,BUENAVENTURA ADR REPRESENTING,Peru,Materialien,BVN,New York Stock Exchange Inc.,,0.0471,MSCI_EM,https://www.ishares.com/de/privatanleger/de/produkte/251858/ishares-msci-emerging-markets-ucits-etf-acc-fund/1535604580385.ajax?fileType=xls&fileName=iShares-MSCI-EM-UCITS-ETF-USD-Acc_fund&dataType=fund,10.Sept.2026,high
1171.HK,YANKUANG ENERGY GROUP COMPANY H,China,Energie,1171,Hong Kong Exchanges And Clearing Ltd,,0.04695,MSCI_EM,https://www.ishares.com/de/privatanleger/de/produkte/251858/ishares-msci-emerging-markets-ucits-etf-acc-fund/1535604580385.ajax?fileType=xls&fileName=iShares-MSCI-EM-UCITS-ETF-USD-Acc_fund&dataType=fund,10.Sept.2026,high
VBL.NS,VARUN BEVERAGES,Indien,Nichtzyklische Konsumgüter,VBL,National Stock Exchange Of India,,0.04693,MSCI_EM,https://www.ishares.com/de/privatanleger/de/produkte/251858/ishares-msci-emerging-markets-ucits-etf-acc-fund/1535604580385.ajax?fileType=xls&fileName=iShares-MSCI-EM-UCITS-ETF-USD-Acc_fund&dataType=fund,10.Sept.2026,high
011070.KS,LG INNOTEK LTD,Korea,IT,011070,Korea Exchange (Stock Market),,0.04688,MSCI_EM,https://www.ishares.com/de/privatanleger/de/produkte/251858/ishares-msci-emerging-markets-ucits-etf-acc-fund/1535604580385.ajax?fileType=xls&fileName=iShares-MSCI-EM-UCITS-ETF-USD-Acc_fund&dataType=fund,10.Sept.2026,high
5876.TW,SHANGHAI COMMERCIAL,Taiwan,Finanzwesen,5876,Taiwan Stock Exchange,,0.04685,MSCI_EM,https://www.ishares.com/de/privatanleger/de/produkte/251858/ishares-msci-emerging-markets-ucits-etf-acc-fund/1535604580385.ajax?fileType=xls&fileName=iShares-MSCI-EM-UCITS-ETF-USD-Acc_fund&dataType=fund,10.Sept.2026,high
BRITANNIA.NS,BRITANNIA INDUSTRIES LTD,Indien,Nichtzyklische Konsumgüter,BRITANNIA,National Stock Exchange Of India,,0.04667,MSCI_EM,https://www.ishares.com/de/privatanleger/de/produkte/251858/ishares-msci-emerging-markets-ucits-etf-acc-fund/1535604580385.ajax?fileType=xls&fileName=iShares-MSCI-EM-UCITS-ETF-USD-Acc_fund&dataType=fund,10.Sept.2026,high
MOL.BD,MOL HUNGARIAN OIL AND GAS,Ungarn,Energie,MOL,Budapest Stock Exchange,,0.04651,MSCI_EM,https://www.ishares.com/de/privatanleger/de/produkte/251858/ishares-msci-emerging-markets-ucits-etf-acc-fund/1535604580385.ajax?fileType=xls&fileName=iShares-MSCI-EM-UCITS-ETF-USD-Acc_fund&dataType=fund,10.Sept.2026,high
REM.JO,REMGRO,Südafrika,Finanzwesen,REM,Johannesburg Stock Exchange,,0.0465,MSCI_EM,https://www.ishares.com/de/privatanleger/de/produkte/251858/ishares-msci-emerging-markets-ucits-etf-acc-fund/1535604580385.ajax?fileType=xls&fileName=iShares-MSCI-EM-UCITS-ETF-USD-Acc_fund&dataType=fund,10.Sept.2026,high
TATAPOWER.NS,TATA POWER LTD,Indien,Versorger,TATAPOWER,National Stock Exchange Of India,,0.04639,MSCI_EM,https://www.ishares.com/de/privatanleger/de/produkte/251858/ishares-msci-emerging-markets-ucits-etf-acc-fund/1535604580385.ajax?fileType=xls&fileName=iShares-MSCI-EM-UCITS-ETF-USD-Acc_fund&dataType=fund,10.Sept.2026,high
071050.KS,KOREA INVESTMENT HOLDINGS LTD,Korea,Finanzwesen,071050,Korea Exchange (Stock Market),,0.04613,MSCI_EM,https://www.ishares.com/de/privatanleger/de/produkte/251858/ishares-msci-emerging-markets-ucits-etf-acc-fund/1535604580385.ajax?fileType=xls&fileName=iShares-MSCI-EM-UCITS-ETF-USD-Acc_fund&dataType=fund,10.Sept.2026,high
047810.KS,KOREA AEROSPACE INDUSTRIES,Korea,Industrie,047810,Korea Exchange (Stock Market),,0.04613,MSCI_EM,https://www.ishares.com/de/privatanleger/de/produkte/251858/ishares-msci-emerging-markets-ucits-etf-acc-fund/1535604580385.ajax?fileType=xls&fileName=iShares-MSCI-EM-UCITS-ETF-USD-Acc_fund&dataType=fund,10.Sept.2026,high
PRIO3.SA,PETRO RIO,Brasilien,Energie,PRIO3,XBSP,,0.04595,MSCI_EM,https://www.ishares.com/de/privatanleger/de/produkte/251858/ishares-msci-emerging-markets-ucits-etf-acc-fund/1535604580385.ajax?fileType=xls&fileName=iShares-MSCI-EM-UCITS-ETF-USD-Acc_fund&dataType=fund,10.Sept.2026,high
DIB.DU,DB ISLAMIC BANK,Ver. Arabische Emirate,Finanzwesen,DIB,Dubai Financial Market,,0.0458,MSCI_EM,https://www.ishares.com/de/privatanleger/de/produkte/251858/ishares-msci-emerging-markets-ucits-etf-acc-fund/1535604580385.ajax?fileType=xls&fileName=iShares-MSCI-EM-UCITS-ETF-USD-Acc_fund&dataType=fund,10.Sept.2026,high
YMM,FULL TRUCK ALLIANCE ADR CLASS A,China,Industrie,YMM,New York Stock Exchange Inc.,,0.04556,MSCI_EM,https://www.ishares.com/de/privatanleger/de/produkte/251858/ishares-msci-emerging-markets-ucits-etf-acc-fund/1535604580385.ajax?fileType=xls&fileName=iShares-MSCI-EM-UCITS-ETF-USD-Acc_fund&dataType=fund,10.Sept.2026,high
AC*.MX,ARCA CONTINENTAL,Mexiko,Nichtzyklische Konsumgüter,AC*,Bolsa Mexicana De Valores,,0.04496,MSCI_EM,https://www.ishares.com/de/privatanleger/de/produkte/251858/ishares-msci-emerging-markets-ucits-etf-acc-fund/1535604580385.ajax?fileType=xls&fileName=iShares-MSCI-EM-UCITS-ETF-USD-Acc_fund&dataType=fund,10.Sept.2026,high
KOFUBL.MX,COCA-COLA FEMSA CLASS UBL UNITS,Mexiko,Nichtzyklische Konsumgüter,KOFUBL,Bolsa Mexicana De Valores,,0.04481,MSCI_EM,https://www.ishares.com/de/privatanleger/de/produkte/251858/ishares-msci-emerging-markets-ucits-etf-acc-fund/1535604580385.ajax?fileType=xls&fileName=iShares-MSCI-EM-UCITS-ETF-USD-Acc_fund&dataType=fund,10.Sept.2026,high
PFC.NS,POWER FINANCE CORPORATION LTD,Indien,Finanzwesen,PFC,National Stock Exchange Of India,,0.0447,MSCI_EM,https://www.ishares.com/de/privatanleger/de/produkte/251858/ishares-msci-emerging-markets-ucits-etf-acc-fund/1535604580385.ajax?fileType=xls&fileName=iShares-MSCI-EM-UCITS-ETF-USD-Acc_fund&dataType=fund,10.Sept.2026,high
2356.TW,INVENTEC,Taiwan,IT,2356,Taiwan Stock Exchange,,0.04449,MSCI_EM,https://www.ishares.com/de/privatanleger/de/produkte/251858/ishares-msci-emerging-markets-ucits-etf-acc-fund/1535604580385.ajax?fileType=xls&fileName=iShares-MSCI-EM-UCITS-ETF-USD-Acc_fund&dataType=fund,10.Sept.2026,high
ADNOCGAS.AD,ADNOC GAS PLC,Ver. Arabische Emirate,Energie,ADNOCGAS,Abu Dhabi Securities Exchange,,0.04448,MSCI_EM,https://www.ishares.com/de/privatanleger/de/produkte/251858/ishares-msci-emerging-markets-ucits-etf-acc-fund/1535604580385.ajax?fileType=xls&fileName=iShares-MSCI-EM-UCITS-ETF-USD-Acc_fund&dataType=fund,10.Sept.2026,high
PTTEP.R.BK,PTT EXPLORATION AND PRODUCTION NON,Thailand,Energie,PTTEP.R,Stock Exchange Of Thailand,,0.04448,MSCI_EM,https://www.ishares.com/de/privatanleger/de/produkte/251858/ishares-msci-emerging-markets-ucits-etf-acc-fund/1535604580385.ajax?fileType=xls&fileName=iShares-MSCI-EM-UCITS-ETF-USD-Acc_fund&dataType=fund,10.Sept.2026,high
GAMUDA.KL,GAMUDA,Malaysia,Industrie,GAMUDA,Bursa Malaysia,,0.0444,MSCI_EM,https://www.ishares.com/de/privatanleger/de/produkte/251858/ishares-msci-emerging-markets-ucits-etf-acc-fund/1535604580385.ajax?fileType=xls&fileName=iShares-MSCI-EM-UCITS-ETF-USD-Acc_fund&dataType=fund,10.Sept.2026,high
1336.HK,NEW CHINA LIFE INSURANCE COMPANY L,China,Finanzwesen,1336,Hong Kong Exchanges And Clearing Ltd,,0.04439,MSCI_EM,https://www.ishares.com/de/privatanleger/de/produkte/251858/ishares-msci-emerging-markets-ucits-etf-acc-fund/1535604580385.ajax?fileType=xls&fileName=iShares-MSCI-EM-UCITS-ETF-USD-Acc_fund&dataType=fund,10.Sept.2026,high
1080.SR,ARAB NATIONAL BANK,Saudi-Arabien,Finanzwesen,1080,Saudi Stock Exchange,,0.04419,MSCI_EM,https://www.ishares.com/de/privatanleger/de/produkte/251858/ishares-msci-emerging-markets-ucits-etf-acc-fund/1535604580385.ajax?fileType=xls&fileName=iShares-MSCI-EM-UCITS-ETF-USD-Acc_fund&dataType=fund,10.Sept.2026,high
4938.TW,PEGATRON,Taiwan,IT,4938,Taiwan Stock Exchange,,0.04412,MSCI_EM,https://www.ishares.com/de/privatanleger/de/produkte/251858/ishares-msci-emerging-markets-ucits-etf-acc-fund/1535604580385.ajax?fileType=xls&fileName=iShares-MSCI-EM-UCITS-ETF-USD-Acc_fund&dataType=fund,10.Sept.2026,high
086280.KS,HYUNDAI GLOVIS LTD,Korea,Industrie,086280,Korea Exchange (Stock Market),,0.04401,MSCI_EM,https://www.ishares.com/de/privatanleger/de/produkte/251858/ishares-msci-emerging-markets-ucits-etf-acc-fund/1535604580385.ajax?fileType=xls&fileName=iShares-MSCI-EM-UCITS-ETF-USD-Acc_fund&dataType=fund,10.Sept.2026,high
DMART.NS,AVENUE SUPERMARTS LTD,Indien,Nichtzyklische Konsumgüter,DMART,National Stock Exchange Of India,,0.04396,MSCI_EM,https://www.ishares.com/de/privatanleger/de/produkte/251858/ishares-msci-emerging-markets-ucits-etf-acc-fund/1535604580385.ajax?fileType=xls&fileName=iShares-MSCI-EM-UCITS-ETF-USD-Acc_fund&dataType=fund,10.Sept.2026,high
0300.HK,MIDEA GROUP CLASS H,China,Zyklische Konsumgüter,300,Hong Kong Exchanges And Clearing Ltd,,0.04394,MSCI_EM,https://www.ishares.com/de/privatanleger/de/produkte/251858/ishares-msci-emerging-markets-ucits-etf-acc-fund/1535604580385.ajax?fileType=xls&fileName=iShares-MSCI-EM-UCITS-ETF-USD-Acc_fund&dataType=fund,10.Sept.2026,high
VAML.NS,VEDANTA ALUMINIUM METAL LTD,Indien,Materialien,VAML,National Stock Exchange Of India,,0.04391,MSCI_EM,https://www.ishares.com/de/privatanleger/de/produkte/251858/ishares-msci-emerging-markets-ucits-etf-acc-fund/1535604580385.ajax?fileType=xls&fileName=iShares-MSCI-EM-UCITS-ETF-USD-Acc_fund&dataType=fund,10.Sept.2026,high
RICHTER.BD,GEDEON RICHTER,Ungarn,Gesundheitsversorgung,RICHTER,Budapest Stock Exchange,,0.04383,MSCI_EM,https://www.ishares.com/de/privatanleger/de/produkte/251858/ishares-msci-emerging-markets-ucits-etf-acc-fund/1535604580385.ajax?fileType=xls&fileName=iShares-MSCI-EM-UCITS-ETF-USD-Acc_fund&dataType=fund,10.Sept.2026,high
COMI.CA,COMMERCIAL INTERNATIONAL BANK EGYP,Ägypten,Finanzwesen,COMI,Egyptian Exchange,,0.04364,MSCI_EM,https://www.ishares.com/de/privatanleger/de/produkte/251858/ishares-msci-emerging-markets-ucits-etf-acc-fund/1535604580385.ajax?fileType=xls&fileName=iShares-MSCI-EM-UCITS-ETF-USD-Acc_fund&dataType=fund,10.Sept.2026,high
3692.HK,HANSOH PHARMACEUTICAL GROUP,China,Gesundheitsversorgung,3692,Hong Kong Exchanges And Clearing Ltd,,0.04363,MSCI_EM,https://www.ishares.com/de/privatanleger/de/produkte/251858/ishares-msci-emerging-markets-ucits-etf-acc-fund/1535604580385.ajax?fileType=xls&fileName=iShares-MSCI-EM-UCITS-ETF-USD-Acc_fund&dataType=fund,10.Sept.2026,high
BSANTANDER.SN,BANCO SANTANDER CHILE,Chile,Finanzwesen,BSANTANDER,Santiago Stock Exchange,,0.04345,MSCI_EM,https://www.ishares.com/de/privatanleger/de/produkte/251858/ishares-msci-emerging-markets-ucits-etf-acc-fund/1535604580385.ajax?fileType=xls&fileName=iShares-MSCI-EM-UCITS-ETF-USD-Acc_fund&dataType=fund,10.Sept.2026,high
4013.SR,DR SULAIMAN AL HABIB MEDICAL GRP,Saudi-Arabien,Gesundheitsversorgung,4013,Saudi Stock Exchange,,0.04303,MSCI_EM,https://www.ishares.com/de/privatanleger/de/produkte/251858/ishares-msci-emerging-markets-ucits-etf-acc-fund/1535604580385.ajax?fileType=xls&fileName=iShares-MSCI-EM-UCITS-ETF-USD-Acc_fund&dataType=fund,10.Sept.2026,high
SOLARINDS.NS,SOLAR INDUSTRIES INDIA LTD,Indien,Materialien,SOLARINDS,National Stock Exchange Of India,,0.04241,MSCI_EM,https://www.ishares.com/de/privatanleger/de/produkte/251858/ishares-msci-emerging-markets-ucits-etf-acc-fund/1535604580385.ajax?fileType=xls&fileName=iShares-MSCI-EM-UCITS-ETF-USD-Acc_fund&dataType=fund,10.Sept.2026,high
2513.HK,Z AI CO LTD H,China,IT,2513,Hong Kong Exchanges And Clearing Ltd,,0.04221,MSCI_EM,https://www.ishares.com/de/privatanleger/de/produkte/251858/ishares-msci-emerging-markets-ucits-etf-acc-fund/1535604580385.ajax?fileType=xls&fileName=iShares-MSCI-EM-UCITS-ETF-USD-Acc_fund&dataType=fund,10.Sept.2026,high
ASHOKLEY.NS,ASHOK LEYLAND,Indien,Industrie,ASHOKLEY,National Stock Exchange Of India,,0.04205,MSCI_EM,https://www.ishares.com/de/privatanleger/de/produkte/251858/ishares-msci-emerging-markets-ucits-etf-acc-fund/1535604580385.ajax?fileType=xls&fileName=iShares-MSCI-EM-UCITS-ETF-USD-Acc_fund&dataType=fund,10.Sept.2026,high
INDUSTOWER.NS,INDUS TOWERS LTD,Indien,Kommunikation,INDUSTOWER,National Stock Exchange Of India,,0.04199,MSCI_EM,https://www.ishares.com/de/privatanleger/de/produkte/251858/ishares-msci-emerging-markets-ucits-etf-acc-fund/1535604580385.ajax?fileType=xls&fileName=iShares-MSCI-EM-UCITS-ETF-USD-Acc_fund&dataType=fund,10.Sept.2026,high
006800.KS,MIRAE ASSET SECURITIES CO LTD,Korea,Finanzwesen,006800,Korea Exchange (Stock Market),,0.04197,MSCI_EM,https://www.ishares.com/de/privatanleger/de/produkte/251858/ishares-msci-emerging-markets-ucits-etf-acc-fund/1535604580385.ajax?fileType=xls&fileName=iShares-MSCI-EM-UCITS-ETF-USD-Acc_fund&dataType=fund,10.Sept.2026,high
1919.HK,COSCO SHIPPING HOLDINGS LTD H,China,Industrie,1919,Hong Kong Exchanges And Clearing Ltd,,0.04193,MSCI_EM,https://www.ishares.com/de/privatanleger/de/produkte/251858/ishares-msci-emerging-markets-ucits-etf-acc-fund/1535604580385.ajax?fileType=xls&fileName=iShares-MSCI-EM-UCITS-ETF-USD-Acc_fund&dataType=fund,10.Sept.2026,high
1140.SR,BANK ALBILAD,Saudi-Arabien,Finanzwesen,1140,Saudi Stock Exchange,,0.04162,MSCI_EM,https://www.ishares.com/de/privatanleger/de/produkte/251858/ishares-msci-emerging-markets-ucits-etf-acc-fund/1535604580385.ajax?fileType=xls&fileName=iShares-MSCI-EM-UCITS-ETF-USD-Acc_fund&dataType=fund,10.Sept.2026,high
DIXON.NS,DIXON TECHNOLOGIES (INDIA) LTD,Indien,Zyklische Konsumgüter,DIXON,National Stock Exchange Of India,,0.04118,MSCI_EM,https://www.ishares.com/de/privatanleger/de/produkte/251858/ishares-msci-emerging-markets-ucits-etf-acc-fund/1535604580385.ajax?fileType=xls&fileName=iShares-MSCI-EM-UCITS-ETF-USD-Acc_fund&dataType=fund,10.Sept.2026,high
003670.KS,POSCO FUTURE M LTD,Korea,Industrie,003670,Korea Exchange (Stock Market),,0.04116,MSCI_EM,https://www.ishares.com/de/privatanleger/de/produkte/251858/ishares-msci-emerging-markets-ucits-etf-acc-fund/1535604580385.ajax?fileType=xls&fileName=iShares-MSCI-EM-UCITS-ETF-USD-Acc_fund&dataType=fund,10.Sept.2026,high
6030.HK,CITIC SECURITIES COMPANY H,China,Finanzwesen,6030,Hong Kong Exchanges And Clearing Ltd,,0.04087,MSCI_EM,https://www.ishares.com/de/privatanleger/de/produkte/251858/ishares-msci-emerging-markets-ucits-etf-acc-fund/1535604580385.ajax?fileType=xls&fileName=iShares-MSCI-EM-UCITS-ETF-USD-Acc_fund&dataType=fund,10.Sept.2026,high
0788.HK,CHINA TOWER CORP LTD H,China,Kommunikation,788,Hong Kong Exchanges And Clearing Ltd,,0.04018,MSCI_EM,https://www.ishares.com/de/privatanleger/de/produkte/251858/ishares-msci-emerging-markets-ucits-etf-acc-fund/1535604580385.ajax?fileType=xls&fileName=iShares-MSCI-EM-UCITS-ETF-USD-Acc_fund&dataType=fund,10.Sept.2026,high
2688.HK,ENN ENERGY HOLDINGS LTD,China,Versorger,2688,Hong Kong Exchanges And Clearing Ltd,,0.04018,MSCI_EM,https://www.ishares.com/de/privatanleger/de/produkte/251858/ishares-msci-emerging-markets-ucits-etf-acc-fund/1535604580385.ajax?fileType=xls&fileName=iShares-MSCI-EM-UCITS-ETF-USD-Acc_fund&dataType=fund,10.Sept.2026,high
6618.HK,JD HEALTH INTERNATIONAL INC,China,Nichtzyklische Konsumgüter,6618,Hong Kong Exchanges And Clearing Ltd,,0.04012,MSCI_EM,https://www.ishares.com/de/privatanleger/de/produkte/251858/ishares-msci-emerging-markets-ucits-etf-acc-fund/1535604580385.ajax?fileType=xls&fileName=iShares-MSCI-EM-UCITS-ETF-USD-Acc_fund&dataType=fund,10.Sept.2026,high
FUNO11.MX,FIBRA UNO ADMINISTRACION REIT,Mexiko,Immobilien,FUNO11,Bolsa Mexicana De Valores,,0.04011,MSCI_EM,https://www.ishares.com/de/privatanleger/de/produkte/251858/ishares-msci-emerging-markets-ucits-etf-acc-fund/1535604580385.ajax?fileType=xls&fileName=iShares-MSCI-EM-UCITS-ETF-USD-Acc_fund&dataType=fund,10.Sept.2026,high
NAUKRI.NS,INFO EDGE INDIA LTD,Indien,Kommunikation,NAUKRI,National Stock Exchange Of India,,0.04008,MSCI_EM,https://www.ishares.com/de/privatanleger/de/produkte/251858/ishares-msci-emerging-markets-ucits-etf-acc-fund/1535604580385.ajax?fileType=xls&fileName=iShares-MSCI-EM-UCITS-ETF-USD-Acc_fund&dataType=fund,10.Sept.2026,high
LUPIN.NS,LUPIN,Indien,Gesundheitsversorgung,LUPIN,National Stock Exchange Of India,,0.04002,MSCI_EM,https://www.ishares.com/de/privatanleger/de/produkte/251858/ishares-msci-emerging-markets-ucits-etf-acc-fund/1535604580385.ajax?fileType=xls&fileName=iShares-MSCI-EM-UCITS-ETF-USD-Acc_fund&dataType=fund,10.Sept.2026,high
BHEL.NS,BHARAT HEAVY ELECTRICALS LTD,Indien,Industrie,BHEL,National Stock Exchange Of India,,0.03962,MSCI_EM,https://www.ishares.com/de/privatanleger/de/produkte/251858/ishares-msci-emerging-markets-ucits-etf-acc-fund/1535604580385.ajax?fileType=xls&fileName=iShares-MSCI-EM-UCITS-ETF-USD-Acc_fund&dataType=fund,10.Sept.2026,high
0148.HK,KINGBOARD HOLDINGS,China,IT,148,Hong Kong Exchanges And Clearing Ltd,,0.03945,MSCI_EM,https://www.ishares.com/de/privatanleger/de/produkte/251858/ishares-msci-emerging-markets-ucits-etf-acc-fund/1535604580385.ajax?fileType=xls&fileName=iShares-MSCI-EM-UCITS-ETF-USD-Acc_fund&dataType=fund,10.Sept.2026,high
1590.TW,AIRTAC INTERNATIONAL GROUP,Taiwan,Industrie,1590,Taiwan Stock Exchange,,0.0394,MSCI_EM,https://www.ishares.com/de/privatanleger/de/produkte/251858/ishares-msci-emerging-markets-ucits-etf-acc-fund/1535604580385.ajax?fileType=xls&fileName=iShares-MSCI-EM-UCITS-ETF-USD-Acc_fund&dataType=fund,10.Sept.2026,high
MBK.WA,MBANK SA,Polen,Finanzwesen,MBK,Warsaw Stock Exchange/Equities/Main Market,,0.03928,MSCI_EM,https://www.ishares.com/de/privatanleger/de/produkte/251858/ishares-msci-emerging-markets-ucits-etf-acc-fund/1535604580385.ajax?fileType=xls&fileName=iShares-MSCI-EM-UCITS-ETF-USD-Acc_fund&dataType=fund,10.Sept.2026,high
NRP.JO,NEPI ROCKCASTLE,Südafrika,Immobilien,NRP,Johannesburg Stock Exchange,,0.03916,MSCI_EM,https://www.ishares.com/de/privatanleger/de/produkte/251858/ishares-msci-emerging-markets-ucits-etf-acc-fund/1535604580385.ajax?fileType=xls&fileName=iShares-MSCI-EM-UCITS-ETF-USD-Acc_fund&dataType=fund,10.Sept.2026,high
1548.HK,GENSCRIPT BIOTECH CORP,China,Gesundheitsversorgung,1548,Hong Kong Exchanges And Clearing Ltd,,0.03909,MSCI_EM,https://www.ishares.com/de/privatanleger/de/produkte/251858/ishares-msci-emerging-markets-ucits-etf-acc-fund/1535604580385.ajax?fileType=xls&fileName=iShares-MSCI-EM-UCITS-ETF-USD-Acc_fund&dataType=fund,10.Sept.2026,high
BHARATFORG.NS,BHARAT FORGE,Indien,Zyklische Konsumgüter,BHARATFORG,National Stock Exchange Of India,,0.03908,MSCI_EM,https://www.ishares.com/de/privatanleger/de/produkte/251858/ishares-msci-emerging-markets-ucits-etf-acc-fund/1535604580385.ajax?fileType=xls&fileName=iShares-MSCI-EM-UCITS-ETF-USD-Acc_fund&dataType=fund,10.Sept.2026,high
015760.KS,KOREA ELECTRIC POWER,Korea,Versorger,015760,Korea Exchange (Stock Market),,0.03902,MSCI_EM,https://www.ishares.com/de/privatanleger/de/produkte/251858/ishares-msci-emerging-markets-ucits-etf-acc-fund/1535604580385.ajax?fileType=xls&fileName=iShares-MSCI-EM-UCITS-ETF-USD-Acc_fund&dataType=fund,10.Sept.2026,high
0358.HK,JIANGXI COPPER LTD H,China,Materialien,358,Hong Kong Exchanges And Clearing Ltd,,0.0388,MSCI_EM,https://www.ishares.com/de/privatanleger/de/produkte/251858/ishares-msci-emerging-markets-ucits-etf-acc-fund/1535604580385.ajax?fileType=xls&fileName=iShares-MSCI-EM-UCITS-ETF-USD-Acc_fund&dataType=fund,10.Sept.2026,high
ISA.CL,INTERCONEXION ELECTRICA SA,Kolumbien,Versorger,ISA,Bolsa De Valores De Colombia,,0.03871,MSCI_EM,https://www.ishares.com/de/privatanleger/de/produkte/251858/ishares-msci-emerging-markets-ucits-etf-acc-fund/1535604580385.ajax?fileType=xls&fileName=iShares-MSCI-EM-UCITS-ETF-USD-Acc_fund&dataType=fund,10.Sept.2026,high
DNP.WA,DINO POLSKA,Polen,Nichtzyklische Konsumgüter,DNP,Warsaw Stock Exchange/Equities/Main Market,,0.03858,MSCI_EM,https://www.ishares.com/de/privatanleger/de/produkte/251858/ishares-msci-emerging-markets-ucits-etf-acc-fund/1535604580385.ajax?fileType=xls&fileName=iShares-MSCI-EM-UCITS-ETF-USD-Acc_fund&dataType=fund,10.Sept.2026,high
MOH.AT,MOTOR OIL (HELLAS) CORINTH REFINER,Griechenland,Energie,MOH,Athens Exchange S.A. Cash Market,,0.03808,MSCI_EM,https://www.ishares.com/de/privatanleger/de/produkte/251858/ishares-msci-emerging-markets-ucits-etf-acc-fund/1535604580385.ajax?fileType=xls&fileName=iShares-MSCI-EM-UCITS-ETF-USD-Acc_fund&dataType=fund,10.Sept.2026,high
1818.HK,ZHAOJIN MINING INDUSTRY LTD H,China,Materialien,1818,Hong Kong Exchanges And Clearing Ltd,,0.03807,MSCI_EM,https://www.ishares.com/de/privatanleger/de/produkte/251858/ishares-msci-emerging-markets-ucits-etf-acc-fund/1535604580385.ajax?fileType=xls&fileName=iShares-MSCI-EM-UCITS-ETF-USD-Acc_fund&dataType=fund,10.Sept.2026,high
AKBNK.E.IS,AKBANK A,Türkei,Finanzwesen,AKBNK.E,Istanbul Stock Exchange,,0.03772,MSCI_EM,https://www.ishares.com/de/privatanleger/de/produkte/251858/ishares-msci-emerging-markets-ucits-etf-acc-fund/1535604580385.ajax?fileType=xls&fileName=iShares-MSCI-EM-UCITS-ETF-USD-Acc_fund&dataType=fund,10.Sept.2026,high
LENSKART.NS,LENSKART SOLUTIONS LTD,Indien,Zyklische Konsumgüter,LENSKART,National Stock Exchange Of India,,0.03758,MSCI_EM,https://www.ishares.com/de/privatanleger/de/produkte/251858/ishares-msci-emerging-markets-ucits-etf-acc-fund/1535604580385.ajax?fileType=xls&fileName=iShares-MSCI-EM-UCITS-ETF-USD-Acc_fund&dataType=fund,10.Sept.2026,high
3606.HK,FUYAO GLASS INDUSTRY GROUP LTD H,China,Zyklische Konsumgüter,3606,Hong Kong Exchanges And Clearing Ltd,,0.03747,MSCI_EM,https://www.ishares.com/de/privatanleger/de/produkte/251858/ishares-msci-emerging-markets-ucits-etf-acc-fund/1535604580385.ajax?fileType=xls&fileName=iShares-MSCI-EM-UCITS-ETF-USD-Acc_fund&dataType=fund,10.Sept.2026,high
POLYCAB.NS,POLYCAB INDIA,Indien,Industrie,POLYCAB,National Stock Exchange Of India,,0.03723,MSCI_EM,https://www.ishares.com/de/privatanleger/de/produkte/251858/ishares-msci-emerging-markets-ucits-etf-acc-fund/1535604580385.ajax?fileType=xls&fileName=iShares-MSCI-EM-UCITS-ETF-USD-Acc_fund&dataType=fund,10.Sept.2026,high
DEWA.DU,DUBAI ELECTRICITY AND WATER AUTHOR,Ver. Arabische Emirate,Versorger,DEWA,Dubai Financial Market,,0.03716,MSCI_EM,https://www.ishares.com/de/privatanleger/de/produkte/251858/ishares-msci-emerging-markets-ucits-etf-acc-fund/1535604580385.ajax?fileType=xls&fileName=iShares-MSCI-EM-UCITS-ETF-USD-Acc_fund&dataType=fund,10.Sept.2026,high
3908.HK,CHINA INTERNATIONAL CAPITAL H,China,Finanzwesen,3908,Hong Kong Exchanges And Clearing Ltd,,0.037,MSCI_EM,https://www.ishares.com/de/privatanleger/de/produkte/251858/ishares-msci-emerging-markets-ucits-etf-acc-fund/1535604580385.ajax?fileType=xls&fileName=iShares-MSCI-EM-UCITS-ETF-USD-Acc_fund&dataType=fund,10.Sept.2026,high
FORTIS.NS,FORTIS HEALTHCARE LTD,Indien,Gesundheitsversorgung,FORTIS,National Stock Exchange Of India,,0.03676,MSCI_EM,https://www.ishares.com/de/privatanleger/de/produkte/251858/ishares-msci-emerging-markets-ucits-etf-acc-fund/1535604580385.ajax?fileType=xls&fileName=iShares-MSCI-EM-UCITS-ETF-USD-Acc_fund&dataType=fund,10.Sept.2026,high
FIBRAPL14.MX,PROLOGIS PROPERTY MEXICO REIT,Mexiko,Immobilien,FIBRAPL14,Bolsa Mexicana De Valores,,0.03672,MSCI_EM,https://www.ishares.com/de/privatanleger/de/produkte/251858/ishares-msci-emerging-markets-ucits-etf-acc-fund/1535604580385.ajax?fileType=xls&fileName=iShares-MSCI-EM-UCITS-ETF-USD-Acc_fund&dataType=fund,10.Sept.2026,high
0836.HK,CHINA RESOURCES POWER LTD,China,Versorger,836,Hong Kong Exchanges And Clearing Ltd,,0.03649,MSCI_EM,https://www.ishares.com/de/privatanleger/de/produkte/251858/ishares-msci-emerging-markets-ucits-etf-acc-fund/1535604580385.ajax?fileType=xls&fileName=iShares-MSCI-EM-UCITS-ETF-USD-Acc_fund&dataType=fund,10.Sept.2026,high
005387.KS,HYUNDAI MOTOR S2 PREF,Korea,Zyklische Konsumgüter,005387,Korea Exchange (Stock Market),,0.03641,MSCI_EM,https://www.ishares.com/de/privatanleger/de/produkte/251858/ishares-msci-emerging-markets-ucits-etf-acc-fund/1535604580385.ajax?fileType=xls&fileName=iShares-MSCI-EM-UCITS-ETF-USD-Acc_fund&dataType=fund,10.Sept.2026,high
TME,TENCENT MUSIC ENTERTAINMENT GROUP,China,Kommunikation,TME,New York Stock Exchange Inc.,,0.03628,MSCI_EM,https://www.ishares.com/de/privatanleger/de/produkte/251858/ishares-msci-emerging-markets-ucits-etf-acc-fund/1535604580385.ajax?fileType=xls&fileName=iShares-MSCI-EM-UCITS-ETF-USD-Acc_fund&dataType=fund,10.Sept.2026,high
SUZLON.NS,SUZLON ENERGY,Indien,Industrie,SUZLON,National Stock Exchange Of India,,0.03623,MSCI_EM,https://www.ishares.com/de/privatanleger/de/produkte/251858/ishares-msci-emerging-markets-ucits-etf-acc-fund/1535604580385.ajax?fileType=xls&fileName=iShares-MSCI-EM-UCITS-ETF-USD-Acc_fund&dataType=fund,10.Sept.2026,high
BDO.PS,BDO UNIBANK,Philippinen,Finanzwesen,BDO,Philippine Stock Exchange Inc.,,0.03622,MSCI_EM,https://www.ishares.com/de/privatanleger/de/produkte/251858/ishares-msci-emerging-markets-ucits-etf-acc-fund/1535604580385.ajax?fileType=xls&fileName=iShares-MSCI-EM-UCITS-ETF-USD-Acc_fund&dataType=fund,10.Sept.2026,high
HDFCLIFE.NS,HDFC LIFE INSURANCE COMPANY LTD,Indien,Finanzwesen,HDFCLIFE,National Stock Exchange Of India,,0.03619,MSCI_EM,https://www.ishares.com/de/privatanleger/de/produkte/251858/ishares-msci-emerging-markets-ucits-etf-acc-fund/1535604580385.ajax?fileType=xls&fileName=iShares-MSCI-EM-UCITS-ETF-USD-Acc_fund&dataType=fund,10.Sept.2026,high
ASII.JK,ASTRA INTERNATIONAL,Indonesien,Industrie,ASII,Indonesia Stock Exchange,,0.03618,MSCI_EM,https://www.ishares.com/de/privatanleger/de/produkte/251858/ishares-msci-emerging-markets-ucits-etf-acc-fund/1535604580385.ajax?fileType=xls&fileName=iShares-MSCI-EM-UCITS-ETF-USD-Acc_fund&dataType=fund,10.Sept.2026,high
259960.KS,KRAFTON,Korea,Kommunikation,259960,Korea Exchange (Stock Market),,0.03612,MSCI_EM,https://www.ishares.com/de/privatanleger/de/produkte/251858/ishares-msci-emerging-markets-ucits-etf-acc-fund/1535604580385.ajax?fileType=xls&fileName=iShares-MSCI-EM-UCITS-ETF-USD-Acc_fund&dataType=fund,10.Sept.2026,high
PIDILITIND.NS,PIDILITE INDUSTRIES LTD,Indien,Materialien,PIDILITIND,National Stock Exchange Of India,,0.03605,MSCI_EM,https://www.ishares.com/de/privatanleger/de/produkte/251858/ishares-msci-emerging-markets-ucits-etf-acc-fund/1535604580385.ajax?fileType=xls&fileName=iShares-MSCI-EM-UCITS-ETF-USD-Acc_fund&dataType=fund,10.Sept.2026,high
247540.KQ,ECOPRO BM LTD,Korea,Industrie,247540,Korea Exchange (Kosdaq),,0.03604,MSCI_EM,https://www.ishares.com/de/privatanleger/de/produkte/251858/ishares-msci-emerging-markets-ucits-etf-acc-fund/1535604580385.ajax?fileType=xls&fileName=iShares-MSCI-EM-UCITS-ETF-USD-Acc_fund&dataType=fund,10.Sept.2026,high
GCARSOA1.MX,GRUPO CARSO SERIES A1,Mexiko,Industrie,GCARSOA1,Bolsa Mexicana De Valores,,0.03594,MSCI_EM,https://www.ishares.com/de/privatanleger/de/produkte/251858/ishares-msci-emerging-markets-ucits-etf-acc-fund/1535604580385.ajax?fileType=xls&fileName=iShares-MSCI-EM-UCITS-ETF-USD-Acc_fund&dataType=fund,10.Sept.2026,high
0020.HK,SENSETIME GROUP CLASS B INC,China,IT,20,Hong Kong Exchanges And Clearing Ltd,,0.03593,MSCI_EM,https://www.ishares.com/de/privatanleger/de/produkte/251858/ishares-msci-emerging-markets-ucits-etf-acc-fund/1535604580385.ajax?fileType=xls&fileName=iShares-MSCI-EM-UCITS-ETF-USD-Acc_fund&dataType=fund,10.Sept.2026,high
BVT.JO,BIDVEST GROUP,Südafrika,Industrie,BVT,Johannesburg Stock Exchange,,0.03571,MSCI_EM,https://www.ishares.com/de/privatanleger/de/produkte/251858/ishares-msci-emerging-markets-ucits-etf-acc-fund/1535604580385.ajax?fileType=xls&fileName=iShares-MSCI-EM-UCITS-ETF-USD-Acc_fund&dataType=fund,10.Sept.2026,high
ASURB.MX,GRUPO AEROPORTUARIO DEL SURESTE B,Mexiko,Industrie,ASURB,Bolsa Mexicana De Valores,,0.03563,MSCI_EM,https://www.ishares.com/de/privatanleger/de/produkte/251858/ishares-msci-emerging-markets-ucits-etf-acc-fund/1535604580385.ajax?fileType=xls&fileName=iShares-MSCI-EM-UCITS-ETF-USD-Acc_fund&dataType=fund,10.Sept.2026,high
POWERINDIA.NS,HITACHI ENERGY INDIA LTD,Indien,Industrie,POWERINDIA,National Stock Exchange Of India,,0.03547,MSCI_EM,https://www.ishares.com/de/privatanleger/de/produkte/251858/ishares-msci-emerging-markets-ucits-etf-acc-fund/1535604580385.ajax?fileType=xls&fileName=iShares-MSCI-EM-UCITS-ETF-USD-Acc_fund&dataType=fund,10.Sept.2026,high
BPCL.NS,BHARAT PETROLEUM,Indien,Energie,BPCL,National Stock Exchange Of India,,0.03544,MSCI_EM,https://www.ishares.com/de/privatanleger/de/produkte/251858/ishares-msci-emerging-markets-ucits-etf-acc-fund/1535604580385.ajax?fileType=xls&fileName=iShares-MSCI-EM-UCITS-ETF-USD-Acc_fund&dataType=fund,10.Sept.2026,high
2018.HK,AAC TECHNOLOGIES HOLDINGS,China,IT,2018,Hong Kong Exchanges And Clearing Ltd,,0.03532,MSCI_EM,https://www.ishares.com/de/privatanleger/de/produkte/251858/ishares-msci-emerging-markets-ucits-etf-acc-fund/1535604580385.ajax?fileType=xls&fileName=iShares-MSCI-EM-UCITS-ETF-USD-Acc_fund&dataType=fund,10.Sept.2026,high
AUROPHARMA.NS,AUROBINDO PHARMA,Indien,Gesundheitsversorgung,AUROPHARMA,National Stock Exchange Of India,,0.03529,MSCI_EM,https://www.ishares.com/de/privatanleger/de/produkte/251858/ishares-msci-emerging-markets-ucits-etf-acc-fund/1535604580385.ajax?fileType=xls&fileName=iShares-MSCI-EM-UCITS-ETF-USD-Acc_fund&dataType=fund,10.Sept.2026,high
2207.TW,HOTAI MOTOR LTD,Taiwan,Zyklische Konsumgüter,2207,Taiwan Stock Exchange,,0.03513,MSCI_EM,https://www.ishares.com/de/privatanleger/de/produkte/251858/ishares-msci-emerging-markets-ucits-etf-acc-fund/1535604580385.ajax?fileType=xls&fileName=iShares-MSCI-EM-UCITS-ETF-USD-Acc_fund&dataType=fund,10.Sept.2026,high
EQTL3.SA,EQUATORIAL SA,Brasilien,Versorger,EQTL3,XBSP,,0.03507,MSCI_EM,https://www.ishares.com/de/privatanleger/de/produkte/251858/ishares-msci-emerging-markets-ucits-etf-acc-fund/1535604580385.ajax?fileType=xls&fileName=iShares-MSCI-EM-UCITS-ETF-USD-Acc_fund&dataType=fund,10.Sept.2026,high
WIPRO.NS,WIPRO,Indien,IT,WIPRO,National Stock Exchange Of India,,0.03493,MSCI_EM,https://www.ishares.com/de/privatanleger/de/produkte/251858/ishares-msci-emerging-markets-ucits-etf-acc-fund/1535604580385.ajax?fileType=xls&fileName=iShares-MSCI-EM-UCITS-ETF-USD-Acc_fund&dataType=fund,10.Sept.2026,high
FALABELLA.SN,FALABELLA SACI,Chile,Zyklische Konsumgüter,FALABELLA,Santiago Stock Exchange,,0.0349,MSCI_EM,https://www.ishares.com/de/privatanleger/de/produkte/251858/ishares-msci-emerging-markets-ucits-etf-acc-fund/1535604580385.ajax?fileType=xls&fileName=iShares-MSCI-EM-UCITS-ETF-USD-Acc_fund&dataType=fund,10.Sept.2026,high
GAIL.NS,GAIL INDIA LTD,Indien,Versorger,GAIL,National Stock Exchange Of India,,0.03455,MSCI_EM,https://www.ishares.com/de/privatanleger/de/produkte/251858/ishares-msci-emerging-markets-ucits-etf-acc-fund/1535604580385.ajax?fileType=xls&fileName=iShares-MSCI-EM-UCITS-ETF-USD-Acc_fund&dataType=fund,10.Sept.2026,high
KTB.R.BK,KRUNG THAI BANK PUBLIC NON-VOTING,Thailand,Finanzwesen,KTB.R,Stock Exchange Of Thailand,,0.03452,MSCI_EM,https://www.ishares.com/de/privatanleger/de/produkte/251858/ishares-msci-emerging-markets-ucits-etf-acc-fund/1535604580385.ajax?fileType=xls&fileName=iShares-MSCI-EM-UCITS-ETF-USD-Acc_fund&dataType=fund,10.Sept.2026,high
AMBANK.KL,AMMB HOLDINGS,Malaysia,Finanzwesen,AMBANK,Bursa Malaysia,,0.03436,MSCI_EM,https://www.ishares.com/de/privatanleger/de/produkte/251858/ishares-msci-emerging-markets-ucits-etf-acc-fund/1535604580385.ajax?fileType=xls&fileName=iShares-MSCI-EM-UCITS-ETF-USD-Acc_fund&dataType=fund,10.Sept.2026,high
003490.KS,KOREAN AIR LINES LTD,Korea,Industrie,003490,Korea Exchange (Stock Market),,0.03436,MSCI_EM,https://www.ishares.com/de/privatanleger/de/produkte/251858/ishares-msci-emerging-markets-ucits-etf-acc-fund/1535604580385.ajax?fileType=xls&fileName=iShares-MSCI-EM-UCITS-ETF-USD-Acc_fund&dataType=fund,10.Sept.2026,high
JINDALSTEL.NS,JINDAL STEEL LTD,Indien,Materialien,JINDALSTEL,National Stock Exchange Of India,,0.03427,MSCI_EM,https://www.ishares.com/de/privatanleger/de/produkte/251858/ishares-msci-emerging-markets-ucits-etf-acc-fund/1535604580385.ajax?fileType=xls&fileName=iShares-MSCI-EM-UCITS-ETF-USD-Acc_fund&dataType=fund,10.Sept.2026,high
DLF.NS,DLF LTD,Indien,Immobilien,DLF,National Stock Exchange Of India,,0.03421,MSCI_EM,https://www.ishares.com/de/privatanleger/de/produkte/251858/ishares-msci-emerging-markets-ucits-etf-acc-fund/1535604580385.ajax?fileType=xls&fileName=iShares-MSCI-EM-UCITS-ETF-USD-Acc_fund&dataType=fund,10.Sept.2026,high
UNITDSPR.NS,UNITED SPIRITS,Indien,Nichtzyklische Konsumgüter,UNITDSPR,National Stock Exchange Of India,,0.0342,MSCI_EM,https://www.ishares.com/de/privatanleger/de/produkte/251858/ishares-msci-emerging-markets-ucits-etf-acc-fund/1535604580385.ajax?fileType=xls&fileName=iShares-MSCI-EM-UCITS-ETF-USD-Acc_fund&dataType=fund,10.Sept.2026,high
KBANK.R.BK,KASIKORNBANK PUBLIC NON-VOTING DR,Thailand,Finanzwesen,KBANK.R,Stock Exchange Of Thailand,,0.03417,MSCI_EM,https://www.ishares.com/de/privatanleger/de/produkte/251858/ishares-msci-emerging-markets-ucits-etf-acc-fund/1535604580385.ajax?fileType=xls&fileName=iShares-MSCI-EM-UCITS-ETF-USD-Acc_fund&dataType=fund,10.Sept.2026,high
BIMBOA.MX,GRUPO BIMBO A,Mexiko,Nichtzyklische Konsumgüter,BIMBOA,Bolsa Mexicana De Valores,,0.03412,MSCI_EM,https://www.ishares.com/de/privatanleger/de/produkte/251858/ishares-msci-emerging-markets-ucits-etf-acc-fund/1535604580385.ajax?fileType=xls&fileName=iShares-MSCI-EM-UCITS-ETF-USD-Acc_fund&dataType=fund,10.Sept.2026,high
IQCD.QA,INDUSTRIES QATAR,Qatar,Industrie,IQCD,Qatar Exchange,,0.034,MSCI_EM,https://www.ishares.com/de/privatanleger/de/produkte/251858/ishares-msci-emerging-markets-ucits-etf-acc-fund/1535604580385.ajax?fileType=xls&fileName=iShares-MSCI-EM-UCITS-ETF-USD-Acc_fund&dataType=fund,10.Sept.2026,high
ADNOCDRILL.AD,ADNOC DRILLING COMPANY,Ver. Arabische Emirate,Energie,ADNOCDRILL,Abu Dhabi Securities Exchange,,0.03396,MSCI_EM,https://www.ishares.com/de/privatanleger/de/produkte/251858/ishares-msci-emerging-markets-ucits-etf-acc-fund/1535604580385.ajax?fileType=xls&fileName=iShares-MSCI-EM-UCITS-ETF-USD-Acc_fund&dataType=fund,10.Sept.2026,high
PPH.JO,PEPKOR HOLDINGS SHS LTD,Südafrika,Zyklische Konsumgüter,PPH,Johannesburg Stock Exchange,,0.03386,MSCI_EM,https://www.ishares.com/de/privatanleger/de/produkte/251858/ishares-msci-emerging-markets-ucits-etf-acc-fund/1535604580385.ajax?fileType=xls&fileName=iShares-MSCI-EM-UCITS-ETF-USD-Acc_fund&dataType=fund,10.Sept.2026,high
8069.TWO,E INK HOLDINGS,Taiwan,IT,8069,Gretai Securities Market,,0.03383,MSCI_EM,https://www.ishares.com/de/privatanleger/de/produkte/251858/ishares-msci-emerging-markets-ucits-etf-acc-fund/1535604580385.ajax?fileType=xls&fileName=iShares-MSCI-EM-UCITS-ETF-USD-Acc_fund&dataType=fund,10.Sept.2026,high
CDR.WA,CD PROJEKT RED,Polen,Kommunikation,CDR,Warsaw Stock Exchange/Equities/Main Market,,0.03376,MSCI_EM,https://www.ishares.com/de/privatanleger/de/produkte/251858/ishares-msci-emerging-markets-ucits-etf-acc-fund/1535604580385.ajax?fileType=xls&fileName=iShares-MSCI-EM-UCITS-ETF-USD-Acc_fund&dataType=fund,10.Sept.2026,high
NYKAA.NS,FSN E-COMMERCE VENTURES,Indien,Zyklische Konsumgüter,NYKAA,National Stock Exchange Of India,,0.0337,MSCI_EM,https://www.ishares.com/de/privatanleger/de/produkte/251858/ishares-msci-emerging-markets-ucits-etf-acc-fund/1535604580385.ajax?fileType=xls&fileName=iShares-MSCI-EM-UCITS-ETF-USD-Acc_fund&dataType=fund,10.Sept.2026,high
010950.KS,S-OIL,Korea,Energie,010950,Korea Exchange (Stock Market),,0.03364,MSCI_EM,https://www.ishares.com/de/privatanleger/de/produkte/251858/ishares-msci-emerging-markets-ucits-etf-acc-fund/1535604580385.ajax?fileType=xls&fileName=iShares-MSCI-EM-UCITS-ETF-USD-Acc_fund&dataType=fund,10.Sept.2026,high
XP,XP CLASS A INC,Brasilien,Finanzwesen,XP,NASDAQ,,0.03364,MSCI_EM,https://www.ishares.com/de/privatanleger/de/produkte/251858/ishares-msci-emerging-markets-ucits-etf-acc-fund/1535604580385.ajax?fileType=xls&fileName=iShares-MSCI-EM-UCITS-ETF-USD-Acc_fund&dataType=fund,10.Sept.2026,high
9698.HK,GDS HOLDINGS CLASS A,China,IT,9698,Hong Kong Exchanges And Clearing Ltd,,0.03348,MSCI_EM,https://www.ishares.com/de/privatanleger/de/produkte/251858/ishares-msci-emerging-markets-ucits-etf-acc-fund/1535604580385.ajax?fileType=xls&fileName=iShares-MSCI-EM-UCITS-ETF-USD-Acc_fund&dataType=fund,10.Sept.2026,high
272210.KS,HANWHA SYSTEMS LTD,Korea,Industrie,272210,Korea Exchange (Stock Market),,0.03345,MSCI_EM,https://www.ishares.com/de/privatanleger/de/produkte/251858/ishares-msci-emerging-markets-ucits-etf-acc-fund/1535604580385.ajax?fileType=xls&fileName=iShares-MSCI-EM-UCITS-ETF-USD-Acc_fund&dataType=fund,10.Sept.2026,high
1816.HK,CGN POWER LTD H,China,Versorger,1816,Hong Kong Exchanges And Clearing Ltd,,0.03341,MSCI_EM,https://www.ishares.com/de/privatanleger/de/produkte/251858/ishares-msci-emerging-markets-ucits-etf-acc-fund/1535604580385.ajax?fileType=xls&fileName=iShares-MSCI-EM-UCITS-ETF-USD-Acc_fund&dataType=fund,10.Sept.2026,high
3808.HK,SINOTRUK (HONG KONG) LTD,China,Industrie,3808,Hong Kong Exchanges And Clearing Ltd,,0.0333,MSCI_EM,https://www.ishares.com/de/privatanleger/de/produkte/251858/ishares-msci-emerging-markets-ucits-etf-acc-fund/1535604580385.ajax?fileType=xls&fileName=iShares-MSCI-EM-UCITS-ETF-USD-Acc_fund&dataType=fund,10.Sept.2026,high
BBAS3.SA,BANCO DO BRASIL SA,Brasilien,Finanzwesen,BBAS3,XBSP,,0.03329,MSCI_EM,https://www.ishares.com/de/privatanleger/de/produkte/251858/ishares-msci-emerging-markets-ucits-etf-acc-fund/1535604580385.ajax?fileType=xls&fileName=iShares-MSCI-EM-UCITS-ETF-USD-Acc_fund&dataType=fund,10.Sept.2026,high
IOC.NS,INDIAN OIL CORP,Indien,Energie,IOC,National Stock Exchange Of India,,0.03326,MSCI_EM,https://www.ishares.com/de/privatanleger/de/produkte/251858/ishares-msci-emerging-markets-ucits-etf-acc-fund/1535604580385.ajax?fileType=xls&fileName=iShares-MSCI-EM-UCITS-ETF-USD-Acc_fund&dataType=fund,10.Sept.2026,high
YTLPOWR.KL,YTL POWER INTERNATIONAL,Malaysia,Versorger,YTLPOWR,Bursa Malaysia,,0.03325,MSCI_EM,https://www.ishares.com/de/privatanleger/de/produkte/251858/ishares-msci-emerging-markets-ucits-etf-acc-fund/1535604580385.ajax?fileType=xls&fileName=iShares-MSCI-EM-UCITS-ETF-USD-Acc_fund&dataType=fund,10.Sept.2026,high
0966.HK,CHINA TAIPING INSURANCE HLDGS LTD,China,Finanzwesen,966,Hong Kong Exchanges And Clearing Ltd,,0.03303,MSCI_EM,https://www.ishares.com/de/privatanleger/de/produkte/251858/ishares-msci-emerging-markets-ucits-etf-acc-fund/1535604580385.ajax?fileType=xls&fileName=iShares-MSCI-EM-UCITS-ETF-USD-Acc_fund&dataType=fund,10.Sept.2026,high
TRUE.R.BK,TRUE CORPORATION NON-VOTING DR,Thailand,Kommunikation,TRUE.R,Stock Exchange Of Thailand,,0.03303,MSCI_EM,https://www.ishares.com/de/privatanleger/de/produkte/251858/ishares-msci-emerging-markets-ucits-etf-acc-fund/1535604580385.ajax?fileType=xls&fileName=iShares-MSCI-EM-UCITS-ETF-USD-Acc_fund&dataType=fund,10.Sept.2026,high
9626.HK,BILIBILI INC,China,Kommunikation,9626,Hong Kong Exchanges And Clearing Ltd,,0.03266,MSCI_EM,https://www.ishares.com/de/privatanleger/de/produkte/251858/ishares-msci-emerging-markets-ucits-etf-acc-fund/1535604580385.ajax?fileType=xls&fileName=iShares-MSCI-EM-UCITS-ETF-USD-Acc_fund&dataType=fund,10.Sept.2026,high
7203.SR,AL-ELM INFORMATION SECURITY COMPAN,Saudi-Arabien,IT,7203,Saudi Stock Exchange,,0.03248,MSCI_EM,https://www.ishares.com/de/privatanleger/de/produkte/251858/ishares-msci-emerging-markets-ucits-etf-acc-fund/1535604580385.ajax?fileType=xls&fileName=iShares-MSCI-EM-UCITS-ETF-USD-Acc_fund&dataType=fund,10.Sept.2026,high
HDFCAMC.NS,HDFC ASSET MANAGEMENT COMPANY LTD,Indien,Finanzwesen,HDFCAMC,National Stock Exchange Of India,,0.03244,MSCI_EM,https://www.ishares.com/de/privatanleger/de/produkte/251858/ishares-msci-emerging-markets-ucits-etf-acc-fund/1535604580385.ajax?fileType=xls&fileName=iShares-MSCI-EM-UCITS-ETF-USD-Acc_fund&dataType=fund,10.Sept.2026,high
APLAPOLLO.NS,APL APOLLO TUBES LTD,Indien,Materialien,APLAPOLLO,National Stock Exchange Of India,,0.03222,MSCI_EM,https://www.ishares.com/de/privatanleger/de/produkte/251858/ishares-msci-emerging-markets-ucits-etf-acc-fund/1535604580385.ajax?fileType=xls&fileName=iShares-MSCI-EM-UCITS-ETF-USD-Acc_fund&dataType=fund,10.Sept.2026,high
MARICO.NS,MARICO,Indien,Nichtzyklische Konsumgüter,MARICO,National Stock Exchange Of India,,0.03212,MSCI_EM,https://www.ishares.com/de/privatanleger/de/produkte/251858/ishares-msci-emerging-markets-ucits-etf-acc-fund/1535604580385.ajax?fileType=xls&fileName=iShares-MSCI-EM-UCITS-ETF-USD-Acc_fund&dataType=fund,10.Sept.2026,high
PHOENIXLTD.NS,PHOENIX MILLS,Indien,Immobilien,PHOENIXLTD,National Stock Exchange Of India,,0.03203,MSCI_EM,https://www.ishares.com/de/privatanleger/de/produkte/251858/ishares-msci-emerging-markets-ucits-etf-acc-fund/1535604580385.ajax?fileType=xls&fileName=iShares-MSCI-EM-UCITS-ETF-USD-Acc_fund&dataType=fund,10.Sept.2026,high
2611.HK,GUOTAI HAITONG SECURITIES CO LTD H,China,Finanzwesen,2611,Hong Kong Exchanges And Clearing Ltd,,0.03184,MSCI_EM,https://www.ishares.com/de/privatanleger/de/produkte/251858/ishares-msci-emerging-markets-ucits-etf-acc-fund/1535604580385.ajax?fileType=xls&fileName=iShares-MSCI-EM-UCITS-ETF-USD-Acc_fund&dataType=fund,10.Sept.2026,high
ZAIN.KW,MOBILE TEL,Kuwait,Kommunikation,ZAIN,Kuwait Stock Exchange,,0.03158,MSCI_EM,https://www.ishares.com/de/privatanleger/de/produkte/251858/ishares-msci-emerging-markets-ucits-etf-acc-fund/1535604580385.ajax?fileType=xls&fileName=iShares-MSCI-EM-UCITS-ETF-USD-Acc_fund&dataType=fund,10.Sept.2026,high
SCB.R.BK,SCB X PUBLIC COMPANY LIMITED NON-V,Thailand,Finanzwesen,SCB.R,Stock Exchange Of Thailand,,0.03156,MSCI_EM,https://www.ishares.com/de/privatanleger/de/produkte/251858/ishares-msci-emerging-markets-ucits-etf-acc-fund/1535604580385.ajax?fileType=xls&fileName=iShares-MSCI-EM-UCITS-ETF-USD-Acc_fund&dataType=fund,10.Sept.2026,high
RECLTD.NS,REC,Indien,Finanzwesen,RECLTD,National Stock Exchange Of India,,0.03138,MSCI_EM,https://www.ishares.com/de/privatanleger/de/produkte/251858/ishares-msci-emerging-markets-ucits-etf-acc-fund/1535604580385.ajax?fileType=xls&fileName=iShares-MSCI-EM-UCITS-ETF-USD-Acc_fund&dataType=fund,10.Sept.2026,high
IDEA.NS,VODAFONE IDEA LTD,Indien,Kommunikation,IDEA,National Stock Exchange Of India,,0.03112,MSCI_EM,https://www.ishares.com/de/privatanleger/de/produkte/251858/ishares-msci-emerging-markets-ucits-etf-acc-fund/1535604580385.ajax?fileType=xls&fileName=iShares-MSCI-EM-UCITS-ETF-USD-Acc_fund&dataType=fund,10.Sept.2026,high
DU.DU,EMIRATES INTEGRATED TELECOMMUNICAT,Ver. Arabische Emirate,Kommunikation,DU,Dubai Financial Market,,0.03108,MSCI_EM,https://www.ishares.com/de/privatanleger/de/produkte/251858/ishares-msci-emerging-markets-ucits-etf-acc-fund/1535604580385.ajax?fileType=xls&fileName=iShares-MSCI-EM-UCITS-ETF-USD-Acc_fund&dataType=fund,10.Sept.2026,high
PGE.WA,PGE POLSKA GRUPA ENERGETYCZNA SA,Polen,Versorger,PGE,Warsaw Stock Exchange/Equities/Main Market,,0.03106,MSCI_EM,https://www.ishares.com/de/privatanleger/de/produkte/251858/ishares-msci-emerging-markets-ucits-etf-acc-fund/1535604580385.ajax?fileType=xls&fileName=iShares-MSCI-EM-UCITS-ETF-USD-Acc_fund&dataType=fund,10.Sept.2026,high
2600.HK,ALUMINUM CORPORATION OF CHINA LTD,China,Materialien,2600,Hong Kong Exchanges And Clearing Ltd,,0.03102,MSCI_EM,https://www.ishares.com/de/privatanleger/de/produkte/251858/ishares-msci-emerging-markets-ucits-etf-acc-fund/1535604580385.ajax?fileType=xls&fileName=iShares-MSCI-EM-UCITS-ETF-USD-Acc_fund&dataType=fund,10.Sept.2026,high
GODREJCP.NS,GODREJ CONSUMER PRODUCTS LTD,Indien,Nichtzyklische Konsumgüter,GODREJCP,National Stock Exchange Of India,,0.03102,MSCI_EM,https://www.ishares.com/de/privatanleger/de/produkte/251858/ishares-msci-emerging-markets-ucits-etf-acc-fund/1535604580385.ajax?fileType=xls&fileName=iShares-MSCI-EM-UCITS-ETF-USD-Acc_fund&dataType=fund,10.Sept.2026,high
RNI.JO,REINET INVESTMENTS S.C.A.,Südafrika,Finanzwesen,RNI,Johannesburg Stock Exchange,,0.031,MSCI_EM,https://www.ishares.com/de/privatanleger/de/produkte/251858/ishares-msci-emerging-markets-ucits-etf-acc-fund/1535604580385.ajax?fileType=xls&fileName=iShares-MSCI-EM-UCITS-ETF-USD-Acc_fund&dataType=fund,10.Sept.2026,high
9660.HK,HORIZON ROBOTICS,China,IT,9660,Hong Kong Exchanges And Clearing Ltd,,0.031,MSCI_EM,https://www.ishares.com/de/privatanleger/de/produkte/251858/ishares-msci-emerging-markets-ucits-etf-acc-fund/1535604580385.ajax?fileType=xls&fileName=iShares-MSCI-EM-UCITS-ETF-USD-Acc_fund&dataType=fund,10.Sept.2026,high
BOSCHLTD.NS,BOSCH LTD,Indien,Zyklische Konsumgüter,BOSCHLTD,National Stock Exchange Of India,,0.03095,MSCI_EM,https://www.ishares.com/de/privatanleger/de/produkte/251858/ishares-msci-emerging-markets-ucits-etf-acc-fund/1535604580385.ajax?fileType=xls&fileName=iShares-MSCI-EM-UCITS-ETF-USD-Acc_fund&dataType=fund,10.Sept.2026,high
VBBR3.SA,VIBRA ENERGIA SA,Brasilien,Zyklische Konsumgüter,VBBR3,XBSP,,0.03085,MSCI_EM,https://www.ishares.com/de/privatanleger/de/produkte/251858/ishares-msci-emerging-markets-ucits-etf-acc-fund/1535604580385.ajax?fileType=xls&fileName=iShares-MSCI-EM-UCITS-ETF-USD-Acc_fund&dataType=fund,10.Sept.2026,high
GFINBURO.MX,GRUPO FINANCIERO INBURSA SRIES O,Mexiko,Finanzwesen,GFINBURO,Bolsa Mexicana De Valores,,0.03074,MSCI_EM,https://www.ishares.com/de/privatanleger/de/produkte/251858/ishares-msci-emerging-markets-ucits-etf-acc-fund/1535604580385.ajax?fileType=xls&fileName=iShares-MSCI-EM-UCITS-ETF-USD-Acc_fund&dataType=fund,10.Sept.2026,high
SIEMENS.NS,SIEMENS LTD,Indien,Industrie,SIEMENS,National Stock Exchange Of India,,0.0307,MSCI_EM,https://www.ishares.com/de/privatanleger/de/produkte/251858/ishares-msci-emerging-markets-ucits-etf-acc-fund/1535604580385.ajax?fileType=xls&fileName=iShares-MSCI-EM-UCITS-ETF-USD-Acc_fund&dataType=fund,10.Sept.2026,high
2912.TW,PRESIDENT CHAIN STORE CORP,Taiwan,Nichtzyklische Konsumgüter,2912,Taiwan Stock Exchange,,0.03044,MSCI_EM,https://www.ishares.com/de/privatanleger/de/produkte/251858/ishares-msci-emerging-markets-ucits-etf-acc-fund/1535604580385.ajax?fileType=xls&fileName=iShares-MSCI-EM-UCITS-ETF-USD-Acc_fund&dataType=fund,10.Sept.2026,high
6990.HK,SICHUAN KELUN-BIOTECH BIOPHARM LTD,China,Gesundheitsversorgung,6990,Hong Kong Exchanges And Clearing Ltd,,0.03036,MSCI_EM,https://www.ishares.com/de/privatanleger/de/produkte/251858/ishares-msci-emerging-markets-ucits-etf-acc-fund/1535604580385.ajax?fileType=xls&fileName=iShares-MSCI-EM-UCITS-ETF-USD-Acc_fund&dataType=fund,10.Sept.2026,high
BOUBYAN.KW,BOUBYAN BANK,Kuwait,Finanzwesen,BOUBYAN,Kuwait Stock Exchange,,0.03021,MSCI_EM,https://www.ishares.com/de/privatanleger/de/produkte/251858/ishares-msci-emerging-markets-ucits-etf-acc-fund/1535604580385.ajax?fileType=xls&fileName=iShares-MSCI-EM-UCITS-ETF-USD-Acc_fund&dataType=fund,10.Sept.2026,high
SIGMAFA.MX,ALFA A,Mexiko,Nichtzyklische Konsumgüter,SIGMAFA,Bolsa Mexicana De Valores,,0.03019,MSCI_EM,https://www.ishares.com/de/privatanleger/de/produkte/251858/ishares-msci-emerging-markets-ucits-etf-acc-fund/1535604580385.ajax?fileType=xls&fileName=iShares-MSCI-EM-UCITS-ETF-USD-Acc_fund&dataType=fund,10.Sept.2026,high
ABCAPITAL.NS,ADITYA BIRLA CAPITAL LTD,Indien,Finanzwesen,ABCAPITAL,National Stock Exchange Of India,,0.03013,MSCI_EM,https://www.ishares.com/de/privatanleger/de/produkte/251858/ishares-msci-emerging-markets-ucits-etf-acc-fund/1535604580385.ajax?fileType=xls&fileName=iShares-MSCI-EM-UCITS-ETF-USD-Acc_fund&dataType=fund,10.Sept.2026,high
2331.HK,LI NING LTD,China,Zyklische Konsumgüter,2331,Hong Kong Exchanges And Clearing Ltd,,0.0301,MSCI_EM,https://www.ishares.com/de/privatanleger/de/produkte/251858/ishares-msci-emerging-markets-ucits-etf-acc-fund/1535604580385.ajax?fileType=xls&fileName=iShares-MSCI-EM-UCITS-ETF-USD-Acc_fund&dataType=fund,10.Sept.2026,high
ABB.NS,ABB INDIA LTD,Indien,Industrie,ABB,National Stock Exchange Of India,,0.02989,MSCI_EM,https://www.ishares.com/de/privatanleger/de/produkte/251858/ishares-msci-emerging-markets-ucits-etf-acc-fund/1535604580385.ajax?fileType=xls&fileName=iShares-MSCI-EM-UCITS-ETF-USD-Acc_fund&dataType=fund,10.Sept.2026,high
CBQK.QA,COMMERCIAL BANK OF QATAR,Qatar,Finanzwesen,CBQK,Qatar Exchange,,0.02988,MSCI_EM,https://www.ishares.com/de/privatanleger/de/produkte/251858/ishares-msci-emerging-markets-ucits-etf-acc-fund/1535604580385.ajax?fileType=xls&fileName=iShares-MSCI-EM-UCITS-ETF-USD-Acc_fund&dataType=fund,10.Sept.2026,high
OUT.JO,OUTSURANCE GROUP,Südafrika,Finanzwesen,OUT,Johannesburg Stock Exchange,,0.02976,MSCI_EM,https://www.ishares.com/de/privatanleger/de/produkte/251858/ishares-msci-emerging-markets-ucits-etf-acc-fund/1535604580385.ajax?fileType=xls&fileName=iShares-MSCI-EM-UCITS-ETF-USD-Acc_fund&dataType=fund,10.Sept.2026,high
003230.KS,SAM YANG FOODS INC,Korea,Nichtzyklische Konsumgüter,003230,Korea Exchange (Stock Market),,0.02973,MSCI_EM,https://www.ishares.com/de/privatanleger/de/produkte/251858/ishares-msci-emerging-markets-ucits-etf-acc-fund/1535604580385.ajax?fileType=xls&fileName=iShares-MSCI-EM-UCITS-ETF-USD-Acc_fund&dataType=fund,10.Sept.2026,high
ICICIGI.NS,ICICI LOMBARD GENERAL INSURANCE CO,Indien,Finanzwesen,ICICIGI,National Stock Exchange Of India,,0.02956,MSCI_EM,https://www.ishares.com/de/privatanleger/de/produkte/251858/ishares-msci-emerging-markets-ucits-etf-acc-fund/1535604580385.ajax?fileType=xls&fileName=iShares-MSCI-EM-UCITS-ETF-USD-Acc_fund&dataType=fund,10.Sept.2026,high
8210.SR,BUPA ARABIA,Saudi-Arabien,Finanzwesen,8210,Saudi Stock Exchange,,0.02954,MSCI_EM,https://www.ishares.com/de/privatanleger/de/produkte/251858/ishares-msci-emerging-markets-ucits-etf-acc-fund/1535604580385.ajax?fileType=xls&fileName=iShares-MSCI-EM-UCITS-ETF-USD-Acc_fund&dataType=fund,10.Sept.2026,high
0135.HK,KUNLUN ENERGY LTD,China,Versorger,135,Hong Kong Exchanges And Clearing Ltd,,0.0295,MSCI_EM,https://www.ishares.com/de/privatanleger/de/produkte/251858/ishares-msci-emerging-markets-ucits-etf-acc-fund/1535604580385.ajax?fileType=xls&fileName=iShares-MSCI-EM-UCITS-ETF-USD-Acc_fund&dataType=fund,10.Sept.2026,high
ADNOCDIST.AD,ABU DHABI NATIONAL OIL COMPANY FOR,Ver. Arabische Emirate,Zyklische Konsumgüter,ADNOCDIST,Abu Dhabi Securities Exchange,,0.0294,MSCI_EM,https://www.ishares.com/de/privatanleger/de/produkte/251858/ishares-msci-emerging-markets-ucits-etf-acc-fund/1535604580385.ajax?fileType=xls&fileName=iShares-MSCI-EM-UCITS-ETF-USD-Acc_fund&dataType=fund,10.Sept.2026,high
BELA.AT,JUMBO,Griechenland,Zyklische Konsumgüter,BELA,Athens Exchange S.A. Cash Market,,0.02939,MSCI_EM,https://www.ishares.com/de/privatanleger/de/produkte/251858/ishares-msci-emerging-markets-ucits-etf-acc-fund/1535604580385.ajax?fileType=xls&fileName=iShares-MSCI-EM-UCITS-ETF-USD-Acc_fund&dataType=fund,10.Sept.2026,high
2618.TW,EVA AIRWAYS,Taiwan,Industrie,2618,Taiwan Stock Exchange,,0.02933,MSCI_EM,https://www.ishares.com/de/privatanleger/de/produkte/251858/ishares-msci-emerging-markets-ucits-etf-acc-fund/1535604580385.ajax?fileType=xls&fileName=iShares-MSCI-EM-UCITS-ETF-USD-Acc_fund&dataType=fund,10.Sept.2026,high
MIL.WA,BANK MILLENNIUM SA,Polen,Finanzwesen,MIL,Warsaw Stock Exchange/Equities/Main Market,,0.02926,MSCI_EM,https://www.ishares.com/de/privatanleger/de/produkte/251858/ishares-msci-emerging-markets-ucits-etf-acc-fund/1535604580385.ajax?fileType=xls&fileName=iShares-MSCI-EM-UCITS-ETF-USD-Acc_fund&dataType=fund,10.Sept.2026,high
0291.HK,CHINA RESOURCES BEER HOLDINGS LTD,China,Nichtzyklische Konsumgüter,291,Hong Kong Exchanges And Clearing Ltd,,0.02924,MSCI_EM,https://www.ishares.com/de/privatanleger/de/produkte/251858/ishares-msci-emerging-markets-ucits-etf-acc-fund/1535604580385.ajax?fileType=xls&fileName=iShares-MSCI-EM-UCITS-ETF-USD-Acc_fund&dataType=fund,10.Sept.2026,high
ADNOCLS.AD,ADNOC LOGISTICS & SERVICES PLC,Ver. Arabische Emirate,Energie,ADNOCLS,Abu Dhabi Securities Exchange,,0.02913,MSCI_EM,https://www.ishares.com/de/privatanleger/de/produkte/251858/ishares-msci-emerging-markets-ucits-etf-acc-fund/1535604580385.ajax?fileType=xls&fileName=iShares-MSCI-EM-UCITS-ETF-USD-Acc_fund&dataType=fund,10.Sept.2026,high
HINDPETRO.NS,HINDUSTAN PETROLEUM CORP LTD,Indien,Energie,HINDPETRO,National Stock Exchange Of India,,0.02913,MSCI_EM,https://www.ishares.com/de/privatanleger/de/produkte/251858/ishares-msci-emerging-markets-ucits-etf-acc-fund/1535604580385.ajax?fileType=xls&fileName=iShares-MSCI-EM-UCITS-ETF-USD-Acc_fund&dataType=fund,10.Sept.2026,high
1209.HK,CHINA RESOURCES MIXC LIFESTYLE SER,China,Immobilien,1209,Hong Kong Exchanges And Clearing Ltd,,0.02908,MSCI_EM,https://www.ishares.com/de/privatanleger/de/produkte/251858/ishares-msci-emerging-markets-ucits-etf-acc-fund/1535604580385.ajax?fileType=xls&fileName=iShares-MSCI-EM-UCITS-ETF-USD-Acc_fund&dataType=fund,10.Sept.2026,high
LODHA.NS,LODHA DEVELOPERS LTD,Indien,Immobilien,LODHA,National Stock Exchange Of India,,0.02905,MSCI_EM,https://www.ishares.com/de/privatanleger/de/produkte/251858/ishares-msci-emerging-markets-ucits-etf-acc-fund/1535604580385.ajax?fileType=xls&fileName=iShares-MSCI-EM-UCITS-ETF-USD-Acc_fund&dataType=fund,10.Sept.2026,high
SRF.NS,SRF LTD,Indien,Materialien,SRF,National Stock Exchange Of India,,0.02894,MSCI_EM,https://www.ishares.com/de/privatanleger/de/produkte/251858/ishares-msci-emerging-markets-ucits-etf-acc-fund/1535604580385.ajax?fileType=xls&fileName=iShares-MSCI-EM-UCITS-ETF-USD-Acc_fund&dataType=fund,10.Sept.2026,high
2313.HK,SHENZHOU INTERNATIONAL GROUP,China,Zyklische Konsumgüter,2313,Hong Kong Exchanges And Clearing Ltd,,0.02882,MSCI_EM,https://www.ishares.com/de/privatanleger/de/produkte/251858/ishares-msci-emerging-markets-ucits-etf-acc-fund/1535604580385.ajax?fileType=xls&fileName=iShares-MSCI-EM-UCITS-ETF-USD-Acc_fund&dataType=fund,10.Sept.2026,high
VEDL.NS,VEDANTA LTD,Indien,Materialien,VEDL,National Stock Exchange Of India,,0.02871,MSCI_EM,https://www.ishares.com/de/privatanleger/de/produkte/251858/ishares-msci-emerging-markets-ucits-etf-acc-fund/1535604580385.ajax?fileType=xls&fileName=iShares-MSCI-EM-UCITS-ETF-USD-Acc_fund&dataType=fund,10.Sept.2026,high
KIMBERA.MX,KIMBERLY-CLARK DE MEXICO CLASS A,Mexiko,Nichtzyklische Konsumgüter,KIMBERA,Bolsa Mexicana De Valores,,0.02862,MSCI_EM,https://www.ishares.com/de/privatanleger/de/produkte/251858/ishares-msci-emerging-markets-ucits-etf-acc-fund/1535604580385.ajax?fileType=xls&fileName=iShares-MSCI-EM-UCITS-ETF-USD-Acc_fund&dataType=fund,10.Sept.2026,high
1530.HK,3SBIO INC,China,Gesundheitsversorgung,1530,Hong Kong Exchanges And Clearing Ltd,,0.02849,MSCI_EM,https://www.ishares.com/de/privatanleger/de/produkte/251858/ishares-msci-emerging-markets-ucits-etf-acc-fund/1535604580385.ajax?fileType=xls&fileName=iShares-MSCI-EM-UCITS-ETF-USD-Acc_fund&dataType=fund,10.Sept.2026,high
SUZB3.SA,SUZANO SA,Brasilien,Materialien,SUZB3,XBSP,,0.02825,MSCI_EM,https://www.ishares.com/de/privatanleger/de/produkte/251858/ishares-msci-emerging-markets-ucits-etf-acc-fund/1535604580385.ajax?fileType=xls&fileName=iShares-MSCI-EM-UCITS-ETF-USD-Acc_fund&dataType=fund,10.Sept.2026,high
3533.TW,LOTES,Taiwan,IT,3533,Taiwan Stock Exchange,,0.02813,MSCI_EM,https://www.ishares.com/de/privatanleger/de/produkte/251858/ishares-msci-emerging-markets-ucits-etf-acc-fund/1535604580385.ajax?fileType=xls&fileName=iShares-MSCI-EM-UCITS-ETF-USD-Acc_fund&dataType=fund,10.Sept.2026,high
BAAKOMB.PR,KOMERCNI BANK,Tschechien,Finanzwesen,BAAKOMB,Prague Stock Exchange,,0.02809,MSCI_EM,https://www.ishares.com/de/privatanleger/de/produkte/251858/ishares-msci-emerging-markets-ucits-etf-acc-fund/1535604580385.ajax?fileType=xls&fileName=iShares-MSCI-EM-UCITS-ETF-USD-Acc_fund&dataType=fund,10.Sept.2026,high
THYAO.E.IS,TURK HAVA YOLLARI AO A,Türkei,Industrie,THYAO.E,Istanbul Stock Exchange,,0.02802,MSCI_EM,https://www.ishares.com/de/privatanleger/de/produkte/251858/ishares-msci-emerging-markets-ucits-etf-acc-fund/1535604580385.ajax?fileType=xls&fileName=iShares-MSCI-EM-UCITS-ETF-USD-Acc_fund&dataType=fund,10.Sept.2026,high
IDFCFIRSTB.NS,IDFC FIRST BANK LTD,Indien,Finanzwesen,IDFCFIRSTB,National Stock Exchange Of India,,0.02798,MSCI_EM,https://www.ishares.com/de/privatanleger/de/produkte/251858/ishares-msci-emerging-markets-ucits-etf-acc-fund/1535604580385.ajax?fileType=xls&fileName=iShares-MSCI-EM-UCITS-ETF-USD-Acc_fund&dataType=fund,10.Sept.2026,high
VIPS,VIPSHOP HOLDINGS SPONSORED ADS REP,China,Zyklische Konsumgüter,VIPS,New York Stock Exchange Inc.,,0.02788,MSCI_EM,https://www.ishares.com/de/privatanleger/de/produkte/251858/ishares-msci-emerging-markets-ucits-etf-acc-fund/1535604580385.ajax?fileType=xls&fileName=iShares-MSCI-EM-UCITS-ETF-USD-Acc_fund&dataType=fund,10.Sept.2026,high
LTM.NS,LTM LTD,Indien,IT,LTM,National Stock Exchange Of India,,0.0278,MSCI_EM,https://www.ishares.com/de/privatanleger/de/produkte/251858/ishares-msci-emerging-markets-ucits-etf-acc-fund/1535604580385.ajax?fileType=xls&fileName=iShares-MSCI-EM-UCITS-ETF-USD-Acc_fund&dataType=fund,10.Sept.2026,high
BH.R.BK,BUMRUNGRAD HOSPITAL NON-VOTING DR,Thailand,Gesundheitsversorgung,BH.R,Stock Exchange Of Thailand,,0.02766,MSCI_EM,https://www.ishares.com/de/privatanleger/de/produkte/251858/ishares-msci-emerging-markets-ucits-etf-acc-fund/1535604580385.ajax?fileType=xls&fileName=iShares-MSCI-EM-UCITS-ETF-USD-Acc_fund&dataType=fund,10.Sept.2026,high
RHBBANK.KL,RHB BANK,Malaysia,Finanzwesen,RHBBANK,Bursa Malaysia,,0.02752,MSCI_EM,https://www.ishares.com/de/privatanleger/de/produkte/251858/ishares-msci-emerging-markets-ucits-etf-acc-fund/1535604580385.ajax?fileType=xls&fileName=iShares-MSCI-EM-UCITS-ETF-USD-Acc_fund&dataType=fund,10.Sept.2026,high
SUNDARMFIN.NS,SUNDARAM FINANCE LTD,Indien,Finanzwesen,SUNDARMFIN,National Stock Exchange Of India,,0.02739,MSCI_EM,https://www.ishares.com/de/privatanleger/de/produkte/251858/ishares-msci-emerging-markets-ucits-etf-acc-fund/1535604580385.ajax?fileType=xls&fileName=iShares-MSCI-EM-UCITS-ETF-USD-Acc_fund&dataType=fund,10.Sept.2026,high
OMAB.MX,GRUPO AEROPORTUARIO DEL CENTRO NOR,Mexiko,Industrie,OMAB,Bolsa Mexicana De Valores,,0.02731,MSCI_EM,https://www.ishares.com/de/privatanleger/de/produkte/251858/ishares-msci-emerging-markets-ucits-etf-acc-fund/1535604580385.ajax?fileType=xls&fileName=iShares-MSCI-EM-UCITS-ETF-USD-Acc_fund&dataType=fund,10.Sept.2026,high
PETGAS.KL,PETRONAS GAS,Malaysia,Versorger,PETGAS,Bursa Malaysia,,0.0273,MSCI_EM,https://www.ishares.com/de/privatanleger/de/produkte/251858/ishares-msci-emerging-markets-ucits-etf-acc-fund/1535604580385.ajax?fileType=xls&fileName=iShares-MSCI-EM-UCITS-ETF-USD-Acc_fund&dataType=fund,10.Sept.2026,high
MARK.QA,MASRAF AL RAYAN,Qatar,Finanzwesen,MARK,Qatar Exchange,,0.02697,MSCI_EM,https://www.ishares.com/de/privatanleger/de/produkte/251858/ishares-msci-emerging-markets-ucits-etf-acc-fund/1535604580385.ajax?fileType=xls&fileName=iShares-MSCI-EM-UCITS-ETF-USD-Acc_fund&dataType=fund,10.Sept.2026,high
5110.SR,SAUDI ENERGY,Saudi-Arabien,Versorger,5110,Saudi Stock Exchange,,0.02694,MSCI_EM,https://www.ishares.com/de/privatanleger/de/produkte/251858/ishares-msci-emerging-markets-ucits-etf-acc-fund/1535604580385.ajax?fileType=xls&fileName=iShares-MSCI-EM-UCITS-ETF-USD-Acc_fund&dataType=fund,10.Sept.2026,high
BAJAJHLDNG.NS,BAJAJ HOLDINGS AND INVESTMENT LTD,Indien,Finanzwesen,BAJAJHLDNG,National Stock Exchange Of India,,0.02692,MSCI_EM,https://www.ishares.com/de/privatanleger/de/produkte/251858/ishares-msci-emerging-markets-ucits-etf-acc-fund/1535604580385.ajax?fileType=xls&fileName=iShares-MSCI-EM-UCITS-ETF-USD-Acc_fund&dataType=fund,10.Sept.2026,high
HLBANK.KL,HONG LEONG BANK,Malaysia,Finanzwesen,HLBANK,Bursa Malaysia,,0.0268,MSCI_EM,https://www.ishares.com/de/privatanleger/de/produkte/251858/ishares-msci-emerging-markets-ucits-etf-acc-fund/1535604580385.ajax?fileType=xls&fileName=iShares-MSCI-EM-UCITS-ETF-USD-Acc_fund&dataType=fund,10.Sept.2026,high
6881.HK,CHINA GALAXY SECURITIES LTD H,China,Finanzwesen,6881,Hong Kong Exchanges And Clearing Ltd,,0.02677,MSCI_EM,https://www.ishares.com/de/privatanleger/de/produkte/251858/ishares-msci-emerging-markets-ucits-etf-acc-fund/1535604580385.ajax?fileType=xls&fileName=iShares-MSCI-EM-UCITS-ETF-USD-Acc_fund&dataType=fund,10.Sept.2026,high
YESBANK.NS,YES BANK,Indien,Finanzwesen,YESBANK,National Stock Exchange Of India,,0.02665,MSCI_EM,https://www.ishares.com/de/privatanleger/de/produkte/251858/ishares-msci-emerging-markets-ucits-etf-acc-fund/1535604580385.ajax?fileType=xls&fileName=iShares-MSCI-EM-UCITS-ETF-USD-Acc_fund&dataType=fund,10.Sept.2026,high
IHH.KL,IHH HEALTHCARE,Malaysia,Gesundheitsversorgung,IHH,Bursa Malaysia,,0.02645,MSCI_EM,https://www.ishares.com/de/privatanleger/de/produkte/251858/ishares-msci-emerging-markets-ucits-etf-acc-fund/1535604580385.ajax?fileType=xls&fileName=iShares-MSCI-EM-UCITS-ETF-USD-Acc_fund&dataType=fund,10.Sept.2026,high
CPN.R.BK,CENTRAL PATTANA NON-VOTING DR PCL,Thailand,Immobilien,CPN.R,Stock Exchange Of Thailand,,0.02616,MSCI_EM,https://www.ishares.com/de/privatanleger/de/produkte/251858/ishares-msci-emerging-markets-ucits-etf-acc-fund/1535604580385.ajax?fileType=xls&fileName=iShares-MSCI-EM-UCITS-ETF-USD-Acc_fund&dataType=fund,10.Sept.2026,high
ACP.WA,ASSECO POLAND SA,Polen,IT,ACP,Warsaw Stock Exchange/Equities/Main Market,,0.02615,MSCI_EM,https://www.ishares.com/de/privatanleger/de/produkte/251858/ishares-msci-emerging-markets-ucits-etf-acc-fund/1535604580385.ajax?fileType=xls&fileName=iShares-MSCI-EM-UCITS-ETF-USD-Acc_fund&dataType=fund,10.Sept.2026,high
SDG.KL,SD GUTHRIE,Malaysia,Nichtzyklische Konsumgüter,SDG,Bursa Malaysia,,0.02614,MSCI_EM,https://www.ishares.com/de/privatanleger/de/produkte/251858/ishares-msci-emerging-markets-ucits-etf-acc-fund/1535604580385.ajax?fileType=xls&fileName=iShares-MSCI-EM-UCITS-ETF-USD-Acc_fund&dataType=fund,10.Sept.2026,high
2268.HK,WUXI XDC CAYMAN INC,China,Gesundheitsversorgung,2268,Hong Kong Exchanges And Clearing Ltd,,0.02613,MSCI_EM,https://www.ishares.com/de/privatanleger/de/produkte/251858/ishares-msci-emerging-markets-ucits-etf-acc-fund/1535604580385.ajax?fileType=xls&fileName=iShares-MSCI-EM-UCITS-ETF-USD-Acc_fund&dataType=fund,10.Sept.2026,high
HTO.AT,HELLENIC TELECOMMUNICATIONS ORGANI,Griechenland,Kommunikation,HTO,Athens Exchange S.A. Cash Market,,0.02597,MSCI_EM,https://www.ishares.com/de/privatanleger/de/produkte/251858/ishares-msci-emerging-markets-ucits-etf-acc-fund/1535604580385.ajax?fileType=xls&fileName=iShares-MSCI-EM-UCITS-ETF-USD-Acc_fund&dataType=fund,10.Sept.2026,high
QGTS.QA,QATAR GAS TRANSPORT COMPANY LTD,Qatar,Energie,QGTS,Qatar Exchange,,0.02589,MSCI_EM,https://www.ishares.com/de/privatanleger/de/produkte/251858/ishares-msci-emerging-markets-ucits-etf-acc-fund/1535604580385.ajax?fileType=xls&fileName=iShares-MSCI-EM-UCITS-ETF-USD-Acc_fund&dataType=fund,10.Sept.2026,high
NATIONALUM.NS,NATIONAL ALUMINIUM CO LTD,Indien,Materialien,NATIONALUM,National Stock Exchange Of India,,0.02588,MSCI_EM,https://www.ishares.com/de/privatanleger/de/produkte/251858/ishares-msci-emerging-markets-ucits-etf-acc-fund/1535604580385.ajax?fileType=xls&fileName=iShares-MSCI-EM-UCITS-ETF-USD-Acc_fund&dataType=fund,10.Sept.2026,high
000100.KS,YUHAN,Korea,Gesundheitsversorgung,000100,Korea Exchange (Stock Market),,0.02575,MSCI_EM,https://www.ishares.com/de/privatanleger/de/produkte/251858/ishares-msci-emerging-markets-ucits-etf-acc-fund/1535604580385.ajax?fileType=xls&fileName=iShares-MSCI-EM-UCITS-ETF-USD-Acc_fund&dataType=fund,10.Sept.2026,high
005385.KS,HYUNDAI MOTOR S1 PREF,Korea,Zyklische Konsumgüter,005385,Korea Exchange (Stock Market),,0.02571,MSCI_EM,https://www.ishares.com/de/privatanleger/de/produkte/251858/ishares-msci-emerging-markets-ucits-etf-acc-fund/1535604580385.ajax?fileType=xls&fileName=iShares-MSCI-EM-UCITS-ETF-USD-Acc_fund&dataType=fund,10.Sept.2026,high
TIINDIA.NS,TUBE INVESTMENTS OF INDIA LTD,Indien,Zyklische Konsumgüter,TIINDIA,National Stock Exchange Of India,,0.02569,MSCI_EM,https://www.ishares.com/de/privatanleger/de/produkte/251858/ishares-msci-emerging-markets-ucits-etf-acc-fund/1535604580385.ajax?fileType=xls&fileName=iShares-MSCI-EM-UCITS-ETF-USD-Acc_fund&dataType=fund,10.Sept.2026,high
024110.KS,INDUSTRIAL BANK OF KOREA,Korea,Finanzwesen,024110,Korea Exchange (Stock Market),,0.02562,MSCI_EM,https://www.ishares.com/de/privatanleger/de/produkte/251858/ishares-msci-emerging-markets-ucits-etf-acc-fund/1535604580385.ajax?fileType=xls&fileName=iShares-MSCI-EM-UCITS-ETF-USD-Acc_fund&dataType=fund,10.Sept.2026,high
MUTHOOTFIN.NS,MUTHOOT FINANCE LTD,Indien,Finanzwesen,MUTHOOTFIN,National Stock Exchange Of India,,0.02558,MSCI_EM,https://www.ishares.com/de/privatanleger/de/produkte/251858/ishares-msci-emerging-markets-ucits-etf-acc-fund/1535604580385.ajax?fileType=xls&fileName=iShares-MSCI-EM-UCITS-ETF-USD-Acc_fund&dataType=fund,10.Sept.2026,high
MALLPLAZA.SN,PLAZA SA,Chile,Immobilien,MALLPLAZA,Santiago Stock Exchange,,0.02548,MSCI_EM,https://www.ishares.com/de/privatanleger/de/produkte/251858/ishares-msci-emerging-markets-ucits-etf-acc-fund/1535604580385.ajax?fileType=xls&fileName=iShares-MSCI-EM-UCITS-ETF-USD-Acc_fund&dataType=fund,10.Sept.2026,high
900948.SS,INNER MONGOLIA YITAI COAL LTD B,China,Energie,900948,Shanghai Stock Exchange,,0.02541,MSCI_EM,https://www.ishares.com/de/privatanleger/de/produkte/251858/ishares-msci-emerging-markets-ucits-etf-acc-fund/1535604580385.ajax?fileType=xls&fileName=iShares-MSCI-EM-UCITS-ETF-USD-Acc_fund&dataType=fund,10.Sept.2026,high
011200.KS,HMM LTD,Korea,Industrie,011200,Korea Exchange (Stock Market),,0.02535,MSCI_EM,https://www.ishares.com/de/privatanleger/de/produkte/251858/ishares-msci-emerging-markets-ucits-etf-acc-fund/1535604580385.ajax?fileType=xls&fileName=iShares-MSCI-EM-UCITS-ETF-USD-Acc_fund&dataType=fund,10.Sept.2026,high
090430.KS,AMOREPACIFIC,Korea,Nichtzyklische Konsumgüter,090430,Korea Exchange (Stock Market),,0.02531,MSCI_EM,https://www.ishares.com/de/privatanleger/de/produkte/251858/ishares-msci-emerging-markets-ucits-etf-acc-fund/1535604580385.ajax?fileType=xls&fileName=iShares-MSCI-EM-UCITS-ETF-USD-Acc_fund&dataType=fund,10.Sept.2026,high
GEKTERNA.AT,GEK TERNA,Griechenland,Industrie,GEKTERNA,Athens Exchange S.A. Cash Market,,0.02521,MSCI_EM,https://www.ishares.com/de/privatanleger/de/produkte/251858/ishares-msci-emerging-markets-ucits-etf-acc-fund/1535604580385.ajax?fileType=xls&fileName=iShares-MSCI-EM-UCITS-ETF-USD-Acc_fund&dataType=fund,10.Sept.2026,high
CPLE3.SA,CIA PARANAENSE DE ENERGIA COPEL,Brasilien,Versorger,CPLE3,XBSP,,0.02513,MSCI_EM,https://www.ishares.com/de/privatanleger/de/produkte/251858/ishares-msci-emerging-markets-ucits-etf-acc-fund/1535604580385.ajax?fileType=xls&fileName=iShares-MSCI-EM-UCITS-ETF-USD-Acc_fund&dataType=fund,10.Sept.2026,high
1519.TW,FORTUNE ELECTRIC,Taiwan,Industrie,1519,Taiwan Stock Exchange,,0.02495,MSCI_EM,https://www.ishares.com/de/privatanleger/de/produkte/251858/ishares-msci-emerging-markets-ucits-etf-acc-fund/1535604580385.ajax?fileType=xls&fileName=iShares-MSCI-EM-UCITS-ETF-USD-Acc_fund&dataType=fund,10.Sept.2026,high
UGPA3.SA,ULTRAPAR PARTICIPOES SA,Brasilien,Zyklische Konsumgüter,UGPA3,XBSP,,0.02478,MSCI_EM,https://www.ishares.com/de/privatanleger/de/produkte/251858/ishares-msci-emerging-markets-ucits-etf-acc-fund/1535604580385.ajax?fileType=xls&fileName=iShares-MSCI-EM-UCITS-ETF-USD-Acc_fund&dataType=fund,10.Sept.2026,high
1988.HK,CHINA MINSHENG BANKING H,China,Finanzwesen,1988,Hong Kong Exchanges And Clearing Ltd,,0.02477,MSCI_EM,https://www.ishares.com/de/privatanleger/de/produkte/251858/ishares-msci-emerging-markets-ucits-etf-acc-fund/1535604580385.ajax?fileType=xls&fileName=iShares-MSCI-EM-UCITS-ETF-USD-Acc_fund&dataType=fund,10.Sept.2026,high
6886.HK,HUATAI SECURITIES H,China,Finanzwesen,6886,Hong Kong Exchanges And Clearing Ltd,,0.02459,MSCI_EM,https://www.ishares.com/de/privatanleger/de/produkte/251858/ishares-msci-emerging-markets-ucits-etf-acc-fund/1535604580385.ajax?fileType=xls&fileName=iShares-MSCI-EM-UCITS-ETF-USD-Acc_fund&dataType=fund,10.Sept.2026,high
RENT3.SA,LOCALIZA RENT A CAR,Brasilien,Industrie,RENT3,XBSP,,0.02453,MSCI_EM,https://www.ishares.com/de/privatanleger/de/produkte/251858/ishares-msci-emerging-markets-ucits-etf-acc-fund/1535604580385.ajax?fileType=xls&fileName=iShares-MSCI-EM-UCITS-ETF-USD-Acc_fund&dataType=fund,10.Sept.2026,high
BPI.PS,BANK OF THE PHILIPPINE ISLANDS,Philippinen,Finanzwesen,BPI,Philippine Stock Exchange Inc.,,0.02445,MSCI_EM,https://www.ishares.com/de/privatanleger/de/produkte/251858/ishares-msci-emerging-markets-ucits-etf-acc-fund/1535604580385.ajax?fileType=xls&fileName=iShares-MSCI-EM-UCITS-ETF-USD-Acc_fund&dataType=fund,10.Sept.2026,high
ADANIENSOL.NS,ADANI ENERGY SOLUTIONS LTD,Indien,Versorger,ADANIENSOL,National Stock Exchange Of India,,0.02432,MSCI_EM,https://www.ishares.com/de/privatanleger/de/produkte/251858/ishares-msci-emerging-markets-ucits-etf-acc-fund/1535604580385.ajax?fileType=xls&fileName=iShares-MSCI-EM-UCITS-ETF-USD-Acc_fund&dataType=fund,10.Sept.2026,high
GODREJPROP.NS,GODREJ PROPERTIES LTD,Indien,Immobilien,GODREJPROP,National Stock Exchange Of India,,0.0243,MSCI_EM,https://www.ishares.com/de/privatanleger/de/produkte/251858/ishares-msci-emerging-markets-ucits-etf-acc-fund/1535604580385.ajax?fileType=xls&fileName=iShares-MSCI-EM-UCITS-ETF-USD-Acc_fund&dataType=fund,10.Sept.2026,high
QIIK.QA,QATAR INTERNATIONAL ISLAMIC BANK,Qatar,Finanzwesen,QIIK,Qatar Exchange,,0.02413,MSCI_EM,https://www.ishares.com/de/privatanleger/de/produkte/251858/ishares-msci-emerging-markets-ucits-etf-acc-fund/1535604580385.ajax?fileType=xls&fileName=iShares-MSCI-EM-UCITS-ETF-USD-Acc_fund&dataType=fund,10.Sept.2026,high
ENRIN.NS,SIEMENS ENERGY INDIA LTD,Indien,Industrie,ENRIN,National Stock Exchange Of India,,0.02402,MSCI_EM,https://www.ishares.com/de/privatanleger/de/produkte/251858/ishares-msci-emerging-markets-ucits-etf-acc-fund/1535604580385.ajax?fileType=xls&fileName=iShares-MSCI-EM-UCITS-ETF-USD-Acc_fund&dataType=fund,10.Sept.2026,high
1138.HK,COSCO SHIPPING ENERGY TRANSPORTATI,China,Energie,1138,Hong Kong Exchanges And Clearing Ltd,,0.02385,MSCI_EM,https://www.ishares.com/de/privatanleger/de/produkte/251858/ishares-msci-emerging-markets-ucits-etf-acc-fund/1535604580385.ajax?fileType=xls&fileName=iShares-MSCI-EM-UCITS-ETF-USD-Acc_fund&dataType=fund,10.Sept.2026,high
CPF.R.BK,CHAROEN POKPHAND FOODS NON-VOTING,Thailand,Nichtzyklische Konsumgüter,CPF.R,Stock Exchange Of Thailand,,0.0238,MSCI_EM,https://www.ishares.com/de/privatanleger/de/produkte/251858/ishares-msci-emerging-markets-ucits-etf-acc-fund/1535604580385.ajax?fileType=xls&fileName=iShares-MSCI-EM-UCITS-ETF-USD-Acc_fund&dataType=fund,10.Sept.2026,high
0144.HK,CHINA MERCHANTS PORT HOLDINGS LTD,China,Industrie,144,Hong Kong Exchanges And Clearing Ltd,,0.02379,MSCI_EM,https://www.ishares.com/de/privatanleger/de/produkte/251858/ishares-msci-emerging-markets-ucits-etf-acc-fund/1535604580385.ajax?fileType=xls&fileName=iShares-MSCI-EM-UCITS-ETF-USD-Acc_fund&dataType=fund,10.Sept.2026,high
005940.KS,NH INVESTMENT & SECURITIES,Korea,Finanzwesen,005940,Korea Exchange (Stock Market),,0.02373,MSCI_EM,https://www.ishares.com/de/privatanleger/de/produkte/251858/ishares-msci-emerging-markets-ucits-etf-acc-fund/1535604580385.ajax?fileType=xls&fileName=iShares-MSCI-EM-UCITS-ETF-USD-Acc_fund&dataType=fund,10.Sept.2026,high
4300.SR,DAR AL ARKAN REAL ESTATE DEVELOPME,Saudi-Arabien,Immobilien,4300,Saudi Stock Exchange,,0.02365,MSCI_EM,https://www.ishares.com/de/privatanleger/de/produkte/251858/ishares-msci-emerging-markets-ucits-etf-acc-fund/1535604580385.ajax?fileType=xls&fileName=iShares-MSCI-EM-UCITS-ETF-USD-Acc_fund&dataType=fund,10.Sept.2026,high
AIRARABIA.DU,AIR ARABIA,Ver. Arabische Emirate,Industrie,AIRARABIA,Dubai Financial Market,,0.02355,MSCI_EM,https://www.ishares.com/de/privatanleger/de/produkte/251858/ishares-msci-emerging-markets-ucits-etf-acc-fund/1535604580385.ajax?fileType=xls&fileName=iShares-MSCI-EM-UCITS-ETF-USD-Acc_fund&dataType=fund,10.Sept.2026,high
EREGL.E.IS,EREGLI DEMIR VE CELIK FABRIKALARI,Türkei,Materialien,EREGL.E,Istanbul Stock Exchange,,0.02353,MSCI_EM,https://www.ishares.com/de/privatanleger/de/produkte/251858/ishares-msci-emerging-markets-ucits-etf-acc-fund/1535604580385.ajax?fileType=xls&fileName=iShares-MSCI-EM-UCITS-ETF-USD-Acc_fund&dataType=fund,10.Sept.2026,high
0322.HK,TINGYI (CAYMAN ISLANDS) HOLDINGS,China,Nichtzyklische Konsumgüter,322,Hong Kong Exchanges And Clearing Ltd,,0.02353,MSCI_EM,https://www.ishares.com/de/privatanleger/de/produkte/251858/ishares-msci-emerging-markets-ucits-etf-acc-fund/1535604580385.ajax?fileType=xls&fileName=iShares-MSCI-EM-UCITS-ETF-USD-Acc_fund&dataType=fund,10.Sept.2026,high
BBDC3.SA,BANCO BRADESCO,Brasilien,Finanzwesen,BBDC3,XBSP,,0.02331,MSCI_EM,https://www.ishares.com/de/privatanleger/de/produkte/251858/ishares-msci-emerging-markets-ucits-etf-acc-fund/1535604580385.ajax?fileType=xls&fileName=iShares-MSCI-EM-UCITS-ETF-USD-Acc_fund&dataType=fund,10.Sept.2026,high
RADL3.SA,RAIA DROGASIL,Brasilien,Nichtzyklische Konsumgüter,RADL3,XBSP,,0.02331,MSCI_EM,https://www.ishares.com/de/privatanleger/de/produkte/251858/ishares-msci-emerging-markets-ucits-etf-acc-fund/1535604580385.ajax?fileType=xls&fileName=iShares-MSCI-EM-UCITS-ETF-USD-Acc_fund&dataType=fund,10.Sept.2026,high
352820.KS,HYBE,Korea,Kommunikation,352820,Korea Exchange (Stock Market),,0.02326,MSCI_EM,https://www.ishares.com/de/privatanleger/de/produkte/251858/ishares-msci-emerging-markets-ucits-etf-acc-fund/1535604580385.ajax?fileType=xls&fileName=iShares-MSCI-EM-UCITS-ETF-USD-Acc_fund&dataType=fund,10.Sept.2026,high
PRESTIGE.NS,PRESTIGE ESTATES PROJECTS,Indien,Immobilien,PRESTIGE,National Stock Exchange Of India,,0.02324,MSCI_EM,https://www.ishares.com/de/privatanleger/de/produkte/251858/ishares-msci-emerging-markets-ucits-etf-acc-fund/1535604580385.ajax?fileType=xls&fileName=iShares-MSCI-EM-UCITS-ETF-USD-Acc_fund&dataType=fund,10.Sept.2026,high
BBSE3.SA,BB SEGURIDADE SA,Brasilien,Finanzwesen,BBSE3,XBSP,,0.02318,MSCI_EM,https://www.ishares.com/de/privatanleger/de/produkte/251858/ishares-msci-emerging-markets-ucits-etf-acc-fund/1535604580385.ajax?fileType=xls&fileName=iShares-MSCI-EM-UCITS-ETF-USD-Acc_fund&dataType=fund,10.Sept.2026,high
PCHEM.KL,PETRONAS CHEMICALS GROUP,Malaysia,Materialien,PCHEM,Bursa Malaysia,,0.02313,MSCI_EM,https://www.ishares.com/de/privatanleger/de/produkte/251858/ishares-msci-emerging-markets-ucits-etf-acc-fund/1535604580385.ajax?fileType=xls&fileName=iShares-MSCI-EM-UCITS-ETF-USD-Acc_fund&dataType=fund,10.Sept.2026,high
0270.HK,GUANGDONG INVESTMENT LTD,China,Versorger,270,Hong Kong Exchanges And Clearing Ltd,,0.02309,MSCI_EM,https://www.ishares.com/de/privatanleger/de/produkte/251858/ishares-msci-emerging-markets-ucits-etf-acc-fund/1535604580385.ajax?fileType=xls&fileName=iShares-MSCI-EM-UCITS-ETF-USD-Acc_fund&dataType=fund,10.Sept.2026,high
EMAARDEV.DU,EMAAR DEVELOPMENT,Ver. Arabische Emirate,Immobilien,EMAARDEV,Dubai Financial Market,,0.02298,MSCI_EM,https://www.ishares.com/de/privatanleger/de/produkte/251858/ishares-msci-emerging-markets-ucits-etf-acc-fund/1535604580385.ajax?fileType=xls&fileName=iShares-MSCI-EM-UCITS-ETF-USD-Acc_fund&dataType=fund,10.Sept.2026,high
GROWW.NS,BILLIONBRAINS GARAGE VENTURES LTD,Indien,Finanzwesen,GROWW,National Stock Exchange Of India,,0.02298,MSCI_EM,https://www.ishares.com/de/privatanleger/de/produkte/251858/ishares-msci-emerging-markets-ucits-etf-acc-fund/1535604580385.ajax?fileType=xls&fileName=iShares-MSCI-EM-UCITS-ETF-USD-Acc_fund&dataType=fund,10.Sept.2026,high
2615.TW,WAN HAI LINES,Taiwan,Industrie,2615,Taiwan Stock Exchange,,0.02294,MSCI_EM,https://www.ishares.com/de/privatanleger/de/produkte/251858/ishares-msci-emerging-markets-ucits-etf-acc-fund/1535604580385.ajax?fileType=xls&fileName=iShares-MSCI-EM-UCITS-ETF-USD-Acc_fund&dataType=fund,10.Sept.2026,high
3888.HK,KINGSOFT,China,Kommunikation,3888,Hong Kong Exchanges And Clearing Ltd,,0.02292,MSCI_EM,https://www.ishares.com/de/privatanleger/de/produkte/251858/ishares-msci-emerging-markets-ucits-etf-acc-fund/1535604580385.ajax?fileType=xls&fileName=iShares-MSCI-EM-UCITS-ETF-USD-Acc_fund&dataType=fund,10.Sept.2026,high
323410.KS,KAKAOBANK,Korea,Finanzwesen,323410,Korea Exchange (Stock Market),,0.02291,MSCI_EM,https://www.ishares.com/de/privatanleger/de/produkte/251858/ishares-msci-emerging-markets-ucits-etf-acc-fund/1535604580385.ajax?fileType=xls&fileName=iShares-MSCI-EM-UCITS-ETF-USD-Acc_fund&dataType=fund,10.Sept.2026,high
1787.HK,SHANDONG GOLD MINING LTD H,China,Materialien,1787,Hong Kong Exchanges And Clearing Ltd,,0.02284,MSCI_EM,https://www.ishares.com/de/privatanleger/de/produkte/251858/ishares-msci-emerging-markets-ucits-etf-acc-fund/1535604580385.ajax?fileType=xls&fileName=iShares-MSCI-EM-UCITS-ETF-USD-Acc_fund&dataType=fund,10.Sept.2026,high
CLS.JO,CLICKS GROUP,Südafrika,Nichtzyklische Konsumgüter,CLS,Johannesburg Stock Exchange,,0.02277,MSCI_EM,https://www.ishares.com/de/privatanleger/de/produkte/251858/ishares-msci-emerging-markets-ucits-etf-acc-fund/1535604580385.ajax?fileType=xls&fileName=iShares-MSCI-EM-UCITS-ETF-USD-Acc_fund&dataType=fund,10.Sept.2026,high
0902.HK,HUANENG POWER INTERNATIONAL INC H,China,Versorger,902,Hong Kong Exchanges And Clearing Ltd,,0.02263,MSCI_EM,https://www.ishares.com/de/privatanleger/de/produkte/251858/ishares-msci-emerging-markets-ucits-etf-acc-fund/1535604580385.ajax?fileType=xls&fileName=iShares-MSCI-EM-UCITS-ETF-USD-Acc_fund&dataType=fund,10.Sept.2026,high
UPL.NS,UPL,Indien,Materialien,UPL,National Stock Exchange Of India,,0.02263,MSCI_EM,https://www.ishares.com/de/privatanleger/de/produkte/251858/ishares-msci-emerging-markets-ucits-etf-acc-fund/1535604580385.ajax?fileType=xls&fileName=iShares-MSCI-EM-UCITS-ETF-USD-Acc_fund&dataType=fund,10.Sept.2026,high
1519.HK,J&T GLOBAL EXPRESS,China,Industrie,1519,Hong Kong Exchanges And Clearing Ltd,,0.02263,MSCI_EM,https://www.ishares.com/de/privatanleger/de/produkte/251858/ishares-msci-emerging-markets-ucits-etf-acc-fund/1535604580385.ajax?fileType=xls&fileName=iShares-MSCI-EM-UCITS-ETF-USD-Acc_fund&dataType=fund,10.Sept.2026,high
SALIK.DU,SALIK COMPANY P.J.S.C,Ver. Arabische Emirate,Industrie,SALIK,Dubai Financial Market,,0.02261,MSCI_EM,https://www.ishares.com/de/privatanleger/de/produkte/251858/ishares-msci-emerging-markets-ucits-etf-acc-fund/1535604580385.ajax?fileType=xls&fileName=iShares-MSCI-EM-UCITS-ETF-USD-Acc_fund&dataType=fund,10.Sept.2026,high
GGBR4.SA,GERDAU PREF SA,Brasilien,Materialien,GGBR4,XBSP,,0.0226,MSCI_EM,https://www.ishares.com/de/privatanleger/de/produkte/251858/ishares-msci-emerging-markets-ucits-etf-acc-fund/1535604580385.ajax?fileType=xls&fileName=iShares-MSCI-EM-UCITS-ETF-USD-Acc_fund&dataType=fund,10.Sept.2026,high
UNIONBANK.NS,UNION BANK OF INDIA LTD,Indien,Finanzwesen,UNIONBANK,National Stock Exchange Of India,,0.0225,MSCI_EM,https://www.ishares.com/de/privatanleger/de/produkte/251858/ishares-msci-emerging-markets-ucits-etf-acc-fund/1535604580385.ajax?fileType=xls&fileName=iShares-MSCI-EM-UCITS-ETF-USD-Acc_fund&dataType=fund,10.Sept.2026,high
4250.SR,JABAL OMAR DEVELOPMENT,Saudi-Arabien,Zyklische Konsumgüter,4250,Saudi Stock Exchange,,0.02244,MSCI_EM,https://www.ishares.com/de/privatanleger/de/produkte/251858/ishares-msci-emerging-markets-ucits-etf-acc-fund/1535604580385.ajax?fileType=xls&fileName=iShares-MSCI-EM-UCITS-ETF-USD-Acc_fund&dataType=fund,10.Sept.2026,high
161390.KS,HANKOOK TIRE & TECHNOLOGY LTD,Korea,Zyklische Konsumgüter,161390,Korea Exchange (Stock Market),,0.02236,MSCI_EM,https://www.ishares.com/de/privatanleger/de/produkte/251858/ishares-msci-emerging-markets-ucits-etf-acc-fund/1535604580385.ajax?fileType=xls&fileName=iShares-MSCI-EM-UCITS-ETF-USD-Acc_fund&dataType=fund,10.Sept.2026,high
ALWN.AT,ALLWYN AG,Griechenland,Zyklische Konsumgüter,ALWN,Athens Exchange S.A. Cash Market,,0.02233,MSCI_EM,https://www.ishares.com/de/privatanleger/de/produkte/251858/ishares-msci-emerging-markets-ucits-etf-acc-fund/1535604580385.ajax?fileType=xls&fileName=iShares-MSCI-EM-UCITS-ETF-USD-Acc_fund&dataType=fund,10.Sept.2026,high
0914.HK,ANHUI CONCH CEMENT H,China,Materialien,914,Hong Kong Exchanges And Clearing Ltd,,0.0223,MSCI_EM,https://www.ishares.com/de/privatanleger/de/produkte/251858/ishares-msci-emerging-markets-ucits-etf-acc-fund/1535604580385.ajax?fileType=xls&fileName=iShares-MSCI-EM-UCITS-ETF-USD-Acc_fund&dataType=fund,10.Sept.2026,high
ORDS.QA,OOREDOO,Qatar,Kommunikation,ORDS,Qatar Exchange,,0.02229,MSCI_EM,https://www.ishares.com/de/privatanleger/de/produkte/251858/ishares-msci-emerging-markets-ucits-etf-acc-fund/1535604580385.ajax?fileType=xls&fileName=iShares-MSCI-EM-UCITS-ETF-USD-Acc_fund&dataType=fund,10.Sept.2026,high
GMRAIRPORT.NS,GMR AIRPORTS LTD,Indien,Industrie,GMRAIRPORT,National Stock Exchange Of India,,0.02224,MSCI_EM,https://www.ishares.com/de/privatanleger/de/produkte/251858/ishares-msci-emerging-markets-ucits-etf-acc-fund/1535604580385.ajax?fileType=xls&fileName=iShares-MSCI-EM-UCITS-ETF-USD-Acc_fund&dataType=fund,10.Sept.2026,high
1898.HK,CHINA COAL ENERGY LTD H,China,Energie,1898,Hong Kong Exchanges And Clearing Ltd,,0.02223,MSCI_EM,https://www.ishares.com/de/privatanleger/de/produkte/251858/ishares-msci-emerging-markets-ucits-etf-acc-fund/1535604580385.ajax?fileType=xls&fileName=iShares-MSCI-EM-UCITS-ETF-USD-Acc_fund&dataType=fund,10.Sept.2026,high
LTF.NS,L&T FINANCE LTD,Indien,Finanzwesen,LTF,National Stock Exchange Of India,,0.02218,MSCI_EM,https://www.ishares.com/de/privatanleger/de/produkte/251858/ishares-msci-emerging-markets-ucits-etf-acc-fund/1535604580385.ajax?fileType=xls&fileName=iShares-MSCI-EM-UCITS-ETF-USD-Acc_fund&dataType=fund,10.Sept.2026,high
8010.SR,THE COOPERATIVE INSURANCE,Saudi-Arabien,Finanzwesen,8010,Saudi Stock Exchange,,0.02215,MSCI_EM,https://www.ishares.com/de/privatanleger/de/produkte/251858/ishares-msci-emerging-markets-ucits-etf-acc-fund/1535604580385.ajax?fileType=xls&fileName=iShares-MSCI-EM-UCITS-ETF-USD-Acc_fund&dataType=fund,10.Sept.2026,high
1776.HK,GF SECURITIES H,China,Finanzwesen,1776,Hong Kong Exchanges And Clearing Ltd,,0.02213,MSCI_EM,https://www.ishares.com/de/privatanleger/de/produkte/251858/ishares-msci-emerging-markets-ucits-etf-acc-fund/1535604580385.ajax?fileType=xls&fileName=iShares-MSCI-EM-UCITS-ETF-USD-Acc_fund&dataType=fund,10.Sept.2026,high
OFSS.NS,ORACLE FINANCIAL SERVICES SOFTWARE,Indien,IT,OFSS,National Stock Exchange Of India,,0.02206,MSCI_EM,https://www.ishares.com/de/privatanleger/de/produkte/251858/ishares-msci-emerging-markets-ucits-etf-acc-fund/1535604580385.ajax?fileType=xls&fileName=iShares-MSCI-EM-UCITS-ETF-USD-Acc_fund&dataType=fund,10.Sept.2026,high
TAL,TAL EDUCATION GROUP ADR REPTG,China,Zyklische Konsumgüter,TAL,New York Stock Exchange Inc.,,0.02205,MSCI_EM,https://www.ishares.com/de/privatanleger/de/produkte/251858/ishares-msci-emerging-markets-ucits-etf-acc-fund/1535604580385.ajax?fileType=xls&fileName=iShares-MSCI-EM-UCITS-ETF-USD-Acc_fund&dataType=fund,10.Sept.2026,high
CENCOSUD.SN,CENCOSUD,Chile,Nichtzyklische Konsumgüter,CENCOSUD,Santiago Stock Exchange,,0.022,MSCI_EM,https://www.ishares.com/de/privatanleger/de/produkte/251858/ishares-msci-emerging-markets-ucits-etf-acc-fund/1535604580385.ajax?fileType=xls&fileName=iShares-MSCI-EM-UCITS-ETF-USD-Acc_fund&dataType=fund,10.Sept.2026,high
PNB.NS,PUNJAB NATIONAL BANK,Indien,Finanzwesen,PNB,National Stock Exchange Of India,,0.02191,MSCI_EM,https://www.ishares.com/de/privatanleger/de/produkte/251858/ishares-msci-emerging-markets-ucits-etf-acc-fund/1535604580385.ajax?fileType=xls&fileName=iShares-MSCI-EM-UCITS-ETF-USD-Acc_fund&dataType=fund,10.Sept.2026,high
SWB.KL,SUNWAY BHD,Malaysia,Industrie,SWB,Bursa Malaysia,,0.02172,MSCI_EM,https://www.ishares.com/de/privatanleger/de/produkte/251858/ishares-msci-emerging-markets-ucits-etf-acc-fund/1535604580385.ajax?fileType=xls&fileName=iShares-MSCI-EM-UCITS-ETF-USD-Acc_fund&dataType=fund,10.Sept.2026,high
MRF.NS,MRF LTD,Indien,Zyklische Konsumgüter,MRF,National Stock Exchange Of India,,0.02166,MSCI_EM,https://www.ishares.com/de/privatanleger/de/produkte/251858/ishares-msci-emerging-markets-ucits-etf-acc-fund/1535604580385.ajax?fileType=xls&fileName=iShares-MSCI-EM-UCITS-ETF-USD-Acc_fund&dataType=fund,10.Sept.2026,high
0168.HK,TSINGTAO BREWERY LTD H,China,Nichtzyklische Konsumgüter,168,Hong Kong Exchanges And Clearing Ltd,,0.02149,MSCI_EM,https://www.ishares.com/de/privatanleger/de/produkte/251858/ishares-msci-emerging-markets-ucits-etf-acc-fund/1535604580385.ajax?fileType=xls&fileName=iShares-MSCI-EM-UCITS-ETF-USD-Acc_fund&dataType=fund,10.Sept.2026,high
OIL.NS,OIL INDIA LTD,Indien,Energie,OIL,National Stock Exchange Of India,,0.02145,MSCI_EM,https://www.ishares.com/de/privatanleger/de/produkte/251858/ishares-msci-emerging-markets-ucits-etf-acc-fund/1535604580385.ajax?fileType=xls&fileName=iShares-MSCI-EM-UCITS-ETF-USD-Acc_fund&dataType=fund,10.Sept.2026,high
1258.HK,CHINA NONFERROUS MINING CORPORATIO,China,Materialien,1258,Hong Kong Exchanges And Clearing Ltd,,0.02141,MSCI_EM,https://www.ishares.com/de/privatanleger/de/produkte/251858/ishares-msci-emerging-markets-ucits-etf-acc-fund/1535604580385.ajax?fileType=xls&fileName=iShares-MSCI-EM-UCITS-ETF-USD-Acc_fund&dataType=fund,10.Sept.2026,high
KLK.KL,KUALA LUMPUR KEPONG,Malaysia,Nichtzyklische Konsumgüter,KLK,Bursa Malaysia,,0.02136,MSCI_EM,https://www.ishares.com/de/privatanleger/de/produkte/251858/ishares-msci-emerging-markets-ucits-etf-acc-fund/1535604580385.ajax?fileType=xls&fileName=iShares-MSCI-EM-UCITS-ETF-USD-Acc_fund&dataType=fund,10.Sept.2026,high
NMDC.NS,NMDC LTD,Indien,Materialien,NMDC,National Stock Exchange Of India,,0.02135,MSCI_EM,https://www.ishares.com/de/privatanleger/de/produkte/251858/ishares-msci-emerging-markets-ucits-etf-acc-fund/1535604580385.ajax?fileType=xls&fileName=iShares-MSCI-EM-UCITS-ETF-USD-Acc_fund&dataType=fund,10.Sept.2026,high
JSL.NS,JINDAL STAINLESS LTD,Indien,Materialien,JSL,National Stock Exchange Of India,,0.02132,MSCI_EM,https://www.ishares.com/de/privatanleger/de/produkte/251858/ishares-msci-emerging-markets-ucits-etf-acc-fund/1535604580385.ajax?fileType=xls&fileName=iShares-MSCI-EM-UCITS-ETF-USD-Acc_fund&dataType=fund,10.Sept.2026,high
TCELL.E.IS,TURKCELL ILETISIM HIZMETLERI A,Türkei,Kommunikation,TCELL.E,Istanbul Stock Exchange,,0.02132,MSCI_EM,https://www.ishares.com/de/privatanleger/de/produkte/251858/ishares-msci-emerging-markets-ucits-etf-acc-fund/1535604580385.ajax?fileType=xls&fileName=iShares-MSCI-EM-UCITS-ETF-USD-Acc_fund&dataType=fund,10.Sept.2026,high
MPHASIS.NS,MPHASIS LTD,Indien,IT,MPHASIS,National Stock Exchange Of India,,0.02127,MSCI_EM,https://www.ishares.com/de/privatanleger/de/produkte/251858/ishares-msci-emerging-markets-ucits-etf-acc-fund/1535604580385.ajax?fileType=xls&fileName=iShares-MSCI-EM-UCITS-ETF-USD-Acc_fund&dataType=fund,10.Sept.2026,high
AMBUJACEM.NS,AMBUJA CEMENTS LTD,Indien,Materialien,AMBUJACEM,National Stock Exchange Of India,,0.02115,MSCI_EM,https://www.ishares.com/de/privatanleger/de/produkte/251858/ishares-msci-emerging-markets-ucits-etf-acc-fund/1535604580385.ajax?fileType=xls&fileName=iShares-MSCI-EM-UCITS-ETF-USD-Acc_fund&dataType=fund,10.Sept.2026,high
BBNI.JK,BANK NEGARA INDONESIA,Indonesien,Finanzwesen,BBNI,Indonesia Stock Exchange,,0.02108,MSCI_EM,https://www.ishares.com/de/privatanleger/de/produkte/251858/ishares-msci-emerging-markets-ucits-etf-acc-fund/1535604580385.ajax?fileType=xls&fileName=iShares-MSCI-EM-UCITS-ETF-USD-Acc_fund&dataType=fund,10.Sept.2026,high
1766.HK,CRRC CORP LTD H,China,Industrie,1766,Hong Kong Exchanges And Clearing Ltd,,0.02107,MSCI_EM,https://www.ishares.com/de/privatanleger/de/produkte/251858/ishares-msci-emerging-markets-ucits-etf-acc-fund/1535604580385.ajax?fileType=xls&fileName=iShares-MSCI-EM-UCITS-ETF-USD-Acc_fund&dataType=fund,10.Sept.2026,high
PINFRA*.MX,PROMOTORA Y OPERADORA DE INFRAESTR,Mexiko,Industrie,PINFRA*,Bolsa Mexicana De Valores,,0.02104,MSCI_EM,https://www.ishares.com/de/privatanleger/de/produkte/251858/ishares-msci-emerging-markets-ucits-etf-acc-fund/1535604580385.ajax?fileType=xls&fileName=iShares-MSCI-EM-UCITS-ETF-USD-Acc_fund&dataType=fund,10.Sept.2026,high
ZAB.WA,ZABKA GROUP SOCIETE ANONYME SA,Polen,Nichtzyklische Konsumgüter,ZAB,Warsaw Stock Exchange/Equities/Main Market,,0.02101,MSCI_EM,https://www.ishares.com/de/privatanleger/de/produkte/251858/ishares-msci-emerging-markets-ucits-etf-acc-fund/1535604580385.ajax?fileType=xls&fileName=iShares-MSCI-EM-UCITS-ETF-USD-Acc_fund&dataType=fund,10.Sept.2026,high
KCHOL.E.IS,KOC HOLDING A,Türkei,Industrie,KCHOL.E,Istanbul Stock Exchange,,0.021,MSCI_EM,https://www.ishares.com/de/privatanleger/de/produkte/251858/ishares-msci-emerging-markets-ucits-etf-acc-fund/1535604580385.ajax?fileType=xls&fileName=iShares-MSCI-EM-UCITS-ETF-USD-Acc_fund&dataType=fund,10.Sept.2026,high
HAVELLS.NS,HAVELLS INDIA LTD,Indien,Industrie,HAVELLS,National Stock Exchange Of India,,0.02098,MSCI_EM,https://www.ishares.com/de/privatanleger/de/produkte/251858/ishares-msci-emerging-markets-ucits-etf-acc-fund/1535604580385.ajax?fileType=xls&fileName=iShares-MSCI-EM-UCITS-ETF-USD-Acc_fund&dataType=fund,10.Sept.2026,high
RDOR3.SA,REDE DOR SAO LUIZ SA,Brasilien,Gesundheitsversorgung,RDOR3,XBSP,,0.02091,MSCI_EM,https://www.ishares.com/de/privatanleger/de/produkte/251858/ishares-msci-emerging-markets-ucits-etf-acc-fund/1535604580385.ajax?fileType=xls&fileName=iShares-MSCI-EM-UCITS-ETF-USD-Acc_fund&dataType=fund,10.Sept.2026,high
SMPH.PS,SM PRIME HOLDINGS,Philippinen,Immobilien,SMPH,Philippine Stock Exchange Inc.,,0.02086,MSCI_EM,https://www.ishares.com/de/privatanleger/de/produkte/251858/ishares-msci-emerging-markets-ucits-etf-acc-fund/1535604580385.ajax?fileType=xls&fileName=iShares-MSCI-EM-UCITS-ETF-USD-Acc_fund&dataType=fund,10.Sept.2026,high
2290.SR,YANBU NATIONAL PETROCHEMICALS,Saudi-Arabien,Materialien,2290,Saudi Stock Exchange,,0.02073,MSCI_EM,https://www.ishares.com/de/privatanleger/de/produkte/251858/ishares-msci-emerging-markets-ucits-etf-acc-fund/1535604580385.ajax?fileType=xls&fileName=iShares-MSCI-EM-UCITS-ETF-USD-Acc_fund&dataType=fund,10.Sept.2026,high
ENELCHILE.SN,ENEL CHILE SA,Chile,Versorger,ENELCHILE,Santiago Stock Exchange,,0.02071,MSCI_EM,https://www.ishares.com/de/privatanleger/de/produkte/251858/ishares-msci-emerging-markets-ucits-etf-acc-fund/1535604580385.ajax?fileType=xls&fileName=iShares-MSCI-EM-UCITS-ETF-USD-Acc_fund&dataType=fund,10.Sept.2026,high
0285.HK,BYD ELECTRONIC (INTERNATIONAL) LTD,China,IT,285,Hong Kong Exchanges And Clearing Ltd,,0.02058,MSCI_EM,https://www.ishares.com/de/privatanleger/de/produkte/251858/ishares-msci-emerging-markets-ucits-etf-acc-fund/1535604580385.ajax?fileType=xls&fileName=iShares-MSCI-EM-UCITS-ETF-USD-Acc_fund&dataType=fund,10.Sept.2026,high
JSWENERGY.NS,JSW ENERGY LTD,Indien,Versorger,JSWENERGY,National Stock Exchange Of India,,0.02055,MSCI_EM,https://www.ishares.com/de/privatanleger/de/produkte/251858/ishares-msci-emerging-markets-ucits-etf-acc-fund/1535604580385.ajax?fileType=xls&fileName=iShares-MSCI-EM-UCITS-ETF-USD-Acc_fund&dataType=fund,10.Sept.2026,high
ISCTR.E.IS,TURKIYE IS BANKASI C,Türkei,Finanzwesen,ISCTR.E,Istanbul Stock Exchange,,0.0205,MSCI_EM,https://www.ishares.com/de/privatanleger/de/produkte/251858/ishares-msci-emerging-markets-ucits-etf-acc-fund/1535604580385.ajax?fileType=xls&fileName=iShares-MSCI-EM-UCITS-ETF-USD-Acc_fund&dataType=fund,10.Sept.2026,high
VOLTAS.NS,VOLTAS LTD,Indien,Industrie,VOLTAS,National Stock Exchange Of India,,0.02045,MSCI_EM,https://www.ishares.com/de/privatanleger/de/produkte/251858/ishares-msci-emerging-markets-ucits-etf-acc-fund/1535604580385.ajax?fileType=xls&fileName=iShares-MSCI-EM-UCITS-ETF-USD-Acc_fund&dataType=fund,10.Sept.2026,high
PAGEIND.NS,PAGE INDUSTRIES,Indien,Zyklische Konsumgüter,PAGEIND,National Stock Exchange Of India,,0.02039,MSCI_EM,https://www.ishares.com/de/privatanleger/de/produkte/251858/ishares-msci-emerging-markets-ucits-etf-acc-fund/1535604580385.ajax?fileType=xls&fileName=iShares-MSCI-EM-UCITS-ETF-USD-Acc_fund&dataType=fund,10.Sept.2026,high
2228.HK,XTALPI HOLDINGS LTD,China,Gesundheitsversorgung,2228,Hong Kong Exchanges And Clearing Ltd,,0.02036,MSCI_EM,https://www.ishares.com/de/privatanleger/de/produkte/251858/ishares-msci-emerging-markets-ucits-etf-acc-fund/1535604580385.ajax?fileType=xls&fileName=iShares-MSCI-EM-UCITS-ETF-USD-Acc_fund&dataType=fund,10.Sept.2026,high
YKBNK.E.IS,YAPI VE KREDI BANKASI A,Türkei,Finanzwesen,YKBNK.E,Istanbul Stock Exchange,,0.02026,MSCI_EM,https://www.ishares.com/de/privatanleger/de/produkte/251858/ishares-msci-emerging-markets-ucits-etf-acc-fund/1535604580385.ajax?fileType=xls&fileName=iShares-MSCI-EM-UCITS-ETF-USD-Acc_fund&dataType=fund,10.Sept.2026,high
OBEROIRLTY.NS,OBEROI REALTY,Indien,Immobilien,OBEROIRLTY,National Stock Exchange Of India,,0.02002,MSCI_EM,https://www.ishares.com/de/privatanleger/de/produkte/251858/ishares-msci-emerging-markets-ucits-etf-acc-fund/1535604580385.ajax?fileType=xls&fileName=iShares-MSCI-EM-UCITS-ETF-USD-Acc_fund&dataType=fund,10.Sept.2026,high
COPEC.SN,EMPRESAS COPEC SA,Chile,Zyklische Konsumgüter,COPEC,Santiago Stock Exchange,,0.01999,MSCI_EM,https://www.ishares.com/de/privatanleger/de/produkte/251858/ishares-msci-emerging-markets-ucits-etf-acc-fund/1535604580385.ajax?fileType=xls&fileName=iShares-MSCI-EM-UCITS-ETF-USD-Acc_fund&dataType=fund,10.Sept.2026,high
COROMANDEL.NS,COROMANDEL INTERNATIONAL LTD,Indien,Materialien,COROMANDEL,National Stock Exchange Of India,,0.01994,MSCI_EM,https://www.ishares.com/de/privatanleger/de/produkte/251858/ishares-msci-emerging-markets-ucits-etf-acc-fund/1535604580385.ajax?fileType=xls&fileName=iShares-MSCI-EM-UCITS-ETF-USD-Acc_fund&dataType=fund,10.Sept.2026,high
532483.BO,CANARA BANK LTD,Indien,Finanzwesen,532483,Bse Ltd,,0.01992,MSCI_EM,https://www.ishares.com/de/privatanleger/de/produkte/251858/ishares-msci-emerging-markets-ucits-etf-acc-fund/1535604580385.ajax?fileType=xls&fileName=iShares-MSCI-EM-UCITS-ETF-USD-Acc_fund&dataType=fund,10.Sept.2026,high
ASTOR.E.IS,ASTOR ENERJI A.S.,Türkei,Industrie,ASTOR.E,Istanbul Stock Exchange,,0.0198,MSCI_EM,https://www.ishares.com/de/privatanleger/de/produkte/251858/ishares-msci-emerging-markets-ucits-etf-acc-fund/1535604580385.ajax?fileType=xls&fileName=iShares-MSCI-EM-UCITS-ETF-USD-Acc_fund&dataType=fund,10.Sept.2026,high
BDX.WA,BUDIMEX SA,Polen,Industrie,BDX,Warsaw Stock Exchange/Equities/Main Market,,0.01959,MSCI_EM,https://www.ishares.com/de/privatanleger/de/produkte/251858/ishares-msci-emerging-markets-ucits-etf-acc-fund/1535604580385.ajax?fileType=xls&fileName=iShares-MSCI-EM-UCITS-ETF-USD-Acc_fund&dataType=fund,10.Sept.2026,high
SUPREMEIND.NS,SUPREME INDUSTRIES LTD,Indien,Industrie,SUPREMEIND,National Stock Exchange Of India,,0.01949,MSCI_EM,https://www.ishares.com/de/privatanleger/de/produkte/251858/ishares-msci-emerging-markets-ucits-etf-acc-fund/1535604580385.ajax?fileType=xls&fileName=iShares-MSCI-EM-UCITS-ETF-USD-Acc_fund&dataType=fund,10.Sept.2026,high
IOICORP.KL,IOI CORPORATION,Malaysia,Nichtzyklische Konsumgüter,IOICORP,Bursa Malaysia,,0.01946,MSCI_EM,https://www.ishares.com/de/privatanleger/de/produkte/251858/ishares-msci-emerging-markets-ucits-etf-acc-fund/1535604580385.ajax?fileType=xls&fileName=iShares-MSCI-EM-UCITS-ETF-USD-Acc_fund&dataType=fund,10.Sept.2026,high
INDIANB.NS,INDIAN BANK,Indien,Finanzwesen,INDIANB,National Stock Exchange Of India,,0.01935,MSCI_EM,https://www.ishares.com/de/privatanleger/de/produkte/251858/ishares-msci-emerging-markets-ucits-etf-acc-fund/1535604580385.ajax?fileType=xls&fileName=iShares-MSCI-EM-UCITS-ETF-USD-Acc_fund&dataType=fund,10.Sept.2026,high
MABANEE.KW,MABANEE COMPANY,Kuwait,Immobilien,MABANEE,Kuwait Stock Exchange,,0.01929,MSCI_EM,https://www.ishares.com/de/privatanleger/de/produkte/251858/ishares-msci-emerging-markets-ucits-etf-acc-fund/1535604580385.ajax?fileType=xls&fileName=iShares-MSCI-EM-UCITS-ETF-USD-Acc_fund&dataType=fund,10.Sept.2026,high
NHPC.NS,NHPC LTD,Indien,Versorger,NHPC,National Stock Exchange Of India,,0.01928,MSCI_EM,https://www.ishares.com/de/privatanleger/de/produkte/251858/ishares-msci-emerging-markets-ucits-etf-acc-fund/1535604580385.ajax?fileType=xls&fileName=iShares-MSCI-EM-UCITS-ETF-USD-Acc_fund&dataType=fund,10.Sept.2026,high
ITUB3.SA,ITAU UNIBANCO HOLDING SA,Brasilien,Finanzwesen,ITUB3,XBSP,,0.01916,MSCI_EM,https://www.ishares.com/de/privatanleger/de/produkte/251858/ishares-msci-emerging-markets-ucits-etf-acc-fund/1535604580385.ajax?fileType=xls&fileName=iShares-MSCI-EM-UCITS-ETF-USD-Acc_fund&dataType=fund,10.Sept.2026,high
ZYDUSLIFE.NS,ZYDUS LIFESCIENCES LTD,Indien,Gesundheitsversorgung,ZYDUSLIFE,National Stock Exchange Of India,,0.01913,MSCI_EM,https://www.ishares.com/de/privatanleger/de/produkte/251858/ishares-msci-emerging-markets-ucits-etf-acc-fund/1535604580385.ajax?fileType=xls&fileName=iShares-MSCI-EM-UCITS-ETF-USD-Acc_fund&dataType=fund,10.Sept.2026,high
TTB.R.BK,TMBTHANACHART BANK NON-VOTING DR P,Thailand,Finanzwesen,TTB.R,Stock Exchange Of Thailand,,0.01906,MSCI_EM,https://www.ishares.com/de/privatanleger/de/produkte/251858/ishares-msci-emerging-markets-ucits-etf-acc-fund/1535604580385.ajax?fileType=xls&fileName=iShares-MSCI-EM-UCITS-ETF-USD-Acc_fund&dataType=fund,10.Sept.2026,high
1929.HK,CHOW TAI FOOK JEWELLERY GROUP LTD,China,Zyklische Konsumgüter,1929,Hong Kong Exchanges And Clearing Ltd,,0.01902,MSCI_EM,https://www.ishares.com/de/privatanleger/de/produkte/251858/ishares-msci-emerging-markets-ucits-etf-acc-fund/1535604580385.ajax?fileType=xls&fileName=iShares-MSCI-EM-UCITS-ETF-USD-Acc_fund&dataType=fund,10.Sept.2026,high
3998.HK,BOSIDENG INTERNATIONAL,China,Zyklische Konsumgüter,3998,Hong Kong Exchanges And Clearing Ltd,,0.01901,MSCI_EM,https://www.ishares.com/de/privatanleger/de/produkte/251858/ishares-msci-emerging-markets-ucits-etf-acc-fund/1535604580385.ajax?fileType=xls&fileName=iShares-MSCI-EM-UCITS-ETF-USD-Acc_fund&dataType=fund,10.Sept.2026,high
PETRONET.NS,PETRONET LNG,Indien,Energie,PETRONET,National Stock Exchange Of India,,0.01899,MSCI_EM,https://www.ishares.com/de/privatanleger/de/produkte/251858/ishares-msci-emerging-markets-ucits-etf-acc-fund/1535604580385.ajax?fileType=xls&fileName=iShares-MSCI-EM-UCITS-ETF-USD-Acc_fund&dataType=fund,10.Sept.2026,high
1099.HK,SINOPHARM GROUP LTD H,China,Gesundheitsversorgung,1099,Hong Kong Exchanges And Clearing Ltd,,0.01896,MSCI_EM,https://www.ishares.com/de/privatanleger/de/produkte/251858/ishares-msci-emerging-markets-ucits-etf-acc-fund/1535604580385.ajax?fileType=xls&fileName=iShares-MSCI-EM-UCITS-ETF-USD-Acc_fund&dataType=fund,10.Sept.2026,high
0316.HK,ORIENT OVERSEAS (INTERNATIONAL) LT,China,Industrie,316,Hong Kong Exchanges And Clearing Ltd,,0.01893,MSCI_EM,https://www.ishares.com/de/privatanleger/de/produkte/251858/ishares-msci-emerging-markets-ucits-etf-acc-fund/1535604580385.ajax?fileType=xls&fileName=iShares-MSCI-EM-UCITS-ETF-USD-Acc_fund&dataType=fund,10.Sept.2026,high
BRPT.JK,BARITO PACIFIC,Indonesien,Materialien,BRPT,Indonesia Stock Exchange,,0.01886,MSCI_EM,https://www.ishares.com/de/privatanleger/de/produkte/251858/ishares-msci-emerging-markets-ucits-etf-acc-fund/1535604580385.ajax?fileType=xls&fileName=iShares-MSCI-EM-UCITS-ETF-USD-Acc_fund&dataType=fund,10.Sept.2026,high
WAAREEENER.NS,WAAREE ENERGIES LTD,Indien,IT,WAAREEENER,National Stock Exchange Of India,,0.01883,MSCI_EM,https://www.ishares.com/de/privatanleger/de/produkte/251858/ishares-msci-emerging-markets-ucits-etf-acc-fund/1535604580385.ajax?fileType=xls&fileName=iShares-MSCI-EM-UCITS-ETF-USD-Acc_fund&dataType=fund,10.Sept.2026,high
MAXIS.KL,MAXIS,Malaysia,Kommunikation,MAXIS,Bursa Malaysia,,0.01878,MSCI_EM,https://www.ishares.com/de/privatanleger/de/produkte/251858/ishares-msci-emerging-markets-ucits-etf-acc-fund/1535604580385.ajax?fileType=xls&fileName=iShares-MSCI-EM-UCITS-ETF-USD-Acc_fund&dataType=fund,10.Sept.2026,high
BANKBARODA.NS,BANK OF BARODA LTD,Indien,Finanzwesen,BANKBARODA,National Stock Exchange Of India,,0.01874,MSCI_EM,https://www.ishares.com/de/privatanleger/de/produkte/251858/ishares-msci-emerging-markets-ucits-etf-acc-fund/1535604580385.ajax?fileType=xls&fileName=iShares-MSCI-EM-UCITS-ETF-USD-Acc_fund&dataType=fund,10.Sept.2026,high
SHREECEM.NS,SHREE CEMENT LTD,Indien,Materialien,SHREECEM,National Stock Exchange Of India,,0.01865,MSCI_EM,https://www.ishares.com/de/privatanleger/de/produkte/251858/ishares-msci-emerging-markets-ucits-etf-acc-fund/1535604580385.ajax?fileType=xls&fileName=iShares-MSCI-EM-UCITS-ETF-USD-Acc_fund&dataType=fund,10.Sept.2026,high
VMM.NS,VISHAL MEGA MART,Indien,Zyklische Konsumgüter,VMM,National Stock Exchange Of India,,0.01862,MSCI_EM,https://www.ishares.com/de/privatanleger/de/produkte/251858/ishares-msci-emerging-markets-ucits-etf-acc-fund/1535604580385.ajax?fileType=xls&fileName=iShares-MSCI-EM-UCITS-ETF-USD-Acc_fund&dataType=fund,10.Sept.2026,high
ALKEM.NS,ALKEM LABORATORIES LTD,Indien,Gesundheitsversorgung,ALKEM,National Stock Exchange Of India,,0.0186,MSCI_EM,https://www.ishares.com/de/privatanleger/de/produkte/251858/ishares-msci-emerging-markets-ucits-etf-acc-fund/1535604580385.ajax?fileType=xls&fileName=iShares-MSCI-EM-UCITS-ETF-USD-Acc_fund&dataType=fund,10.Sept.2026,high
MANKIND.NS,MANKIND PHARMA LTD,Indien,Gesundheitsversorgung,MANKIND,National Stock Exchange Of India,,0.0186,MSCI_EM,https://www.ishares.com/de/privatanleger/de/produkte/251858/ishares-msci-emerging-markets-ucits-etf-acc-fund/1535604580385.ajax?fileType=xls&fileName=iShares-MSCI-EM-UCITS-ETF-USD-Acc_fund&dataType=fund,10.Sept.2026,high
ENEV3.SA,ENEVA,Brasilien,Versorger,ENEV3,XBSP,,0.01849,MSCI_EM,https://www.ishares.com/de/privatanleger/de/produkte/251858/ishares-msci-emerging-markets-ucits-etf-acc-fund/1535604580385.ajax?fileType=xls&fileName=iShares-MSCI-EM-UCITS-ETF-USD-Acc_fund&dataType=fund,10.Sept.2026,high
GRUMAB.MX,GRUMA,Mexiko,Nichtzyklische Konsumgüter,GRUMAB,Bolsa Mexicana De Valores,,0.01848,MSCI_EM,https://www.ishares.com/de/privatanleger/de/produkte/251858/ishares-msci-emerging-markets-ucits-etf-acc-fund/1535604580385.ajax?fileType=xls&fileName=iShares-MSCI-EM-UCITS-ETF-USD-Acc_fund&dataType=fund,10.Sept.2026,high
1030.SR,SAUDI INVESTMENT BANK,Saudi-Arabien,Finanzwesen,1030,Saudi Stock Exchange,,0.01839,MSCI_EM,https://www.ishares.com/de/privatanleger/de/produkte/251858/ishares-msci-emerging-markets-ucits-etf-acc-fund/1535604580385.ajax?fileType=xls&fileName=iShares-MSCI-EM-UCITS-ETF-USD-Acc_fund&dataType=fund,10.Sept.2026,high
BSE.NS,BSE LTD,Indien,Finanzwesen,BSE,National Stock Exchange Of India,,0.01829,MSCI_EM,https://www.ishares.com/de/privatanleger/de/produkte/251858/ishares-msci-emerging-markets-ucits-etf-acc-fund/1535604580385.ajax?fileType=xls&fileName=iShares-MSCI-EM-UCITS-ETF-USD-Acc_fund&dataType=fund,10.Sept.2026,high
6969.HK,SMOORE INTERNATIONAL HOLDINGS,China,Nichtzyklische Konsumgüter,6969,Hong Kong Exchanges And Clearing Ltd,,0.01825,MSCI_EM,https://www.ishares.com/de/privatanleger/de/produkte/251858/ishares-msci-emerging-markets-ucits-etf-acc-fund/1535604580385.ajax?fileType=xls&fileName=iShares-MSCI-EM-UCITS-ETF-USD-Acc_fund&dataType=fund,10.Sept.2026,high
2333.HK,GREAT WALL MOTOR COMPANY LTD H,China,Zyklische Konsumgüter,2333,Hong Kong Exchanges And Clearing Ltd,,0.01814,MSCI_EM,https://www.ishares.com/de/privatanleger/de/produkte/251858/ishares-msci-emerging-markets-ucits-etf-acc-fund/1535604580385.ajax?fileType=xls&fileName=iShares-MSCI-EM-UCITS-ETF-USD-Acc_fund&dataType=fund,10.Sept.2026,high
MISC.KL,MISC,Malaysia,Industrie,MISC,Bursa Malaysia,,0.01807,MSCI_EM,https://www.ishares.com/de/privatanleger/de/produkte/251858/ishares-msci-emerging-markets-ucits-etf-acc-fund/1535604580385.ajax?fileType=xls&fileName=iShares-MSCI-EM-UCITS-ETF-USD-Acc_fund&dataType=fund,10.Sept.2026,high
BRMS.JK,BUMI RESOURCES MINERALS,Indonesien,Materialien,BRMS,Indonesia Stock Exchange,,0.01806,MSCI_EM,https://www.ishares.com/de/privatanleger/de/produkte/251858/ishares-msci-emerging-markets-ucits-etf-acc-fund/1535604580385.ajax?fileType=xls&fileName=iShares-MSCI-EM-UCITS-ETF-USD-Acc_fund&dataType=fund,10.Sept.2026,high
TORNTPOWER.NS,TORRENT POWER LTD,Indien,Versorger,TORNTPOWER,National Stock Exchange Of India,,0.018,MSCI_EM,https://www.ishares.com/de/privatanleger/de/produkte/251858/ishares-msci-emerging-markets-ucits-etf-acc-fund/1535604580385.ajax?fileType=xls&fileName=iShares-MSCI-EM-UCITS-ETF-USD-Acc_fund&dataType=fund,10.Sept.2026,high
1772.HK,GANFENG LITHIUM LTD H,China,Materialien,1772,Hong Kong Exchanges And Clearing Ltd,,0.01797,MSCI_EM,https://www.ishares.com/de/privatanleger/de/produkte/251858/ishares-msci-emerging-markets-ucits-etf-acc-fund/1535604580385.ajax?fileType=xls&fileName=iShares-MSCI-EM-UCITS-ETF-USD-Acc_fund&dataType=fund,10.Sept.2026,high
GBK.KW,GULF BANK,Kuwait,Finanzwesen,GBK,Kuwait Stock Exchange,,0.01775,MSCI_EM,https://www.ishares.com/de/privatanleger/de/produkte/251858/ishares-msci-emerging-markets-ucits-etf-acc-fund/1535604580385.ajax?fileType=xls&fileName=iShares-MSCI-EM-UCITS-ETF-USD-Acc_fund&dataType=fund,10.Sept.2026,high
6862.HK,HAIDILAO INTERNATIONAL HOLDING LTD,China,Zyklische Konsumgüter,6862,Hong Kong Exchanges And Clearing Ltd,,0.01774,MSCI_EM,https://www.ishares.com/de/privatanleger/de/produkte/251858/ishares-msci-emerging-markets-ucits-etf-acc-fund/1535604580385.ajax?fileType=xls&fileName=iShares-MSCI-EM-UCITS-ETF-USD-Acc_fund&dataType=fund,10.Sept.2026,high
TATACOMM.NS,TATA COMMUNICATIONS LTD,Indien,Kommunikation,TATACOMM,National Stock Exchange Of India,,0.01772,MSCI_EM,https://www.ishares.com/de/privatanleger/de/produkte/251858/ishares-msci-emerging-markets-ucits-etf-acc-fund/1535604580385.ajax?fileType=xls&fileName=iShares-MSCI-EM-UCITS-ETF-USD-Acc_fund&dataType=fund,10.Sept.2026,high
SAHOL.E.IS,HACI OMER SABANCI HOLDING A,Türkei,Finanzwesen,SAHOL.E,Istanbul Stock Exchange,,0.01764,MSCI_EM,https://www.ishares.com/de/privatanleger/de/produkte/251858/ishares-msci-emerging-markets-ucits-etf-acc-fund/1535604580385.ajax?fileType=xls&fileName=iShares-MSCI-EM-UCITS-ETF-USD-Acc_fund&dataType=fund,10.Sept.2026,high
CDB.KL,CELCOMDIGI,Malaysia,Kommunikation,CDB,Bursa Malaysia,,0.01759,MSCI_EM,https://www.ishares.com/de/privatanleger/de/produkte/251858/ishares-msci-emerging-markets-ucits-etf-acc-fund/1535604580385.ajax?fileType=xls&fileName=iShares-MSCI-EM-UCITS-ETF-USD-Acc_fund&dataType=fund,10.Sept.2026,high
0763.HK,ZTE CORP H,China,IT,763,Hong Kong Exchanges And Clearing Ltd,,0.01755,MSCI_EM,https://www.ishares.com/de/privatanleger/de/produkte/251858/ishares-msci-emerging-markets-ucits-etf-acc-fund/1535604580385.ajax?fileType=xls&fileName=iShares-MSCI-EM-UCITS-ETF-USD-Acc_fund&dataType=fund,10.Sept.2026,high
4100.SR,MAKKAH CONSTRUCTION AND DEVELOPMEN,Saudi-Arabien,Immobilien,4100,Saudi Stock Exchange,,0.01733,MSCI_EM,https://www.ishares.com/de/privatanleger/de/produkte/251858/ishares-msci-emerging-markets-ucits-etf-acc-fund/1535604580385.ajax?fileType=xls&fileName=iShares-MSCI-EM-UCITS-ETF-USD-Acc_fund&dataType=fund,10.Sept.2026,high
DABUR.NS,DABUR INDIA,Indien,Nichtzyklische Konsumgüter,DABUR,National Stock Exchange Of India,,0.0173,MSCI_EM,https://www.ishares.com/de/privatanleger/de/produkte/251858/ishares-msci-emerging-markets-ucits-etf-acc-fund/1535604580385.ajax?fileType=xls&fileName=iShares-MSCI-EM-UCITS-ETF-USD-Acc_fund&dataType=fund,10.Sept.2026,high
MONET.PR,MONETA MONEY BNK,Tschechien,Finanzwesen,MONET,Prague Stock Exchange,,0.01725,MSCI_EM,https://www.ishares.com/de/privatanleger/de/produkte/251858/ishares-msci-emerging-markets-ucits-etf-acc-fund/1535604580385.ajax?fileType=xls&fileName=iShares-MSCI-EM-UCITS-ETF-USD-Acc_fund&dataType=fund,10.Sept.2026,high
9863.HK,ZHEJIANG LEAPMOTOR TECHNOLOGY LTD,China,Zyklische Konsumgüter,9863,Hong Kong Exchanges And Clearing Ltd,,0.01723,MSCI_EM,https://www.ishares.com/de/privatanleger/de/produkte/251858/ishares-msci-emerging-markets-ucits-etf-acc-fund/1535604580385.ajax?fileType=xls&fileName=iShares-MSCI-EM-UCITS-ETF-USD-Acc_fund&dataType=fund,10.Sept.2026,high
4190.SR,JARIR MARKETING,Saudi-Arabien,Zyklische Konsumgüter,4190,Saudi Stock Exchange,,0.01712,MSCI_EM,https://www.ishares.com/de/privatanleger/de/produkte/251858/ishares-msci-emerging-markets-ucits-etf-acc-fund/1535604580385.ajax?fileType=xls&fileName=iShares-MSCI-EM-UCITS-ETF-USD-Acc_fund&dataType=fund,10.Sept.2026,high
TM.KL,TELEKOM MALAYSIA,Malaysia,Kommunikation,TM,Bursa Malaysia,,0.01708,MSCI_EM,https://www.ishares.com/de/privatanleger/de/produkte/251858/ishares-msci-emerging-markets-ucits-etf-acc-fund/1535604580385.ajax?fileType=xls&fileName=iShares-MSCI-EM-UCITS-ETF-USD-Acc_fund&dataType=fund,10.Sept.2026,high
WARBABANK.KW,WARBABANK,Kuwait,Finanzwesen,WARBABANK,Kuwait Stock Exchange,,0.01707,MSCI_EM,https://www.ishares.com/de/privatanleger/de/produkte/251858/ishares-msci-emerging-markets-ucits-etf-acc-fund/1535604580385.ajax?fileType=xls&fileName=iShares-MSCI-EM-UCITS-ETF-USD-Acc_fund&dataType=fund,10.Sept.2026,high
2618.HK,JD LOGISTICS INC,China,Industrie,2618,Hong Kong Exchanges And Clearing Ltd,,0.01695,MSCI_EM,https://www.ishares.com/de/privatanleger/de/produkte/251858/ishares-msci-emerging-markets-ucits-etf-acc-fund/1535604580385.ajax?fileType=xls&fileName=iShares-MSCI-EM-UCITS-ETF-USD-Acc_fund&dataType=fund,10.Sept.2026,high
VIVT3.SA,TELEFONICA BRASIL SA,Brasilien,Kommunikation,VIVT3,XBSP,,0.01682,MSCI_EM,https://www.ishares.com/de/privatanleger/de/produkte/251858/ishares-msci-emerging-markets-ucits-etf-acc-fund/1535604580385.ajax?fileType=xls&fileName=iShares-MSCI-EM-UCITS-ETF-USD-Acc_fund&dataType=fund,10.Sept.2026,high
0241.HK,ALIBABA HEALTH INFORMATION TECH,China,Nichtzyklische Konsumgüter,241,Hong Kong Exchanges And Clearing Ltd,,0.01678,MSCI_EM,https://www.ishares.com/de/privatanleger/de/produkte/251858/ishares-msci-emerging-markets-ucits-etf-acc-fund/1535604580385.ajax?fileType=xls&fileName=iShares-MSCI-EM-UCITS-ETF-USD-Acc_fund&dataType=fund,10.Sept.2026,high
JBS,JBS N V NV CLASS A,Brasilien,Nichtzyklische Konsumgüter,JBS,New York Stock Exchange Inc.,,0.01678,MSCI_EM,https://www.ishares.com/de/privatanleger/de/produkte/251858/ishares-msci-emerging-markets-ucits-etf-acc-fund/1535604580385.ajax?fileType=xls&fileName=iShares-MSCI-EM-UCITS-ETF-USD-Acc_fund&dataType=fund,10.Sept.2026,high
1193.HK,CHINA RESOURCES GAS GROUP LTD,China,Versorger,1193,Hong Kong Exchanges And Clearing Ltd,,0.01652,MSCI_EM,https://www.ishares.com/de/privatanleger/de/produkte/251858/ishares-msci-emerging-markets-ucits-etf-acc-fund/1535604580385.ajax?fileType=xls&fileName=iShares-MSCI-EM-UCITS-ETF-USD-Acc_fund&dataType=fund,10.Sept.2026,high
COLPAL.NS,COLGATE PALMOLIVE INDIA LTD,Indien,Nichtzyklische Konsumgüter,COLPAL,National Stock Exchange Of India,,0.01632,MSCI_EM,https://www.ishares.com/de/privatanleger/de/produkte/251858/ishares-msci-emerging-markets-ucits-etf-acc-fund/1535604580385.ajax?fileType=xls&fileName=iShares-MSCI-EM-UCITS-ETF-USD-Acc_fund&dataType=fund,10.Sept.2026,high
0384.HK,CHINA GAS HOLDINGS LTD,China,Versorger,384,Hong Kong Exchanges And Clearing Ltd,,0.01591,MSCI_EM,https://www.ishares.com/de/privatanleger/de/produkte/251858/ishares-msci-emerging-markets-ucits-etf-acc-fund/1535604580385.ajax?fileType=xls&fileName=iShares-MSCI-EM-UCITS-ETF-USD-Acc_fund&dataType=fund,10.Sept.2026,high
9880.HK,UBTECH ROBOTICS CORP LTD H,China,Industrie,9880,Hong Kong Exchanges And Clearing Ltd,,0.01585,MSCI_EM,https://www.ishares.com/de/privatanleger/de/produkte/251858/ishares-msci-emerging-markets-ucits-etf-acc-fund/1535604580385.ajax?fileType=xls&fileName=iShares-MSCI-EM-UCITS-ETF-USD-Acc_fund&dataType=fund,10.Sept.2026,high
RAIL3.SA,RUMO SA,Brasilien,Industrie,RAIL3,XBSP,,0.01584,MSCI_EM,https://www.ishares.com/de/privatanleger/de/produkte/251858/ishares-msci-emerging-markets-ucits-etf-acc-fund/1535604580385.ajax?fileType=xls&fileName=iShares-MSCI-EM-UCITS-ETF-USD-Acc_fund&dataType=fund,10.Sept.2026,high
SM.PS,SM INVESTMENTS,Philippinen,Industrie,SM,Philippine Stock Exchange Inc.,,0.01572,MSCI_EM,https://www.ishares.com/de/privatanleger/de/produkte/251858/ishares-msci-emerging-markets-ucits-etf-acc-fund/1535604580385.ajax?fileType=xls&fileName=iShares-MSCI-EM-UCITS-ETF-USD-Acc_fund&dataType=fund,10.Sept.2026,high
PIIND.NS,P.I. INDUSTRIES,Indien,Materialien,PIIND,National Stock Exchange Of India,,0.01564,MSCI_EM,https://www.ishares.com/de/privatanleger/de/produkte/251858/ishares-msci-emerging-markets-ucits-etf-acc-fund/1535604580385.ajax?fileType=xls&fileName=iShares-MSCI-EM-UCITS-ETF-USD-Acc_fund&dataType=fund,10.Sept.2026,high
MBT.PS,METROPOLITAN BANK AND TRUST CO,Philippinen,Finanzwesen,MBT,Philippine Stock Exchange Inc.,,0.01552,MSCI_EM,https://www.ishares.com/de/privatanleger/de/produkte/251858/ishares-msci-emerging-markets-ucits-etf-acc-fund/1535604580385.ajax?fileType=xls&fileName=iShares-MSCI-EM-UCITS-ETF-USD-Acc_fund&dataType=fund,10.Sept.2026,high
QEWS.QA,NEBRAS ENERGY,Qatar,Versorger,QEWS,Qatar Exchange,,0.01547,MSCI_EM,https://www.ishares.com/de/privatanleger/de/produkte/251858/ishares-msci-emerging-markets-ucits-etf-acc-fund/1535604580385.ajax?fileType=xls&fileName=iShares-MSCI-EM-UCITS-ETF-USD-Acc_fund&dataType=fund,10.Sept.2026,high
UNTR.JK,UNITED TRACTORS,Indonesien,Energie,UNTR,Indonesia Stock Exchange,,0.01541,MSCI_EM,https://www.ishares.com/de/privatanleger/de/produkte/251858/ishares-msci-emerging-markets-ucits-etf-acc-fund/1535604580385.ajax?fileType=xls&fileName=iShares-MSCI-EM-UCITS-ETF-USD-Acc_fund&dataType=fund,10.Sept.2026,high
AC.PS,AYALA CORP,Philippinen,Industrie,AC,Philippine Stock Exchange Inc.,,0.01511,MSCI_EM,https://www.ishares.com/de/privatanleger/de/produkte/251858/ishares-msci-emerging-markets-ucits-etf-acc-fund/1535604580385.ajax?fileType=xls&fileName=iShares-MSCI-EM-UCITS-ETF-USD-Acc_fund&dataType=fund,10.Sept.2026,high
MOTV3.SA,MOTIVA INFRAESTRUTURA DE MOBILIDAD,Brasilien,Industrie,MOTV3,XBSP,,0.0151,MSCI_EM,https://www.ishares.com/de/privatanleger/de/produkte/251858/ishares-msci-emerging-markets-ucits-etf-acc-fund/1535604580385.ajax?fileType=xls&fileName=iShares-MSCI-EM-UCITS-ETF-USD-Acc_fund&dataType=fund,10.Sept.2026,high
2588.HK,BOC AVIATION LTD,China,Industrie,2588,Hong Kong Exchanges And Clearing Ltd,,0.0147,MSCI_EM,https://www.ishares.com/de/privatanleger/de/produkte/251858/ishares-msci-emerging-markets-ucits-etf-acc-fund/1535604580385.ajax?fileType=xls&fileName=iShares-MSCI-EM-UCITS-ETF-USD-Acc_fund&dataType=fund,10.Sept.2026,high
2883.HK,CHINA OILFIELD SERVICES LTD H,China,Energie,2883,Hong Kong Exchanges And Clearing Ltd,,0.01465,MSCI_EM,https://www.ishares.com/de/privatanleger/de/produkte/251858/ishares-msci-emerging-markets-ucits-etf-acc-fund/1535604580385.ajax?fileType=xls&fileName=iShares-MSCI-EM-UCITS-ETF-USD-Acc_fund&dataType=fund,10.Sept.2026,high
3898.HK,ZHUZHOU CRRC TIMES ELECTRIC LTD H,China,Industrie,3898,Hong Kong Exchanges And Clearing Ltd,,0.01456,MSCI_EM,https://www.ishares.com/de/privatanleger/de/produkte/251858/ishares-msci-emerging-markets-ucits-etf-acc-fund/1535604580385.ajax?fileType=xls&fileName=iShares-MSCI-EM-UCITS-ETF-USD-Acc_fund&dataType=fund,10.Sept.2026,high
0916.HK,CHINA LONGYUAN POWER GROUP H,China,Versorger,916,Hong Kong Exchanges And Clearing Ltd,,0.0142,MSCI_EM,https://www.ishares.com/de/privatanleger/de/produkte/251858/ishares-msci-emerging-markets-ucits-etf-acc-fund/1535604580385.ajax?fileType=xls&fileName=iShares-MSCI-EM-UCITS-ETF-USD-Acc_fund&dataType=fund,10.Sept.2026,high
ICICIPRULI.NS,ICICI PRUDENTIAL LIFE INSURANCE CO,Indien,Finanzwesen,ICICIPRULI,National Stock Exchange Of India,,0.01414,MSCI_EM,https://www.ishares.com/de/privatanleger/de/produkte/251858/ishares-msci-emerging-markets-ucits-etf-acc-fund/1535604580385.ajax?fileType=xls&fileName=iShares-MSCI-EM-UCITS-ETF-USD-Acc_fund&dataType=fund,10.Sept.2026,high
6181.HK,LAOPU GOLD H,China,Zyklische Konsumgüter,6181,Hong Kong Exchanges And Clearing Ltd,,0.01412,MSCI_EM,https://www.ishares.com/de/privatanleger/de/produkte/251858/ishares-msci-emerging-markets-ucits-etf-acc-fund/1535604580385.ajax?fileType=xls&fileName=iShares-MSCI-EM-UCITS-ETF-USD-Acc_fund&dataType=fund,10.Sept.2026,high
0392.HK,BEIJING ENTERPRISES HOLDINGS LTD,China,Versorger,392,Hong Kong Exchanges And Clearing Ltd,,0.01411,MSCI_EM,https://www.ishares.com/de/privatanleger/de/produkte/251858/ishares-msci-emerging-markets-ucits-etf-acc-fund/1535604580385.ajax?fileType=xls&fileName=iShares-MSCI-EM-UCITS-ETF-USD-Acc_fund&dataType=fund,10.Sept.2026,high
1882.HK,HAITIAN INTERNATIONAL LTD,China,Industrie,1882,Hong Kong Exchanges And Clearing Ltd,,0.01395,MSCI_EM,https://www.ishares.com/de/privatanleger/de/produkte/251858/ishares-msci-emerging-markets-ucits-etf-acc-fund/1535604580385.ajax?fileType=xls&fileName=iShares-MSCI-EM-UCITS-ETF-USD-Acc_fund&dataType=fund,10.Sept.2026,high
0151.HK,WANT WANT CHINA HOLDINGS,China,Nichtzyklische Konsumgüter,151,Hong Kong Exchanges And Clearing Ltd,,0.01382,MSCI_EM,https://www.ishares.com/de/privatanleger/de/produkte/251858/ishares-msci-emerging-markets-ucits-etf-acc-fund/1535604580385.ajax?fileType=xls&fileName=iShares-MSCI-EM-UCITS-ETF-USD-Acc_fund&dataType=fund,10.Sept.2026,high
3618.HK,CHONGQING RURAL COMMERCIAL BANK LT,China,Finanzwesen,3618,Hong Kong Exchanges And Clearing Ltd,,0.01381,MSCI_EM,https://www.ishares.com/de/privatanleger/de/produkte/251858/ishares-msci-emerging-markets-ucits-etf-acc-fund/1535604580385.ajax?fileType=xls&fileName=iShares-MSCI-EM-UCITS-ETF-USD-Acc_fund&dataType=fund,10.Sept.2026,high
1585.HK,YADEA GROUP HOLDINGS,China,Zyklische Konsumgüter,1585,Hong Kong Exchanges And Clearing Ltd,,0.01355,MSCI_EM,https://www.ishares.com/de/privatanleger/de/produkte/251858/ishares-msci-emerging-markets-ucits-etf-acc-fund/1535604580385.ajax?fileType=xls&fileName=iShares-MSCI-EM-UCITS-ETF-USD-Acc_fund&dataType=fund,10.Sept.2026,high
0390.HK,CHINA RAILWAY GROUP LTD H,China,Industrie,390,Hong Kong Exchanges And Clearing Ltd,,0.01354,MSCI_EM,https://www.ishares.com/de/privatanleger/de/produkte/251858/ishares-msci-emerging-markets-ucits-etf-acc-fund/1535604580385.ajax?fileType=xls&fileName=iShares-MSCI-EM-UCITS-ETF-USD-Acc_fund&dataType=fund,10.Sept.2026,high
3360.HK,FAR EAST HORIZON,China,Finanzwesen,3360,Hong Kong Exchanges And Clearing Ltd,,0.01338,MSCI_EM,https://www.ishares.com/de/privatanleger/de/produkte/251858/ishares-msci-emerging-markets-ucits-etf-acc-fund/1535604580385.ajax?fileType=xls&fileName=iShares-MSCI-EM-UCITS-ETF-USD-Acc_fund&dataType=fund,10.Sept.2026,high
MINT.R.BK,MINOR INTERNATIONAL PUBLIC NON-VOT,Thailand,Zyklische Konsumgüter,MINT.R,Stock Exchange Of Thailand,,0.01326,MSCI_EM,https://www.ishares.com/de/privatanleger/de/produkte/251858/ishares-msci-emerging-markets-ucits-etf-acc-fund/1535604580385.ajax?fileType=xls&fileName=iShares-MSCI-EM-UCITS-ETF-USD-Acc_fund&dataType=fund,10.Sept.2026,high
2382.SR,ADES HOLDING CO,Saudi-Arabien,Energie,2382,Saudi Stock Exchange,,0.01319,MSCI_EM,https://www.ishares.com/de/privatanleger/de/produkte/251858/ishares-msci-emerging-markets-ucits-etf-acc-fund/1535604580385.ajax?fileType=xls&fileName=iShares-MSCI-EM-UCITS-ETF-USD-Acc_fund&dataType=fund,10.Sept.2026,high
0780.HK,TONGCHENG TRAVEL HOLDINGS,China,Zyklische Konsumgüter,780,Hong Kong Exchanges And Clearing Ltd,,0.01315,MSCI_EM,https://www.ishares.com/de/privatanleger/de/produkte/251858/ishares-msci-emerging-markets-ucits-etf-acc-fund/1535604580385.ajax?fileType=xls&fileName=iShares-MSCI-EM-UCITS-ETF-USD-Acc_fund&dataType=fund,10.Sept.2026,high
9995.HK,REMEGEN H,China,Gesundheitsversorgung,9995,Hong Kong Exchanges And Clearing Ltd,,0.01297,MSCI_EM,https://www.ishares.com/de/privatanleger/de/produkte/251858/ishares-msci-emerging-markets-ucits-etf-acc-fund/1535604580385.ajax?fileType=xls&fileName=iShares-MSCI-EM-UCITS-ETF-USD-Acc_fund&dataType=fund,10.Sept.2026,high
3323.HK,CHINA NATIONAL BUILDING MATERIAL L,China,Materialien,3323,Hong Kong Exchanges And Clearing Ltd,,0.01285,MSCI_EM,https://www.ishares.com/de/privatanleger/de/produkte/251858/ishares-msci-emerging-markets-ucits-etf-acc-fund/1535604580385.ajax?fileType=xls&fileName=iShares-MSCI-EM-UCITS-ETF-USD-Acc_fund&dataType=fund,10.Sept.2026,high
TIMS3.SA,TIM,Brasilien,Kommunikation,TIMS3,XBSP,,0.01282,MSCI_EM,https://www.ishares.com/de/privatanleger/de/produkte/251858/ishares-msci-emerging-markets-ucits-etf-acc-fund/1535604580385.ajax?fileType=xls&fileName=iShares-MSCI-EM-UCITS-ETF-USD-Acc_fund&dataType=fund,10.Sept.2026,high
AXIA7.SA,AXIA ENERGIA PRF SA,Brasilien,Versorger,AXIA7,XBSP,,0.01253,MSCI_EM,https://www.ishares.com/de/privatanleger/de/produkte/251858/ishares-msci-emerging-markets-ucits-etf-acc-fund/1535604580385.ajax?fileType=xls&fileName=iShares-MSCI-EM-UCITS-ETF-USD-Acc_fund&dataType=fund,10.Sept.2026,high
TEL.PS,PLDT INC,Philippinen,Kommunikation,TEL,Philippine Stock Exchange Inc.,,0.01241,MSCI_EM,https://www.ishares.com/de/privatanleger/de/produkte/251858/ishares-msci-emerging-markets-ucits-etf-acc-fund/1535604580385.ajax?fileType=xls&fileName=iShares-MSCI-EM-UCITS-ETF-USD-Acc_fund&dataType=fund,10.Sept.2026,high
CMIG4.SA,CIA ENERGETICA DE MINAS GERAIS PRE,Brasilien,Versorger,CMIG4,XBSP,,0.01231,MSCI_EM,https://www.ishares.com/de/privatanleger/de/produkte/251858/ishares-msci-emerging-markets-ucits-etf-acc-fund/1535604580385.ajax?fileType=xls&fileName=iShares-MSCI-EM-UCITS-ETF-USD-Acc_fund&dataType=fund,10.Sept.2026,high
MPHC.QA,MESAIEED PETROCHEMICAL HOLDING,Qatar,Materialien,MPHC,Qatar Exchange,,0.01218,MSCI_EM,https://www.ishares.com/de/privatanleger/de/produkte/251858/ishares-msci-emerging-markets-ucits-etf-acc-fund/1535604580385.ajax?fileType=xls&fileName=iShares-MSCI-EM-UCITS-ETF-USD-Acc_fund&dataType=fund,10.Sept.2026,high
1044.HK,HENGAN INTERNATIONAL GROUP,China,Nichtzyklische Konsumgüter,1044,Hong Kong Exchanges And Clearing Ltd,,0.01201,MSCI_EM,https://www.ishares.com/de/privatanleger/de/produkte/251858/ishares-msci-emerging-markets-ucits-etf-acc-fund/1535604580385.ajax?fileType=xls&fileName=iShares-MSCI-EM-UCITS-ETF-USD-Acc_fund&dataType=fund,10.Sept.2026,high
DUBK.QA,DUKHAN BANK,Qatar,Finanzwesen,DUBK,Qatar Exchange,,0.012,MSCI_EM,https://www.ishares.com/de/privatanleger/de/produkte/251858/ishares-msci-emerging-markets-ucits-etf-acc-fund/1535604580385.ajax?fileType=xls&fileName=iShares-MSCI-EM-UCITS-ETF-USD-Acc_fund&dataType=fund,10.Sept.2026,high
AUGO,AURA MINERALS INC,Brasilien,Materialien,AUGO,NASDAQ,,0.01193,MSCI_EM,https://www.ishares.com/de/privatanleger/de/produkte/251858/ishares-msci-emerging-markets-ucits-etf-acc-fund/1535604580385.ajax?fileType=xls&fileName=iShares-MSCI-EM-UCITS-ETF-USD-Acc_fund&dataType=fund,10.Sept.2026,high
KLBN11.SA,KLABIN UNITS SA,Brasilien,Materialien,KLBN11,XBSP,,0.01172,MSCI_EM,https://www.ishares.com/de/privatanleger/de/produkte/251858/ishares-msci-emerging-markets-ucits-etf-acc-fund/1535604580385.ajax?fileType=xls&fileName=iShares-MSCI-EM-UCITS-ETF-USD-Acc_fund&dataType=fund,10.Sept.2026,high
LEGN,LEGEND BIOTECH ADR REP,China,Gesundheitsversorgung,LEGN,NASDAQ,,0.0117,MSCI_EM,https://www.ishares.com/de/privatanleger/de/produkte/251858/ishares-msci-emerging-markets-ucits-etf-acc-fund/1535604580385.ajax?fileType=xls&fileName=iShares-MSCI-EM-UCITS-ETF-USD-Acc_fund&dataType=fund,10.Sept.2026,high
0960.HK,LONGFOR GROUP HOLDINGS,China,Immobilien,960,Hong Kong Exchanges And Clearing Ltd,,0.0114,MSCI_EM,https://www.ishares.com/de/privatanleger/de/produkte/251858/ishares-msci-emerging-markets-ucits-etf-acc-fund/1535604580385.ajax?fileType=xls&fileName=iShares-MSCI-EM-UCITS-ETF-USD-Acc_fund&dataType=fund,10.Sept.2026,high
ENGI11.SA,ENERGISA UNITS,Brasilien,Versorger,ENGI11,XBSP,,0.0113,MSCI_EM,https://www.ishares.com/de/privatanleger/de/produkte/251858/ishares-msci-emerging-markets-ucits-etf-acc-fund/1535604580385.ajax?fileType=xls&fileName=iShares-MSCI-EM-UCITS-ETF-USD-Acc_fund&dataType=fund,10.Sept.2026,high
CXSE3.SA,CAIXA SEGURIDADE PARTICIPACOES SA,Brasilien,Finanzwesen,CXSE3,XBSP,,0.01114,MSCI_EM,https://www.ishares.com/de/privatanleger/de/produkte/251858/ishares-msci-emerging-markets-ucits-etf-acc-fund/1535604580385.ajax?fileType=xls&fileName=iShares-MSCI-EM-UCITS-ETF-USD-Acc_fund&dataType=fund,10.Sept.2026,high
MER.PS,MANILA ELECTRIC,Philippinen,Versorger,MER,Philippine Stock Exchange Inc.,,0.0111,MSCI_EM,https://www.ishares.com/de/privatanleger/de/produkte/251858/ishares-msci-emerging-markets-ucits-etf-acc-fund/1535604580385.ajax?fileType=xls&fileName=iShares-MSCI-EM-UCITS-ETF-USD-Acc_fund&dataType=fund,10.Sept.2026,high
1908.HK,C D INTERNATIONAL INVESTMENT GROUP,China,Immobilien,1908,Hong Kong Exchanges And Clearing Ltd,,0.01056,MSCI_EM,https://www.ishares.com/de/privatanleger/de/produkte/251858/ishares-msci-emerging-markets-ucits-etf-acc-fund/1535604580385.ajax?fileType=xls&fileName=iShares-MSCI-EM-UCITS-ETF-USD-Acc_fund&dataType=fund,10.Sept.2026,high
2367.HK,GIANT BIOGENE HOLDING LTD,China,Nichtzyklische Konsumgüter,2367,Hong Kong Exchanges And Clearing Ltd,,0.00979,MSCI_EM,https://www.ishares.com/de/privatanleger/de/produkte/251858/ishares-msci-emerging-markets-ucits-etf-acc-fund/1535604580385.ajax?fileType=xls&fileName=iShares-MSCI-EM-UCITS-ETF-USD-Acc_fund&dataType=fund,10.Sept.2026,high
032640.KS,LG UPLUS,Korea,Kommunikation,032640,Korea Exchange (Stock Market),,0.00945,MSCI_EM,https://www.ishares.com/de/privatanleger/de/produkte/251858/ishares-msci-emerging-markets-ucits-etf-acc-fund/1535604580385.ajax?fileType=xls&fileName=iShares-MSCI-EM-UCITS-ETF-USD-Acc_fund&dataType=fund,10.Sept.2026,high
PSSA3.SA,PORTO SEGURO SA,Brasilien,Finanzwesen,PSSA3,XBSP,,0.00857,MSCI_EM,https://www.ishares.com/de/privatanleger/de/produkte/251858/ishares-msci-emerging-markets-ucits-etf-acc-fund/1535604580385.ajax?fileType=xls&fileName=iShares-MSCI-EM-UCITS-ETF-USD-Acc_fund&dataType=fund,10.Sept.2026,high
CPFE3.SA,CPFL ENERGIA,Brasilien,Versorger,CPFE3,XBSP,,0.00788,MSCI_EM,https://www.ishares.com/de/privatanleger/de/produkte/251858/ishares-msci-emerging-markets-ucits-etf-acc-fund/1535604580385.ajax?fileType=xls&fileName=iShares-MSCI-EM-UCITS-ETF-USD-Acc_fund&dataType=fund,10.Sept.2026,high
601318.SS,PING AN INSURANCE (GROUP) OF CHINA,China,Finanzwesen,601318,Shanghai Stock Exchange,,0.00785,MSCI_EM,https://www.ishares.com/de/privatanleger/de/produkte/251858/ishares-msci-emerging-markets-ucits-etf-acc-fund/1535604580385.ajax?fileType=xls&fileName=iShares-MSCI-EM-UCITS-ETF-USD-Acc_fund&dataType=fund,10.Sept.2026,high
9896.HK,MINISO GROUP HOLDING LTD,China,Zyklische Konsumgüter,9896,Hong Kong Exchanges And Clearing Ltd,,0.00783,MSCI_EM,https://www.ishares.com/de/privatanleger/de/produkte/251858/ishares-msci-emerging-markets-ucits-etf-acc-fund/1535604580385.ajax?fileType=xls&fileName=iShares-MSCI-EM-UCITS-ETF-USD-Acc_fund&dataType=fund,10.Sept.2026,high
6186.HK,CHINA FEIHE LTD,China,Nichtzyklische Konsumgüter,6186,Hong Kong Exchanges And Clearing Ltd,,0.00772,MSCI_EM,https://www.ishares.com/de/privatanleger/de/produkte/251858/ishares-msci-emerging-markets-ucits-etf-acc-fund/1535604580385.ajax?fileType=xls&fileName=iShares-MSCI-EM-UCITS-ETF-USD-Acc_fund&dataType=fund,10.Sept.2026,high
EGIE3.SA,ENGIE BRASIL ENERGIA SA,Brasilien,Versorger,EGIE3,XBSP,,0.00753,MSCI_EM,https://www.ishares.com/de/privatanleger/de/produkte/251858/ishares-msci-emerging-markets-ucits-etf-acc-fund/1535604580385.ajax?fileType=xls&fileName=iShares-MSCI-EM-UCITS-ETF-USD-Acc_fund&dataType=fund,10.Sept.2026,high
EAST.CA,EASTERN CO.,Ägypten,Nichtzyklische Konsumgüter,EAST,Egyptian Exchange,,0.00718,MSCI_EM,https://www.ishares.com/de/privatanleger/de/produkte/251858/ishares-msci-emerging-markets-ucits-etf-acc-fund/1535604580385.ajax?fileType=xls&fileName=iShares-MSCI-EM-UCITS-ETF-USD-Acc_fund&dataType=fund,10.Sept.2026,high
TMGH.CA,TALAAT MOUSTAFA GROUP,Ägypten,Immobilien,TMGH,Egyptian Exchange,,0.00695,MSCI_EM,https://www.ishares.com/de/privatanleger/de/produkte/251858/ishares-msci-emerging-markets-ucits-etf-acc-fund/1535604580385.ajax?fileType=xls&fileName=iShares-MSCI-EM-UCITS-ETF-USD-Acc_fund&dataType=fund,10.Sept.2026,high
MBRF3.SA,MARFRIG GLOBAL FOODS SA,Brasilien,Nichtzyklische Konsumgüter,MBRF3,XBSP,,0.00658,MSCI_EM,https://www.ishares.com/de/privatanleger/de/produkte/251858/ishares-msci-emerging-markets-ucits-etf-acc-fund/1535604580385.ajax?fileType=xls&fileName=iShares-MSCI-EM-UCITS-ETF-USD-Acc_fund&dataType=fund,10.Sept.2026,high
301377.SZ,GUANGDONG DTECH TECHNOLOGY LTD A,China,Industrie,301377,Shenzhen Stock Exchange,,0.00652,MSCI_EM,https://www.ishares.com/de/privatanleger/de/produkte/251858/ishares-msci-emerging-markets-ucits-etf-acc-fund/1535604580385.ajax?fileType=xls&fileName=iShares-MSCI-EM-UCITS-ETF-USD-Acc_fund&dataType=fund,10.Sept.2026,high
601233.SS,TONGKUN GROUP A,China,Materialien,601233,Shanghai Stock Exchange,,0.00408,MSCI_EM,https://www.ishares.com/de/privatanleger/de/produkte/251858/ishares-msci-emerging-markets-ucits-etf-acc-fund/1535604580385.ajax?fileType=xls&fileName=iShares-MSCI-EM-UCITS-ETF-USD-Acc_fund&dataType=fund,10.Sept.2026,high
AXIA15.SA,AXIA ENERGIA PREF SA,Brasilien,Versorger,AXIA15,XBSP,,0.00304,MSCI_EM,https://www.ishares.com/de/privatanleger/de/produkte/251858/ishares-msci-emerging-markets-ucits-etf-acc-fund/1535604580385.ajax?fileType=xls&fileName=iShares-MSCI-EM-UCITS-ETF-USD-Acc_fund&dataType=fund,10.Sept.2026,high
028300.KQ,HLB LTD,Korea,Gesundheitsversorgung,028300,Korea Exchange (Kosdaq),,0.00213,MSCI_EM,https://www.ishares.com/de/privatanleger/de/produkte/251858/ishares-msci-emerging-markets-ucits-etf-acc-fund/1535604580385.ajax?fileType=xls&fileName=iShares-MSCI-EM-UCITS-ETF-USD-Acc_fund&dataType=fund,10.Sept.2026,high
0126Z0.KS,SAMSUNG EPIS HOLDINGS LTD,Korea,Gesundheitsversorgung,0126Z0,Korea Exchange (Stock Market),,0.00133,MSCI_EM,https://www.ishares.com/de/privatanleger/de/produkte/251858/ishares-msci-emerging-markets-ucits-etf-acc-fund/1535604580385.ajax?fileType=xls&fileName=iShares-MSCI-EM-UCITS-ETF-USD-Acc_fund&dataType=fund,10.Sept.2026,high
--.KQ,ECOPRO BM CO LTD,Korea,Industrie,--,Korea Exchange (Kosdaq),,0.00081,MSCI_EM,https://www.ishares.com/de/privatanleger/de/produkte/251858/ishares-msci-emerging-markets-ucits-etf-acc-fund/1535604580385.ajax?fileType=xls&fileName=iShares-MSCI-EM-UCITS-ETF-USD-Acc_fund&dataType=fund,10.Sept.2026,high
FFGRP.AT,FOLLI FOLLIE S.A. SA,Griechenland,Zyklische Konsumgüter,FFGRP,Athens Exchange S.A. Cash Market,,0,MSCI_EM,https://www.ishares.com/de/privatanleger/de/produkte/251858/ishares-msci-emerging-markets-ucits-etf-acc-fund/1535604580385.ajax?fileType=xls&fileName=iShares-MSCI-EM-UCITS-ETF-USD-Acc_fund&dataType=fund,10.Sept.2026,high
--.HK,China Common Rich Renewable Energy Prvt,China,IT,--,Hong Kong Exchanges And Clearing Ltd,,0,MSCI_EM,https://www.ishares.com/de/privatanleger/de/produkte/251858/ishares-msci-emerging-markets-ucits-etf-acc-fund/1535604580385.ajax?fileType=xls&fileName=iShares-MSCI-EM-UCITS-ETF-USD-Acc_fund&dataType=fund,10.Sept.2026,high
PHOR.L,PJSC PHOSAGRO GDR,Russland,Materialien,PHOR,London Stock Exchange,,0,MSCI_EM,https://www.ishares.com/de/privatanleger/de/produkte/251858/ishares-msci-emerging-markets-ucits-etf-acc-fund/1535604580385.ajax?fileType=xls&fileName=iShares-MSCI-EM-UCITS-ETF-USD-Acc_fund&dataType=fund,10.Sept.2026,high
