Ticker,Company,Country,Sector,RawTicker,Exchange,ISIN,WeightPct,SourceFund,SourceURL,SourceAsOf,MappingConfidence
GOOGL,ALPHABET INC CLASS A,United States,Communication Services,GOOGL,NASDAQ,,2.71,EWT,https://www.ishares.com/us/products/239724/ishares-msci-taiwan-etf/1467271812596.ajax?dataType=fund&fileName=EWT_holdings&fileType=csv,,high
GOOG,ALPHABET INC CLASS C,United States,Communication Services,GOOG,NASDAQ,,2.16,EWT,https://www.ishares.com/us/products/239724/ishares-msci-taiwan-etf/1467271812596.ajax?dataType=fund&fileName=EWT_holdings&fileType=csv,,high
AMC,AMC ENTERTAINMENT HOLDINGS INC CLA,United States,Communication Services,AMC,NYSE,,0.0,EWT,https://www.ishares.com/us/products/239724/ishares-msci-taiwan-etf/1467271812596.ajax?dataType=fund&fileName=EWT_holdings&fileType=csv,,high
ANGI,ANGI INC CLASS A,United States,Communication Services,ANGI,NASDAQ,,0.0,EWT,https://www.ishares.com/us/products/239724/ishares-msci-taiwan-etf/1467271812596.ajax?dataType=fund&fileName=EWT_holdings&fileType=csv,,high
ATEX,ANTERIX INC,United States,Communication Services,ATEX,NASDAQ,,0.0,EWT,https://www.ishares.com/us/products/239724/ishares-msci-taiwan-etf/1467271812596.ajax?dataType=fund&fileName=EWT_holdings&fileType=csv,,high
AD,ARRAY DIGITAL INFRASTRUCTURE INC,United States,Communication Services,AD,NYSE,,0.0,EWT,https://www.ishares.com/us/products/239724/ishares-msci-taiwan-etf/1467271812596.ajax?dataType=fund&fileName=EWT_holdings&fileType=csv,,high
ASTS,AST SPACEMOBILE INC CLASS A,United States,Communication Services,ASTS,NASDAQ,,0.03,EWT,https://www.ishares.com/us/products/239724/ishares-msci-taiwan-etf/1467271812596.ajax?dataType=fund&fileName=EWT_holdings&fileType=csv,,high
T,AT&T INC,United States,Communication Services,T,NYSE,,0.3,EWT,https://www.ishares.com/us/products/239724/ishares-msci-taiwan-etf/1467271812596.ajax?dataType=fund&fileName=EWT_holdings&fileType=csv,,high
BATRA,ATLANTA BRAVES HOLDINGS INC SERIES,United States,Communication Services,BATRA,NASDAQ,,0.0,EWT,https://www.ishares.com/us/products/239724/ishares-msci-taiwan-etf/1467271812596.ajax?dataType=fund&fileName=EWT_holdings&fileType=csv,,high
BATRK,ATLANTA BRAVES HOLDINGS INC SERIES,United States,Communication Services,BATRK,NASDAQ,,0.0,EWT,https://www.ishares.com/us/products/239724/ishares-msci-taiwan-etf/1467271812596.ajax?dataType=fund&fileName=EWT_holdings&fileType=csv,,high
ATNI,ATN INTERNATIONAL INC,United States,Communication Services,ATNI,NASDAQ,,0.0,EWT,https://www.ishares.com/us/products/239724/ishares-msci-taiwan-etf/1467271812596.ajax?dataType=fund&fileName=EWT_holdings&fileType=csv,,high
BAND,BANDWIDTH INC CLASS A,United States,Communication Services,BAND,NASDAQ,,0.0,EWT,https://www.ishares.com/us/products/239724/ishares-msci-taiwan-etf/1467271812596.ajax?dataType=fund&fileName=EWT_holdings&fileType=csv,,high
BOC,BOSTON OMAHA CORP CLASS A,United States,Communication Services,BOC,NYSE,,0.0,EWT,https://www.ishares.com/us/products/239724/ishares-msci-taiwan-etf/1467271812596.ajax?dataType=fund&fileName=EWT_holdings&fileType=csv,,high
BMBL,BUMBLE INC CLASS A,United States,Communication Services,BMBL,NASDAQ,,0.0,EWT,https://www.ishares.com/us/products/239724/ishares-msci-taiwan-etf/1467271812596.ajax?dataType=fund&fileName=EWT_holdings&fileType=csv,,high
CABO,CABLE ONE INC,United States,Communication Services,CABO,NYSE,,0.0,EWT,https://www.ishares.com/us/products/239724/ishares-msci-taiwan-etf/1467271812596.ajax?dataType=fund&fileName=EWT_holdings&fileType=csv,,high
CARG,CARGURUS INC CLASS A,United States,Communication Services,CARG,NASDAQ,,0.0,EWT,https://www.ishares.com/us/products/239724/ishares-msci-taiwan-etf/1467271812596.ajax?dataType=fund&fileName=EWT_holdings&fileType=csv,,high
CARS,CARS.COM INC,United States,Communication Services,CARS,NYSE,,0.0,EWT,https://www.ishares.com/us/products/239724/ishares-msci-taiwan-etf/1467271812596.ajax?dataType=fund&fileName=EWT_holdings&fileType=csv,,high
CHTR,CHARTER COMMUNICATIONS INC CLASS A,United States,Communication Services,CHTR,NASDAQ,,0.03,EWT,https://www.ishares.com/us/products/239724/ishares-msci-taiwan-etf/1467271812596.ajax?dataType=fund&fileName=EWT_holdings&fileType=csv,,high
CNK,CINEMARK HOLDINGS INC,United States,Communication Services,CNK,NYSE,,0.0,EWT,https://www.ishares.com/us/products/239724/ishares-msci-taiwan-etf/1467271812596.ajax?dataType=fund&fileName=EWT_holdings&fileType=csv,,high
CCO,CLEAR CHANNEL OUTDOOR HOLDINGS INC,United States,Communication Services,CCO,NYSE,,0.0,EWT,https://www.ishares.com/us/products/239724/ishares-msci-taiwan-etf/1467271812596.ajax?dataType=fund&fileName=EWT_holdings&fileType=csv,,high
CCOI,COGENT COMMUNICATIONS HOLDINGS INC,United States,Communication Services,CCOI,NASDAQ,,0.0,EWT,https://www.ishares.com/us/products/239724/ishares-msci-taiwan-etf/1467271812596.ajax?dataType=fund&fileName=EWT_holdings&fileType=csv,,high
CMCSA,COMCAST CORP CLASS A,United States,Communication Services,CMCSA,NASDAQ,,0.17,EWT,https://www.ishares.com/us/products/239724/ishares-msci-taiwan-etf/1467271812596.ajax?dataType=fund&fileName=EWT_holdings&fileType=csv,,high
DV,DOUBLEVERIFY HOLDINGS INC,United States,Communication Services,DV,NYSE,,0.0,EWT,https://www.ishares.com/us/products/239724/ishares-msci-taiwan-etf/1467271812596.ajax?dataType=fund&fileName=EWT_holdings&fileType=csv,,high
SATS,ECHOSTAR CORP CLASS A,United States,Communication Services,SATS,NASDAQ,,0.02,EWT,https://www.ishares.com/us/products/239724/ishares-msci-taiwan-etf/1467271812596.ajax?dataType=fund&fileName=EWT_holdings&fileType=csv,,high
EA,ELECTRONIC ARTS INC,United States,Communication Services,EA,NASDAQ,,0.07,EWT,https://www.ishares.com/us/products/239724/ishares-msci-taiwan-etf/1467271812596.ajax?dataType=fund&fileName=EWT_holdings&fileType=csv,,high
EB,EVENTBRITE CLASS A INC,United States,Communication Services,EB,NYSE,,0.0,EWT,https://www.ishares.com/us/products/239724/ishares-msci-taiwan-etf/1467271812596.ajax?dataType=fund&fileName=EWT_holdings&fileType=csv,,high
EVER,EVERQUOTE INC CLASS A,United States,Communication Services,EVER,NASDAQ,,0.0,EWT,https://www.ishares.com/us/products/239724/ishares-msci-taiwan-etf/1467271812596.ajax?dataType=fund&fileName=EWT_holdings&fileType=csv,,high
FOXA,FOX CORP CLASS A,United States,Communication Services,FOXA,NASDAQ,,0.02,EWT,https://www.ishares.com/us/products/239724/ishares-msci-taiwan-etf/1467271812596.ajax?dataType=fund&fileName=EWT_holdings&fileType=csv,,high
FOX,FOX CORP CLASS B,United States,Communication Services,FOX,NASDAQ,,0.01,EWT,https://www.ishares.com/us/products/239724/ishares-msci-taiwan-etf/1467271812596.ajax?dataType=fund&fileName=EWT_holdings&fileType=csv,,high
FUBO,FUBOTV INC CLASS A,United States,Communication Services,FUBO,NYSE,,0.0,EWT,https://www.ishares.com/us/products/239724/ishares-msci-taiwan-etf/1467271812596.ajax?dataType=fund&fileName=EWT_holdings&fileType=csv,,high
GLIBA,GCI LIBERTY INC SERIES A,United States,Communication Services,GLIBA,NASDAQ,,0.0,EWT,https://www.ishares.com/us/products/239724/ishares-msci-taiwan-etf/1467271812596.ajax?dataType=fund&fileName=EWT_holdings&fileType=csv,,high
GLIBK,GCI LIBERTY INC SERIES C,United States,Communication Services,GLIBK,NASDAQ,,0.0,EWT,https://www.ishares.com/us/products/239724/ishares-msci-taiwan-etf/1467271812596.ajax?dataType=fund&fileName=EWT_holdings&fileType=csv,,high
GSAT,GLOBALSTAR VOTING INC,United States,Communication Services,GSAT,NASDAQ,,0.0,EWT,https://www.ishares.com/us/products/239724/ishares-msci-taiwan-etf/1467271812596.ajax?dataType=fund&fileName=EWT_holdings&fileType=csv,,high
GOGO,GOGO INC,United States,Communication Services,GOGO,NASDAQ,,0.0,EWT,https://www.ishares.com/us/products/239724/ishares-msci-taiwan-etf/1467271812596.ajax?dataType=fund&fileName=EWT_holdings&fileType=csv,,high
GTN,GRAY MEDIA INC,United States,Communication Services,GTN,NYSE,,0.0,EWT,https://www.ishares.com/us/products/239724/ishares-msci-taiwan-etf/1467271812596.ajax?dataType=fund&fileName=EWT_holdings&fileType=csv,,high
GRND,GRINDR INC,United States,Communication Services,GRND,NYSE,,0.0,EWT,https://www.ishares.com/us/products/239724/ishares-msci-taiwan-etf/1467271812596.ajax?dataType=fund&fileName=EWT_holdings&fileType=csv,,high
IAC,IAC INC,United States,Communication Services,IAC,NASDAQ,,0.0,EWT,https://www.ishares.com/us/products/239724/ishares-msci-taiwan-etf/1467271812596.ajax?dataType=fund&fileName=EWT_holdings&fileType=csv,,high
IBTA,IBOTTA INC CLASS A,United States,Communication Services,IBTA,NYSE,,0.0,EWT,https://www.ishares.com/us/products/239724/ishares-msci-taiwan-etf/1467271812596.ajax?dataType=fund&fileName=EWT_holdings&fileType=csv,,high
IDT,IDT CORP CLASS B,United States,Communication Services,IDT,NYSE,,0.0,EWT,https://www.ishares.com/us/products/239724/ishares-msci-taiwan-etf/1467271812596.ajax?dataType=fund&fileName=EWT_holdings&fileType=csv,,high
IRDM,IRIDIUM COMMUNICATIONS INC,United States,Communication Services,IRDM,NASDAQ,,0.0,EWT,https://www.ishares.com/us/products/239724/ishares-msci-taiwan-etf/1467271812596.ajax?dataType=fund&fileName=EWT_holdings&fileType=csv,,high
WLY,JOHN WILEY AND SONS INC CLASS A,United States,Communication Services,WLY,NYSE,,0.0,EWT,https://www.ishares.com/us/products/239724/ishares-msci-taiwan-etf/1467271812596.ajax?dataType=fund&fileName=EWT_holdings&fileType=csv,,high
LBRDA,LIBERTY BROADBAND CORP SERIES A,United States,Communication Services,LBRDA,NASDAQ,,0.0,EWT,https://www.ishares.com/us/products/239724/ishares-msci-taiwan-etf/1467271812596.ajax?dataType=fund&fileName=EWT_holdings&fileType=csv,,high
LBRDK,LIBERTY BROADBAND CORP SERIES C,United States,Communication Services,LBRDK,NASDAQ,,0.01,EWT,https://www.ishares.com/us/products/239724/ishares-msci-taiwan-etf/1467271812596.ajax?dataType=fund&fileName=EWT_holdings&fileType=csv,,high
LBTYA,LIBERTY GLOBAL LTD CLASS A,United States,Communication Services,LBTYA,NASDAQ,,0.0,EWT,https://www.ishares.com/us/products/239724/ishares-msci-taiwan-etf/1467271812596.ajax?dataType=fund&fileName=EWT_holdings&fileType=csv,,high
LBTYK,LIBERTY GLOBAL LTD CLASS C,United States,Communication Services,LBTYK,NASDAQ,,0.0,EWT,https://www.ishares.com/us/products/239724/ishares-msci-taiwan-etf/1467271812596.ajax?dataType=fund&fileName=EWT_holdings&fileType=csv,,high
LILA,LIBERTY LATIN AMERICA LTD CLASS A,United States,Communication Services,LILA,NASDAQ,,0.0,EWT,https://www.ishares.com/us/products/239724/ishares-msci-taiwan-etf/1467271812596.ajax?dataType=fund&fileName=EWT_holdings&fileType=csv,,high
LILAK,LIBERTY LATIN AMERICA LTD CLASS C,United States,Communication Services,LILAK,NASDAQ,,0.0,EWT,https://www.ishares.com/us/products/239724/ishares-msci-taiwan-etf/1467271812596.ajax?dataType=fund&fileName=EWT_holdings&fileType=csv,,high
FWONA,LIBERTY MEDIA FORMULA ONE SERIES A,United States,Communication Services,FWONA,NASDAQ,,0.0,EWT,https://www.ishares.com/us/products/239724/ishares-msci-taiwan-etf/1467271812596.ajax?dataType=fund&fileName=EWT_holdings&fileType=csv,,high
FWONK,LIBERTY MEDIA FORMULA ONE SERIES C,United States,Communication Services,FWONK,NASDAQ,,0.03,EWT,https://www.ishares.com/us/products/239724/ishares-msci-taiwan-etf/1467271812596.ajax?dataType=fund&fileName=EWT_holdings&fileType=csv,,high
LION,LIONSGATE STUDIOS CORP,United States,Communication Services,LION,NYSE,,0.0,EWT,https://www.ishares.com/us/products/239724/ishares-msci-taiwan-etf/1467271812596.ajax?dataType=fund&fileName=EWT_holdings&fileType=csv,,high
LYV,LIVE NATION ENTERTAINMENT INC,United States,Communication Services,LYV,NYSE,,0.04,EWT,https://www.ishares.com/us/products/239724/ishares-msci-taiwan-etf/1467271812596.ajax?dataType=fund&fileName=EWT_holdings&fileType=csv,,high
LUMN,LUMEN TECHNOLOGIES INC,United States,Communication Services,LUMN,NYSE,,0.01,EWT,https://www.ishares.com/us/products/239724/ishares-msci-taiwan-etf/1467271812596.ajax?dataType=fund&fileName=EWT_holdings&fileType=csv,,high
MSGE,MADISON SQUARE GARDEN ENTERTAINMEN,United States,Communication Services,MSGE,NYSE,,0.0,EWT,https://www.ishares.com/us/products/239724/ishares-msci-taiwan-etf/1467271812596.ajax?dataType=fund&fileName=EWT_holdings&fileType=csv,,high
MSGS,MADISON SQUARE GARDEN SPORTS CORP,United States,Communication Services,MSGS,NYSE,,0.01,EWT,https://www.ishares.com/us/products/239724/ishares-msci-taiwan-etf/1467271812596.ajax?dataType=fund&fileName=EWT_holdings&fileType=csv,,high
MGNI,MAGNITE INC,United States,Communication Services,MGNI,NASDAQ,,0.0,EWT,https://www.ishares.com/us/products/239724/ishares-msci-taiwan-etf/1467271812596.ajax?dataType=fund&fileName=EWT_holdings&fileType=csv,,high
MTCH,MATCH GROUP INC,United States,Communication Services,MTCH,NASDAQ,,0.01,EWT,https://www.ishares.com/us/products/239724/ishares-msci-taiwan-etf/1467271812596.ajax?dataType=fund&fileName=EWT_holdings&fileType=csv,,high
META,META PLATFORMS INC CLASS A,United States,Communication Services,META,NASDAQ,,2.14,EWT,https://www.ishares.com/us/products/239724/ishares-msci-taiwan-etf/1467271812596.ajax?dataType=fund&fileName=EWT_holdings&fileType=csv,,high
NCMI,NATIONAL CINEMEDIA INC,United States,Communication Services,NCMI,NASDAQ,,0.0,EWT,https://www.ishares.com/us/products/239724/ishares-msci-taiwan-etf/1467271812596.ajax?dataType=fund&fileName=EWT_holdings&fileType=csv,,high
NFLX,NETFLIX INC,United States,Communication Services,NFLX,NASDAQ,,0.63,EWT,https://www.ishares.com/us/products/239724/ishares-msci-taiwan-etf/1467271812596.ajax?dataType=fund&fileName=EWT_holdings&fileType=csv,,high
NYT,NEW YORK TIMES CLASS A,United States,Communication Services,NYT,NYSE,,0.02,EWT,https://www.ishares.com/us/products/239724/ishares-msci-taiwan-etf/1467271812596.ajax?dataType=fund&fileName=EWT_holdings&fileType=csv,,high
NWSA,NEWS CORP CLASS A,United States,Communication Services,NWSA,NASDAQ,,0.01,EWT,https://www.ishares.com/us/products/239724/ishares-msci-taiwan-etf/1467271812596.ajax?dataType=fund&fileName=EWT_holdings&fileType=csv,,high
NWS,NEWS CORP CLASS B,United States,Communication Services,NWS,NASDAQ,,0.0,EWT,https://www.ishares.com/us/products/239724/ishares-msci-taiwan-etf/1467271812596.ajax?dataType=fund&fileName=EWT_holdings&fileType=csv,,high
NXST,NEXSTAR MEDIA GROUP INC,United States,Communication Services,NXST,NASDAQ,,0.01,EWT,https://www.ishares.com/us/products/239724/ishares-msci-taiwan-etf/1467271812596.ajax?dataType=fund&fileName=EWT_holdings&fileType=csv,,high
NXDR,NEXTDOOR HOLDINGS INC CLASS A,United States,Communication Services,NXDR,NYSE,,0.0,EWT,https://www.ishares.com/us/products/239724/ishares-msci-taiwan-etf/1467271812596.ajax?dataType=fund&fileName=EWT_holdings&fileType=csv,,high
NIQ,NIQ GLOBAL INTELLIGENCE PLC,United States,Communication Services,NIQ,NYSE,,0.0,EWT,https://www.ishares.com/us/products/239724/ishares-msci-taiwan-etf/1467271812596.ajax?dataType=fund&fileName=EWT_holdings&fileType=csv,,high
OMC,OMNICOM GROUP INC,United States,Communication Services,OMC,NYSE,,0.04,EWT,https://www.ishares.com/us/products/239724/ishares-msci-taiwan-etf/1467271812596.ajax?dataType=fund&fileName=EWT_holdings&fileType=csv,,high
OPTU,OPTIMUM COMMUNICATIONS INC CLASS A,United States,Communication Services,OPTU,NYSE,,0.0,EWT,https://www.ishares.com/us/products/239724/ishares-msci-taiwan-etf/1467271812596.ajax?dataType=fund&fileName=EWT_holdings&fileType=csv,,high
PSKY,PARAMOUNT SKYDANCE CORP CLASS B,United States,Communication Services,PSKY,NASDAQ,,0.01,EWT,https://www.ishares.com/us/products/239724/ishares-msci-taiwan-etf/1467271812596.ajax?dataType=fund&fileName=EWT_holdings&fileType=csv,,high
PINS,PINTEREST INC CLASS A,United States,Communication Services,PINS,NYSE,,0.02,EWT,https://www.ishares.com/us/products/239724/ishares-msci-taiwan-etf/1467271812596.ajax?dataType=fund&fileName=EWT_holdings&fileType=csv,,high
PLTK,PLAYTIKA HOLDING CORP,United States,Communication Services,PLTK,NASDAQ,,0.0,EWT,https://www.ishares.com/us/products/239724/ishares-msci-taiwan-etf/1467271812596.ajax?dataType=fund&fileName=EWT_holdings&fileType=csv,,high
PUBM,PUBMATIC INC CLASS A,United States,Communication Services,PUBM,NASDAQ,,0.0,EWT,https://www.ishares.com/us/products/239724/ishares-msci-taiwan-etf/1467271812596.ajax?dataType=fund&fileName=EWT_holdings&fileType=csv,,high
QNST,QUINSTREET INC,United States,Communication Services,QNST,NASDAQ,,0.0,EWT,https://www.ishares.com/us/products/239724/ishares-msci-taiwan-etf/1467271812596.ajax?dataType=fund&fileName=EWT_holdings&fileType=csv,,high
RDDT,REDDIT INC CLASS A,United States,Communication Services,RDDT,NYSE,,0.03,EWT,https://www.ishares.com/us/products/239724/ishares-msci-taiwan-etf/1467271812596.ajax?dataType=fund&fileName=EWT_holdings&fileType=csv,,high
RBLX,ROBLOX CORP CLASS A,United States,Communication Services,RBLX,NYSE,,0.06,EWT,https://www.ishares.com/us/products/239724/ishares-msci-taiwan-etf/1467271812596.ajax?dataType=fund&fileName=EWT_holdings&fileType=csv,,high
ROKU,ROKU INC CLASS A,United States,Communication Services,ROKU,NASDAQ,,0.02,EWT,https://www.ishares.com/us/products/239724/ishares-msci-taiwan-etf/1467271812596.ajax?dataType=fund&fileName=EWT_holdings&fileType=csv,,high
RUM,RUMBLE INC CLASS A,United States,Communication Services,RUM,NASDAQ,,0.0,EWT,https://www.ishares.com/us/products/239724/ishares-msci-taiwan-etf/1467271812596.ajax?dataType=fund&fileName=EWT_holdings&fileType=csv,,high
SCHL,SCHOLASTIC CORP,United States,Communication Services,SCHL,NASDAQ,,0.0,EWT,https://www.ishares.com/us/products/239724/ishares-msci-taiwan-etf/1467271812596.ajax?dataType=fund&fileName=EWT_holdings&fileType=csv,,high
SHEN,SHENANDOAH TELECOMMUNICATIONS,United States,Communication Services,SHEN,NASDAQ,,0.0,EWT,https://www.ishares.com/us/products/239724/ishares-msci-taiwan-etf/1467271812596.ajax?dataType=fund&fileName=EWT_holdings&fileType=csv,,high
SSTK,SHUTTERSTOCK INC,United States,Communication Services,SSTK,NYSE,,0.0,EWT,https://www.ishares.com/us/products/239724/ishares-msci-taiwan-etf/1467271812596.ajax?dataType=fund&fileName=EWT_holdings&fileType=csv,,high
SBGI,SINCLAIR INC CLASS A,United States,Communication Services,SBGI,NASDAQ,,0.0,EWT,https://www.ishares.com/us/products/239724/ishares-msci-taiwan-etf/1467271812596.ajax?dataType=fund&fileName=EWT_holdings&fileType=csv,,high
SIRI,SIRIUSXM HOLDINGS INC,United States,Communication Services,SIRI,NASDAQ,,0.01,EWT,https://www.ishares.com/us/products/239724/ishares-msci-taiwan-etf/1467271812596.ajax?dataType=fund&fileName=EWT_holdings&fileType=csv,,high
SNAP,SNAP INC CLASS A,United States,Communication Services,SNAP,NYSE,,0.01,EWT,https://www.ishares.com/us/products/239724/ishares-msci-taiwan-etf/1467271812596.ajax?dataType=fund&fileName=EWT_holdings&fileType=csv,,high
SPHR,SPHERE ENTERTAINMENT CLASS A,United States,Communication Services,SPHR,NYSE,,0.01,EWT,https://www.ishares.com/us/products/239724/ishares-msci-taiwan-etf/1467271812596.ajax?dataType=fund&fileName=EWT_holdings&fileType=csv,,high
STGW,STAGWELL INC CLASS A,United States,Communication Services,STGW,NASDAQ,,0.0,EWT,https://www.ishares.com/us/products/239724/ishares-msci-taiwan-etf/1467271812596.ajax?dataType=fund&fileName=EWT_holdings&fileType=csv,,high
STRZ,STARZ ENTERTAINMENT CORP,United States,Communication Services,STRZ,NASDAQ,,0.0,EWT,https://www.ishares.com/us/products/239724/ishares-msci-taiwan-etf/1467271812596.ajax?dataType=fund&fileName=EWT_holdings&fileType=csv,,high
STUB,STUBHUB HOLDINGS INC CLASS A,United States,Communication Services,STUB,NYSE,,0.0,EWT,https://www.ishares.com/us/products/239724/ishares-msci-taiwan-etf/1467271812596.ajax?dataType=fund&fileName=EWT_holdings&fileType=csv,,high
TMUS,T MOBILE US INC,United States,Communication Services,TMUS,NASDAQ,,0.16,EWT,https://www.ishares.com/us/products/239724/ishares-msci-taiwan-etf/1467271812596.ajax?dataType=fund&fileName=EWT_holdings&fileType=csv,,high
TTWO,TAKE TWO INTERACTIVE SOFTWARE INC,United States,Communication Services,TTWO,NASDAQ,,0.06,EWT,https://www.ishares.com/us/products/239724/ishares-msci-taiwan-etf/1467271812596.ajax?dataType=fund&fileName=EWT_holdings&fileType=csv,,high
TTGT,TECHTARGET INC,United States,Communication Services,TTGT,NASDAQ,,0.0,EWT,https://www.ishares.com/us/products/239724/ishares-msci-taiwan-etf/1467271812596.ajax?dataType=fund&fileName=EWT_holdings&fileType=csv,,high
TGNA,TEGNA INC,United States,Communication Services,TGNA,NYSE,,0.01,EWT,https://www.ishares.com/us/products/239724/ishares-msci-taiwan-etf/1467271812596.ajax?dataType=fund&fileName=EWT_holdings&fileType=csv,,high
TDS,TELEPHONE AND DATA SYSTEMS INC,United States,Communication Services,TDS,NYSE,,0.01,EWT,https://www.ishares.com/us/products/239724/ishares-msci-taiwan-etf/1467271812596.ajax?dataType=fund&fileName=EWT_holdings&fileType=csv,,high
MCS,THE MARCUS CORP,United States,Communication Services,MCS,NYSE,,0.0,EWT,https://www.ishares.com/us/products/239724/ishares-msci-taiwan-etf/1467271812596.ajax?dataType=fund&fileName=EWT_holdings&fileType=csv,,high
THRY,THRYV HOLDINGS INC,United States,Communication Services,THRY,NASDAQ,,0.0,EWT,https://www.ishares.com/us/products/239724/ishares-msci-taiwan-etf/1467271812596.ajax?dataType=fund&fileName=EWT_holdings&fileType=csv,,high
TKO,TKO GROUP HOLDINGS INC CLASS A,United States,Communication Services,TKO,NYSE,,0.02,EWT,https://www.ishares.com/us/products/239724/ishares-msci-taiwan-etf/1467271812596.ajax?dataType=fund&fileName=EWT_holdings&fileType=csv,,high
TTD,TRADE DESK INC CLASS A,United States,Communication Services,TTD,NASDAQ,,0.02,EWT,https://www.ishares.com/us/products/239724/ishares-msci-taiwan-etf/1467271812596.ajax?dataType=fund&fileName=EWT_holdings&fileType=csv,,high
TRIP,TRIPADVISOR INC,United States,Communication Services,TRIP,NASDAQ,,0.0,EWT,https://www.ishares.com/us/products/239724/ishares-msci-taiwan-etf/1467271812596.ajax?dataType=fund&fileName=EWT_holdings&fileType=csv,,high
DJT,TRUMP MEDIA TECHNOLOGY GROUP CORP,United States,Communication Services,DJT,NASDAQ,,0.0,EWT,https://www.ishares.com/us/products/239724/ishares-msci-taiwan-etf/1467271812596.ajax?dataType=fund&fileName=EWT_holdings&fileType=csv,,high
UNIT,UNITI GROUP INC,United States,Communication Services,UNIT,NASDAQ,,0.0,EWT,https://www.ishares.com/us/products/239724/ishares-msci-taiwan-etf/1467271812596.ajax?dataType=fund&fileName=EWT_holdings&fileType=csv,,high
TDAY,USA TODAY INC,United States,Communication Services,TDAY,NYSE,,0.0,EWT,https://www.ishares.com/us/products/239724/ishares-msci-taiwan-etf/1467271812596.ajax?dataType=fund&fileName=EWT_holdings&fileType=csv,,high
VZ,VERIZON COMMUNICATIONS INC,United States,Communication Services,VZ,NYSE,,0.32,EWT,https://www.ishares.com/us/products/239724/ishares-msci-taiwan-etf/1467271812596.ajax?dataType=fund&fileName=EWT_holdings&fileType=csv,,high
VSNT,VERSANT MEDIA GROUP INC,United States,Communication Services,VSNT,NASDAQ,,0.01,EWT,https://www.ishares.com/us/products/239724/ishares-msci-taiwan-etf/1467271812596.ajax?dataType=fund&fileName=EWT_holdings&fileType=csv,,high
SEAT,VIVID SEATS INC CLASS A,United States,Communication Services,SEAT,NASDAQ,,0.0,EWT,https://www.ishares.com/us/products/239724/ishares-msci-taiwan-etf/1467271812596.ajax?dataType=fund&fileName=EWT_holdings&fileType=csv,,high
DIS,WALT DISNEY,United States,Communication Services,DIS,NYSE,,0.28,EWT,https://www.ishares.com/us/products/239724/ishares-msci-taiwan-etf/1467271812596.ajax?dataType=fund&fileName=EWT_holdings&fileType=csv,,high
WBD,WARNER BROS. DISCOVERY INC SERIES,United States,Communication Services,WBD,NASDAQ,,0.1,EWT,https://www.ishares.com/us/products/239724/ishares-msci-taiwan-etf/1467271812596.ajax?dataType=fund&fileName=EWT_holdings&fileType=csv,,high
WMG,WARNER MUSIC GROUP CORP CLASS A,United States,Communication Services,WMG,NASDAQ,,0.01,EWT,https://www.ishares.com/us/products/239724/ishares-msci-taiwan-etf/1467271812596.ajax?dataType=fund&fileName=EWT_holdings&fileType=csv,,high
YELP,YELP INC,United States,Communication Services,YELP,NYSE,,0.0,EWT,https://www.ishares.com/us/products/239724/ishares-msci-taiwan-etf/1467271812596.ajax?dataType=fund&fileName=EWT_holdings&fileType=csv,,high
ZD,ZIFF DAVIS INC,United States,Communication Services,ZD,NASDAQ,,0.0,EWT,https://www.ishares.com/us/products/239724/ishares-msci-taiwan-etf/1467271812596.ajax?dataType=fund&fileName=EWT_holdings&fileType=csv,,high
ZIP,ZIPRECRUITER INC CLASS A,United States,Communication Services,ZIP,NYSE,,0.0,EWT,https://www.ishares.com/us/products/239724/ishares-msci-taiwan-etf/1467271812596.ajax?dataType=fund&fileName=EWT_holdings&fileType=csv,,high
GTM,ZOOMINFO TECHNOLOGIES INC,United States,Communication Services,GTM,NASDAQ,,0.0,EWT,https://www.ishares.com/us/products/239724/ishares-msci-taiwan-etf/1467271812596.ajax?dataType=fund&fileName=EWT_holdings&fileType=csv,,high
ANF,ABERCROMBIE AND FITCH CLASS A,United States,Consumer Discretionary,ANF,NYSE,,0.01,EWT,https://www.ishares.com/us/products/239724/ishares-msci-taiwan-etf/1467271812596.ajax?dataType=fund&fileName=EWT_holdings&fileType=csv,,high
ASO,ACADEMY SPORTS AND OUTDOORS INC,United States,Consumer Discretionary,ASO,NASDAQ,,0.01,EWT,https://www.ishares.com/us/products/239724/ishares-msci-taiwan-etf/1467271812596.ajax?dataType=fund&fileName=EWT_holdings&fileType=csv,,high
ACEL,ACCEL ENTERTAINMENT INC CLASS A,United States,Consumer Discretionary,ACEL,NYSE,,0.0,EWT,https://www.ishares.com/us/products/239724/ishares-msci-taiwan-etf/1467271812596.ajax?dataType=fund&fileName=EWT_holdings&fileType=csv,,high
GOLF,ACUSHNET HOLDINGS CORP,United States,Consumer Discretionary,GOLF,NYSE,,0.0,EWT,https://www.ishares.com/us/products/239724/ishares-msci-taiwan-etf/1467271812596.ajax?dataType=fund&fileName=EWT_holdings&fileType=csv,,high
ADNT,ADIENT PLC,United States,Consumer Discretionary,ADNT,NYSE,,0.0,EWT,https://www.ishares.com/us/products/239724/ishares-msci-taiwan-etf/1467271812596.ajax?dataType=fund&fileName=EWT_holdings&fileType=csv,,high
ADT,ADT INC,United States,Consumer Discretionary,ADT,NYSE,,0.0,EWT,https://www.ishares.com/us/products/239724/ishares-msci-taiwan-etf/1467271812596.ajax?dataType=fund&fileName=EWT_holdings&fileType=csv,,high
AAP,ADVANCE AUTO PARTS INC,United States,Consumer Discretionary,AAP,NYSE,,0.0,EWT,https://www.ishares.com/us/products/239724/ishares-msci-taiwan-etf/1467271812596.ajax?dataType=fund&fileName=EWT_holdings&fileType=csv,,high
ABNB,AIRBNB INC CLASS A,United States,Consumer Discretionary,ABNB,NASDAQ,,0.09,EWT,https://www.ishares.com/us/products/239724/ishares-msci-taiwan-etf/1467271812596.ajax?dataType=fund&fileName=EWT_holdings&fileType=csv,,high
AMZN,AMAZON COM INC,United States,Consumer Discretionary,AMZN,NASDAQ,,3.15,EWT,https://www.ishares.com/us/products/239724/ishares-msci-taiwan-etf/1467271812596.ajax?dataType=fund&fileName=EWT_holdings&fileType=csv,,high
AEO,AMERICAN EAGLE OUTFITTERS INC,United States,Consumer Discretionary,AEO,NYSE,,0.0,EWT,https://www.ishares.com/us/products/239724/ishares-msci-taiwan-etf/1467271812596.ajax?dataType=fund&fileName=EWT_holdings&fileType=csv,,high
APEI,AMERICAN PUBLIC EDUCATION INC,United States,Consumer Discretionary,APEI,NASDAQ,,0.0,EWT,https://www.ishares.com/us/products/239724/ishares-msci-taiwan-etf/1467271812596.ajax?dataType=fund&fileName=EWT_holdings&fileType=csv,,high
CRMT,AMERICAS CAR MART INC,United States,Consumer Discretionary,CRMT,NASDAQ,,0.0,EWT,https://www.ishares.com/us/products/239724/ishares-msci-taiwan-etf/1467271812596.ajax?dataType=fund&fileName=EWT_holdings&fileType=csv,,high
APTV,APTIV PLC,United States,Consumer Discretionary,APTV,NYSE,,0.02,EWT,https://www.ishares.com/us/products/239724/ishares-msci-taiwan-etf/1467271812596.ajax?dataType=fund&fileName=EWT_holdings&fileType=csv,,high
ARMK,ARAMARK,United States,Consumer Discretionary,ARMK,NYSE,,0.02,EWT,https://www.ishares.com/us/products/239724/ishares-msci-taiwan-etf/1467271812596.ajax?dataType=fund&fileName=EWT_holdings&fileType=csv,,high
ARHS,ARHAUS INC CLASS A,United States,Consumer Discretionary,ARHS,NASDAQ,,0.0,EWT,https://www.ishares.com/us/products/239724/ishares-msci-taiwan-etf/1467271812596.ajax?dataType=fund&fileName=EWT_holdings&fileType=csv,,high
ARKO,ARKO,United States,Consumer Discretionary,ARKO,NASDAQ,,0.0,EWT,https://www.ishares.com/us/products/239724/ishares-msci-taiwan-etf/1467271812596.ajax?dataType=fund&fileName=EWT_holdings&fileType=csv,,high
ABG,ASBURY AUTOMOTIVE GROUP INC,United States,Consumer Discretionary,ABG,NYSE,,0.01,EWT,https://www.ishares.com/us/products/239724/ishares-msci-taiwan-etf/1467271812596.ajax?dataType=fund&fileName=EWT_holdings&fileType=csv,,high
ALV,AUTOLIV INC,United States,Consumer Discretionary,ALV,NYSE,,0.01,EWT,https://www.ishares.com/us/products/239724/ishares-msci-taiwan-etf/1467271812596.ajax?dataType=fund&fileName=EWT_holdings&fileType=csv,,high
AN,AUTONATION INC,United States,Consumer Discretionary,AN,NYSE,,0.01,EWT,https://www.ishares.com/us/products/239724/ishares-msci-taiwan-etf/1467271812596.ajax?dataType=fund&fileName=EWT_holdings&fileType=csv,,high
AZO,AUTOZONE INC,United States,Consumer Discretionary,AZO,NYSE,,0.09,EWT,https://www.ishares.com/us/products/239724/ishares-msci-taiwan-etf/1467271812596.ajax?dataType=fund&fileName=EWT_holdings&fileType=csv,,high
BBWI,BATH AND BODY WORKS INC,United States,Consumer Discretionary,BBWI,NYSE,,0.01,EWT,https://www.ishares.com/us/products/239724/ishares-msci-taiwan-etf/1467271812596.ajax?dataType=fund&fileName=EWT_holdings&fileType=csv,,high
BZH,BEAZER HOMES INC,United States,Consumer Discretionary,BZH,NYSE,,0.0,EWT,https://www.ishares.com/us/products/239724/ishares-msci-taiwan-etf/1467271812596.ajax?dataType=fund&fileName=EWT_holdings&fileType=csv,,high
BBBY,BED BATH AND BEYOND INC,United States,Consumer Discretionary,BBBY,NYSE,,0.0,EWT,https://www.ishares.com/us/products/239724/ishares-msci-taiwan-etf/1467271812596.ajax?dataType=fund&fileName=EWT_holdings&fileType=csv,,high
BBY,BEST BUY INC,United States,Consumer Discretionary,BBY,NYSE,,0.02,EWT,https://www.ishares.com/us/products/239724/ishares-msci-taiwan-etf/1467271812596.ajax?dataType=fund&fileName=EWT_holdings&fileType=csv,,high
BJRI,BJS RESTAURANTS INC,United States,Consumer Discretionary,BJRI,NASDAQ,,0.0,EWT,https://www.ishares.com/us/products/239724/ishares-msci-taiwan-etf/1467271812596.ajax?dataType=fund&fileName=EWT_holdings&fileType=csv,,high
BLMN,BLOOMIN BRANDS INC,United States,Consumer Discretionary,BLMN,NASDAQ,,0.0,EWT,https://www.ishares.com/us/products/239724/ishares-msci-taiwan-etf/1467271812596.ajax?dataType=fund&fileName=EWT_holdings&fileType=csv,,high
BKNG,BOOKING HOLDINGS INC,United States,Consumer Discretionary,BKNG,NASDAQ,,0.22,EWT,https://www.ishares.com/us/products/239724/ishares-msci-taiwan-etf/1467271812596.ajax?dataType=fund&fileName=EWT_holdings&fileType=csv,,high
BOOT,BOOT BARN HOLDINGS INC,United States,Consumer Discretionary,BOOT,NYSE,,0.01,EWT,https://www.ishares.com/us/products/239724/ishares-msci-taiwan-etf/1467271812596.ajax?dataType=fund&fileName=EWT_holdings&fileType=csv,,high
BWA,BORGWARNER INC,United States,Consumer Discretionary,BWA,NYSE,,0.02,EWT,https://www.ishares.com/us/products/239724/ishares-msci-taiwan-etf/1467271812596.ajax?dataType=fund&fileName=EWT_holdings&fileType=csv,,high
BYD,BOYD GAMING CORP,United States,Consumer Discretionary,BYD,NYSE,,0.01,EWT,https://www.ishares.com/us/products/239724/ishares-msci-taiwan-etf/1467271812596.ajax?dataType=fund&fileName=EWT_holdings&fileType=csv,,high
BFAM,BRIGHT HORIZONS FAMILY SOLUTIONS I,United States,Consumer Discretionary,BFAM,NYSE,,0.01,EWT,https://www.ishares.com/us/products/239724/ishares-msci-taiwan-etf/1467271812596.ajax?dataType=fund&fileName=EWT_holdings&fileType=csv,,high
EAT,BRINKER INTERNATIONAL INC,United States,Consumer Discretionary,EAT,NYSE,,0.01,EWT,https://www.ishares.com/us/products/239724/ishares-msci-taiwan-etf/1467271812596.ajax?dataType=fund&fileName=EWT_holdings&fileType=csv,,high
BC,BRUNSWICK CORP,United States,Consumer Discretionary,BC,NYSE,,0.01,EWT,https://www.ishares.com/us/products/239724/ishares-msci-taiwan-etf/1467271812596.ajax?dataType=fund&fileName=EWT_holdings&fileType=csv,,high
BKE,BUCKLE INC,United States,Consumer Discretionary,BKE,NYSE,,0.0,EWT,https://www.ishares.com/us/products/239724/ishares-msci-taiwan-etf/1467271812596.ajax?dataType=fund&fileName=EWT_holdings&fileType=csv,,high
BBW,BUILD A BEAR WORKSHOP INC,United States,Consumer Discretionary,BBW,NYSE,,0.0,EWT,https://www.ishares.com/us/products/239724/ishares-msci-taiwan-etf/1467271812596.ajax?dataType=fund&fileName=EWT_holdings&fileType=csv,,high
BURL,BURLINGTON STORES INC,United States,Consumer Discretionary,BURL,NYSE,,0.03,EWT,https://www.ishares.com/us/products/239724/ishares-msci-taiwan-etf/1467271812596.ajax?dataType=fund&fileName=EWT_holdings&fileType=csv,,high
CZR,CAESARS ENTERTAINMENT INC,United States,Consumer Discretionary,CZR,NASDAQ,,0.01,EWT,https://www.ishares.com/us/products/239724/ishares-msci-taiwan-etf/1467271812596.ajax?dataType=fund&fileName=EWT_holdings&fileType=csv,,high
CAL,CALERES INC,United States,Consumer Discretionary,CAL,NYSE,,0.0,EWT,https://www.ishares.com/us/products/239724/ishares-msci-taiwan-etf/1467271812596.ajax?dataType=fund&fileName=EWT_holdings&fileType=csv,,high
CALY,CALLAWAY GOLF COMPANY,United States,Consumer Discretionary,CALY,NYSE,,0.0,EWT,https://www.ishares.com/us/products/239724/ishares-msci-taiwan-etf/1467271812596.ajax?dataType=fund&fileName=EWT_holdings&fileType=csv,,high
CWH,CAMPING WORLD HOLDINGS INC CLASS A,United States,Consumer Discretionary,CWH,NYSE,,0.0,EWT,https://www.ishares.com/us/products/239724/ishares-msci-taiwan-etf/1467271812596.ajax?dataType=fund&fileName=EWT_holdings&fileType=csv,,high
CPRI,CAPRI HOLDINGS LTD,United States,Consumer Discretionary,CPRI,NYSE,,0.0,EWT,https://www.ishares.com/us/products/239724/ishares-msci-taiwan-etf/1467271812596.ajax?dataType=fund&fileName=EWT_holdings&fileType=csv,,high
KMX,CARMAX INC,United States,Consumer Discretionary,KMX,NYSE,,0.01,EWT,https://www.ishares.com/us/products/239724/ishares-msci-taiwan-etf/1467271812596.ajax?dataType=fund&fileName=EWT_holdings&fileType=csv,,high
CCL,CARNIVAL CORP,United States,Consumer Discretionary,CCL,NYSE,,0.04,EWT,https://www.ishares.com/us/products/239724/ishares-msci-taiwan-etf/1467271812596.ajax?dataType=fund&fileName=EWT_holdings&fileType=csv,,high
CSV,CARRIAGE SERVICES INC,United States,Consumer Discretionary,CSV,NYSE,,0.0,EWT,https://www.ishares.com/us/products/239724/ishares-msci-taiwan-etf/1467271812596.ajax?dataType=fund&fileName=EWT_holdings&fileType=csv,,high
CRI,CARTERS INC,United States,Consumer Discretionary,CRI,NYSE,,0.0,EWT,https://www.ishares.com/us/products/239724/ishares-msci-taiwan-etf/1467271812596.ajax?dataType=fund&fileName=EWT_holdings&fileType=csv,,high
CVNA,CARVANA CLASS A,United States,Consumer Discretionary,CVNA,NYSE,,0.07,EWT,https://www.ishares.com/us/products/239724/ishares-msci-taiwan-etf/1467271812596.ajax?dataType=fund&fileName=EWT_holdings&fileType=csv,,high
CAVA,CAVA GROUP INC,United States,Consumer Discretionary,CAVA,NYSE,,0.01,EWT,https://www.ishares.com/us/products/239724/ishares-msci-taiwan-etf/1467271812596.ajax?dataType=fund&fileName=EWT_holdings&fileType=csv,,high
CVCO,CAVCO INDUSTRIES INC,United States,Consumer Discretionary,CVCO,NASDAQ,,0.01,EWT,https://www.ishares.com/us/products/239724/ishares-msci-taiwan-etf/1467271812596.ajax?dataType=fund&fileName=EWT_holdings&fileType=csv,,high
CCS,CENTURY COMMUNITIES INC,United States,Consumer Discretionary,CCS,NYSE,,0.0,EWT,https://www.ishares.com/us/products/239724/ishares-msci-taiwan-etf/1467271812596.ajax?dataType=fund&fileName=EWT_holdings&fileType=csv,,high
SKY,CHAMPION HOMES INC,United States,Consumer Discretionary,SKY,NYSE,,0.01,EWT,https://www.ishares.com/us/products/239724/ishares-msci-taiwan-etf/1467271812596.ajax?dataType=fund&fileName=EWT_holdings&fileType=csv,,high
CAKE,CHEESECAKE FACTORY INC,United States,Consumer Discretionary,CAKE,NASDAQ,,0.0,EWT,https://www.ishares.com/us/products/239724/ishares-msci-taiwan-etf/1467271812596.ajax?dataType=fund&fileName=EWT_holdings&fileType=csv,,high
CHWY,CHEWY INC CLASS A,United States,Consumer Discretionary,CHWY,NYSE,,0.01,EWT,https://www.ishares.com/us/products/239724/ishares-msci-taiwan-etf/1467271812596.ajax?dataType=fund&fileName=EWT_holdings&fileType=csv,,high
PLCE,CHILDRENS PLACE INC,United States,Consumer Discretionary,PLCE,NASDAQ,,0.0,EWT,https://www.ishares.com/us/products/239724/ishares-msci-taiwan-etf/1467271812596.ajax?dataType=fund&fileName=EWT_holdings&fileType=csv,,high
CMG,CHIPOTLE MEXICAN GRILL INC,United States,Consumer Discretionary,CMG,NYSE,,0.07,EWT,https://www.ishares.com/us/products/239724/ishares-msci-taiwan-etf/1467271812596.ajax?dataType=fund&fileName=EWT_holdings&fileType=csv,,high
CHH,CHOICE HOTELS INTERNATIONAL INC,United States,Consumer Discretionary,CHH,NYSE,,0.0,EWT,https://www.ishares.com/us/products/239724/ishares-msci-taiwan-etf/1467271812596.ajax?dataType=fund&fileName=EWT_holdings&fileType=csv,,high
CHDN,CHURCHILL DOWNS INC,United States,Consumer Discretionary,CHDN,NASDAQ,,0.01,EWT,https://www.ishares.com/us/products/239724/ishares-msci-taiwan-etf/1467271812596.ajax?dataType=fund&fileName=EWT_holdings&fileType=csv,,high
COLM,COLUMBIA SPORTSWEAR,United States,Consumer Discretionary,COLM,NASDAQ,,0.0,EWT,https://www.ishares.com/us/products/239724/ishares-msci-taiwan-etf/1467271812596.ajax?dataType=fund&fileName=EWT_holdings&fileType=csv,,high
CPS,COOPER STANDARD HOLDINGS INC,United States,Consumer Discretionary,CPS,NYSE,,0.0,EWT,https://www.ishares.com/us/products/239724/ishares-msci-taiwan-etf/1467271812596.ajax?dataType=fund&fileName=EWT_holdings&fileType=csv,,high
CPNG,COUPANG INC CLASS A,United States,Consumer Discretionary,CPNG,NYSE,,0.04,EWT,https://www.ishares.com/us/products/239724/ishares-msci-taiwan-etf/1467271812596.ajax?dataType=fund&fileName=EWT_holdings&fileType=csv,,high
COUR,COURSERA INC,United States,Consumer Discretionary,COUR,NYSE,,0.0,EWT,https://www.ishares.com/us/products/239724/ishares-msci-taiwan-etf/1467271812596.ajax?dataType=fund&fileName=EWT_holdings&fileType=csv,,high
CVSA,COVISTA INC,United States,Consumer Discretionary,CVSA,NYSE,,0.01,EWT,https://www.ishares.com/us/products/239724/ishares-msci-taiwan-etf/1467271812596.ajax?dataType=fund&fileName=EWT_holdings&fileType=csv,,high
CBRL,CRACKER BARREL OLD COUNTRY STORE I,United States,Consumer Discretionary,CBRL,NASDAQ,,0.0,EWT,https://www.ishares.com/us/products/239724/ishares-msci-taiwan-etf/1467271812596.ajax?dataType=fund&fileName=EWT_holdings&fileType=csv,,high
CRCT,CRICUT INC CLASS A,United States,Consumer Discretionary,CRCT,NASDAQ,,0.0,EWT,https://www.ishares.com/us/products/239724/ishares-msci-taiwan-etf/1467271812596.ajax?dataType=fund&fileName=EWT_holdings&fileType=csv,,high
CROX,CROCS INC,United States,Consumer Discretionary,CROX,NASDAQ,,0.01,EWT,https://www.ishares.com/us/products/239724/ishares-msci-taiwan-etf/1467271812596.ajax?dataType=fund&fileName=EWT_holdings&fileType=csv,,high
DHI,D R HORTON INC,United States,Consumer Discretionary,DHI,NYSE,,0.06,EWT,https://www.ishares.com/us/products/239724/ishares-msci-taiwan-etf/1467271812596.ajax?dataType=fund&fileName=EWT_holdings&fileType=csv,,high
DAN,DANA INCORPORATED INC,United States,Consumer Discretionary,DAN,NYSE,,0.01,EWT,https://www.ishares.com/us/products/239724/ishares-msci-taiwan-etf/1467271812596.ajax?dataType=fund&fileName=EWT_holdings&fileType=csv,,high
DRI,DARDEN RESTAURANTS INC,United States,Consumer Discretionary,DRI,NYSE,,0.04,EWT,https://www.ishares.com/us/products/239724/ishares-msci-taiwan-etf/1467271812596.ajax?dataType=fund&fileName=EWT_holdings&fileType=csv,,high
DCH,DAUCH CORPORATION,United States,Consumer Discretionary,DCH,NYSE,,0.0,EWT,https://www.ishares.com/us/products/239724/ishares-msci-taiwan-etf/1467271812596.ajax?dataType=fund&fileName=EWT_holdings&fileType=csv,,high
PLAY,DAVE AND BUSTERS ENTERTAINMENT INC,United States,Consumer Discretionary,PLAY,NASDAQ,,0.0,EWT,https://www.ishares.com/us/products/239724/ishares-msci-taiwan-etf/1467271812596.ajax?dataType=fund&fileName=EWT_holdings&fileType=csv,,high
DECK,DECKERS OUTDOOR CORP,United States,Consumer Discretionary,DECK,NYSE,,0.02,EWT,https://www.ishares.com/us/products/239724/ishares-msci-taiwan-etf/1467271812596.ajax?dataType=fund&fileName=EWT_holdings&fileType=csv,,high
DKS,DICKS SPORTING INC,United States,Consumer Discretionary,DKS,NYSE,,0.02,EWT,https://www.ishares.com/us/products/239724/ishares-msci-taiwan-etf/1467271812596.ajax?dataType=fund&fileName=EWT_holdings&fileType=csv,,high
DDS,DILLARDS INC CLASS A,United States,Consumer Discretionary,DDS,NYSE,,0.0,EWT,https://www.ishares.com/us/products/239724/ishares-msci-taiwan-etf/1467271812596.ajax?dataType=fund&fileName=EWT_holdings&fileType=csv,,high
DIN,DINE BRANDS GLOBAL INC,United States,Consumer Discretionary,DIN,NYSE,,0.0,EWT,https://www.ishares.com/us/products/239724/ishares-msci-taiwan-etf/1467271812596.ajax?dataType=fund&fileName=EWT_holdings&fileType=csv,,high
DPZ,DOMINOS PIZZA INC,United States,Consumer Discretionary,DPZ,NASDAQ,,0.02,EWT,https://www.ishares.com/us/products/239724/ishares-msci-taiwan-etf/1467271812596.ajax?dataType=fund&fileName=EWT_holdings&fileType=csv,,high
DASH,DOORDASH INC CLASS A,United States,Consumer Discretionary,DASH,NASDAQ,,0.1,EWT,https://www.ishares.com/us/products/239724/ishares-msci-taiwan-etf/1467271812596.ajax?dataType=fund&fileName=EWT_holdings&fileType=csv,,high
DORM,DORMAN PRODUCTS INC,United States,Consumer Discretionary,DORM,NASDAQ,,0.0,EWT,https://www.ishares.com/us/products/239724/ishares-msci-taiwan-etf/1467271812596.ajax?dataType=fund&fileName=EWT_holdings&fileType=csv,,high
DKNG,DRAFTKINGS INC CLASS A,United States,Consumer Discretionary,DKNG,NASDAQ,,0.02,EWT,https://www.ishares.com/us/products/239724/ishares-msci-taiwan-etf/1467271812596.ajax?dataType=fund&fileName=EWT_holdings&fileType=csv,,high
DFH,DREAM FINDERS HOMES INC CLASS A,United States,Consumer Discretionary,DFH,NYSE,,0.0,EWT,https://www.ishares.com/us/products/239724/ishares-msci-taiwan-etf/1467271812596.ajax?dataType=fund&fileName=EWT_holdings&fileType=csv,,high
DRVN,DRIVEN BRANDS HOLDINGS INC,United States,Consumer Discretionary,DRVN,NASDAQ,,0.0,EWT,https://www.ishares.com/us/products/239724/ishares-msci-taiwan-etf/1467271812596.ajax?dataType=fund&fileName=EWT_holdings&fileType=csv,,high
DUOL,DUOLINGO INC CLASS A,United States,Consumer Discretionary,DUOL,NASDAQ,,0.01,EWT,https://www.ishares.com/us/products/239724/ishares-msci-taiwan-etf/1467271812596.ajax?dataType=fund&fileName=EWT_holdings&fileType=csv,,high
BROS,DUTCH BROS INC CLASS A,United States,Consumer Discretionary,BROS,NYSE,,0.01,EWT,https://www.ishares.com/us/products/239724/ishares-msci-taiwan-etf/1467271812596.ajax?dataType=fund&fileName=EWT_holdings&fileType=csv,,high
EBAY,EBAY INC,United States,Consumer Discretionary,EBAY,NASDAQ,,0.06,EWT,https://www.ishares.com/us/products/239724/ishares-msci-taiwan-etf/1467271812596.ajax?dataType=fund&fileName=EWT_holdings&fileType=csv,,high
ETD,ETHAN ALLEN INTERIORS INC,United States,Consumer Discretionary,ETD,NYSE,,0.0,EWT,https://www.ishares.com/us/products/239724/ishares-msci-taiwan-etf/1467271812596.ajax?dataType=fund&fileName=EWT_holdings&fileType=csv,,high
ETSY,ETSY INC,United States,Consumer Discretionary,ETSY,NYSE,,0.01,EWT,https://www.ishares.com/us/products/239724/ishares-msci-taiwan-etf/1467271812596.ajax?dataType=fund&fileName=EWT_holdings&fileType=csv,,high
EVGO,EVGO INC CLASS A,United States,Consumer Discretionary,EVGO,NASDAQ,,0.0,EWT,https://www.ishares.com/us/products/239724/ishares-msci-taiwan-etf/1467271812596.ajax?dataType=fund&fileName=EWT_holdings&fileType=csv,,high
EXPE,EXPEDIA GROUP INC,United States,Consumer Discretionary,EXPE,NASDAQ,,0.04,EWT,https://www.ishares.com/us/products/239724/ishares-msci-taiwan-etf/1467271812596.ajax?dataType=fund&fileName=EWT_holdings&fileType=csv,,high
FIGS,FIGS INC CLASS A,United States,Consumer Discretionary,FIGS,NYSE,,0.0,EWT,https://www.ishares.com/us/products/239724/ishares-msci-taiwan-etf/1467271812596.ajax?dataType=fund&fileName=EWT_holdings&fileType=csv,,high
FWRG,FIRST WATCH RESTAURANT GROUP INC,United States,Consumer Discretionary,FWRG,NASDAQ,,0.0,EWT,https://www.ishares.com/us/products/239724/ishares-msci-taiwan-etf/1467271812596.ajax?dataType=fund&fileName=EWT_holdings&fileType=csv,,high
FIVE,FIVE BELOW INC,United States,Consumer Discretionary,FIVE,NASDAQ,,0.02,EWT,https://www.ishares.com/us/products/239724/ishares-msci-taiwan-etf/1467271812596.ajax?dataType=fund&fileName=EWT_holdings&fileType=csv,,high
FND,FLOOR DECOR HOLDINGS INC CLASS A,United States,Consumer Discretionary,FND,NYSE,,0.01,EWT,https://www.ishares.com/us/products/239724/ishares-msci-taiwan-etf/1467271812596.ajax?dataType=fund&fileName=EWT_holdings&fileType=csv,,high
FLUT,FLUTTER ENTERTAINMENT PLC,United States,Consumer Discretionary,FLUT,NYSE,,0.03,EWT,https://www.ishares.com/us/products/239724/ishares-msci-taiwan-etf/1467271812596.ajax?dataType=fund&fileName=EWT_holdings&fileType=csv,,high
F,FORD MOTOR CO,United States,Consumer Discretionary,F,NYSE,,0.07,EWT,https://www.ishares.com/us/products/239724/ishares-msci-taiwan-etf/1467271812596.ajax?dataType=fund&fileName=EWT_holdings&fileType=csv,,high
FOXF,FOX FACTORY HOLDING CORP,United States,Consumer Discretionary,FOXF,NASDAQ,,0.0,EWT,https://www.ishares.com/us/products/239724/ishares-msci-taiwan-etf/1467271812596.ajax?dataType=fund&fileName=EWT_holdings&fileType=csv,,high
FTDR,FRONTDOOR INC,United States,Consumer Discretionary,FTDR,NASDAQ,,0.01,EWT,https://www.ishares.com/us/products/239724/ishares-msci-taiwan-etf/1467271812596.ajax?dataType=fund&fileName=EWT_holdings&fileType=csv,,high
FNKO,FUNKO INC CLASS A,United States,Consumer Discretionary,FNKO,NASDAQ,,0.0,EWT,https://www.ishares.com/us/products/239724/ishares-msci-taiwan-etf/1467271812596.ajax?dataType=fund&fileName=EWT_holdings&fileType=csv,,high
GIII,G III APPAREL GROUP LTD,United States,Consumer Discretionary,GIII,NASDAQ,,0.0,EWT,https://www.ishares.com/us/products/239724/ishares-msci-taiwan-etf/1467271812596.ajax?dataType=fund&fileName=EWT_holdings&fileType=csv,,high
GME,GAMESTOP CORP CLASS A,United States,Consumer Discretionary,GME,NYSE,,0.02,EWT,https://www.ishares.com/us/products/239724/ishares-msci-taiwan-etf/1467271812596.ajax?dataType=fund&fileName=EWT_holdings&fileType=csv,,high
GAP,GAP INC,United States,Consumer Discretionary,GAP,NYSE,,0.01,EWT,https://www.ishares.com/us/products/239724/ishares-msci-taiwan-etf/1467271812596.ajax?dataType=fund&fileName=EWT_holdings&fileType=csv,,high
GRMN,GARMIN LTD,United States,Consumer Discretionary,GRMN,NYSE,,0.06,EWT,https://www.ishares.com/us/products/239724/ishares-msci-taiwan-etf/1467271812596.ajax?dataType=fund&fileName=EWT_holdings&fileType=csv,,high
GTX,GARRETT MOTION INC,United States,Consumer Discretionary,GTX,NASDAQ,,0.0,EWT,https://www.ishares.com/us/products/239724/ishares-msci-taiwan-etf/1467271812596.ajax?dataType=fund&fileName=EWT_holdings&fileType=csv,,high
GM,GENERAL MOTORS,United States,Consumer Discretionary,GM,NYSE,,0.11,EWT,https://www.ishares.com/us/products/239724/ishares-msci-taiwan-etf/1467271812596.ajax?dataType=fund&fileName=EWT_holdings&fileType=csv,,high
GCO,GENESCO INC,United States,Consumer Discretionary,GCO,NYSE,,0.0,EWT,https://www.ishares.com/us/products/239724/ishares-msci-taiwan-etf/1467271812596.ajax?dataType=fund&fileName=EWT_holdings&fileType=csv,,high
GNTX,GENTEX CORP,United States,Consumer Discretionary,GNTX,NASDAQ,,0.01,EWT,https://www.ishares.com/us/products/239724/ishares-msci-taiwan-etf/1467271812596.ajax?dataType=fund&fileName=EWT_holdings&fileType=csv,,high
THRM,GENTHERM INC,United States,Consumer Discretionary,THRM,NASDAQ,,0.0,EWT,https://www.ishares.com/us/products/239724/ishares-msci-taiwan-etf/1467271812596.ajax?dataType=fund&fileName=EWT_holdings&fileType=csv,,high
GPC,GENUINE PARTS,United States,Consumer Discretionary,GPC,NYSE,,0.02,EWT,https://www.ishares.com/us/products/239724/ishares-msci-taiwan-etf/1467271812596.ajax?dataType=fund&fileName=EWT_holdings&fileType=csv,,high
GCT,GIGACLOUD TECHNOLOGY INC CLASS A,United States,Consumer Discretionary,GCT,NASDAQ,,0.0,EWT,https://www.ishares.com/us/products/239724/ishares-msci-taiwan-etf/1467271812596.ajax?dataType=fund&fileName=EWT_holdings&fileType=csv,,high
GBTG,GLOBAL BUSINESS TRAVEL GROUP INC C,United States,Consumer Discretionary,GBTG,NYSE,,0.0,EWT,https://www.ishares.com/us/products/239724/ishares-msci-taiwan-etf/1467271812596.ajax?dataType=fund&fileName=EWT_holdings&fileType=csv,,high
GOLD,GOLD INC,United States,Consumer Discretionary,GOLD,NYSE,,0.0,EWT,https://www.ishares.com/us/products/239724/ishares-msci-taiwan-etf/1467271812596.ajax?dataType=fund&fileName=EWT_holdings&fileType=csv,,high
GDEN,GOLDEN ENTERTAINMENT INC,United States,Consumer Discretionary,GDEN,NASDAQ,,0.0,EWT,https://www.ishares.com/us/products/239724/ishares-msci-taiwan-etf/1467271812596.ajax?dataType=fund&fileName=EWT_holdings&fileType=csv,,high
GT,GOODYEAR TIRE & RUBBER,United States,Consumer Discretionary,GT,NASDAQ,,0.0,EWT,https://www.ishares.com/us/products/239724/ishares-msci-taiwan-etf/1467271812596.ajax?dataType=fund&fileName=EWT_holdings&fileType=csv,,high
GHC,GRAHAM HOLDINGS COMPANY CLASS B,United States,Consumer Discretionary,GHC,NYSE,,0.0,EWT,https://www.ishares.com/us/products/239724/ishares-msci-taiwan-etf/1467271812596.ajax?dataType=fund&fileName=EWT_holdings&fileType=csv,,high
LOPE,GRAND CANYON EDUCATION INC,United States,Consumer Discretionary,LOPE,NASDAQ,,0.01,EWT,https://www.ishares.com/us/products/239724/ishares-msci-taiwan-etf/1467271812596.ajax?dataType=fund&fileName=EWT_holdings&fileType=csv,,high
GRBK,GREEN BRICK PARTNERS INC,United States,Consumer Discretionary,GRBK,NYSE,,0.0,EWT,https://www.ishares.com/us/products/239724/ishares-msci-taiwan-etf/1467271812596.ajax?dataType=fund&fileName=EWT_holdings&fileType=csv,,high
GPI,GROUP AUTOMOTIVE INC,United States,Consumer Discretionary,GPI,NYSE,,0.01,EWT,https://www.ishares.com/us/products/239724/ishares-msci-taiwan-etf/1467271812596.ajax?dataType=fund&fileName=EWT_holdings&fileType=csv,,high
GRPN,GROUPON INC,United States,Consumer Discretionary,GRPN,NASDAQ,,0.0,EWT,https://www.ishares.com/us/products/239724/ishares-msci-taiwan-etf/1467271812596.ajax?dataType=fund&fileName=EWT_holdings&fileType=csv,,high
HRB,H&R BLOCK INC,United States,Consumer Discretionary,HRB,NYSE,,0.01,EWT,https://www.ishares.com/us/products/239724/ishares-msci-taiwan-etf/1467271812596.ajax?dataType=fund&fileName=EWT_holdings&fileType=csv,,high
HOG,HARLEY DAVIDSON INC,United States,Consumer Discretionary,HOG,NYSE,,0.0,EWT,https://www.ishares.com/us/products/239724/ishares-msci-taiwan-etf/1467271812596.ajax?dataType=fund&fileName=EWT_holdings&fileType=csv,,high
HAS,HASBRO INC,United States,Consumer Discretionary,HAS,NASDAQ,,0.02,EWT,https://www.ishares.com/us/products/239724/ishares-msci-taiwan-etf/1467271812596.ajax?dataType=fund&fileName=EWT_holdings&fileType=csv,,high
HVT,HAVERTY FURNITURE COMPANIES INC,United States,Consumer Discretionary,HVT,NYSE,,0.0,EWT,https://www.ishares.com/us/products/239724/ishares-msci-taiwan-etf/1467271812596.ajax?dataType=fund&fileName=EWT_holdings&fileType=csv,,high
HELE,HELEN OF TROY LTD,United States,Consumer Discretionary,HELE,NASDAQ,,0.0,EWT,https://www.ishares.com/us/products/239724/ishares-msci-taiwan-etf/1467271812596.ajax?dataType=fund&fileName=EWT_holdings&fileType=csv,,high
HGV,HILTON GRAND VACATIONS INC,United States,Consumer Discretionary,HGV,NYSE,,0.0,EWT,https://www.ishares.com/us/products/239724/ishares-msci-taiwan-etf/1467271812596.ajax?dataType=fund&fileName=EWT_holdings&fileType=csv,,high
HLT,HILTON WORLDWIDE HOLDINGS INC,United States,Consumer Discretionary,HLT,NYSE,,0.11,EWT,https://www.ishares.com/us/products/239724/ishares-msci-taiwan-etf/1467271812596.ajax?dataType=fund&fileName=EWT_holdings&fileType=csv,,high
HD,HOME DEPOT INC,United States,Consumer Discretionary,HD,NYSE,,0.53,EWT,https://www.ishares.com/us/products/239724/ishares-msci-taiwan-etf/1467271812596.ajax?dataType=fund&fileName=EWT_holdings&fileType=csv,,high
HOV,HOVNANIAN ENTERPRISES INC CLASS A,United States,Consumer Discretionary,HOV,NYSE,,0.0,EWT,https://www.ishares.com/us/products/239724/ishares-msci-taiwan-etf/1467271812596.ajax?dataType=fund&fileName=EWT_holdings&fileType=csv,,high
H,HYATT HOTELS CORP CLASS A,United States,Consumer Discretionary,H,NYSE,,0.01,EWT,https://www.ishares.com/us/products/239724/ishares-msci-taiwan-etf/1467271812596.ajax?dataType=fund&fileName=EWT_holdings&fileType=csv,,high
IBP,INSTALLED BUILDING PRODUCTS INC,United States,Consumer Discretionary,IBP,NYSE,,0.01,EWT,https://www.ishares.com/us/products/239724/ishares-msci-taiwan-etf/1467271812596.ajax?dataType=fund&fileName=EWT_holdings&fileType=csv,,high
JACK,JACK IN THE BOX INC,United States,Consumer Discretionary,JACK,NASDAQ,,0.0,EWT,https://www.ishares.com/us/products/239724/ishares-msci-taiwan-etf/1467271812596.ajax?dataType=fund&fileName=EWT_holdings&fileType=csv,,high
KBH,KB HOME,United States,Consumer Discretionary,KBH,NYSE,,0.01,EWT,https://www.ishares.com/us/products/239724/ishares-msci-taiwan-etf/1467271812596.ajax?dataType=fund&fileName=EWT_holdings&fileType=csv,,high
KDK,KODIAK AI INC,United States,Consumer Discretionary,KDK,NASDAQ,,0.0,EWT,https://www.ishares.com/us/products/239724/ishares-msci-taiwan-etf/1467271812596.ajax?dataType=fund&fileName=EWT_holdings&fileType=csv,,high
KSS,KOHLS CORP,United States,Consumer Discretionary,KSS,NYSE,,0.0,EWT,https://www.ishares.com/us/products/239724/ishares-msci-taiwan-etf/1467271812596.ajax?dataType=fund&fileName=EWT_holdings&fileType=csv,,high
KTB,KONTOOR BRANDS INC,United States,Consumer Discretionary,KTB,NYSE,,0.01,EWT,https://www.ishares.com/us/products/239724/ishares-msci-taiwan-etf/1467271812596.ajax?dataType=fund&fileName=EWT_holdings&fileType=csv,,high
DNUT,KRISPY KREME INC,United States,Consumer Discretionary,DNUT,NASDAQ,,0.0,EWT,https://www.ishares.com/us/products/239724/ishares-msci-taiwan-etf/1467271812596.ajax?dataType=fund&fileName=EWT_holdings&fileType=csv,,high
KRUS,KURA SUSHI USA INC,United States,Consumer Discretionary,KRUS,NASDAQ,,0.0,EWT,https://www.ishares.com/us/products/239724/ishares-msci-taiwan-etf/1467271812596.ajax?dataType=fund&fileName=EWT_holdings&fileType=csv,,high
LZB,LA-Z-BOY INC,United States,Consumer Discretionary,LZB,NYSE,,0.0,EWT,https://www.ishares.com/us/products/239724/ishares-msci-taiwan-etf/1467271812596.ajax?dataType=fund&fileName=EWT_holdings&fileType=csv,,high
LVS,LAS VEGAS SANDS CORP,United States,Consumer Discretionary,LVS,NYSE,,0.03,EWT,https://www.ishares.com/us/products/239724/ishares-msci-taiwan-etf/1467271812596.ajax?dataType=fund&fileName=EWT_holdings&fileType=csv,,high
LAUR,LAUREATE EDUCATION INC,United States,Consumer Discretionary,LAUR,NASDAQ,,0.01,EWT,https://www.ishares.com/us/products/239724/ishares-msci-taiwan-etf/1467271812596.ajax?dataType=fund&fileName=EWT_holdings&fileType=csv,,high
LCII,LCI INDUSTRIES,United States,Consumer Discretionary,LCII,NYSE,,0.0,EWT,https://www.ishares.com/us/products/239724/ishares-msci-taiwan-etf/1467271812596.ajax?dataType=fund&fileName=EWT_holdings&fileType=csv,,high
LEA,LEAR CORP,United States,Consumer Discretionary,LEA,NYSE,,0.01,EWT,https://www.ishares.com/us/products/239724/ishares-msci-taiwan-etf/1467271812596.ajax?dataType=fund&fileName=EWT_holdings&fileType=csv,,high
LEG,LEGGETT & PLATT INC,United States,Consumer Discretionary,LEG,NYSE,,0.0,EWT,https://www.ishares.com/us/products/239724/ishares-msci-taiwan-etf/1467271812596.ajax?dataType=fund&fileName=EWT_holdings&fileType=csv,,high
LEN,LENNAR A CORP CLASS A,United States,Consumer Discretionary,LEN,NYSE,,0.03,EWT,https://www.ishares.com/us/products/239724/ishares-msci-taiwan-etf/1467271812596.ajax?dataType=fund&fileName=EWT_holdings&fileType=csv,,high
LENB,LENNAR CORP CLASS B,United States,Consumer Discretionary,LENB,NYSE,,0.0,EWT,https://www.ishares.com/us/products/239724/ishares-msci-taiwan-etf/1467271812596.ajax?dataType=fund&fileName=EWT_holdings&fileType=csv,,high
LESL,LESLIES INC,United States,Consumer Discretionary,LESL,NASDAQ,,0.0,EWT,https://www.ishares.com/us/products/239724/ishares-msci-taiwan-etf/1467271812596.ajax?dataType=fund&fileName=EWT_holdings&fileType=csv,,high
LEVI,LEVI STRAUSS CLASS A,United States,Consumer Discretionary,LEVI,NYSE,,0.0,EWT,https://www.ishares.com/us/products/239724/ishares-msci-taiwan-etf/1467271812596.ajax?dataType=fund&fileName=EWT_holdings&fileType=csv,,high
LGIH,LGI HOMES INC,United States,Consumer Discretionary,LGIH,NASDAQ,,0.0,EWT,https://www.ishares.com/us/products/239724/ishares-msci-taiwan-etf/1467271812596.ajax?dataType=fund&fileName=EWT_holdings&fileType=csv,,high
LLYVA,LIBERTY LIVE HOLDINGS INC,United States,Consumer Discretionary,LLYVA,NASDAQ,,0.0,EWT,https://www.ishares.com/us/products/239724/ishares-msci-taiwan-etf/1467271812596.ajax?dataType=fund&fileName=EWT_holdings&fileType=csv,,high
LLYVK,LIBERTY LIVE HOLDINGS INC,United States,Consumer Discretionary,LLYVK,NASDAQ,,0.01,EWT,https://www.ishares.com/us/products/239724/ishares-msci-taiwan-etf/1467271812596.ajax?dataType=fund&fileName=EWT_holdings&fileType=csv,,high
LTH,LIFE TIME GROUP HOLDINGS INC,United States,Consumer Discretionary,LTH,NYSE,,0.01,EWT,https://www.ishares.com/us/products/239724/ishares-msci-taiwan-etf/1467271812596.ajax?dataType=fund&fileName=EWT_holdings&fileType=csv,,high
LINC,LINCOLN EDUCATIONAL SERVICES CORP,United States,Consumer Discretionary,LINC,NASDAQ,,0.0,EWT,https://www.ishares.com/us/products/239724/ishares-msci-taiwan-etf/1467271812596.ajax?dataType=fund&fileName=EWT_holdings&fileType=csv,,high
LIND,LINDBLAD EXPEDITIONS HOLDINGS INC,United States,Consumer Discretionary,LIND,NASDAQ,,0.0,EWT,https://www.ishares.com/us/products/239724/ishares-msci-taiwan-etf/1467271812596.ajax?dataType=fund&fileName=EWT_holdings&fileType=csv,,high
LAD,LITHIA MOTORS INC CLASS A,United States,Consumer Discretionary,LAD,NYSE,,0.01,EWT,https://www.ishares.com/us/products/239724/ishares-msci-taiwan-etf/1467271812596.ajax?dataType=fund&fileName=EWT_holdings&fileType=csv,,high
LKQ,LKQ CORP,United States,Consumer Discretionary,LKQ,NASDAQ,,0.01,EWT,https://www.ishares.com/us/products/239724/ishares-msci-taiwan-etf/1467271812596.ajax?dataType=fund&fileName=EWT_holdings&fileType=csv,,high
LOVE,LOVESAC COMPANY,United States,Consumer Discretionary,LOVE,NASDAQ,,0.0,EWT,https://www.ishares.com/us/products/239724/ishares-msci-taiwan-etf/1467271812596.ajax?dataType=fund&fileName=EWT_holdings&fileType=csv,,high
LOW,LOWES COMPANIES INC,United States,Consumer Discretionary,LOW,NYSE,,0.21,EWT,https://www.ishares.com/us/products/239724/ishares-msci-taiwan-etf/1467271812596.ajax?dataType=fund&fileName=EWT_holdings&fileType=csv,,high
LCID,LUCID GROUP INC,United States,Consumer Discretionary,LCID,NASDAQ,,0.0,EWT,https://www.ishares.com/us/products/239724/ishares-msci-taiwan-etf/1467271812596.ajax?dataType=fund&fileName=EWT_holdings&fileType=csv,,high
LUCK,LUCKY STRIKE ENTERTAINMENT CORP CL,United States,Consumer Discretionary,LUCK,NYSE,,0.0,EWT,https://www.ishares.com/us/products/239724/ishares-msci-taiwan-etf/1467271812596.ajax?dataType=fund&fileName=EWT_holdings&fileType=csv,,high
LULU,LULULEMON ATHLETICA INC,United States,Consumer Discretionary,LULU,NASDAQ,,0.03,EWT,https://www.ishares.com/us/products/239724/ishares-msci-taiwan-etf/1467271812596.ajax?dataType=fund&fileName=EWT_holdings&fileType=csv,,high
MHO,M I HOMES INC,United States,Consumer Discretionary,MHO,NYSE,,0.01,EWT,https://www.ishares.com/us/products/239724/ishares-msci-taiwan-etf/1467271812596.ajax?dataType=fund&fileName=EWT_holdings&fileType=csv,,high
M,MACYS INC,United States,Consumer Discretionary,M,NYSE,,0.01,EWT,https://www.ishares.com/us/products/239724/ishares-msci-taiwan-etf/1467271812596.ajax?dataType=fund&fileName=EWT_holdings&fileType=csv,,high
MBUU,MALIBU BOATS CLASS A INC,United States,Consumer Discretionary,MBUU,NASDAQ,,0.0,EWT,https://www.ishares.com/us/products/239724/ishares-msci-taiwan-etf/1467271812596.ajax?dataType=fund&fileName=EWT_holdings&fileType=csv,,high
HZO,MARINEMAX INC,United States,Consumer Discretionary,HZO,NYSE,,0.0,EWT,https://www.ishares.com/us/products/239724/ishares-msci-taiwan-etf/1467271812596.ajax?dataType=fund&fileName=EWT_holdings&fileType=csv,,high
MAR,MARRIOTT INTERNATIONAL INC CLASS A,United States,Consumer Discretionary,MAR,NASDAQ,,0.11,EWT,https://www.ishares.com/us/products/239724/ishares-msci-taiwan-etf/1467271812596.ajax?dataType=fund&fileName=EWT_holdings&fileType=csv,,high
VAC,MARRIOTT VACATIONS WORLDWIDE CORP,United States,Consumer Discretionary,VAC,NYSE,,0.0,EWT,https://www.ishares.com/us/products/239724/ishares-msci-taiwan-etf/1467271812596.ajax?dataType=fund&fileName=EWT_holdings&fileType=csv,,high
MCFT,MASTERCRAFT BOAT HOLDINGS INC,United States,Consumer Discretionary,MCFT,NASDAQ,,0.0,EWT,https://www.ishares.com/us/products/239724/ishares-msci-taiwan-etf/1467271812596.ajax?dataType=fund&fileName=EWT_holdings&fileType=csv,,high
MAT,MATTEL INC,United States,Consumer Discretionary,MAT,NASDAQ,,0.01,EWT,https://www.ishares.com/us/products/239724/ishares-msci-taiwan-etf/1467271812596.ajax?dataType=fund&fileName=EWT_holdings&fileType=csv,,high
MATW,MATTHEWS INTERNATIONAL CORP CLASS,United States,Consumer Discretionary,MATW,NASDAQ,,0.0,EWT,https://www.ishares.com/us/products/239724/ishares-msci-taiwan-etf/1467271812596.ajax?dataType=fund&fileName=EWT_holdings&fileType=csv,,high
MCD,MCDONALDS CORP,United States,Consumer Discretionary,MCD,NYSE,,0.36,EWT,https://www.ishares.com/us/products/239724/ishares-msci-taiwan-etf/1467271812596.ajax?dataType=fund&fileName=EWT_holdings&fileType=csv,,high
MH,MCGRAW HILL INC,United States,Consumer Discretionary,MH,NYSE,,0.0,EWT,https://www.ishares.com/us/products/239724/ishares-msci-taiwan-etf/1467271812596.ajax?dataType=fund&fileName=EWT_holdings&fileType=csv,,high
MTH,MERITAGE CORP,United States,Consumer Discretionary,MTH,NYSE,,0.01,EWT,https://www.ishares.com/us/products/239724/ishares-msci-taiwan-etf/1467271812596.ajax?dataType=fund&fileName=EWT_holdings&fileType=csv,,high
MGM,MGM RESORTS INTERNATIONAL,United States,Consumer Discretionary,MGM,NYSE,,0.01,EWT,https://www.ishares.com/us/products/239724/ishares-msci-taiwan-etf/1467271812596.ajax?dataType=fund&fileName=EWT_holdings&fileType=csv,,high
MCW,MISTER CAR WASH INC,United States,Consumer Discretionary,MCW,NASDAQ,,0.0,EWT,https://www.ishares.com/us/products/239724/ishares-msci-taiwan-etf/1467271812596.ajax?dataType=fund&fileName=EWT_holdings&fileType=csv,,high
MBLY,MOBILEYE GLOBAL INC CLASS A,United States,Consumer Discretionary,MBLY,NASDAQ,,0.0,EWT,https://www.ishares.com/us/products/239724/ishares-msci-taiwan-etf/1467271812596.ajax?dataType=fund&fileName=EWT_holdings&fileType=csv,,high
MHK,MOHAWK INDUSTRIES INC,United States,Consumer Discretionary,MHK,NYSE,,0.01,EWT,https://www.ishares.com/us/products/239724/ishares-msci-taiwan-etf/1467271812596.ajax?dataType=fund&fileName=EWT_holdings&fileType=csv,,high
MCRI,MONARCH CASINO AND RESORT INC,United States,Consumer Discretionary,MCRI,NASDAQ,,0.0,EWT,https://www.ishares.com/us/products/239724/ishares-msci-taiwan-etf/1467271812596.ajax?dataType=fund&fileName=EWT_holdings&fileType=csv,,high
MNRO,MONRO INC,United States,Consumer Discretionary,MNRO,NASDAQ,,0.0,EWT,https://www.ishares.com/us/products/239724/ishares-msci-taiwan-etf/1467271812596.ajax?dataType=fund&fileName=EWT_holdings&fileType=csv,,high
MOV,MOVADO GROUP INC,United States,Consumer Discretionary,MOV,NYSE,,0.0,EWT,https://www.ishares.com/us/products/239724/ishares-msci-taiwan-etf/1467271812596.ajax?dataType=fund&fileName=EWT_holdings&fileType=csv,,high
MUSA,MURPHY USA INC,United States,Consumer Discretionary,MUSA,NYSE,,0.01,EWT,https://www.ishares.com/us/products/239724/ishares-msci-taiwan-etf/1467271812596.ajax?dataType=fund&fileName=EWT_holdings&fileType=csv,,high
EYE,NATIONAL VISION HOLDINGS INC,United States,Consumer Discretionary,EYE,NASDAQ,,0.0,EWT,https://www.ishares.com/us/products/239724/ishares-msci-taiwan-etf/1467271812596.ajax?dataType=fund&fileName=EWT_holdings&fileType=csv,,high
NAVN,NAVAN INC CLASS A,United States,Consumer Discretionary,NAVN,NASDAQ,,0.0,EWT,https://www.ishares.com/us/products/239724/ishares-msci-taiwan-etf/1467271812596.ajax?dataType=fund&fileName=EWT_holdings&fileType=csv,,high
NWL,NEWELL BRANDS INC,United States,Consumer Discretionary,NWL,NASDAQ,,0.0,EWT,https://www.ishares.com/us/products/239724/ishares-msci-taiwan-etf/1467271812596.ajax?dataType=fund&fileName=EWT_holdings&fileType=csv,,high
NKE,NIKE INC CLASS B,United States,Consumer Discretionary,NKE,NYSE,,0.1,EWT,https://www.ishares.com/us/products/239724/ishares-msci-taiwan-etf/1467271812596.ajax?dataType=fund&fileName=EWT_holdings&fileType=csv,,high
NCLH,NORWEGIAN CRUISE LINE HOLDINGS LTD,United States,Consumer Discretionary,NCLH,NYSE,,0.01,EWT,https://www.ishares.com/us/products/239724/ishares-msci-taiwan-etf/1467271812596.ajax?dataType=fund&fileName=EWT_holdings&fileType=csv,,high
NVR,NVR INC,United States,Consumer Discretionary,NVR,NYSE,,0.03,EWT,https://www.ishares.com/us/products/239724/ishares-msci-taiwan-etf/1467271812596.ajax?dataType=fund&fileName=EWT_holdings&fileType=csv,,high
OLLI,OLLIES BARGAIN OUTLET HOLDINGS INC,United States,Consumer Discretionary,OLLI,NASDAQ,,0.01,EWT,https://www.ishares.com/us/products/239724/ishares-msci-taiwan-etf/1467271812596.ajax?dataType=fund&fileName=EWT_holdings&fileType=csv,,high
OSW,ONESPAWORLD HOLDINGS LTD,United States,Consumer Discretionary,OSW,NASDAQ,,0.0,EWT,https://www.ishares.com/us/products/239724/ishares-msci-taiwan-etf/1467271812596.ajax?dataType=fund&fileName=EWT_holdings&fileType=csv,,high
ORLY,OREILLY AUTOMOTIVE INC,United States,Consumer Discretionary,ORLY,NASDAQ,,0.12,EWT,https://www.ishares.com/us/products/239724/ishares-msci-taiwan-etf/1467271812596.ajax?dataType=fund&fileName=EWT_holdings&fileType=csv,,high
OXM,OXFORD INDUSTRIES INC,United States,Consumer Discretionary,OXM,NYSE,,0.0,EWT,https://www.ishares.com/us/products/239724/ishares-msci-taiwan-etf/1467271812596.ajax?dataType=fund&fileName=EWT_holdings&fileType=csv,,high
PZZA,PAPA JOHNS INTERNATIONAL INC,United States,Consumer Discretionary,PZZA,NASDAQ,,0.0,EWT,https://www.ishares.com/us/products/239724/ishares-msci-taiwan-etf/1467271812596.ajax?dataType=fund&fileName=EWT_holdings&fileType=csv,,high
PATK,PATRICK INDUSTRIES INC,United States,Consumer Discretionary,PATK,NASDAQ,,0.01,EWT,https://www.ishares.com/us/products/239724/ishares-msci-taiwan-etf/1467271812596.ajax?dataType=fund&fileName=EWT_holdings&fileType=csv,,high
PTON,PELOTON INTERACTIVE CLASS A INC,United States,Consumer Discretionary,PTON,NASDAQ,,0.0,EWT,https://www.ishares.com/us/products/239724/ishares-msci-taiwan-etf/1467271812596.ajax?dataType=fund&fileName=EWT_holdings&fileType=csv,,high
PENN,PENN ENTERTAINMENT INC,United States,Consumer Discretionary,PENN,NASDAQ,,0.0,EWT,https://www.ishares.com/us/products/239724/ishares-msci-taiwan-etf/1467271812596.ajax?dataType=fund&fileName=EWT_holdings&fileType=csv,,high
PAG,PENSKE AUTOMOTIVE GROUP VOTING INC,United States,Consumer Discretionary,PAG,NYSE,,0.0,EWT,https://www.ishares.com/us/products/239724/ishares-msci-taiwan-etf/1467271812596.ajax?dataType=fund&fileName=EWT_holdings&fileType=csv,,high
PRDO,PERDOCEO EDUCATION CORP,United States,Consumer Discretionary,PRDO,NASDAQ,,0.0,EWT,https://www.ishares.com/us/products/239724/ishares-msci-taiwan-etf/1467271812596.ajax?dataType=fund&fileName=EWT_holdings&fileType=csv,,high
WOOF,PETCO HEALTH AND WELLNESS COMPANY,United States,Consumer Discretionary,WOOF,NASDAQ,,0.0,EWT,https://www.ishares.com/us/products/239724/ishares-msci-taiwan-etf/1467271812596.ajax?dataType=fund&fileName=EWT_holdings&fileType=csv,,high
PETS,PETMED EXPRESS INC,United States,Consumer Discretionary,PETS,NASDAQ,,0.0,EWT,https://www.ishares.com/us/products/239724/ishares-msci-taiwan-etf/1467271812596.ajax?dataType=fund&fileName=EWT_holdings&fileType=csv,,high
PHIN,PHINIA INC,United States,Consumer Discretionary,PHIN,NYSE,,0.0,EWT,https://www.ishares.com/us/products/239724/ishares-msci-taiwan-etf/1467271812596.ajax?dataType=fund&fileName=EWT_holdings&fileType=csv,,high
PLNT,PLANET FITNESS INC CLASS A,United States,Consumer Discretionary,PLNT,NYSE,,0.01,EWT,https://www.ishares.com/us/products/239724/ishares-msci-taiwan-etf/1467271812596.ajax?dataType=fund&fileName=EWT_holdings&fileType=csv,,high
PII,POLARIS INC,United States,Consumer Discretionary,PII,NYSE,,0.0,EWT,https://www.ishares.com/us/products/239724/ishares-msci-taiwan-etf/1467271812596.ajax?dataType=fund&fileName=EWT_holdings&fileType=csv,,high
POOL,POOL CORP,United States,Consumer Discretionary,POOL,NASDAQ,,0.01,EWT,https://www.ishares.com/us/products/239724/ishares-msci-taiwan-etf/1467271812596.ajax?dataType=fund&fileName=EWT_holdings&fileType=csv,,high
PTLO,PORTILLO S INC CLASS A,United States,Consumer Discretionary,PTLO,NASDAQ,,0.0,EWT,https://www.ishares.com/us/products/239724/ishares-msci-taiwan-etf/1467271812596.ajax?dataType=fund&fileName=EWT_holdings&fileType=csv,,high
PHM,PULTEGROUP INC,United States,Consumer Discretionary,PHM,NYSE,,0.04,EWT,https://www.ishares.com/us/products/239724/ishares-msci-taiwan-etf/1467271812596.ajax?dataType=fund&fileName=EWT_holdings&fileType=csv,,high
PRSU,PURSUIT ATTRACTIONS AND HOSPITALIT,United States,Consumer Discretionary,PRSU,NYSE,,0.0,EWT,https://www.ishares.com/us/products/239724/ishares-msci-taiwan-etf/1467271812596.ajax?dataType=fund&fileName=EWT_holdings&fileType=csv,,high
PVH,PVH CORP,United States,Consumer Discretionary,PVH,NYSE,,0.0,EWT,https://www.ishares.com/us/products/239724/ishares-msci-taiwan-etf/1467271812596.ajax?dataType=fund&fileName=EWT_holdings&fileType=csv,,high
QS,QUANTUMSCAPE CORP CLASS A,United States,Consumer Discretionary,QS,NASDAQ,,0.0,EWT,https://www.ishares.com/us/products/239724/ishares-msci-taiwan-etf/1467271812596.ajax?dataType=fund&fileName=EWT_holdings&fileType=csv,,high
RL,RALPH LAUREN CORP CLASS A,United States,Consumer Discretionary,RL,NYSE,,0.02,EWT,https://www.ishares.com/us/products/239724/ishares-msci-taiwan-etf/1467271812596.ajax?dataType=fund&fileName=EWT_holdings&fileType=csv,,high
RICK,RCI HOSPITALITY HOLDINGS INC,United States,Consumer Discretionary,RICK,NASDAQ,,0.0,EWT,https://www.ishares.com/us/products/239724/ishares-msci-taiwan-etf/1467271812596.ajax?dataType=fund&fileName=EWT_holdings&fileType=csv,,high
RRR,RED ROCK RESORTS ORS CLASS A INC,United States,Consumer Discretionary,RRR,NASDAQ,,0.0,EWT,https://www.ishares.com/us/products/239724/ishares-msci-taiwan-etf/1467271812596.ajax?dataType=fund&fileName=EWT_holdings&fileType=csv,,high
RVLV,REVOLVE GROUP CLASS A INC,United States,Consumer Discretionary,RVLV,NYSE,,0.0,EWT,https://www.ishares.com/us/products/239724/ishares-msci-taiwan-etf/1467271812596.ajax?dataType=fund&fileName=EWT_holdings&fileType=csv,,high
RH,RH,United States,Consumer Discretionary,RH,NYSE,,0.0,EWT,https://www.ishares.com/us/products/239724/ishares-msci-taiwan-etf/1467271812596.ajax?dataType=fund&fileName=EWT_holdings&fileType=csv,,high
RIVN,RIVIAN AUTOMOTIVE INC CLASS A,United States,Consumer Discretionary,RIVN,NASDAQ,,0.02,EWT,https://www.ishares.com/us/products/239724/ishares-msci-taiwan-etf/1467271812596.ajax?dataType=fund&fileName=EWT_holdings&fileType=csv,,high
ROST,ROSS STORES INC,United States,Consumer Discretionary,ROST,NASDAQ,,0.11,EWT,https://www.ishares.com/us/products/239724/ishares-msci-taiwan-etf/1467271812596.ajax?dataType=fund&fileName=EWT_holdings&fileType=csv,,high
RCL,ROYAL CARIBBEAN GROUP LTD,United States,Consumer Discretionary,RCL,NYSE,,0.11,EWT,https://www.ishares.com/us/products/239724/ishares-msci-taiwan-etf/1467271812596.ajax?dataType=fund&fileName=EWT_holdings&fileType=csv,,high
RSI,RUSH STREET INTERACTIVE INC CLASS,United States,Consumer Discretionary,RSI,NYSE,,0.0,EWT,https://www.ishares.com/us/products/239724/ishares-msci-taiwan-etf/1467271812596.ajax?dataType=fund&fileName=EWT_holdings&fileType=csv,,high
SABR,SABRE CORP,United States,Consumer Discretionary,SABR,NASDAQ,,0.0,EWT,https://www.ishares.com/us/products/239724/ishares-msci-taiwan-etf/1467271812596.ajax?dataType=fund&fileName=EWT_holdings&fileType=csv,,high
SBH,SALLY BEAUTY HOLDINGS INC,United States,Consumer Discretionary,SBH,NYSE,,0.0,EWT,https://www.ishares.com/us/products/239724/ishares-msci-taiwan-etf/1467271812596.ajax?dataType=fund&fileName=EWT_holdings&fileType=csv,,high
SVV,SAVERS VALUE VILLAGE INC,United States,Consumer Discretionary,SVV,NYSE,,0.0,EWT,https://www.ishares.com/us/products/239724/ishares-msci-taiwan-etf/1467271812596.ajax?dataType=fund&fileName=EWT_holdings&fileType=csv,,high
SERV,SERVE ROBOTICS INC,United States,Consumer Discretionary,SERV,NASDAQ,,0.0,EWT,https://www.ishares.com/us/products/239724/ishares-msci-taiwan-etf/1467271812596.ajax?dataType=fund&fileName=EWT_holdings&fileType=csv,,high
SCI,SERVICE,United States,Consumer Discretionary,SCI,NYSE,,0.02,EWT,https://www.ishares.com/us/products/239724/ishares-msci-taiwan-etf/1467271812596.ajax?dataType=fund&fileName=EWT_holdings&fileType=csv,,high
SHAK,SHAKE SHACK INC CLASS A,United States,Consumer Discretionary,SHAK,NYSE,,0.01,EWT,https://www.ishares.com/us/products/239724/ishares-msci-taiwan-etf/1467271812596.ajax?dataType=fund&fileName=EWT_holdings&fileType=csv,,high
SBET,SHARPLINK INC,United States,Consumer Discretionary,SBET,NASDAQ,,0.0,EWT,https://www.ishares.com/us/products/239724/ishares-msci-taiwan-etf/1467271812596.ajax?dataType=fund&fileName=EWT_holdings&fileType=csv,,high
SCVL,SHOE CARNIVAL INC,United States,Consumer Discretionary,SCVL,NASDAQ,,0.0,EWT,https://www.ishares.com/us/products/239724/ishares-msci-taiwan-etf/1467271812596.ajax?dataType=fund&fileName=EWT_holdings&fileType=csv,,high
SIG,SIGNET JEWELERS LTD,United States,Consumer Discretionary,SIG,NYSE,,0.01,EWT,https://www.ishares.com/us/products/239724/ishares-msci-taiwan-etf/1467271812596.ajax?dataType=fund&fileName=EWT_holdings&fileType=csv,,high
FUN,SIX FLAGS ENTERTAINMENT CORP,United States,Consumer Discretionary,FUN,NYSE,,0.0,EWT,https://www.ishares.com/us/products/239724/ishares-msci-taiwan-etf/1467271812596.ajax?dataType=fund&fileName=EWT_holdings&fileType=csv,,high
SWBI,SMITH WESSON BRANDS INC,United States,Consumer Discretionary,SWBI,NASDAQ,,0.0,EWT,https://www.ishares.com/us/products/239724/ishares-msci-taiwan-etf/1467271812596.ajax?dataType=fund&fileName=EWT_holdings&fileType=csv,,high
SLDP,SOLID POWER INC CLASS A,United States,Consumer Discretionary,SLDP,NASDAQ,,0.0,EWT,https://www.ishares.com/us/products/239724/ishares-msci-taiwan-etf/1467271812596.ajax?dataType=fund&fileName=EWT_holdings&fileType=csv,,high
SGI,SOMNIGROUP INTERNATIONAL INC,United States,Consumer Discretionary,SGI,NYSE,,0.03,EWT,https://www.ishares.com/us/products/239724/ishares-msci-taiwan-etf/1467271812596.ajax?dataType=fund&fileName=EWT_holdings&fileType=csv,,high
SAH,SONIC AUTOMOTIVE INC CLASS A,United States,Consumer Discretionary,SAH,NYSE,,0.0,EWT,https://www.ishares.com/us/products/239724/ishares-msci-taiwan-etf/1467271812596.ajax?dataType=fund&fileName=EWT_holdings&fileType=csv,,high
SONO,SONOS INC,United States,Consumer Discretionary,SONO,NASDAQ,,0.0,EWT,https://www.ishares.com/us/products/239724/ishares-msci-taiwan-etf/1467271812596.ajax?dataType=fund&fileName=EWT_holdings&fileType=csv,,high
SMP,STANDARD MOTOR PRODUCTS INC,United States,Consumer Discretionary,SMP,NYSE,,0.0,EWT,https://www.ishares.com/us/products/239724/ishares-msci-taiwan-etf/1467271812596.ajax?dataType=fund&fileName=EWT_holdings&fileType=csv,,high
SBUX,STARBUCKS CORP,United States,Consumer Discretionary,SBUX,NASDAQ,,0.17,EWT,https://www.ishares.com/us/products/239724/ishares-msci-taiwan-etf/1467271812596.ajax?dataType=fund&fileName=EWT_holdings&fileType=csv,,high
SHOO,STEVEN MADDEN LTD,United States,Consumer Discretionary,SHOO,NASDAQ,,0.0,EWT,https://www.ishares.com/us/products/239724/ishares-msci-taiwan-etf/1467271812596.ajax?dataType=fund&fileName=EWT_holdings&fileType=csv,,high
SFIX,STITCH FIX INC CLASS A,United States,Consumer Discretionary,SFIX,NASDAQ,,0.0,EWT,https://www.ishares.com/us/products/239724/ishares-msci-taiwan-etf/1467271812596.ajax?dataType=fund&fileName=EWT_holdings&fileType=csv,,high
STRA,STRATEGIC EDUCATION INC,United States,Consumer Discretionary,STRA,NASDAQ,,0.0,EWT,https://www.ishares.com/us/products/239724/ishares-msci-taiwan-etf/1467271812596.ajax?dataType=fund&fileName=EWT_holdings&fileType=csv,,high
LRN,STRIDE INC,United States,Consumer Discretionary,LRN,NYSE,,0.01,EWT,https://www.ishares.com/us/products/239724/ishares-msci-taiwan-etf/1467271812596.ajax?dataType=fund&fileName=EWT_holdings&fileType=csv,,high
RGR,STURM RUGER INC,United States,Consumer Discretionary,RGR,NYSE,,0.0,EWT,https://www.ishares.com/us/products/239724/ishares-msci-taiwan-etf/1467271812596.ajax?dataType=fund&fileName=EWT_holdings&fileType=csv,,high
SG,SWEETGREEN INC CLASS A,United States,Consumer Discretionary,SG,NYSE,,0.0,EWT,https://www.ishares.com/us/products/239724/ishares-msci-taiwan-etf/1467271812596.ajax?dataType=fund&fileName=EWT_holdings&fileType=csv,,high
TPR,TAPESTRY INC,United States,Consumer Discretionary,TPR,NYSE,,0.05,EWT,https://www.ishares.com/us/products/239724/ishares-msci-taiwan-etf/1467271812596.ajax?dataType=fund&fileName=EWT_holdings&fileType=csv,,high
TMHC,TAYLOR MORRISON HOME CORP,United States,Consumer Discretionary,TMHC,NYSE,,0.01,EWT,https://www.ishares.com/us/products/239724/ishares-msci-taiwan-etf/1467271812596.ajax?dataType=fund&fileName=EWT_holdings&fileType=csv,,high
TSLA,TESLA INC,United States,Consumer Discretionary,TSLA,NASDAQ,,1.7,EWT,https://www.ishares.com/us/products/239724/ishares-msci-taiwan-etf/1467271812596.ajax?dataType=fund&fileName=EWT_holdings&fileType=csv,,high
TXRH,TEXAS ROADHOUSE INC,United States,Consumer Discretionary,TXRH,NASDAQ,,0.02,EWT,https://www.ishares.com/us/products/239724/ishares-msci-taiwan-etf/1467271812596.ajax?dataType=fund&fileName=EWT_holdings&fileType=csv,,high
REAL,THE REALREAL INC,United States,Consumer Discretionary,REAL,NASDAQ,,0.0,EWT,https://www.ishares.com/us/products/239724/ishares-msci-taiwan-etf/1467271812596.ajax?dataType=fund&fileName=EWT_holdings&fileType=csv,,high
THO,THOR INDUSTRIES INC,United States,Consumer Discretionary,THO,NYSE,,0.01,EWT,https://www.ishares.com/us/products/239724/ishares-msci-taiwan-etf/1467271812596.ajax?dataType=fund&fileName=EWT_holdings&fileType=csv,,high
TDUP,THREDUP INC CLASS A,United States,Consumer Discretionary,TDUP,NASDAQ,,0.0,EWT,https://www.ishares.com/us/products/239724/ishares-msci-taiwan-etf/1467271812596.ajax?dataType=fund&fileName=EWT_holdings&fileType=csv,,high
TJX,TJX INC,United States,Consumer Discretionary,TJX,NYSE,,0.27,EWT,https://www.ishares.com/us/products/239724/ishares-msci-taiwan-etf/1467271812596.ajax?dataType=fund&fileName=EWT_holdings&fileType=csv,,high
TOL,TOLL BROTHERS INC,United States,Consumer Discretionary,TOL,NYSE,,0.02,EWT,https://www.ishares.com/us/products/239724/ishares-msci-taiwan-etf/1467271812596.ajax?dataType=fund&fileName=EWT_holdings&fileType=csv,,high
BLD,TOPBUILD CORP,United States,Consumer Discretionary,BLD,NYSE,,0.02,EWT,https://www.ishares.com/us/products/239724/ishares-msci-taiwan-etf/1467271812596.ajax?dataType=fund&fileName=EWT_holdings&fileType=csv,,high
TSCO,TRACTOR SUPPLY,United States,Consumer Discretionary,TSCO,NASDAQ,,0.04,EWT,https://www.ishares.com/us/products/239724/ishares-msci-taiwan-etf/1467271812596.ajax?dataType=fund&fileName=EWT_holdings&fileType=csv,,high
TNL,TRAVEL LEISURE,United States,Consumer Discretionary,TNL,NYSE,,0.01,EWT,https://www.ishares.com/us/products/239724/ishares-msci-taiwan-etf/1467271812596.ajax?dataType=fund&fileName=EWT_holdings&fileType=csv,,high
TPH,TRI POINTE HOMES INC,United States,Consumer Discretionary,TPH,NYSE,,0.01,EWT,https://www.ishares.com/us/products/239724/ishares-msci-taiwan-etf/1467271812596.ajax?dataType=fund&fileName=EWT_holdings&fileType=csv,,high
UDMY,UDEMY INC,United States,Consumer Discretionary,UDMY,NASDAQ,,0.0,EWT,https://www.ishares.com/us/products/239724/ishares-msci-taiwan-etf/1467271812596.ajax?dataType=fund&fileName=EWT_holdings&fileType=csv,,high
ULTA,ULTA BEAUTY INC,United States,Consumer Discretionary,ULTA,NASDAQ,,0.04,EWT,https://www.ishares.com/us/products/239724/ishares-msci-taiwan-etf/1467271812596.ajax?dataType=fund&fileName=EWT_holdings&fileType=csv,,high
UAA,UNDER ARMOUR INC CLASS A,United States,Consumer Discretionary,UAA,NYSE,,0.0,EWT,https://www.ishares.com/us/products/239724/ishares-msci-taiwan-etf/1467271812596.ajax?dataType=fund&fileName=EWT_holdings&fileType=csv,,high
UA,UNDER ARMOUR INC CLASS C,United States,Consumer Discretionary,UA,NYSE,,0.0,EWT,https://www.ishares.com/us/products/239724/ishares-msci-taiwan-etf/1467271812596.ajax?dataType=fund&fileName=EWT_holdings&fileType=csv,,high
PRKS,UNITED PARKS AND RESORTS INC,United States,Consumer Discretionary,PRKS,NYSE,,0.0,EWT,https://www.ishares.com/us/products/239724/ishares-msci-taiwan-etf/1467271812596.ajax?dataType=fund&fileName=EWT_holdings&fileType=csv,,high
UTI,UNIVERSAL TECHNICAL INSTITUTE INC,United States,Consumer Discretionary,UTI,NYSE,,0.0,EWT,https://www.ishares.com/us/products/239724/ishares-msci-taiwan-etf/1467271812596.ajax?dataType=fund&fileName=EWT_holdings&fileType=csv,,high
UPBD,UPBOUND GROUP INC,United States,Consumer Discretionary,UPBD,NASDAQ,,0.0,EWT,https://www.ishares.com/us/products/239724/ishares-msci-taiwan-etf/1467271812596.ajax?dataType=fund&fileName=EWT_holdings&fileType=csv,,high
URBN,URBAN OUTFITTERS INC,United States,Consumer Discretionary,URBN,NASDAQ,,0.01,EWT,https://www.ishares.com/us/products/239724/ishares-msci-taiwan-etf/1467271812596.ajax?dataType=fund&fileName=EWT_holdings&fileType=csv,,high
MTN,VAIL RESORTS INC,United States,Consumer Discretionary,MTN,NYSE,,0.01,EWT,https://www.ishares.com/us/products/239724/ishares-msci-taiwan-etf/1467271812596.ajax?dataType=fund&fileName=EWT_holdings&fileType=csv,,high
VVV,VALVOLINE INC,United States,Consumer Discretionary,VVV,NYSE,,0.01,EWT,https://www.ishares.com/us/products/239724/ishares-msci-taiwan-etf/1467271812596.ajax?dataType=fund&fileName=EWT_holdings&fileType=csv,,high
VFC,VF CORP,United States,Consumer Discretionary,VFC,NYSE,,0.01,EWT,https://www.ishares.com/us/products/239724/ishares-msci-taiwan-etf/1467271812596.ajax?dataType=fund&fileName=EWT_holdings&fileType=csv,,high
VSCO,VICTORIA S SECRET,United States,Consumer Discretionary,VSCO,NYSE,,0.01,EWT,https://www.ishares.com/us/products/239724/ishares-msci-taiwan-etf/1467271812596.ajax?dataType=fund&fileName=EWT_holdings&fileType=csv,,high
VC,VISTEON CORP,United States,Consumer Discretionary,VC,NASDAQ,,0.0,EWT,https://www.ishares.com/us/products/239724/ishares-msci-taiwan-etf/1467271812596.ajax?dataType=fund&fileName=EWT_holdings&fileType=csv,,high
WRBY,WARBY PARKER INC CLASS A,United States,Consumer Discretionary,WRBY,NYSE,,0.0,EWT,https://www.ishares.com/us/products/239724/ishares-msci-taiwan-etf/1467271812596.ajax?dataType=fund&fileName=EWT_holdings&fileType=csv,,high
W,WAYFAIR INC CLASS A,United States,Consumer Discretionary,W,NYSE,,0.01,EWT,https://www.ishares.com/us/products/239724/ishares-msci-taiwan-etf/1467271812596.ajax?dataType=fund&fileName=EWT_holdings&fileType=csv,,high
WEN,WENDYS,United States,Consumer Discretionary,WEN,NASDAQ,,0.0,EWT,https://www.ishares.com/us/products/239724/ishares-msci-taiwan-etf/1467271812596.ajax?dataType=fund&fileName=EWT_holdings&fileType=csv,,high
WHR,WHIRLPOOL CORP,United States,Consumer Discretionary,WHR,NYSE,,0.01,EWT,https://www.ishares.com/us/products/239724/ishares-msci-taiwan-etf/1467271812596.ajax?dataType=fund&fileName=EWT_holdings&fileType=csv,,high
WSM,WILLIAMS SONOMA INC,United States,Consumer Discretionary,WSM,NYSE,,0.03,EWT,https://www.ishares.com/us/products/239724/ishares-msci-taiwan-etf/1467271812596.ajax?dataType=fund&fileName=EWT_holdings&fileType=csv,,high
WING,WINGSTOP INC,United States,Consumer Discretionary,WING,NASDAQ,,0.01,EWT,https://www.ishares.com/us/products/239724/ishares-msci-taiwan-etf/1467271812596.ajax?dataType=fund&fileName=EWT_holdings&fileType=csv,,high
WINA,WINMARK CORP,United States,Consumer Discretionary,WINA,NASDAQ,,0.0,EWT,https://www.ishares.com/us/products/239724/ishares-msci-taiwan-etf/1467271812596.ajax?dataType=fund&fileName=EWT_holdings&fileType=csv,,high
WGO,WINNEBAGO INDUSTRIES INC,United States,Consumer Discretionary,WGO,NYSE,,0.0,EWT,https://www.ishares.com/us/products/239724/ishares-msci-taiwan-etf/1467271812596.ajax?dataType=fund&fileName=EWT_holdings&fileType=csv,,high
WWW,WOLVERINE WORLD WIDE INC,United States,Consumer Discretionary,WWW,NYSE,,0.0,EWT,https://www.ishares.com/us/products/239724/ishares-msci-taiwan-etf/1467271812596.ajax?dataType=fund&fileName=EWT_holdings&fileType=csv,,high
WH,WYNDHAM HOTELS RESORTS INC,United States,Consumer Discretionary,WH,NYSE,,0.01,EWT,https://www.ishares.com/us/products/239724/ishares-msci-taiwan-etf/1467271812596.ajax?dataType=fund&fileName=EWT_holdings&fileType=csv,,high
WYNN,WYNN RESORTS LTD,United States,Consumer Discretionary,WYNN,NASDAQ,,0.01,EWT,https://www.ishares.com/us/products/239724/ishares-msci-taiwan-etf/1467271812596.ajax?dataType=fund&fileName=EWT_holdings&fileType=csv,,high
XPEL,XPEL INC,United States,Consumer Discretionary,XPEL,NASDAQ,,0.0,EWT,https://www.ishares.com/us/products/239724/ishares-msci-taiwan-etf/1467271812596.ajax?dataType=fund&fileName=EWT_holdings&fileType=csv,,high
YETI,YETI HOLDINGS INC,United States,Consumer Discretionary,YETI,NYSE,,0.01,EWT,https://www.ishares.com/us/products/239724/ishares-msci-taiwan-etf/1467271812596.ajax?dataType=fund&fileName=EWT_holdings&fileType=csv,,high
YUM,YUM BRANDS INC,United States,Consumer Discretionary,YUM,NYSE,,0.07,EWT,https://www.ishares.com/us/products/239724/ishares-msci-taiwan-etf/1467271812596.ajax?dataType=fund&fileName=EWT_holdings&fileType=csv,,high
ACI,ALBERTSONS COMPANY INC CLASS A,United States,Consumer Staples,ACI,NYSE,,0.01,EWT,https://www.ishares.com/us/products/239724/ishares-msci-taiwan-etf/1467271812596.ajax?dataType=fund&fileName=EWT_holdings&fileType=csv,,high
ALCO,ALICO INC,United States,Consumer Staples,ALCO,NASDAQ,,0.0,EWT,https://www.ishares.com/us/products/239724/ishares-msci-taiwan-etf/1467271812596.ajax?dataType=fund&fileName=EWT_holdings&fileType=csv,,high
MO,ALTRIA GROUP INC,United States,Consumer Staples,MO,NYSE,,0.17,EWT,https://www.ishares.com/us/products/239724/ishares-msci-taiwan-etf/1467271812596.ajax?dataType=fund&fileName=EWT_holdings&fileType=csv,,high
ANDE,ANDERSONS INC,United States,Consumer Staples,ANDE,NASDAQ,,0.0,EWT,https://www.ishares.com/us/products/239724/ishares-msci-taiwan-etf/1467271812596.ajax?dataType=fund&fileName=EWT_holdings&fileType=csv,,high
ADM,ARCHER DANIELS MIDLAND,United States,Consumer Staples,ADM,NYSE,,0.05,EWT,https://www.ishares.com/us/products/239724/ishares-msci-taiwan-etf/1467271812596.ajax?dataType=fund&fileName=EWT_holdings&fileType=csv,,high
BGS,B AND G FOODS INC,United States,Consumer Staples,BGS,NYSE,,0.0,EWT,https://www.ishares.com/us/products/239724/ishares-msci-taiwan-etf/1467271812596.ajax?dataType=fund&fileName=EWT_holdings&fileType=csv,,high
BRBR,BELLRING BRANDS INC,United States,Consumer Staples,BRBR,NYSE,,0.0,EWT,https://www.ishares.com/us/products/239724/ishares-msci-taiwan-etf/1467271812596.ajax?dataType=fund&fileName=EWT_holdings&fileType=csv,,high
BYND,BEYOND MEAT INC,United States,Consumer Staples,BYND,NASDAQ,,0.0,EWT,https://www.ishares.com/us/products/239724/ishares-msci-taiwan-etf/1467271812596.ajax?dataType=fund&fileName=EWT_holdings&fileType=csv,,high
BJ,BJS WHOLESALE CLUB HOLDINGS INC,United States,Consumer Staples,BJ,NYSE,,0.02,EWT,https://www.ishares.com/us/products/239724/ishares-msci-taiwan-etf/1467271812596.ajax?dataType=fund&fileName=EWT_holdings&fileType=csv,,high
SAM,BOSTON BEER INC CLASS A,United States,Consumer Staples,SAM,NYSE,,0.0,EWT,https://www.ishares.com/us/products/239724/ishares-msci-taiwan-etf/1467271812596.ajax?dataType=fund&fileName=EWT_holdings&fileType=csv,,high
BFA,BROWN FORMAN CORP CLASS A,United States,Consumer Staples,BFA,NYSE,,0.0,EWT,https://www.ishares.com/us/products/239724/ishares-msci-taiwan-etf/1467271812596.ajax?dataType=fund&fileName=EWT_holdings&fileType=csv,,high
BFB,BROWN FORMAN CORP CLASS B,United States,Consumer Staples,BFB,NYSE,,0.01,EWT,https://www.ishares.com/us/products/239724/ishares-msci-taiwan-etf/1467271812596.ajax?dataType=fund&fileName=EWT_holdings&fileType=csv,,high
BG,BUNGE GLOBAL,United States,Consumer Staples,BG,NYSE,,0.02,EWT,https://www.ishares.com/us/products/239724/ishares-msci-taiwan-etf/1467271812596.ajax?dataType=fund&fileName=EWT_holdings&fileType=csv,,high
CALM,CAL MAINE FOODS INC,United States,Consumer Staples,CALM,NASDAQ,,0.01,EWT,https://www.ishares.com/us/products/239724/ishares-msci-taiwan-etf/1467271812596.ajax?dataType=fund&fileName=EWT_holdings&fileType=csv,,high
CVGW,CALAVO GROWERS INC,United States,Consumer Staples,CVGW,NASDAQ,,0.0,EWT,https://www.ishares.com/us/products/239724/ishares-msci-taiwan-etf/1467271812596.ajax?dataType=fund&fileName=EWT_holdings&fileType=csv,,high
CPB,CAMPBELL SOUP,United States,Consumer Staples,CPB,NASDAQ,,0.01,EWT,https://www.ishares.com/us/products/239724/ishares-msci-taiwan-etf/1467271812596.ajax?dataType=fund&fileName=EWT_holdings&fileType=csv,,high
CASY,CASEYS GENERAL STORES INC,United States,Consumer Staples,CASY,NASDAQ,,0.04,EWT,https://www.ishares.com/us/products/239724/ishares-msci-taiwan-etf/1467271812596.ajax?dataType=fund&fileName=EWT_holdings&fileType=csv,,high
CELH,CELSIUS HOLDINGS INC,United States,Consumer Staples,CELH,NASDAQ,,0.01,EWT,https://www.ishares.com/us/products/239724/ishares-msci-taiwan-etf/1467271812596.ajax?dataType=fund&fileName=EWT_holdings&fileType=csv,,high
CENTA,CENTRAL GARDEN AND PET CLASS A,United States,Consumer Staples,CENTA,NASDAQ,,0.0,EWT,https://www.ishares.com/us/products/239724/ishares-msci-taiwan-etf/1467271812596.ajax?dataType=fund&fileName=EWT_holdings&fileType=csv,,high
CHEF,CHEFS WAREHOUSE INC,United States,Consumer Staples,CHEF,NASDAQ,,0.0,EWT,https://www.ishares.com/us/products/239724/ishares-msci-taiwan-etf/1467271812596.ajax?dataType=fund&fileName=EWT_holdings&fileType=csv,,high
CHD,CHURCH AND DWIGHT INC,United States,Consumer Staples,CHD,NYSE,,0.04,EWT,https://www.ishares.com/us/products/239724/ishares-msci-taiwan-etf/1467271812596.ajax?dataType=fund&fileName=EWT_holdings&fileType=csv,,high
CLX,CLOROX,United States,Consumer Staples,CLX,NYSE,,0.02,EWT,https://www.ishares.com/us/products/239724/ishares-msci-taiwan-etf/1467271812596.ajax?dataType=fund&fileName=EWT_holdings&fileType=csv,,high
COKE,COCA COLA CONSOLIDATED INC,United States,Consumer Staples,COKE,NASDAQ,,0.02,EWT,https://www.ishares.com/us/products/239724/ishares-msci-taiwan-etf/1467271812596.ajax?dataType=fund&fileName=EWT_holdings&fileType=csv,,high
KO,COCA-COLA,United States,Consumer Staples,KO,NYSE,,0.46,EWT,https://www.ishares.com/us/products/239724/ishares-msci-taiwan-etf/1467271812596.ajax?dataType=fund&fileName=EWT_holdings&fileType=csv,,high
CL,COLGATE-PALMOLIVE,United States,Consumer Staples,CL,NYSE,,0.11,EWT,https://www.ishares.com/us/products/239724/ishares-msci-taiwan-etf/1467271812596.ajax?dataType=fund&fileName=EWT_holdings&fileType=csv,,high
CAG,CONAGRA BRANDS INC,United States,Consumer Staples,CAG,NYSE,,0.01,EWT,https://www.ishares.com/us/products/239724/ishares-msci-taiwan-etf/1467271812596.ajax?dataType=fund&fileName=EWT_holdings&fileType=csv,,high
STZ,CONSTELLATION BRANDS INC CLASS A,United States,Consumer Staples,STZ,NYSE,,0.03,EWT,https://www.ishares.com/us/products/239724/ishares-msci-taiwan-etf/1467271812596.ajax?dataType=fund&fileName=EWT_holdings&fileType=csv,,high
COST,COSTCO WHOLESALE CORP,United States,Consumer Staples,COST,NASDAQ,,0.68,EWT,https://www.ishares.com/us/products/239724/ishares-msci-taiwan-etf/1467271812596.ajax?dataType=fund&fileName=EWT_holdings&fileType=csv,,high
COTY,COTY INC CLASS A,United States,Consumer Staples,COTY,NYSE,,0.0,EWT,https://www.ishares.com/us/products/239724/ishares-msci-taiwan-etf/1467271812596.ajax?dataType=fund&fileName=EWT_holdings&fileType=csv,,high
DAR,DARLING INGREDIENTS INC,United States,Consumer Staples,DAR,NYSE,,0.01,EWT,https://www.ishares.com/us/products/239724/ishares-msci-taiwan-etf/1467271812596.ajax?dataType=fund&fileName=EWT_holdings&fileType=csv,,high
DG,DOLLAR GENERAL CORP,United States,Consumer Staples,DG,NYSE,,0.05,EWT,https://www.ishares.com/us/products/239724/ishares-msci-taiwan-etf/1467271812596.ajax?dataType=fund&fileName=EWT_holdings&fileType=csv,,high
DLTR,DOLLAR TREE INC,United States,Consumer Staples,DLTR,NASDAQ,,0.03,EWT,https://www.ishares.com/us/products/239724/ishares-msci-taiwan-etf/1467271812596.ajax?dataType=fund&fileName=EWT_holdings&fileType=csv,,high
EPC,EDGEWELL PERSONAL CARE,United States,Consumer Staples,EPC,NYSE,,0.0,EWT,https://www.ishares.com/us/products/239724/ishares-msci-taiwan-etf/1467271812596.ajax?dataType=fund&fileName=EWT_holdings&fileType=csv,,high
ELF,ELF BEAUTY INC,United States,Consumer Staples,ELF,NYSE,,0.01,EWT,https://www.ishares.com/us/products/239724/ishares-msci-taiwan-etf/1467271812596.ajax?dataType=fund&fileName=EWT_holdings&fileType=csv,,high
ENR,ENERGIZER HOLDINGS INC,United States,Consumer Staples,ENR,NYSE,,0.0,EWT,https://www.ishares.com/us/products/239724/ishares-msci-taiwan-etf/1467271812596.ajax?dataType=fund&fileName=EWT_holdings&fileType=csv,,high
EL,ESTEE LAUDER INC CLASS A,United States,Consumer Staples,EL,NYSE,,0.03,EWT,https://www.ishares.com/us/products/239724/ishares-msci-taiwan-etf/1467271812596.ajax?dataType=fund&fileName=EWT_holdings&fileType=csv,,high
FLO,FLOWERS FOODS INC,United States,Consumer Staples,FLO,NYSE,,0.0,EWT,https://www.ishares.com/us/products/239724/ishares-msci-taiwan-etf/1467271812596.ajax?dataType=fund&fileName=EWT_holdings&fileType=csv,,high
FDP,FRESH DEL MONTE PRODUCE INC,United States,Consumer Staples,FDP,NYSE,,0.0,EWT,https://www.ishares.com/us/products/239724/ishares-msci-taiwan-etf/1467271812596.ajax?dataType=fund&fileName=EWT_holdings&fileType=csv,,high
FRPT,FRESHPET INC,United States,Consumer Staples,FRPT,NASDAQ,,0.01,EWT,https://www.ishares.com/us/products/239724/ishares-msci-taiwan-etf/1467271812596.ajax?dataType=fund&fileName=EWT_holdings&fileType=csv,,high
GIS,GENERAL MILLS INC,United States,Consumer Staples,GIS,NYSE,,0.04,EWT,https://www.ishares.com/us/products/239724/ishares-msci-taiwan-etf/1467271812596.ajax?dataType=fund&fileName=EWT_holdings&fileType=csv,,high
GO,GROCERY OUTLET HOLDING CORP,United States,Consumer Staples,GO,NASDAQ,,0.0,EWT,https://www.ishares.com/us/products/239724/ishares-msci-taiwan-etf/1467271812596.ajax?dataType=fund&fileName=EWT_holdings&fileType=csv,,high
HAIN,HAIN CELESTIAL GROUP INC,United States,Consumer Staples,HAIN,NASDAQ,,0.0,EWT,https://www.ishares.com/us/products/239724/ishares-msci-taiwan-etf/1467271812596.ajax?dataType=fund&fileName=EWT_holdings&fileType=csv,,high
HLF,HERBALIFE LTD,United States,Consumer Staples,HLF,NYSE,,0.0,EWT,https://www.ishares.com/us/products/239724/ishares-msci-taiwan-etf/1467271812596.ajax?dataType=fund&fileName=EWT_holdings&fileType=csv,,high
HSY,HERSHEY FOODS,United States,Consumer Staples,HSY,NYSE,,0.05,EWT,https://www.ishares.com/us/products/239724/ishares-msci-taiwan-etf/1467271812596.ajax?dataType=fund&fileName=EWT_holdings&fileType=csv,,high
HRL,HORMEL FOODS CORP,United States,Consumer Staples,HRL,NYSE,,0.01,EWT,https://www.ishares.com/us/products/239724/ishares-msci-taiwan-etf/1467271812596.ajax?dataType=fund&fileName=EWT_holdings&fileType=csv,,high
IMKTA,INGLES MARKETS INC CLASS A,United States,Consumer Staples,IMKTA,NASDAQ,,0.0,EWT,https://www.ishares.com/us/products/239724/ishares-msci-taiwan-etf/1467271812596.ajax?dataType=fund&fileName=EWT_holdings&fileType=csv,,high
INGR,INGREDION INC,United States,Consumer Staples,INGR,NYSE,,0.01,EWT,https://www.ishares.com/us/products/239724/ishares-msci-taiwan-etf/1467271812596.ajax?dataType=fund&fileName=EWT_holdings&fileType=csv,,high
IPAR,INTERPARFUMS INC,United States,Consumer Staples,IPAR,NASDAQ,,0.0,EWT,https://www.ishares.com/us/products/239724/ishares-msci-taiwan-etf/1467271812596.ajax?dataType=fund&fileName=EWT_holdings&fileType=csv,,high
JJSF,J AND J SNACK FOODS CORP,United States,Consumer Staples,JJSF,NASDAQ,,0.0,EWT,https://www.ishares.com/us/products/239724/ishares-msci-taiwan-etf/1467271812596.ajax?dataType=fund&fileName=EWT_holdings&fileType=csv,,high
SJM,JM SMUCKER,United States,Consumer Staples,SJM,NYSE,,0.02,EWT,https://www.ishares.com/us/products/239724/ishares-msci-taiwan-etf/1467271812596.ajax?dataType=fund&fileName=EWT_holdings&fileType=csv,,high
JBSS,JOHN B SANFILIPPO AND SON INC,United States,Consumer Staples,JBSS,NASDAQ,,0.0,EWT,https://www.ishares.com/us/products/239724/ishares-msci-taiwan-etf/1467271812596.ajax?dataType=fund&fileName=EWT_holdings&fileType=csv,,high
KVUE,KENVUE INC,United States,Consumer Staples,KVUE,NYSE,,0.05,EWT,https://www.ishares.com/us/products/239724/ishares-msci-taiwan-etf/1467271812596.ajax?dataType=fund&fileName=EWT_holdings&fileType=csv,,high
KDP,KEURIG DR PEPPER INC,United States,Consumer Staples,KDP,NASDAQ,,0.06,EWT,https://www.ishares.com/us/products/239724/ishares-msci-taiwan-etf/1467271812596.ajax?dataType=fund&fileName=EWT_holdings&fileType=csv,,high
KMB,KIMBERLY CLARK CORP,United States,Consumer Staples,KMB,NASDAQ,,0.05,EWT,https://www.ishares.com/us/products/239724/ishares-msci-taiwan-etf/1467271812596.ajax?dataType=fund&fileName=EWT_holdings&fileType=csv,,high
KHC,KRAFT HEINZ,United States,Consumer Staples,KHC,NASDAQ,,0.03,EWT,https://www.ishares.com/us/products/239724/ishares-msci-taiwan-etf/1467271812596.ajax?dataType=fund&fileName=EWT_holdings&fileType=csv,,high
KR,KROGER,United States,Consumer Staples,KR,NYSE,,0.07,EWT,https://www.ishares.com/us/products/239724/ishares-msci-taiwan-etf/1467271812596.ajax?dataType=fund&fileName=EWT_holdings&fileType=csv,,high
LW,LAMB WESTON HOLDINGS INC,United States,Consumer Staples,LW,NYSE,,0.01,EWT,https://www.ishares.com/us/products/239724/ishares-msci-taiwan-etf/1467271812596.ajax?dataType=fund&fileName=EWT_holdings&fileType=csv,,high
CART,MAPLEBEAR INC,United States,Consumer Staples,CART,NASDAQ,,0.01,EWT,https://www.ishares.com/us/products/239724/ishares-msci-taiwan-etf/1467271812596.ajax?dataType=fund&fileName=EWT_holdings&fileType=csv,,high
MZTI,MARZETTI,United States,Consumer Staples,MZTI,NASDAQ,,0.01,EWT,https://www.ishares.com/us/products/239724/ishares-msci-taiwan-etf/1467271812596.ajax?dataType=fund&fileName=EWT_holdings&fileType=csv,,high
MKC,MCCORMICK & CO NON-VOTING INC,United States,Consumer Staples,MKC,NYSE,,0.02,EWT,https://www.ishares.com/us/products/239724/ishares-msci-taiwan-etf/1467271812596.ajax?dataType=fund&fileName=EWT_holdings&fileType=csv,,high
MGPI,MGP INGREDIENTS INC,United States,Consumer Staples,MGPI,NASDAQ,,0.0,EWT,https://www.ishares.com/us/products/239724/ishares-msci-taiwan-etf/1467271812596.ajax?dataType=fund&fileName=EWT_holdings&fileType=csv,,high
AVO,MISSION PRODUCE INC,United States,Consumer Staples,AVO,NASDAQ,,0.0,EWT,https://www.ishares.com/us/products/239724/ishares-msci-taiwan-etf/1467271812596.ajax?dataType=fund&fileName=EWT_holdings&fileType=csv,,high
TAP,MOLSON COORS BREWING CLASS B,United States,Consumer Staples,TAP,NYSE,,0.01,EWT,https://www.ishares.com/us/products/239724/ishares-msci-taiwan-etf/1467271812596.ajax?dataType=fund&fileName=EWT_holdings&fileType=csv,,high
MDLZ,MONDELEZ INTERNATIONAL INC CLASS A,United States,Consumer Staples,MDLZ,NASDAQ,,0.11,EWT,https://www.ishares.com/us/products/239724/ishares-msci-taiwan-etf/1467271812596.ajax?dataType=fund&fileName=EWT_holdings&fileType=csv,,high
MNST,MONSTER BEVERAGE CORP,United States,Consumer Staples,MNST,NASDAQ,,0.08,EWT,https://www.ishares.com/us/products/239724/ishares-msci-taiwan-etf/1467271812596.ajax?dataType=fund&fileName=EWT_holdings&fileType=csv,,high
FIZZ,NATIONAL BEVERAGE CORP,United States,Consumer Staples,FIZZ,NASDAQ,,0.0,EWT,https://www.ishares.com/us/products/239724/ishares-msci-taiwan-etf/1467271812596.ajax?dataType=fund&fileName=EWT_holdings&fileType=csv,,high
NGVC,NATURAL GROCERS BY VITAMIN COTTAGE,United States,Consumer Staples,NGVC,NYSE,,0.0,EWT,https://www.ishares.com/us/products/239724/ishares-msci-taiwan-etf/1467271812596.ajax?dataType=fund&fileName=EWT_holdings&fileType=csv,,high
NAGE,NIAGEN BIOSCIENCE INC,United States,Consumer Staples,NAGE,NASDAQ,,0.0,EWT,https://www.ishares.com/us/products/239724/ishares-msci-taiwan-etf/1467271812596.ajax?dataType=fund&fileName=EWT_holdings&fileType=csv,,high
NUS,NU SKIN ENTERPRISES INC CLASS A,United States,Consumer Staples,NUS,NYSE,,0.0,EWT,https://www.ishares.com/us/products/239724/ishares-msci-taiwan-etf/1467271812596.ajax?dataType=fund&fileName=EWT_holdings&fileType=csv,,high
ODC,OIL DRI CORPORATION OF AMERICA,United States,Consumer Staples,ODC,NYSE,,0.0,EWT,https://www.ishares.com/us/products/239724/ishares-msci-taiwan-etf/1467271812596.ajax?dataType=fund&fileName=EWT_holdings&fileType=csv,,high
OLPX,OLAPLEX HOLDINGS INC,United States,Consumer Staples,OLPX,NASDAQ,,0.0,EWT,https://www.ishares.com/us/products/239724/ishares-msci-taiwan-etf/1467271812596.ajax?dataType=fund&fileName=EWT_holdings&fileType=csv,,high
PEP,PEPSICO INC,United States,Consumer Staples,PEP,NASDAQ,,0.34,EWT,https://www.ishares.com/us/products/239724/ishares-msci-taiwan-etf/1467271812596.ajax?dataType=fund&fileName=EWT_holdings&fileType=csv,,high
PFGC,PERFORMANCE FOOD GROUP,United States,Consumer Staples,PFGC,NYSE,,0.02,EWT,https://www.ishares.com/us/products/239724/ishares-msci-taiwan-etf/1467271812596.ajax?dataType=fund&fileName=EWT_holdings&fileType=csv,,high
PM,PHILIP MORRIS INTERNATIONAL INC,United States,Consumer Staples,PM,NYSE,,0.41,EWT,https://www.ishares.com/us/products/239724/ishares-msci-taiwan-etf/1467271812596.ajax?dataType=fund&fileName=EWT_holdings&fileType=csv,,high
PPC,PILGRIMS PRIDE CORP,United States,Consumer Staples,PPC,NASDAQ,,0.0,EWT,https://www.ishares.com/us/products/239724/ishares-msci-taiwan-etf/1467271812596.ajax?dataType=fund&fileName=EWT_holdings&fileType=csv,,high
POST,POST HOLDINGS INC,United States,Consumer Staples,POST,NYSE,,0.01,EWT,https://www.ishares.com/us/products/239724/ishares-msci-taiwan-etf/1467271812596.ajax?dataType=fund&fileName=EWT_holdings&fileType=csv,,high
PSMT,PRICESMART INC,United States,Consumer Staples,PSMT,NASDAQ,,0.01,EWT,https://www.ishares.com/us/products/239724/ishares-msci-taiwan-etf/1467271812596.ajax?dataType=fund&fileName=EWT_holdings&fileType=csv,,high
PRMB,PRIMO BRANDS CLASS A CORP,United States,Consumer Staples,PRMB,NYSE,,0.01,EWT,https://www.ishares.com/us/products/239724/ishares-msci-taiwan-etf/1467271812596.ajax?dataType=fund&fileName=EWT_holdings&fileType=csv,,high
PG,PROCTER & GAMBLE,United States,Consumer Staples,PG,NYSE,,0.55,EWT,https://www.ishares.com/us/products/239724/ishares-msci-taiwan-etf/1467271812596.ajax?dataType=fund&fileName=EWT_holdings&fileType=csv,,high
REYN,REYNOLDS CONSUMER PRODUCTS INC,United States,Consumer Staples,REYN,NASDAQ,,0.0,EWT,https://www.ishares.com/us/products/239724/ishares-msci-taiwan-etf/1467271812596.ajax?dataType=fund&fileName=EWT_holdings&fileType=csv,,high
SEB,SEABOARD CORP,United States,Consumer Staples,SEB,Nyse Mkt Llc,,0.0,EWT,https://www.ishares.com/us/products/239724/ishares-msci-taiwan-etf/1467271812596.ajax?dataType=fund&fileName=EWT_holdings&fileType=csv,,high
SPB,SPECTRUM BRANDS HOLDINGS INC,United States,Consumer Staples,SPB,NYSE,,0.0,EWT,https://www.ishares.com/us/products/239724/ishares-msci-taiwan-etf/1467271812596.ajax?dataType=fund&fileName=EWT_holdings&fileType=csv,,high
SFM,SPROUTS FARMERS MARKET INC,United States,Consumer Staples,SFM,NASDAQ,,0.01,EWT,https://www.ishares.com/us/products/239724/ishares-msci-taiwan-etf/1467271812596.ajax?dataType=fund&fileName=EWT_holdings&fileType=csv,,high
STKL,SUNOPTA INC,Canada,Consumer Staples,STKL,NASDAQ,,0.0,EWT,https://www.ishares.com/us/products/239724/ishares-msci-taiwan-etf/1467271812596.ajax?dataType=fund&fileName=EWT_holdings&fileType=csv,,high
SYY,SYSCO CORP,United States,Consumer Staples,SYY,NYSE,,0.06,EWT,https://www.ishares.com/us/products/239724/ishares-msci-taiwan-etf/1467271812596.ajax?dataType=fund&fileName=EWT_holdings&fileType=csv,,high
TGT,TARGET CORP,United States,Consumer Staples,TGT,NYSE,,0.08,EWT,https://www.ishares.com/us/products/239724/ishares-msci-taiwan-etf/1467271812596.ajax?dataType=fund&fileName=EWT_holdings&fileType=csv,,high
HNST,THE HONEST COMPANY INC,United States,Consumer Staples,HNST,NASDAQ,,0.0,EWT,https://www.ishares.com/us/products/239724/ishares-msci-taiwan-etf/1467271812596.ajax?dataType=fund&fileName=EWT_holdings&fileType=csv,,high
SMPL,THE SIMPLY GOOD FOODS COMPANY,United States,Consumer Staples,SMPL,NASDAQ,,0.0,EWT,https://www.ishares.com/us/products/239724/ishares-msci-taiwan-etf/1467271812596.ajax?dataType=fund&fileName=EWT_holdings&fileType=csv,,high
COCO,THE VITA COCO COMPANY INC,United States,Consumer Staples,COCO,NASDAQ,,0.0,EWT,https://www.ishares.com/us/products/239724/ishares-msci-taiwan-etf/1467271812596.ajax?dataType=fund&fileName=EWT_holdings&fileType=csv,,high
TR,TOOTSIE ROLL INDUSTRIES INC,United States,Consumer Staples,TR,NYSE,,0.0,EWT,https://www.ishares.com/us/products/239724/ishares-msci-taiwan-etf/1467271812596.ajax?dataType=fund&fileName=EWT_holdings&fileType=csv,,high
TPB,TURNING POINT BRANDS INC,United States,Consumer Staples,TPB,NYSE,,0.0,EWT,https://www.ishares.com/us/products/239724/ishares-msci-taiwan-etf/1467271812596.ajax?dataType=fund&fileName=EWT_holdings&fileType=csv,,high
TSN,TYSON FOODS INC CLASS A,United States,Consumer Staples,TSN,NYSE,,0.03,EWT,https://www.ishares.com/us/products/239724/ishares-msci-taiwan-etf/1467271812596.ajax?dataType=fund&fileName=EWT_holdings&fileType=csv,,high
UNFI,UNITED NATURAL FOODS INC,United States,Consumer Staples,UNFI,NYSE,,0.0,EWT,https://www.ishares.com/us/products/239724/ishares-msci-taiwan-etf/1467271812596.ajax?dataType=fund&fileName=EWT_holdings&fileType=csv,,high
UVV,UNIVERSAL CORP,United States,Consumer Staples,UVV,NYSE,,0.0,EWT,https://www.ishares.com/us/products/239724/ishares-msci-taiwan-etf/1467271812596.ajax?dataType=fund&fileName=EWT_holdings&fileType=csv,,high
USFD,US FOODS HOLDING CORP,United States,Consumer Staples,USFD,NYSE,,0.03,EWT,https://www.ishares.com/us/products/239724/ishares-msci-taiwan-etf/1467271812596.ajax?dataType=fund&fileName=EWT_holdings&fileType=csv,,high
USNA,USANA HEALTH SCIENCES INC,United States,Consumer Staples,USNA,NYSE,,0.0,EWT,https://www.ishares.com/us/products/239724/ishares-msci-taiwan-etf/1467271812596.ajax?dataType=fund&fileName=EWT_holdings&fileType=csv,,high
UTZ,UTZ BRANDS INC CLASS A,United States,Consumer Staples,UTZ,NYSE,,0.0,EWT,https://www.ishares.com/us/products/239724/ishares-msci-taiwan-etf/1467271812596.ajax?dataType=fund&fileName=EWT_holdings&fileType=csv,,high
VITL,VITAL FARMS INC,United States,Consumer Staples,VITL,NASDAQ,,0.0,EWT,https://www.ishares.com/us/products/239724/ishares-msci-taiwan-etf/1467271812596.ajax?dataType=fund&fileName=EWT_holdings&fileType=csv,,high
WMT,WALMART INC,United States,Consumer Staples,WMT,NASDAQ,,0.83,EWT,https://www.ishares.com/us/products/239724/ishares-msci-taiwan-etf/1467271812596.ajax?dataType=fund&fileName=EWT_holdings&fileType=csv,,high
WDFC,WD-40,United States,Consumer Staples,WDFC,NASDAQ,,0.0,EWT,https://www.ishares.com/us/products/239724/ishares-msci-taiwan-etf/1467271812596.ajax?dataType=fund&fileName=EWT_holdings&fileType=csv,,high
WMK,WEIS MARKETS INC,United States,Consumer Staples,WMK,NYSE,,0.0,EWT,https://www.ishares.com/us/products/239724/ishares-msci-taiwan-etf/1467271812596.ajax?dataType=fund&fileName=EWT_holdings&fileType=csv,,high
AM,ANTERO MIDSTREAM CORP,United States,Energy,AM,NYSE,,0.01,EWT,https://www.ishares.com/us/products/239724/ishares-msci-taiwan-etf/1467271812596.ajax?dataType=fund&fileName=EWT_holdings&fileType=csv,,high
AR,ANTERO RESOURCES CORP,United States,Energy,AR,NYSE,,0.02,EWT,https://www.ishares.com/us/products/239724/ishares-msci-taiwan-etf/1467271812596.ajax?dataType=fund&fileName=EWT_holdings&fileType=csv,,high
APA,APA CORP,United States,Energy,APA,NASDAQ,,0.02,EWT,https://www.ishares.com/us/products/239724/ishares-msci-taiwan-etf/1467271812596.ajax?dataType=fund&fileName=EWT_holdings&fileType=csv,,high
AROC,ARCHROCK INC,United States,Energy,AROC,NYSE,,0.01,EWT,https://www.ishares.com/us/products/239724/ishares-msci-taiwan-etf/1467271812596.ajax?dataType=fund&fileName=EWT_holdings&fileType=csv,,high
AESI,ATLAS ENERGY SOLUTIONS INC,United States,Energy,AESI,NYSE,,0.0,EWT,https://www.ishares.com/us/products/239724/ishares-msci-taiwan-etf/1467271812596.ajax?dataType=fund&fileName=EWT_holdings&fileType=csv,,high
BKR,BAKER HUGHES CLASS A,United States,Energy,BKR,NASDAQ,,0.09,EWT,https://www.ishares.com/us/products/239724/ishares-msci-taiwan-etf/1467271812596.ajax?dataType=fund&fileName=EWT_holdings&fileType=csv,,high
BKV,BKV CORP,United States,Energy,BKV,NYSE,,0.0,EWT,https://www.ishares.com/us/products/239724/ishares-msci-taiwan-etf/1467271812596.ajax?dataType=fund&fileName=EWT_holdings&fileType=csv,,high
VTOL,BRISTOW GROUP INC,United States,Energy,VTOL,NYSE,,0.0,EWT,https://www.ishares.com/us/products/239724/ishares-msci-taiwan-etf/1467271812596.ajax?dataType=fund&fileName=EWT_holdings&fileType=csv,,high
WHD,CACTUS INC CLASS A,United States,Energy,WHD,NYSE,,0.01,EWT,https://www.ishares.com/us/products/239724/ishares-msci-taiwan-etf/1467271812596.ajax?dataType=fund&fileName=EWT_holdings&fileType=csv,,high
CRC,CALIFORNIA RESOURCES CORP,United States,Energy,CRC,NYSE,,0.01,EWT,https://www.ishares.com/us/products/239724/ishares-msci-taiwan-etf/1467271812596.ajax?dataType=fund&fileName=EWT_holdings&fileType=csv,,high
CLMT,CALUMET INC,United States,Energy,CLMT,NASDAQ,,0.0,EWT,https://www.ishares.com/us/products/239724/ishares-msci-taiwan-etf/1467271812596.ajax?dataType=fund&fileName=EWT_holdings&fileType=csv,,high
LEU,CENTRUS ENERGY CORP CLASS A,United States,Energy,LEU,NYSE,,0.01,EWT,https://www.ishares.com/us/products/239724/ishares-msci-taiwan-etf/1467271812596.ajax?dataType=fund&fileName=EWT_holdings&fileType=csv,,high
LNG,CHENIERE ENERGY INC,United States,Energy,LNG,NYSE,,0.08,EWT,https://www.ishares.com/us/products/239724/ishares-msci-taiwan-etf/1467271812596.ajax?dataType=fund&fileName=EWT_holdings&fileType=csv,,high
CVX,CHEVRON CORP,United States,Energy,CVX,NYSE,,0.54,EWT,https://www.ishares.com/us/products/239724/ishares-msci-taiwan-etf/1467271812596.ajax?dataType=fund&fileName=EWT_holdings&fileType=csv,,high
CHRD,CHORD ENERGY CORP,United States,Energy,CHRD,NASDAQ,,0.01,EWT,https://www.ishares.com/us/products/239724/ishares-msci-taiwan-etf/1467271812596.ajax?dataType=fund&fileName=EWT_holdings&fileType=csv,,high
CLNE,CLEAN ENERGY FUELS CORP,United States,Energy,CLNE,NASDAQ,,0.0,EWT,https://www.ishares.com/us/products/239724/ishares-msci-taiwan-etf/1467271812596.ajax?dataType=fund&fileName=EWT_holdings&fileType=csv,,high
CNX,CNX RESOURCES CORP,United States,Energy,CNX,NYSE,,0.01,EWT,https://www.ishares.com/us/products/239724/ishares-msci-taiwan-etf/1467271812596.ajax?dataType=fund&fileName=EWT_holdings&fileType=csv,,high
CRK,COMSTOCK RESOURCES INC,United States,Energy,CRK,NYSE,,0.0,EWT,https://www.ishares.com/us/products/239724/ishares-msci-taiwan-etf/1467271812596.ajax?dataType=fund&fileName=EWT_holdings&fileType=csv,,high
COP,CONOCOPHILLIPS,United States,Energy,COP,NYSE,,0.22,EWT,https://www.ishares.com/us/products/239724/ishares-msci-taiwan-etf/1467271812596.ajax?dataType=fund&fileName=EWT_holdings&fileType=csv,,high
CLB,CORE LABORATORIES INC,United States,Energy,CLB,NYSE,,0.0,EWT,https://www.ishares.com/us/products/239724/ishares-msci-taiwan-etf/1467271812596.ajax?dataType=fund&fileName=EWT_holdings&fileType=csv,,high
CNR,CORE NATURAL RESOURCES INC,United States,Energy,CNR,NYSE,,0.01,EWT,https://www.ishares.com/us/products/239724/ishares-msci-taiwan-etf/1467271812596.ajax?dataType=fund&fileName=EWT_holdings&fileType=csv,,high
CTRA,COTERRA ENERGY INC,United States,Energy,CTRA,NYSE,,0.04,EWT,https://www.ishares.com/us/products/239724/ishares-msci-taiwan-etf/1467271812596.ajax?dataType=fund&fileName=EWT_holdings&fileType=csv,,high
CRGY,CRESCENT ENERGY CLASS A,United States,Energy,CRGY,NYSE,,0.0,EWT,https://www.ishares.com/us/products/239724/ishares-msci-taiwan-etf/1467271812596.ajax?dataType=fund&fileName=EWT_holdings&fileType=csv,,high
CVI,CVR ENERGY INC,United States,Energy,CVI,NYSE,,0.0,EWT,https://www.ishares.com/us/products/239724/ishares-msci-taiwan-etf/1467271812596.ajax?dataType=fund&fileName=EWT_holdings&fileType=csv,,high
DK,DELEK US HOLDINGS INC,United States,Energy,DK,NYSE,,0.0,EWT,https://www.ishares.com/us/products/239724/ishares-msci-taiwan-etf/1467271812596.ajax?dataType=fund&fileName=EWT_holdings&fileType=csv,,high
DVN,DEVON ENERGY CORP,United States,Energy,DVN,NYSE,,0.04,EWT,https://www.ishares.com/us/products/239724/ishares-msci-taiwan-etf/1467271812596.ajax?dataType=fund&fileName=EWT_holdings&fileType=csv,,high
FANG,DIAMONDBACK ENERGY INC,United States,Energy,FANG,NASDAQ,,0.05,EWT,https://www.ishares.com/us/products/239724/ishares-msci-taiwan-etf/1467271812596.ajax?dataType=fund&fileName=EWT_holdings&fileType=csv,,high
LPG,DORIAN LPG LTD,United States,Energy,LPG,NYSE,,0.0,EWT,https://www.ishares.com/us/products/239724/ishares-msci-taiwan-etf/1467271812596.ajax?dataType=fund&fileName=EWT_holdings&fileType=csv,,high
DTM,DT MIDSTREAM INC,United States,Energy,DTM,NYSE,,0.02,EWT,https://www.ishares.com/us/products/239724/ishares-msci-taiwan-etf/1467271812596.ajax?dataType=fund&fileName=EWT_holdings&fileType=csv,,high
EOG,EOG RESOURCES INC,United States,Energy,EOG,NYSE,,0.11,EWT,https://www.ishares.com/us/products/239724/ishares-msci-taiwan-etf/1467271812596.ajax?dataType=fund&fileName=EWT_holdings&fileType=csv,,high
EQT,EQT CORP,United States,Energy,EQT,NYSE,,0.06,EWT,https://www.ishares.com/us/products/239724/ishares-msci-taiwan-etf/1467271812596.ajax?dataType=fund&fileName=EWT_holdings&fileType=csv,,high
EE,EXCELERATE ENERGY INC CLASS A,United States,Energy,EE,NYSE,,0.0,EWT,https://www.ishares.com/us/products/239724/ishares-msci-taiwan-etf/1467271812596.ajax?dataType=fund&fileName=EWT_holdings&fileType=csv,,high
EXE,EXPAND ENERGY CORP,United States,Energy,EXE,NASDAQ,,0.04,EWT,https://www.ishares.com/us/products/239724/ishares-msci-taiwan-etf/1467271812596.ajax?dataType=fund&fileName=EWT_holdings&fileType=csv,,high
XPRO,EXPRO GROUP HOLDINGS NV,United States,Energy,XPRO,NYSE,,0.0,EWT,https://www.ishares.com/us/products/239724/ishares-msci-taiwan-etf/1467271812596.ajax?dataType=fund&fileName=EWT_holdings&fileType=csv,,high
XOM,EXXON MOBIL CORP,United States,Energy,XOM,NYSE,,0.96,EWT,https://www.ishares.com/us/products/239724/ishares-msci-taiwan-etf/1467271812596.ajax?dataType=fund&fileName=EWT_holdings&fileType=csv,,high
GEVO,GEVO INC,United States,Energy,GEVO,NASDAQ,,0.0,EWT,https://www.ishares.com/us/products/239724/ishares-msci-taiwan-etf/1467271812596.ajax?dataType=fund&fileName=EWT_holdings&fileType=csv,,high
GPRE,GREEN PLAINS INC,United States,Energy,GPRE,NASDAQ,,0.0,EWT,https://www.ishares.com/us/products/239724/ishares-msci-taiwan-etf/1467271812596.ajax?dataType=fund&fileName=EWT_holdings&fileType=csv,,high
GPOR,GULFPORT ENERGY CORP,United States,Energy,GPOR,NYSE,,0.0,EWT,https://www.ishares.com/us/products/239724/ishares-msci-taiwan-etf/1467271812596.ajax?dataType=fund&fileName=EWT_holdings&fileType=csv,,high
HAL,HALLIBURTON,United States,Energy,HAL,NYSE,,0.04,EWT,https://www.ishares.com/us/products/239724/ishares-msci-taiwan-etf/1467271812596.ajax?dataType=fund&fileName=EWT_holdings&fileType=csv,,high
HNR,HARVEST NATURAL RESOURCES INC,United States,Energy,HNR,NYSE,,0.0,EWT,https://www.ishares.com/us/products/239724/ishares-msci-taiwan-etf/1467271812596.ajax?dataType=fund&fileName=EWT_holdings&fileType=csv,,high
HLX,HELIX ENERGY SOLUTIONS GROUP INC,United States,Energy,HLX,NYSE,,0.0,EWT,https://www.ishares.com/us/products/239724/ishares-msci-taiwan-etf/1467271812596.ajax?dataType=fund&fileName=EWT_holdings&fileType=csv,,high
HP,HELMERICH & PAYNE INC,United States,Energy,HP,NYSE,,0.01,EWT,https://www.ishares.com/us/products/239724/ishares-msci-taiwan-etf/1467271812596.ajax?dataType=fund&fileName=EWT_holdings&fileType=csv,,high
DINO,HF SINCLAIR CORP,United States,Energy,DINO,NYSE,,0.01,EWT,https://www.ishares.com/us/products/239724/ishares-msci-taiwan-etf/1467271812596.ajax?dataType=fund&fileName=EWT_holdings&fileType=csv,,high
INR,INFINITY NATURAL RESOURCES INC CLA,United States,Energy,INR,NYSE,,0.0,EWT,https://www.ishares.com/us/products/239724/ishares-msci-taiwan-etf/1467271812596.ajax?dataType=fund&fileName=EWT_holdings&fileType=csv,,high
INVX,INNOVEX INTERNATIONAL INC,United States,Energy,INVX,NYSE,,0.0,EWT,https://www.ishares.com/us/products/239724/ishares-msci-taiwan-etf/1467271812596.ajax?dataType=fund&fileName=EWT_holdings&fileType=csv,,high
INSW,INTERNATIONAL SEAWAYS INC,United States,Energy,INSW,NYSE,,0.0,EWT,https://www.ishares.com/us/products/239724/ishares-msci-taiwan-etf/1467271812596.ajax?dataType=fund&fileName=EWT_holdings&fileType=csv,,high
KMI,KINDER MORGAN INC,United States,Energy,KMI,NYSE,,0.1,EWT,https://www.ishares.com/us/products/239724/ishares-msci-taiwan-etf/1467271812596.ajax?dataType=fund&fileName=EWT_holdings&fileType=csv,,high
KNTK,KINETIK HOLDINGS INC CLASS A,United States,Energy,KNTK,NYSE,,0.0,EWT,https://www.ishares.com/us/products/239724/ishares-msci-taiwan-etf/1467271812596.ajax?dataType=fund&fileName=EWT_holdings&fileType=csv,,high
KGS,KODIAK GAS SERVICES INC,United States,Energy,KGS,NYSE,,0.01,EWT,https://www.ishares.com/us/products/239724/ishares-msci-taiwan-etf/1467271812596.ajax?dataType=fund&fileName=EWT_holdings&fileType=csv,,high
KOS,KOSMOS ENERGY LTD,United States,Energy,KOS,NYSE,,0.0,EWT,https://www.ishares.com/us/products/239724/ishares-msci-taiwan-etf/1467271812596.ajax?dataType=fund&fileName=EWT_holdings&fileType=csv,,high
LBRT,LIBERTY ENERGY INC CLASS A,United States,Energy,LBRT,NYSE,,0.01,EWT,https://www.ishares.com/us/products/239724/ishares-msci-taiwan-etf/1467271812596.ajax?dataType=fund&fileName=EWT_holdings&fileType=csv,,high
LTBR,LIGHTBRIDGE CORP,United States,Energy,LTBR,NASDAQ,,0.0,EWT,https://www.ishares.com/us/products/239724/ishares-msci-taiwan-etf/1467271812596.ajax?dataType=fund&fileName=EWT_holdings&fileType=csv,,high
MGY,MAGNOLIA OIL GAS CORP CLASS A,United States,Energy,MGY,NYSE,,0.01,EWT,https://www.ishares.com/us/products/239724/ishares-msci-taiwan-etf/1467271812596.ajax?dataType=fund&fileName=EWT_holdings&fileType=csv,,high
MPC,MARATHON PETROLEUM CORP,United States,Energy,MPC,NYSE,,0.1,EWT,https://www.ishares.com/us/products/239724/ishares-msci-taiwan-etf/1467271812596.ajax?dataType=fund&fileName=EWT_holdings&fileType=csv,,high
MTDR,MATADOR RESOURCES,United States,Energy,MTDR,NYSE,,0.01,EWT,https://www.ishares.com/us/products/239724/ishares-msci-taiwan-etf/1467271812596.ajax?dataType=fund&fileName=EWT_holdings&fileType=csv,,high
MUR,MURPHY OIL CORP,United States,Energy,MUR,NYSE,,0.01,EWT,https://www.ishares.com/us/products/239724/ishares-msci-taiwan-etf/1467271812596.ajax?dataType=fund&fileName=EWT_holdings&fileType=csv,,high
NBR,NABORS INDUSTRIES LTD,United States,Energy,NBR,NYSE,,0.0,EWT,https://www.ishares.com/us/products/239724/ishares-msci-taiwan-etf/1467271812596.ajax?dataType=fund&fileName=EWT_holdings&fileType=csv,,high
NFE,NEW FORTRESS ENERGY INC CLASS A,United States,Energy,NFE,NASDAQ,,0.0,EWT,https://www.ishares.com/us/products/239724/ishares-msci-taiwan-etf/1467271812596.ajax?dataType=fund&fileName=EWT_holdings&fileType=csv,,high
NEXT,NEXTDECADE CORP,United States,Energy,NEXT,NASDAQ,,0.0,EWT,https://www.ishares.com/us/products/239724/ishares-msci-taiwan-etf/1467271812596.ajax?dataType=fund&fileName=EWT_holdings&fileType=csv,,high
NE,NOBLE CORPORATION PLC,United States,Energy,NE,NYSE,,0.01,EWT,https://www.ishares.com/us/products/239724/ishares-msci-taiwan-etf/1467271812596.ajax?dataType=fund&fileName=EWT_holdings&fileType=csv,,high
NOG,NORTHERN OIL AND GAS INC,United States,Energy,NOG,NYSE,,0.0,EWT,https://www.ishares.com/us/products/239724/ishares-msci-taiwan-etf/1467271812596.ajax?dataType=fund&fileName=EWT_holdings&fileType=csv,,high
NOV,NOV INC,United States,Energy,NOV,NYSE,,0.01,EWT,https://www.ishares.com/us/products/239724/ishares-msci-taiwan-etf/1467271812596.ajax?dataType=fund&fileName=EWT_holdings&fileType=csv,,high
OXY,OCCIDENTAL PETROLEUM CORP,United States,Energy,OXY,NYSE,,0.06,EWT,https://www.ishares.com/us/products/239724/ishares-msci-taiwan-etf/1467271812596.ajax?dataType=fund&fileName=EWT_holdings&fileType=csv,,high
OII,OCEANEERING INTERNATIONAL INC,United States,Energy,OII,NYSE,,0.01,EWT,https://www.ishares.com/us/products/239724/ishares-msci-taiwan-etf/1467271812596.ajax?dataType=fund&fileName=EWT_holdings&fileType=csv,,high
OIS,OIL STATES INTERNATIONAL INC,United States,Energy,OIS,NYSE,,0.0,EWT,https://www.ishares.com/us/products/239724/ishares-msci-taiwan-etf/1467271812596.ajax?dataType=fund&fileName=EWT_holdings&fileType=csv,,high
OKE,ONEOK INC,United States,Energy,OKE,NYSE,,0.08,EWT,https://www.ishares.com/us/products/239724/ishares-msci-taiwan-etf/1467271812596.ajax?dataType=fund&fileName=EWT_holdings&fileType=csv,,high
OVV,OVINTIV INC,United States,Energy,OVV,NYSE,,0.02,EWT,https://www.ishares.com/us/products/239724/ishares-msci-taiwan-etf/1467271812596.ajax?dataType=fund&fileName=EWT_holdings&fileType=csv,,high
PARR,PAR PACIFIC HOLDINGS INC,United States,Energy,PARR,NYSE,,0.0,EWT,https://www.ishares.com/us/products/239724/ishares-msci-taiwan-etf/1467271812596.ajax?dataType=fund&fileName=EWT_holdings&fileType=csv,,high
PTEN,PATTERSON UTI ENERGY INC,United States,Energy,PTEN,NASDAQ,,0.01,EWT,https://www.ishares.com/us/products/239724/ishares-msci-taiwan-etf/1467271812596.ajax?dataType=fund&fileName=EWT_holdings&fileType=csv,,high
PBF,PBF ENERGY INC CLASS A,United States,Energy,PBF,NYSE,,0.01,EWT,https://www.ishares.com/us/products/239724/ishares-msci-taiwan-etf/1467271812596.ajax?dataType=fund&fileName=EWT_holdings&fileType=csv,,high
BTU,PEABODY ENERGY CORP,United States,Energy,BTU,NYSE,,0.01,EWT,https://www.ishares.com/us/products/239724/ishares-msci-taiwan-etf/1467271812596.ajax?dataType=fund&fileName=EWT_holdings&fileType=csv,,high
PR,PERMIAN RESOURCES CORP CLASS A,United States,Energy,PR,NYSE,,0.02,EWT,https://www.ishares.com/us/products/239724/ishares-msci-taiwan-etf/1467271812596.ajax?dataType=fund&fileName=EWT_holdings&fileType=csv,,high
PSX,PHILLIPS,United States,Energy,PSX,NYSE,,0.1,EWT,https://www.ishares.com/us/products/239724/ishares-msci-taiwan-etf/1467271812596.ajax?dataType=fund&fileName=EWT_holdings&fileType=csv,,high
PUMP,PROPETRO HOLDING CORP,United States,Energy,PUMP,NYSE,,0.0,EWT,https://www.ishares.com/us/products/239724/ishares-msci-taiwan-etf/1467271812596.ajax?dataType=fund&fileName=EWT_holdings&fileType=csv,,high
RRC,RANGE RESOURCES CORP,United States,Energy,RRC,NYSE,,0.02,EWT,https://www.ishares.com/us/products/239724/ishares-msci-taiwan-etf/1467271812596.ajax?dataType=fund&fileName=EWT_holdings&fileType=csv,,high
REX,REX AMERICAN RESOURCES CORP,United States,Energy,REX,NYSE,,0.0,EWT,https://www.ishares.com/us/products/239724/ishares-msci-taiwan-etf/1467271812596.ajax?dataType=fund&fileName=EWT_holdings&fileType=csv,,high
RES,RPC INC,United States,Energy,RES,NYSE,,0.0,EWT,https://www.ishares.com/us/products/239724/ishares-msci-taiwan-etf/1467271812596.ajax?dataType=fund&fileName=EWT_holdings&fileType=csv,,high
SOC,SABLE OFFSHORE CORP CLASS A,United States,Energy,SOC,NYSE,,0.0,EWT,https://www.ishares.com/us/products/239724/ishares-msci-taiwan-etf/1467271812596.ajax?dataType=fund&fileName=EWT_holdings&fileType=csv,,high
SD,SANDRIDGE ENERGY INC,United States,Energy,SD,NYSE,,0.0,EWT,https://www.ishares.com/us/products/239724/ishares-msci-taiwan-etf/1467271812596.ajax?dataType=fund&fileName=EWT_holdings&fileType=csv,,high
SMHI,SEACOR MARINE HOLDINGS INC,United States,Energy,SMHI,NYSE,,0.0,EWT,https://www.ishares.com/us/products/239724/ishares-msci-taiwan-etf/1467271812596.ajax?dataType=fund&fileName=EWT_holdings&fileType=csv,,high
SDRL,SEADRILL LTD,United States,Energy,SDRL,NYSE,,0.0,EWT,https://www.ishares.com/us/products/239724/ishares-msci-taiwan-etf/1467271812596.ajax?dataType=fund&fileName=EWT_holdings&fileType=csv,,high
WTTR,SELECT WATER SOLUTIONS INC CLASS A,United States,Energy,WTTR,NYSE,,0.0,EWT,https://www.ishares.com/us/products/239724/ishares-msci-taiwan-etf/1467271812596.ajax?dataType=fund&fileName=EWT_holdings&fileType=csv,,high
SLB,SLB NV,United States,Energy,SLB,NYSE,,0.11,EWT,https://www.ishares.com/us/products/239724/ishares-msci-taiwan-etf/1467271812596.ajax?dataType=fund&fileName=EWT_holdings&fileType=csv,,high
SM,SM ENERGY,United States,Energy,SM,NYSE,,0.01,EWT,https://www.ishares.com/us/products/239724/ishares-msci-taiwan-etf/1467271812596.ajax?dataType=fund&fileName=EWT_holdings&fileType=csv,,high
SEI,SOLARIS OILFIELD INFRASTRUCTURE IN,United States,Energy,SEI,NYSE,,0.0,EWT,https://www.ishares.com/us/products/239724/ishares-msci-taiwan-etf/1467271812596.ajax?dataType=fund&fileName=EWT_holdings&fileType=csv,,high
TALO,TALOS ENERGY INC,United States,Energy,TALO,NYSE,,0.0,EWT,https://www.ishares.com/us/products/239724/ishares-msci-taiwan-etf/1467271812596.ajax?dataType=fund&fileName=EWT_holdings&fileType=csv,,high
TRGP,TARGA RESOURCES CORP,United States,Energy,TRGP,NYSE,,0.08,EWT,https://www.ishares.com/us/products/239724/ishares-msci-taiwan-etf/1467271812596.ajax?dataType=fund&fileName=EWT_holdings&fileType=csv,,high
FTI,TECHNIPFMC PLC,United States,Energy,FTI,NYSE,,0.04,EWT,https://www.ishares.com/us/products/239724/ishares-msci-taiwan-etf/1467271812596.ajax?dataType=fund&fileName=EWT_holdings&fileType=csv,,high
TTI,TETRA TECHNOLOGIES INC,United States,Energy,TTI,NYSE,,0.0,EWT,https://www.ishares.com/us/products/239724/ishares-msci-taiwan-etf/1467271812596.ajax?dataType=fund&fileName=EWT_holdings&fileType=csv,,high
TPL,TEXAS PACIFIC LAND CORP,United States,Energy,TPL,NYSE,,0.05,EWT,https://www.ishares.com/us/products/239724/ishares-msci-taiwan-etf/1467271812596.ajax?dataType=fund&fileName=EWT_holdings&fileType=csv,,high
TDW,TIDEWATER INC,United States,Energy,TDW,NYSE,,0.01,EWT,https://www.ishares.com/us/products/239724/ishares-msci-taiwan-etf/1467271812596.ajax?dataType=fund&fileName=EWT_holdings&fileType=csv,,high
RIG,TRANSOCEAN LTD,United States,Energy,RIG,NYSE,,0.01,EWT,https://www.ishares.com/us/products/239724/ishares-msci-taiwan-etf/1467271812596.ajax?dataType=fund&fileName=EWT_holdings&fileType=csv,,high
URG,UR ENERGY INC,United States,Energy,URG,Nyse Mkt Llc,,0.0,EWT,https://www.ishares.com/us/products/239724/ishares-msci-taiwan-etf/1467271812596.ajax?dataType=fund&fileName=EWT_holdings&fileType=csv,,high
UEC,URANIUM ENERGY CORP,United States,Energy,UEC,Nyse Mkt Llc,,0.01,EWT,https://www.ishares.com/us/products/239724/ishares-msci-taiwan-etf/1467271812596.ajax?dataType=fund&fileName=EWT_holdings&fileType=csv,,high
EGY,VAALCO ENERGY INC,United States,Energy,EGY,NYSE,,0.0,EWT,https://www.ishares.com/us/products/239724/ishares-msci-taiwan-etf/1467271812596.ajax?dataType=fund&fileName=EWT_holdings&fileType=csv,,high
VAL,VALARIS LTD,United States,Energy,VAL,NYSE,,0.01,EWT,https://www.ishares.com/us/products/239724/ishares-msci-taiwan-etf/1467271812596.ajax?dataType=fund&fileName=EWT_holdings&fileType=csv,,high
VLO,VALERO ENERGY CORP,United States,Energy,VLO,NYSE,,0.1,EWT,https://www.ishares.com/us/products/239724/ishares-msci-taiwan-etf/1467271812596.ajax?dataType=fund&fileName=EWT_holdings&fileType=csv,,high
VG,VENTURE GLOBAL INC CLASS A,United States,Energy,VG,NYSE,,0.01,EWT,https://www.ishares.com/us/products/239724/ishares-msci-taiwan-etf/1467271812596.ajax?dataType=fund&fileName=EWT_holdings&fileType=csv,,high
VNOM,VIPER ENERGY INC CLASS A,United States,Energy,VNOM,NASDAQ,,0.01,EWT,https://www.ishares.com/us/products/239724/ishares-msci-taiwan-etf/1467271812596.ajax?dataType=fund&fileName=EWT_holdings&fileType=csv,,high
VTS,VITESSE ENERGY INC,United States,Energy,VTS,NYSE,,0.0,EWT,https://www.ishares.com/us/products/239724/ishares-msci-taiwan-etf/1467271812596.ajax?dataType=fund&fileName=EWT_holdings&fileType=csv,,high
WFRD,WEATHERFORD INTERNATIONAL PLC,United States,Energy,WFRD,NASDAQ,,0.01,EWT,https://www.ishares.com/us/products/239724/ishares-msci-taiwan-etf/1467271812596.ajax?dataType=fund&fileName=EWT_holdings&fileType=csv,,high
WMB,WILLIAMS INC,United States,Energy,WMB,NYSE,,0.14,EWT,https://www.ishares.com/us/products/239724/ishares-msci-taiwan-etf/1467271812596.ajax?dataType=fund&fileName=EWT_holdings&fileType=csv,,high
WKC,WORLD KINECT CORP,United States,Energy,WKC,NYSE,,0.0,EWT,https://www.ishares.com/us/products/239724/ishares-msci-taiwan-etf/1467271812596.ajax?dataType=fund&fileName=EWT_holdings&fileType=csv,,high
SRCE,1ST SOURCE CORP,United States,Financials,SRCE,NASDAQ,,0.0,EWT,https://www.ishares.com/us/products/239724/ishares-msci-taiwan-etf/1467271812596.ajax?dataType=fund&fileName=EWT_holdings&fileType=csv,,high
AAMI,ACADIAN ASSET MANAGEMENT INC,United States,Financials,AAMI,NYSE,,0.0,EWT,https://www.ishares.com/us/products/239724/ishares-msci-taiwan-etf/1467271812596.ajax?dataType=fund&fileName=EWT_holdings&fileType=csv,,high
ADAM,ADAMAS INC TRUST,United States,Financials,ADAM,NASDAQ,,0.0,EWT,https://www.ishares.com/us/products/239724/ishares-msci-taiwan-etf/1467271812596.ajax?dataType=fund&fileName=EWT_holdings&fileType=csv,,high
AMG,AFFILIATED MANAGERS GROUP INC,United States,Financials,AMG,NYSE,,0.01,EWT,https://www.ishares.com/us/products/239724/ishares-msci-taiwan-etf/1467271812596.ajax?dataType=fund&fileName=EWT_holdings&fileType=csv,,high
AFRM,AFFIRM HOLDINGS INC CLASS A,United States,Financials,AFRM,NASDAQ,,0.02,EWT,https://www.ishares.com/us/products/239724/ishares-msci-taiwan-etf/1467271812596.ajax?dataType=fund&fileName=EWT_holdings&fileType=csv,,high
AFL,AFLAC INC,United States,Financials,AFL,NYSE,,0.08,EWT,https://www.ishares.com/us/products/239724/ishares-msci-taiwan-etf/1467271812596.ajax?dataType=fund&fileName=EWT_holdings&fileType=csv,,high
AGNC,AGNC INVESTMENT REIT CORP,United States,Financials,AGNC,NASDAQ,,0.02,EWT,https://www.ishares.com/us/products/239724/ishares-msci-taiwan-etf/1467271812596.ajax?dataType=fund&fileName=EWT_holdings&fileType=csv,,high
ALRS,ALERUS FINANCIAL CORP,United States,Financials,ALRS,NASDAQ,,0.0,EWT,https://www.ishares.com/us/products/239724/ishares-msci-taiwan-etf/1467271812596.ajax?dataType=fund&fileName=EWT_holdings&fileType=csv,,high
ALL,ALLSTATE CORP,United States,Financials,ALL,NYSE,,0.08,EWT,https://www.ishares.com/us/products/239724/ishares-msci-taiwan-etf/1467271812596.ajax?dataType=fund&fileName=EWT_holdings&fileType=csv,,high
ALLY,ALLY FINANCIAL INC,United States,Financials,ALLY,NYSE,,0.02,EWT,https://www.ishares.com/us/products/239724/ishares-msci-taiwan-etf/1467271812596.ajax?dataType=fund&fileName=EWT_holdings&fileType=csv,,high
ALTS,ALT5 SIGMA CORP,United States,Financials,ALTS,NASDAQ,,0.0,EWT,https://www.ishares.com/us/products/239724/ishares-msci-taiwan-etf/1467271812596.ajax?dataType=fund&fileName=EWT_holdings&fileType=csv,,high
AMAL,AMALGAMATED FINANCIAL CORP,United States,Financials,AMAL,NASDAQ,,0.0,EWT,https://www.ishares.com/us/products/239724/ishares-msci-taiwan-etf/1467271812596.ajax?dataType=fund&fileName=EWT_holdings&fileType=csv,,high
AMTB,AMERANT BANCORP INC CLASS A,United States,Financials,AMTB,NYSE,,0.0,EWT,https://www.ishares.com/us/products/239724/ishares-msci-taiwan-etf/1467271812596.ajax?dataType=fund&fileName=EWT_holdings&fileType=csv,,high
AXP,AMERICAN EXPRESS,United States,Financials,AXP,NYSE,,0.25,EWT,https://www.ishares.com/us/products/239724/ishares-msci-taiwan-etf/1467271812596.ajax?dataType=fund&fileName=EWT_holdings&fileType=csv,,high
AFG,AMERICAN FINANCIAL GROUP INC,United States,Financials,AFG,NYSE,,0.01,EWT,https://www.ishares.com/us/products/239724/ishares-msci-taiwan-etf/1467271812596.ajax?dataType=fund&fileName=EWT_holdings&fileType=csv,,high
AIG,AMERICAN INTERNATIONAL GROUP INC,United States,Financials,AIG,NYSE,,0.06,EWT,https://www.ishares.com/us/products/239724/ishares-msci-taiwan-etf/1467271812596.ajax?dataType=fund&fileName=EWT_holdings&fileType=csv,,high
AMP,AMERIPRISE FINANCE INC,United States,Financials,AMP,NYSE,,0.07,EWT,https://www.ishares.com/us/products/239724/ishares-msci-taiwan-etf/1467271812596.ajax?dataType=fund&fileName=EWT_holdings&fileType=csv,,high
ABCB,AMERIS BANCORP,United States,Financials,ABCB,NYSE,,0.01,EWT,https://www.ishares.com/us/products/239724/ishares-msci-taiwan-etf/1467271812596.ajax?dataType=fund&fileName=EWT_holdings&fileType=csv,,high
AMSF,AMERISAFE INC,United States,Financials,AMSF,NASDAQ,,0.0,EWT,https://www.ishares.com/us/products/239724/ishares-msci-taiwan-etf/1467271812596.ajax?dataType=fund&fileName=EWT_holdings&fileType=csv,,high
NLY,ANNALY CAPITAL MANAGEMENT REIT INC,United States,Financials,NLY,NYSE,,0.02,EWT,https://www.ishares.com/us/products/239724/ishares-msci-taiwan-etf/1467271812596.ajax?dataType=fund&fileName=EWT_holdings&fileType=csv,,high
AON,AON PLC CLASS A,United States,Financials,AON,NYSE,,0.11,EWT,https://www.ishares.com/us/products/239724/ishares-msci-taiwan-etf/1467271812596.ajax?dataType=fund&fileName=EWT_holdings&fileType=csv,,high
ARI,APOLLO COMMERCIAL REAL ESTATE FINA,United States,Financials,ARI,NYSE,,0.0,EWT,https://www.ishares.com/us/products/239724/ishares-msci-taiwan-etf/1467271812596.ajax?dataType=fund&fileName=EWT_holdings&fileType=csv,,high
APO,APOLLO GLOBAL MANAGEMENT INC,United States,Financials,APO,NYSE,,0.08,EWT,https://www.ishares.com/us/products/239724/ishares-msci-taiwan-etf/1467271812596.ajax?dataType=fund&fileName=EWT_holdings&fileType=csv,,high
ABR,ARBOR REALTY TRUST REIT INC,United States,Financials,ABR,NYSE,,0.0,EWT,https://www.ishares.com/us/products/239724/ishares-msci-taiwan-etf/1467271812596.ajax?dataType=fund&fileName=EWT_holdings&fileType=csv,,high
ACGL,ARCH CAPITAL GROUP LTD,United States,Financials,ACGL,NASDAQ,,0.05,EWT,https://www.ishares.com/us/products/239724/ishares-msci-taiwan-etf/1467271812596.ajax?dataType=fund&fileName=EWT_holdings&fileType=csv,,high
ACRE,ARES COMMERCIAL REAL ESTATE REIT C,United States,Financials,ACRE,NYSE,,0.0,EWT,https://www.ishares.com/us/products/239724/ishares-msci-taiwan-etf/1467271812596.ajax?dataType=fund&fileName=EWT_holdings&fileType=csv,,high
ARES,ARES MANAGEMENT CORP CLASS A,United States,Financials,ARES,NYSE,,0.03,EWT,https://www.ishares.com/us/products/239724/ishares-msci-taiwan-etf/1467271812596.ajax?dataType=fund&fileName=EWT_holdings&fileType=csv,,high
ARR,ARMOUR RESIDENTIAL REIT INC,United States,Financials,ARR,NYSE,,0.0,EWT,https://www.ishares.com/us/products/239724/ishares-msci-taiwan-etf/1467271812596.ajax?dataType=fund&fileName=EWT_holdings&fileType=csv,,high
AROW,ARROW FINANCIAL CORP,United States,Financials,AROW,NASDAQ,,0.0,EWT,https://www.ishares.com/us/products/239724/ishares-msci-taiwan-etf/1467271812596.ajax?dataType=fund&fileName=EWT_holdings&fileType=csv,,high
AJG,ARTHUR J GALLAGHER,United States,Financials,AJG,NYSE,,0.08,EWT,https://www.ishares.com/us/products/239724/ishares-msci-taiwan-etf/1467271812596.ajax?dataType=fund&fileName=EWT_holdings&fileType=csv,,high
APAM,ARTISAN PARTNERS ASSET MANAGEMENT,United States,Financials,APAM,NYSE,,0.0,EWT,https://www.ishares.com/us/products/239724/ishares-msci-taiwan-etf/1467271812596.ajax?dataType=fund&fileName=EWT_holdings&fileType=csv,,high
ASB,ASSOCIATED BANCORP,United States,Financials,ASB,NYSE,,0.01,EWT,https://www.ishares.com/us/products/239724/ishares-msci-taiwan-etf/1467271812596.ajax?dataType=fund&fileName=EWT_holdings&fileType=csv,,high
AIZ,ASSURANT INC,United States,Financials,AIZ,NYSE,,0.02,EWT,https://www.ishares.com/us/products/239724/ishares-msci-taiwan-etf/1467271812596.ajax?dataType=fund&fileName=EWT_holdings&fileType=csv,,high
AGO,ASSURED GUARANTY LTD,United States,Financials,AGO,NYSE,,0.01,EWT,https://www.ishares.com/us/products/239724/ishares-msci-taiwan-etf/1467271812596.ajax?dataType=fund&fileName=EWT_holdings&fileType=csv,,high
AUB,ATLANTIC UNION BANKSHARES CORP,United States,Financials,AUB,NYSE,,0.01,EWT,https://www.ishares.com/us/products/239724/ishares-msci-taiwan-etf/1467271812596.ajax?dataType=fund&fileName=EWT_holdings&fileType=csv,,high
AXS,AXIS CAPITAL HOLDINGS LTD,United States,Financials,AXS,NYSE,,0.01,EWT,https://www.ishares.com/us/products/239724/ishares-msci-taiwan-etf/1467271812596.ajax?dataType=fund&fileName=EWT_holdings&fileType=csv,,high
AX,AXOS FINANCIAL INC,United States,Financials,AX,NYSE,,0.01,EWT,https://www.ishares.com/us/products/239724/ishares-msci-taiwan-etf/1467271812596.ajax?dataType=fund&fileName=EWT_holdings&fileType=csv,,high
BKKT,BAKKT INC CLASS A,United States,Financials,BKKT,NYSE,,0.0,EWT,https://www.ishares.com/us/products/239724/ishares-msci-taiwan-etf/1467271812596.ajax?dataType=fund&fileName=EWT_holdings&fileType=csv,,high
BWIN,BALDWIN INSURANCE GROUP INC CLASS,United States,Financials,BWIN,NASDAQ,,0.0,EWT,https://www.ishares.com/us/products/239724/ishares-msci-taiwan-etf/1467271812596.ajax?dataType=fund&fileName=EWT_holdings&fileType=csv,,high
BANC,BANC OF CALIFORNIA INC,United States,Financials,BANC,NYSE,,0.0,EWT,https://www.ishares.com/us/products/239724/ishares-msci-taiwan-etf/1467271812596.ajax?dataType=fund&fileName=EWT_holdings&fileType=csv,,high
BANF,BANCFIRST CORP,United States,Financials,BANF,NASDAQ,,0.0,EWT,https://www.ishares.com/us/products/239724/ishares-msci-taiwan-etf/1467271812596.ajax?dataType=fund&fileName=EWT_holdings&fileType=csv,,high
TBBK,BANCORP INC,United States,Financials,TBBK,NASDAQ,,0.0,EWT,https://www.ishares.com/us/products/239724/ishares-msci-taiwan-etf/1467271812596.ajax?dataType=fund&fileName=EWT_holdings&fileType=csv,,high
BFC,BANK FIRST CORP,United States,Financials,BFC,NASDAQ,,0.0,EWT,https://www.ishares.com/us/products/239724/ishares-msci-taiwan-etf/1467271812596.ajax?dataType=fund&fileName=EWT_holdings&fileType=csv,,high
BAC,BANK OF AMERICA CORP,United States,Financials,BAC,NYSE,,0.49,EWT,https://www.ishares.com/us/products/239724/ishares-msci-taiwan-etf/1467271812596.ajax?dataType=fund&fileName=EWT_holdings&fileType=csv,,high
BOH,BANK OF HAWAII CORP,United States,Financials,BOH,NYSE,,0.0,EWT,https://www.ishares.com/us/products/239724/ishares-msci-taiwan-etf/1467271812596.ajax?dataType=fund&fileName=EWT_holdings&fileType=csv,,high
BMRC,BANK OF MARIN BANCORP,United States,Financials,BMRC,NASDAQ,,0.0,EWT,https://www.ishares.com/us/products/239724/ishares-msci-taiwan-etf/1467271812596.ajax?dataType=fund&fileName=EWT_holdings&fileType=csv,,high
BK,BANK OF NEW YORK MELLON CORP,United States,Financials,BK,NYSE,,0.12,EWT,https://www.ishares.com/us/products/239724/ishares-msci-taiwan-etf/1467271812596.ajax?dataType=fund&fileName=EWT_holdings&fileType=csv,,high
OZK,BANK OZK,United States,Financials,OZK,NASDAQ,,0.01,EWT,https://www.ishares.com/us/products/239724/ishares-msci-taiwan-etf/1467271812596.ajax?dataType=fund&fileName=EWT_holdings&fileType=csv,,high
BKU,BANKUNITED INC,United States,Financials,BKU,NYSE,,0.0,EWT,https://www.ishares.com/us/products/239724/ishares-msci-taiwan-etf/1467271812596.ajax?dataType=fund&fileName=EWT_holdings&fileType=csv,,high
BANR,BANNER CORP,United States,Financials,BANR,NASDAQ,,0.0,EWT,https://www.ishares.com/us/products/239724/ishares-msci-taiwan-etf/1467271812596.ajax?dataType=fund&fileName=EWT_holdings&fileType=csv,,high
BHB,BAR HARBOR BANKSHARES,United States,Financials,BHB,Nyse Mkt Llc,,0.0,EWT,https://www.ishares.com/us/products/239724/ishares-msci-taiwan-etf/1467271812596.ajax?dataType=fund&fileName=EWT_holdings&fileType=csv,,high
BCML,BAYCOM CORP,United States,Financials,BCML,NASDAQ,,0.0,EWT,https://www.ishares.com/us/products/239724/ishares-msci-taiwan-etf/1467271812596.ajax?dataType=fund&fileName=EWT_holdings&fileType=csv,,high
BBT,BEACON FINANCIAL CORP,United States,Financials,BBT,NYSE,,0.0,EWT,https://www.ishares.com/us/products/239724/ishares-msci-taiwan-etf/1467271812596.ajax?dataType=fund&fileName=EWT_holdings&fileType=csv,,high
BRK-B,BERKSHIRE HATHAWAY INC CLASS B,United States,Financials,BRKB,NYSE,,1.38,EWT,https://www.ishares.com/us/products/239724/ishares-msci-taiwan-etf/1467271812596.ajax?dataType=fund&fileName=EWT_holdings&fileType=csv,,high
BETR,BETTER HOME FINANCE HOLDING CLASS,United States,Financials,BETR,NASDAQ,,0.0,EWT,https://www.ishares.com/us/products/239724/ishares-msci-taiwan-etf/1467271812596.ajax?dataType=fund&fileName=EWT_holdings&fileType=csv,,high
BGC,BGC GROUP INC CLASS A,United States,Financials,BGC,NASDAQ,,0.01,EWT,https://www.ishares.com/us/products/239724/ishares-msci-taiwan-etf/1467271812596.ajax?dataType=fund&fileName=EWT_holdings&fileType=csv,,high
BLK,BLACKROCK INC,United States,Financials,BLK,NYSE,,0.21,EWT,https://www.ishares.com/us/products/239724/ishares-msci-taiwan-etf/1467271812596.ajax?dataType=fund&fileName=EWT_holdings&fileType=csv,,high
BX,BLACKSTONE INC,United States,Financials,BX,NYSE,,0.12,EWT,https://www.ishares.com/us/products/239724/ishares-msci-taiwan-etf/1467271812596.ajax?dataType=fund&fileName=EWT_holdings&fileType=csv,,high
BXMT,BLACKSTONE MORTGAGE TRUST REIT CLA,United States,Financials,BXMT,NYSE,,0.0,EWT,https://www.ishares.com/us/products/239724/ishares-msci-taiwan-etf/1467271812596.ajax?dataType=fund&fileName=EWT_holdings&fileType=csv,,high
XYZ,BLOCK INC CLASS A,United States,Financials,XYZ,NYSE,,0.05,EWT,https://www.ishares.com/us/products/239724/ishares-msci-taiwan-etf/1467271812596.ajax?dataType=fund&fileName=EWT_holdings&fileType=csv,,high
OWL,BLUE OWL CAPITAL INC CLASS A,United States,Financials,OWL,NYSE,,0.01,EWT,https://www.ishares.com/us/products/239724/ishares-msci-taiwan-etf/1467271812596.ajax?dataType=fund&fileName=EWT_holdings&fileType=csv,,high
BOKF,BOK FINANCIAL CORP,United States,Financials,BOKF,NASDAQ,,0.0,EWT,https://www.ishares.com/us/products/239724/ishares-msci-taiwan-etf/1467271812596.ajax?dataType=fund&fileName=EWT_holdings&fileType=csv,,high
BFH,BREAD FINANCIAL HOLDINGS INC,United States,Financials,BFH,NYSE,,0.0,EWT,https://www.ishares.com/us/products/239724/ishares-msci-taiwan-etf/1467271812596.ajax?dataType=fund&fileName=EWT_holdings&fileType=csv,,high
BWB,BRIDGEWATER BANCSHARES INC,United States,Financials,BWB,NASDAQ,,0.0,EWT,https://www.ishares.com/us/products/239724/ishares-msci-taiwan-etf/1467271812596.ajax?dataType=fund&fileName=EWT_holdings&fileType=csv,,high
BHF,BRIGHTHOUSE FINANCIAL INC,United States,Financials,BHF,NASDAQ,,0.01,EWT,https://www.ishares.com/us/products/239724/ishares-msci-taiwan-etf/1467271812596.ajax?dataType=fund&fileName=EWT_holdings&fileType=csv,,high
BRSP,BRIGHTSPIRE CAPITAL INC CLASS A,United States,Financials,BRSP,NYSE,,0.0,EWT,https://www.ishares.com/us/products/239724/ishares-msci-taiwan-etf/1467271812596.ajax?dataType=fund&fileName=EWT_holdings&fileType=csv,,high
BRO,BROWN & BROWN INC,United States,Financials,BRO,NYSE,,0.03,EWT,https://www.ishares.com/us/products/239724/ishares-msci-taiwan-etf/1467271812596.ajax?dataType=fund&fileName=EWT_holdings&fileType=csv,,high
BHRB,BURKE HERBERT FINANCIAL SERVICES C,United States,Financials,BHRB,NASDAQ,,0.0,EWT,https://www.ishares.com/us/products/239724/ishares-msci-taiwan-etf/1467271812596.ajax?dataType=fund&fileName=EWT_holdings&fileType=csv,,high
BFST,BUSINESS FIRST BANCSHARES INC,United States,Financials,BFST,NASDAQ,,0.0,EWT,https://www.ishares.com/us/products/239724/ishares-msci-taiwan-etf/1467271812596.ajax?dataType=fund&fileName=EWT_holdings&fileType=csv,,high
BY,BYLINE BANCORP INC,United States,Financials,BY,NYSE,,0.0,EWT,https://www.ishares.com/us/products/239724/ishares-msci-taiwan-etf/1467271812596.ajax?dataType=fund&fileName=EWT_holdings&fileType=csv,,high
CAC,CAMDEN NATIONAL CORP,United States,Financials,CAC,NASDAQ,,0.0,EWT,https://www.ishares.com/us/products/239724/ishares-msci-taiwan-etf/1467271812596.ajax?dataType=fund&fileName=EWT_holdings&fileType=csv,,high
CNNE,CANNAE HOLDINGS INC,United States,Financials,CNNE,NYSE,,0.0,EWT,https://www.ishares.com/us/products/239724/ishares-msci-taiwan-etf/1467271812596.ajax?dataType=fund&fileName=EWT_holdings&fileType=csv,,high
CTLP,CANTALOUPE INC,United States,Financials,CTLP,NASDAQ,,0.0,EWT,https://www.ishares.com/us/products/239724/ishares-msci-taiwan-etf/1467271812596.ajax?dataType=fund&fileName=EWT_holdings&fileType=csv,,high
CCBG,CAPITAL CITY BANK INC,United States,Financials,CCBG,NASDAQ,,0.0,EWT,https://www.ishares.com/us/products/239724/ishares-msci-taiwan-etf/1467271812596.ajax?dataType=fund&fileName=EWT_holdings&fileType=csv,,high
COF,CAPITAL ONE FINANCIAL CORP,United States,Financials,COF,NYSE,,0.18,EWT,https://www.ishares.com/us/products/239724/ishares-msci-taiwan-etf/1467271812596.ajax?dataType=fund&fileName=EWT_holdings&fileType=csv,,high
CFFN,CAPITOL FEDERAL FINANCIAL INC,United States,Financials,CFFN,NASDAQ,,0.0,EWT,https://www.ishares.com/us/products/239724/ishares-msci-taiwan-etf/1467271812596.ajax?dataType=fund&fileName=EWT_holdings&fileType=csv,,high
CG,CARLYLE GROUP INC,United States,Financials,CG,NASDAQ,,0.02,EWT,https://www.ishares.com/us/products/239724/ishares-msci-taiwan-etf/1467271812596.ajax?dataType=fund&fileName=EWT_holdings&fileType=csv,,high
CARE,CARTER BANKSHARES INC,United States,Financials,CARE,NASDAQ,,0.0,EWT,https://www.ishares.com/us/products/239724/ishares-msci-taiwan-etf/1467271812596.ajax?dataType=fund&fileName=EWT_holdings&fileType=csv,,high
CASS,CASS INFORMATION SYSTEMS INC,United States,Financials,CASS,NASDAQ,,0.0,EWT,https://www.ishares.com/us/products/239724/ishares-msci-taiwan-etf/1467271812596.ajax?dataType=fund&fileName=EWT_holdings&fileType=csv,,high
CATY,CATHAY GENERAL BANCORP,United States,Financials,CATY,NASDAQ,,0.0,EWT,https://www.ishares.com/us/products/239724/ishares-msci-taiwan-etf/1467271812596.ajax?dataType=fund&fileName=EWT_holdings&fileType=csv,,high
CBFV,CB FINANCIAL SERVICES INC,United States,Financials,CBFV,NASDAQ,,0.0,EWT,https://www.ishares.com/us/products/239724/ishares-msci-taiwan-etf/1467271812596.ajax?dataType=fund&fileName=EWT_holdings&fileType=csv,,high
CBOE,CBOE GLOBAL MARKETS INC,United States,Financials,CBOE,Cboe BZX,,0.05,EWT,https://www.ishares.com/us/products/239724/ishares-msci-taiwan-etf/1467271812596.ajax?dataType=fund&fileName=EWT_holdings&fileType=csv,,high
SCHW,CHARLES SCHWAB CORP,United States,Financials,SCHW,NYSE,,0.24,EWT,https://www.ishares.com/us/products/239724/ishares-msci-taiwan-etf/1467271812596.ajax?dataType=fund&fileName=EWT_holdings&fileType=csv,,high
CHYM,CHIME FINANCIAL INC CLASS A,United States,Financials,CHYM,NASDAQ,,0.0,EWT,https://www.ishares.com/us/products/239724/ishares-msci-taiwan-etf/1467271812596.ajax?dataType=fund&fileName=EWT_holdings&fileType=csv,,high
CIM,CHIMERA INVESTMENT CORP,United States,Financials,CIM,NYSE,,0.0,EWT,https://www.ishares.com/us/products/239724/ishares-msci-taiwan-etf/1467271812596.ajax?dataType=fund&fileName=EWT_holdings&fileType=csv,,high
CB,CHUBB LTD,United States,Financials,CB,NYSE,,0.18,EWT,https://www.ishares.com/us/products/239724/ishares-msci-taiwan-etf/1467271812596.ajax?dataType=fund&fileName=EWT_holdings&fileType=csv,,high
CINF,CINCINNATI FINANCIAL CORP,United States,Financials,CINF,NASDAQ,,0.04,EWT,https://www.ishares.com/us/products/239724/ishares-msci-taiwan-etf/1467271812596.ajax?dataType=fund&fileName=EWT_holdings&fileType=csv,,high
C,CITIGROUP INC,United States,Financials,C,NYSE,,0.29,EWT,https://www.ishares.com/us/products/239724/ishares-msci-taiwan-etf/1467271812596.ajax?dataType=fund&fileName=EWT_holdings&fileType=csv,,high
CFG,CITIZENS FINANCIAL GROUP INC,United States,Financials,CFG,NYSE,,0.04,EWT,https://www.ishares.com/us/products/239724/ishares-msci-taiwan-etf/1467271812596.ajax?dataType=fund&fileName=EWT_holdings&fileType=csv,,high
CHCO,CITY HOLDING,United States,Financials,CHCO,NASDAQ,,0.0,EWT,https://www.ishares.com/us/products/239724/ishares-msci-taiwan-etf/1467271812596.ajax?dataType=fund&fileName=EWT_holdings&fileType=csv,,high
CMTG,CLAROS MORTGAGE TRUST INC,United States,Financials,CMTG,NYSE,,0.0,EWT,https://www.ishares.com/us/products/239724/ishares-msci-taiwan-etf/1467271812596.ajax?dataType=fund&fileName=EWT_holdings&fileType=csv,,high
CME,CME GROUP INC CLASS A,United States,Financials,CME,NASDAQ,,0.17,EWT,https://www.ishares.com/us/products/239724/ishares-msci-taiwan-etf/1467271812596.ajax?dataType=fund&fileName=EWT_holdings&fileType=csv,,high
CNA,CNA FINANCIAL CORP,United States,Financials,CNA,NYSE,,0.0,EWT,https://www.ishares.com/us/products/239724/ishares-msci-taiwan-etf/1467271812596.ajax?dataType=fund&fileName=EWT_holdings&fileType=csv,,high
CCNE,CNB FINANCIAL CORP,United States,Financials,CCNE,NASDAQ,,0.0,EWT,https://www.ishares.com/us/products/239724/ishares-msci-taiwan-etf/1467271812596.ajax?dataType=fund&fileName=EWT_holdings&fileType=csv,,high
CNO,CNO FINANCIAL GROUP INC,United States,Financials,CNO,NYSE,,0.01,EWT,https://www.ishares.com/us/products/239724/ishares-msci-taiwan-etf/1467271812596.ajax?dataType=fund&fileName=EWT_holdings&fileType=csv,,high
CCB,COASTAL FINANCIAL CORP,United States,Financials,CCB,NASDAQ,,0.0,EWT,https://www.ishares.com/us/products/239724/ishares-msci-taiwan-etf/1467271812596.ajax?dataType=fund&fileName=EWT_holdings&fileType=csv,,high
CNS,COHEN & STEERS INC,United States,Financials,CNS,NYSE,,0.0,EWT,https://www.ishares.com/us/products/239724/ishares-msci-taiwan-etf/1467271812596.ajax?dataType=fund&fileName=EWT_holdings&fileType=csv,,high
COIN,COINBASE GLOBAL INC CLASS A,United States,Financials,COIN,NASDAQ,,0.07,EWT,https://www.ishares.com/us/products/239724/ishares-msci-taiwan-etf/1467271812596.ajax?dataType=fund&fileName=EWT_holdings&fileType=csv,,high
CBAN,COLONY BANKCORP INC,United States,Financials,CBAN,NYSE,,0.0,EWT,https://www.ishares.com/us/products/239724/ishares-msci-taiwan-etf/1467271812596.ajax?dataType=fund&fileName=EWT_holdings&fileType=csv,,high
COLB,COLUMBIA BANKING SYSTEM INC,United States,Financials,COLB,NASDAQ,,0.01,EWT,https://www.ishares.com/us/products/239724/ishares-msci-taiwan-etf/1467271812596.ajax?dataType=fund&fileName=EWT_holdings&fileType=csv,,high
CLBK,COLUMBIA FINANCIAL INC,United States,Financials,CLBK,NASDAQ,,0.0,EWT,https://www.ishares.com/us/products/239724/ishares-msci-taiwan-etf/1467271812596.ajax?dataType=fund&fileName=EWT_holdings&fileType=csv,,high
CBSH,COMMERCE BANCSHARES INC,United States,Financials,CBSH,NASDAQ,,0.01,EWT,https://www.ishares.com/us/products/239724/ishares-msci-taiwan-etf/1467271812596.ajax?dataType=fund&fileName=EWT_holdings&fileType=csv,,high
CBU,COMMUNITY FINANCIAL SYSTEM INC,United States,Financials,CBU,NYSE,,0.0,EWT,https://www.ishares.com/us/products/239724/ishares-msci-taiwan-etf/1467271812596.ajax?dataType=fund&fileName=EWT_holdings&fileType=csv,,high
CTBI,COMMUNITY TRUST BANCORP INC,United States,Financials,CTBI,NASDAQ,,0.0,EWT,https://www.ishares.com/us/products/239724/ishares-msci-taiwan-etf/1467271812596.ajax?dataType=fund&fileName=EWT_holdings&fileType=csv,,high
CNOB,CONNECTONE BANCORP INC,United States,Financials,CNOB,NASDAQ,,0.0,EWT,https://www.ishares.com/us/products/239724/ishares-msci-taiwan-etf/1467271812596.ajax?dataType=fund&fileName=EWT_holdings&fileType=csv,,high
CPAY,CORPAY INC,United States,Financials,CPAY,NYSE,,0.03,EWT,https://www.ishares.com/us/products/239724/ishares-msci-taiwan-etf/1467271812596.ajax?dataType=fund&fileName=EWT_holdings&fileType=csv,,high
CACC,CREDIT ACCEPTANCE CORP,United States,Financials,CACC,NASDAQ,,0.01,EWT,https://www.ishares.com/us/products/239724/ishares-msci-taiwan-etf/1467271812596.ajax?dataType=fund&fileName=EWT_holdings&fileType=csv,,high
CFR,CULLEN FROST BANKERS INC,United States,Financials,CFR,NYSE,,0.01,EWT,https://www.ishares.com/us/products/239724/ishares-msci-taiwan-etf/1467271812596.ajax?dataType=fund&fileName=EWT_holdings&fileType=csv,,high
CUBI,CUSTOMERS BANCORP INC,United States,Financials,CUBI,NYSE,,0.0,EWT,https://www.ishares.com/us/products/239724/ishares-msci-taiwan-etf/1467271812596.ajax?dataType=fund&fileName=EWT_holdings&fileType=csv,,high
CVBF,CVB FINANCIAL CORP,United States,Financials,CVBF,NASDAQ,,0.0,EWT,https://www.ishares.com/us/products/239724/ishares-msci-taiwan-etf/1467271812596.ajax?dataType=fund&fileName=EWT_holdings&fileType=csv,,high
DAVE,DAVE INC CLASS A,United States,Financials,DAVE,NASDAQ,,0.0,EWT,https://www.ishares.com/us/products/239724/ishares-msci-taiwan-etf/1467271812596.ajax?dataType=fund&fileName=EWT_holdings&fileType=csv,,high
DBRG,DIGITALBRIDGE GROUP INC CLASS A,United States,Financials,DBRG,NYSE,,0.0,EWT,https://www.ishares.com/us/products/239724/ishares-msci-taiwan-etf/1467271812596.ajax?dataType=fund&fileName=EWT_holdings&fileType=csv,,high
DCOM,DIME COMMUNITY BANCSHARES INC,United States,Financials,DCOM,NASDAQ,,0.0,EWT,https://www.ishares.com/us/products/239724/ishares-msci-taiwan-etf/1467271812596.ajax?dataType=fund&fileName=EWT_holdings&fileType=csv,,high
DGICA,DONEGAL GROUP INC CLASS A,United States,Financials,DGICA,NASDAQ,,0.0,EWT,https://www.ishares.com/us/products/239724/ishares-msci-taiwan-etf/1467271812596.ajax?dataType=fund&fileName=EWT_holdings&fileType=csv,,high
DFIN,DONNELLEY FINANCIAL SOLUTIONS INC,United States,Financials,DFIN,NYSE,,0.0,EWT,https://www.ishares.com/us/products/239724/ishares-msci-taiwan-etf/1467271812596.ajax?dataType=fund&fileName=EWT_holdings&fileType=csv,,high
DX,DYNEX CAPITAL REIT INC,United States,Financials,DX,NYSE,,0.0,EWT,https://www.ishares.com/us/products/239724/ishares-msci-taiwan-etf/1467271812596.ajax?dataType=fund&fileName=EWT_holdings&fileType=csv,,high
EGBN,EAGLE BANCORP INC,United States,Financials,EGBN,NASDAQ,,0.0,EWT,https://www.ishares.com/us/products/239724/ishares-msci-taiwan-etf/1467271812596.ajax?dataType=fund&fileName=EWT_holdings&fileType=csv,,high
EWBC,EAST WEST BANCORP INC,United States,Financials,EWBC,NASDAQ,,0.02,EWT,https://www.ishares.com/us/products/239724/ishares-msci-taiwan-etf/1467271812596.ajax?dataType=fund&fileName=EWT_holdings&fileType=csv,,high
EBC,EASTERN BANKSHARES INC,United States,Financials,EBC,NASDAQ,,0.01,EWT,https://www.ishares.com/us/products/239724/ishares-msci-taiwan-etf/1467271812596.ajax?dataType=fund&fileName=EWT_holdings&fileType=csv,,high
EFC,ELLINGTON FINANCIAL INC,United States,Financials,EFC,NYSE,,0.0,EWT,https://www.ishares.com/us/products/239724/ishares-msci-taiwan-etf/1467271812596.ajax?dataType=fund&fileName=EWT_holdings&fileType=csv,,high
EIG,EMPLOYERS HOLDINGS INC,United States,Financials,EIG,NYSE,,0.0,EWT,https://www.ishares.com/us/products/239724/ishares-msci-taiwan-etf/1467271812596.ajax?dataType=fund&fileName=EWT_holdings&fileType=csv,,high
ACT,ENACT HOLDINGS INC,United States,Financials,ACT,NASDAQ,,0.0,EWT,https://www.ishares.com/us/products/239724/ishares-msci-taiwan-etf/1467271812596.ajax?dataType=fund&fileName=EWT_holdings&fileType=csv,,high
ECPG,ENCORE CAPITAL GROUP INC,United States,Financials,ECPG,NASDAQ,,0.0,EWT,https://www.ishares.com/us/products/239724/ishares-msci-taiwan-etf/1467271812596.ajax?dataType=fund&fileName=EWT_holdings&fileType=csv,,high
ENVA,ENOVA INTERNATIONAL INC,United States,Financials,ENVA,NYSE,,0.01,EWT,https://www.ishares.com/us/products/239724/ishares-msci-taiwan-etf/1467271812596.ajax?dataType=fund&fileName=EWT_holdings&fileType=csv,,high
EFSC,ENTERPRISE FINANCIAL SERVICES CORP,United States,Financials,EFSC,NASDAQ,,0.0,EWT,https://www.ishares.com/us/products/239724/ishares-msci-taiwan-etf/1467271812596.ajax?dataType=fund&fileName=EWT_holdings&fileType=csv,,high
EQH,EQUITABLE HOLDINGS INC,United States,Financials,EQH,NYSE,,0.02,EWT,https://www.ishares.com/us/products/239724/ishares-msci-taiwan-etf/1467271812596.ajax?dataType=fund&fileName=EWT_holdings&fileType=csv,,high
EQBK,EQUITY BANCSHARES INC CLASS A,United States,Financials,EQBK,NYSE,,0.0,EWT,https://www.ishares.com/us/products/239724/ishares-msci-taiwan-etf/1467271812596.ajax?dataType=fund&fileName=EWT_holdings&fileType=csv,,high
ERIE,ERIE INDEMNITY CLASS A,United States,Financials,ERIE,NASDAQ,,0.01,EWT,https://www.ishares.com/us/products/239724/ishares-msci-taiwan-etf/1467271812596.ajax?dataType=fund&fileName=EWT_holdings&fileType=csv,,high
ESQ,ESQUIRE FINANCIAL HOLDINGS INC,United States,Financials,ESQ,NASDAQ,,0.0,EWT,https://www.ishares.com/us/products/239724/ishares-msci-taiwan-etf/1467271812596.ajax?dataType=fund&fileName=EWT_holdings&fileType=csv,,high
ESNT,ESSENT GROUP LTD,United States,Financials,ESNT,NYSE,,0.01,EWT,https://www.ishares.com/us/products/239724/ishares-msci-taiwan-etf/1467271812596.ajax?dataType=fund&fileName=EWT_holdings&fileType=csv,,high
EEFT,EURONET WORLDWIDE INC,United States,Financials,EEFT,NASDAQ,,0.0,EWT,https://www.ishares.com/us/products/239724/ishares-msci-taiwan-etf/1467271812596.ajax?dataType=fund&fileName=EWT_holdings&fileType=csv,,high
EVR,EVERCORE INC CLASS A,United States,Financials,EVR,NYSE,,0.02,EWT,https://www.ishares.com/us/products/239724/ishares-msci-taiwan-etf/1467271812596.ajax?dataType=fund&fileName=EWT_holdings&fileType=csv,,high
EG,EVEREST GROUP LTD,United States,Financials,EG,NYSE,,0.02,EWT,https://www.ishares.com/us/products/239724/ishares-msci-taiwan-etf/1467271812596.ajax?dataType=fund&fileName=EWT_holdings&fileType=csv,,high
EVTC,EVERTEC INC,United States,Financials,EVTC,NYSE,,0.0,EWT,https://www.ishares.com/us/products/239724/ishares-msci-taiwan-etf/1467271812596.ajax?dataType=fund&fileName=EWT_holdings&fileType=csv,,high
EZPW,EZCORP NON VOTING INC CLASS A,United States,Financials,EZPW,NASDAQ,,0.0,EWT,https://www.ishares.com/us/products/239724/ishares-msci-taiwan-etf/1467271812596.ajax?dataType=fund&fileName=EWT_holdings&fileType=csv,,high
FG,F&G ANNUITIES AND LIFE INC,United States,Financials,FG,NYSE,,0.0,EWT,https://www.ishares.com/us/products/239724/ishares-msci-taiwan-etf/1467271812596.ajax?dataType=fund&fileName=EWT_holdings&fileType=csv,,high
FDS,FACTSET RESEARCH SYSTEMS INC,United States,Financials,FDS,NYSE,,0.01,EWT,https://www.ishares.com/us/products/239724/ishares-msci-taiwan-etf/1467271812596.ajax?dataType=fund&fileName=EWT_holdings&fileType=csv,,high
FMNB,FARMERS NATIONAL BANC CORP,United States,Financials,FMNB,NASDAQ,,0.0,EWT,https://www.ishares.com/us/products/239724/ishares-msci-taiwan-etf/1467271812596.ajax?dataType=fund&fileName=EWT_holdings&fileType=csv,,high
FBK,FB FINANCIAL CORP,United States,Financials,FBK,NYSE,,0.0,EWT,https://www.ishares.com/us/products/239724/ishares-msci-taiwan-etf/1467271812596.ajax?dataType=fund&fileName=EWT_holdings&fileType=csv,,high
AGM,FEDERAL AGRICULTURAL MORTGAGE NON,United States,Financials,AGM,NYSE,,0.0,EWT,https://www.ishares.com/us/products/239724/ishares-msci-taiwan-etf/1467271812596.ajax?dataType=fund&fileName=EWT_holdings&fileType=csv,,high
FHI,FEDERATED HERMES INC CLASS B,United States,Financials,FHI,NYSE,,0.01,EWT,https://www.ishares.com/us/products/239724/ishares-msci-taiwan-etf/1467271812596.ajax?dataType=fund&fileName=EWT_holdings&fileType=csv,,high
FNF,FIDELITY NATIONAL FINANCIAL INC,United States,Financials,FNF,NYSE,,0.02,EWT,https://www.ishares.com/us/products/239724/ishares-msci-taiwan-etf/1467271812596.ajax?dataType=fund&fileName=EWT_holdings&fileType=csv,,high
FIS,FIDELITY NATIONAL INFORMATION SERV,United States,Financials,FIS,NYSE,,0.04,EWT,https://www.ishares.com/us/products/239724/ishares-msci-taiwan-etf/1467271812596.ajax?dataType=fund&fileName=EWT_holdings&fileType=csv,,high
FITB,FIFTH THIRD BANCORP,United States,Financials,FITB,NASDAQ,,0.06,EWT,https://www.ishares.com/us/products/239724/ishares-msci-taiwan-etf/1467271812596.ajax?dataType=fund&fileName=EWT_holdings&fileType=csv,,high
FIGR,FIGURE TECHNOLOGY SOLUTIONS INC CL,United States,Financials,FIGR,NASDAQ,,0.0,EWT,https://www.ishares.com/us/products/239724/ishares-msci-taiwan-etf/1467271812596.ajax?dataType=fund&fileName=EWT_holdings&fileType=csv,,high
FISI,FINANCIAL INSTITUTIONS INC,United States,Financials,FISI,NASDAQ,,0.0,EWT,https://www.ishares.com/us/products/239724/ishares-msci-taiwan-etf/1467271812596.ajax?dataType=fund&fileName=EWT_holdings&fileType=csv,,high
FAF,FIRST AMERICAN FINANCIAL CORP,United States,Financials,FAF,NYSE,,0.01,EWT,https://www.ishares.com/us/products/239724/ishares-msci-taiwan-etf/1467271812596.ajax?dataType=fund&fileName=EWT_holdings&fileType=csv,,high
FBNC,FIRST BANCORP,United States,Financials,FBNC,NASDAQ,,0.0,EWT,https://www.ishares.com/us/products/239724/ishares-msci-taiwan-etf/1467271812596.ajax?dataType=fund&fileName=EWT_holdings&fileType=csv,,high
FBP,FIRST BANCORP,United States,Financials,FBP,NYSE,,0.0,EWT,https://www.ishares.com/us/products/239724/ishares-msci-taiwan-etf/1467271812596.ajax?dataType=fund&fileName=EWT_holdings&fileType=csv,,high
BUSE,FIRST BUSEY CORP,United States,Financials,BUSE,NASDAQ,,0.0,EWT,https://www.ishares.com/us/products/239724/ishares-msci-taiwan-etf/1467271812596.ajax?dataType=fund&fileName=EWT_holdings&fileType=csv,,high
FCNCA,FIRST CITIZENS BANCSHARES INC CLAS,United States,Financials,FCNCA,NASDAQ,,0.03,EWT,https://www.ishares.com/us/products/239724/ishares-msci-taiwan-etf/1467271812596.ajax?dataType=fund&fileName=EWT_holdings&fileType=csv,,high
FCF,FIRST COMMONWEALTH FINANCIAL CORP,United States,Financials,FCF,NYSE,,0.0,EWT,https://www.ishares.com/us/products/239724/ishares-msci-taiwan-etf/1467271812596.ajax?dataType=fund&fileName=EWT_holdings&fileType=csv,,high
FCBC,FIRST COMMUNITY BANKSHARES INC,United States,Financials,FCBC,NASDAQ,,0.0,EWT,https://www.ishares.com/us/products/239724/ishares-msci-taiwan-etf/1467271812596.ajax?dataType=fund&fileName=EWT_holdings&fileType=csv,,high
FFBC,FIRST FINANCIAL BANCORP,United States,Financials,FFBC,NASDAQ,,0.0,EWT,https://www.ishares.com/us/products/239724/ishares-msci-taiwan-etf/1467271812596.ajax?dataType=fund&fileName=EWT_holdings&fileType=csv,,high
FFIN,FIRST FINANCIAL BANKSHARES INC,United States,Financials,FFIN,NASDAQ,,0.01,EWT,https://www.ishares.com/us/products/239724/ishares-msci-taiwan-etf/1467271812596.ajax?dataType=fund&fileName=EWT_holdings&fileType=csv,,high
THFF,FIRST FINANCIAL CORPORATION CORP,United States,Financials,THFF,NASDAQ,,0.0,EWT,https://www.ishares.com/us/products/239724/ishares-msci-taiwan-etf/1467271812596.ajax?dataType=fund&fileName=EWT_holdings&fileType=csv,,high
FFWM,FIRST FOUNDATION INC,United States,Financials,FFWM,NYSE,,0.0,EWT,https://www.ishares.com/us/products/239724/ishares-msci-taiwan-etf/1467271812596.ajax?dataType=fund&fileName=EWT_holdings&fileType=csv,,high
FHB,FIRST HAWAIIAN INC,United States,Financials,FHB,NASDAQ,,0.0,EWT,https://www.ishares.com/us/products/239724/ishares-msci-taiwan-etf/1467271812596.ajax?dataType=fund&fileName=EWT_holdings&fileType=csv,,high
FHN,FIRST HORIZON CORP,United States,Financials,FHN,NYSE,,0.02,EWT,https://www.ishares.com/us/products/239724/ishares-msci-taiwan-etf/1467271812596.ajax?dataType=fund&fileName=EWT_holdings&fileType=csv,,high
FIBK,FIRST INTERSTATE BANCSYSTEM INC,United States,Financials,FIBK,NASDAQ,,0.01,EWT,https://www.ishares.com/us/products/239724/ishares-msci-taiwan-etf/1467271812596.ajax?dataType=fund&fileName=EWT_holdings&fileType=csv,,high
FRME,FIRST MERCHANTS CORP,United States,Financials,FRME,NASDAQ,,0.0,EWT,https://www.ishares.com/us/products/239724/ishares-msci-taiwan-etf/1467271812596.ajax?dataType=fund&fileName=EWT_holdings&fileType=csv,,high
FMBH,FIRST MID BANCSHARES INC,United States,Financials,FMBH,NASDAQ,,0.0,EWT,https://www.ishares.com/us/products/239724/ishares-msci-taiwan-etf/1467271812596.ajax?dataType=fund&fileName=EWT_holdings&fileType=csv,,high
MYFW,FIRST WESTERN FINANCIAL INC,United States,Financials,MYFW,NASDAQ,,0.0,EWT,https://www.ishares.com/us/products/239724/ishares-msci-taiwan-etf/1467271812596.ajax?dataType=fund&fileName=EWT_holdings&fileType=csv,,high
FCFS,FIRSTCASH HOLDINGS INC,United States,Financials,FCFS,NASDAQ,,0.01,EWT,https://www.ishares.com/us/products/239724/ishares-msci-taiwan-etf/1467271812596.ajax?dataType=fund&fileName=EWT_holdings&fileType=csv,,high
FISV,FISERV INC,United States,Financials,FISV,NASDAQ,,0.05,EWT,https://www.ishares.com/us/products/239724/ishares-msci-taiwan-etf/1467271812596.ajax?dataType=fund&fileName=EWT_holdings&fileType=csv,,high
FLG,FLAGSTAR BANK NATIONAL ASSOCIATION,United States,Financials,FLG,NYSE,,0.01,EWT,https://www.ishares.com/us/products/239724/ishares-msci-taiwan-etf/1467271812596.ajax?dataType=fund&fileName=EWT_holdings&fileType=csv,,high
FFIC,FLUSHING FINANCIAL CORP,United States,Financials,FFIC,NASDAQ,,0.0,EWT,https://www.ishares.com/us/products/239724/ishares-msci-taiwan-etf/1467271812596.ajax?dataType=fund&fileName=EWT_holdings&fileType=csv,,high
FLYW,FLYWIRE CORP,United States,Financials,FLYW,NASDAQ,,0.0,EWT,https://www.ishares.com/us/products/239724/ishares-msci-taiwan-etf/1467271812596.ajax?dataType=fund&fileName=EWT_holdings&fileType=csv,,high
FNB,FNB CORP,United States,Financials,FNB,NYSE,,0.01,EWT,https://www.ishares.com/us/products/239724/ishares-msci-taiwan-etf/1467271812596.ajax?dataType=fund&fileName=EWT_holdings&fileType=csv,,high
FBRT,FRANKLIN BSP REALTY TRUST INC,United States,Financials,FBRT,NYSE,,0.0,EWT,https://www.ishares.com/us/products/239724/ishares-msci-taiwan-etf/1467271812596.ajax?dataType=fund&fileName=EWT_holdings&fileType=csv,,high
BEN,FRANKLIN RESOURCES INC,United States,Financials,BEN,NYSE,,0.01,EWT,https://www.ishares.com/us/products/239724/ishares-msci-taiwan-etf/1467271812596.ajax?dataType=fund&fileName=EWT_holdings&fileType=csv,,high
FULT,FULTON FINANCIAL CORP,United States,Financials,FULT,NASDAQ,,0.01,EWT,https://www.ishares.com/us/products/239724/ishares-msci-taiwan-etf/1467271812596.ajax?dataType=fund&fileName=EWT_holdings&fileType=csv,,high
GLXY,GALAXY DIGITAL INC CLASS A,United States,Financials,GLXY,NASDAQ,,0.01,EWT,https://www.ishares.com/us/products/239724/ishares-msci-taiwan-etf/1467271812596.ajax?dataType=fund&fileName=EWT_holdings&fileType=csv,,high
GCMG,GCM GROSVENOR INC CLASS A,United States,Financials,GCMG,NASDAQ,,0.0,EWT,https://www.ishares.com/us/products/239724/ishares-msci-taiwan-etf/1467271812596.ajax?dataType=fund&fileName=EWT_holdings&fileType=csv,,high
GNW,GENWORTH FINANCIAL INC,United States,Financials,GNW,NYSE,,0.0,EWT,https://www.ishares.com/us/products/239724/ishares-msci-taiwan-etf/1467271812596.ajax?dataType=fund&fileName=EWT_holdings&fileType=csv,,high
GABC,GERMAN AMERICAN BANCORP INC,United States,Financials,GABC,NASDAQ,,0.0,EWT,https://www.ishares.com/us/products/239724/ishares-msci-taiwan-etf/1467271812596.ajax?dataType=fund&fileName=EWT_holdings&fileType=csv,,high
GBCI,GLACIER BANCORP INC,United States,Financials,GBCI,NYSE,,0.01,EWT,https://www.ishares.com/us/products/239724/ishares-msci-taiwan-etf/1467271812596.ajax?dataType=fund&fileName=EWT_holdings&fileType=csv,,high
GPN,GLOBAL PAYMENTS INC,United States,Financials,GPN,NYSE,,0.03,EWT,https://www.ishares.com/us/products/239724/ishares-msci-taiwan-etf/1467271812596.ajax?dataType=fund&fileName=EWT_holdings&fileType=csv,,high
GL,GLOBE LIFE INC,United States,Financials,GL,NYSE,,0.02,EWT,https://www.ishares.com/us/products/239724/ishares-msci-taiwan-etf/1467271812596.ajax?dataType=fund&fileName=EWT_holdings&fileType=csv,,high
GS,GOLDMAN SACHS GROUP INC,United States,Financials,GS,NYSE,,0.38,EWT,https://www.ishares.com/us/products/239724/ishares-msci-taiwan-etf/1467271812596.ajax?dataType=fund&fileName=EWT_holdings&fileType=csv,,high
GSHD,GOOSEHEAD INSURANCE INC CLASS A,United States,Financials,GSHD,NASDAQ,,0.0,EWT,https://www.ishares.com/us/products/239724/ishares-msci-taiwan-etf/1467271812596.ajax?dataType=fund&fileName=EWT_holdings&fileType=csv,,high
GPMT,GRANITE POINT MORTGAGE TRUST INC,United States,Financials,GPMT,NYSE,,0.0,EWT,https://www.ishares.com/us/products/239724/ishares-msci-taiwan-etf/1467271812596.ajax?dataType=fund&fileName=EWT_holdings&fileType=csv,,high
GSBC,GREAT SOUTHERN BANCORP INC,United States,Financials,GSBC,NASDAQ,,0.0,EWT,https://www.ishares.com/us/products/239724/ishares-msci-taiwan-etf/1467271812596.ajax?dataType=fund&fileName=EWT_holdings&fileType=csv,,high
GDOT,GREEN DOT CORP CLASS A,United States,Financials,GDOT,NYSE,,0.0,EWT,https://www.ishares.com/us/products/239724/ishares-msci-taiwan-etf/1467271812596.ajax?dataType=fund&fileName=EWT_holdings&fileType=csv,,high
HASI,HA SUSTAINABLE INFRASTRUCTURE CAPI,United States,Financials,HASI,NYSE,,0.01,EWT,https://www.ishares.com/us/products/239724/ishares-msci-taiwan-etf/1467271812596.ajax?dataType=fund&fileName=EWT_holdings&fileType=csv,,high
HLNE,HAMILTON LANE INC CLASS A,United States,Financials,HLNE,NASDAQ,,0.01,EWT,https://www.ishares.com/us/products/239724/ishares-msci-taiwan-etf/1467271812596.ajax?dataType=fund&fileName=EWT_holdings&fileType=csv,,high
HWC,HANCOCK WHITNEY CORP,United States,Financials,HWC,NASDAQ,,0.01,EWT,https://www.ishares.com/us/products/239724/ishares-msci-taiwan-etf/1467271812596.ajax?dataType=fund&fileName=EWT_holdings&fileType=csv,,high
THG,HANOVER INSURANCE GROUP INC,United States,Financials,THG,NYSE,,0.01,EWT,https://www.ishares.com/us/products/239724/ishares-msci-taiwan-etf/1467271812596.ajax?dataType=fund&fileName=EWT_holdings&fileType=csv,,high
HIG,HARTFORD INSURANCE GROUP INC,United States,Financials,HIG,NYSE,,0.06,EWT,https://www.ishares.com/us/products/239724/ishares-msci-taiwan-etf/1467271812596.ajax?dataType=fund&fileName=EWT_holdings&fileType=csv,,high
HCI,HCI GROUP INC,United States,Financials,HCI,NYSE,,0.0,EWT,https://www.ishares.com/us/products/239724/ishares-msci-taiwan-etf/1467271812596.ajax?dataType=fund&fileName=EWT_holdings&fileType=csv,,high
HTBK,HERITAGE COMMERCE CORP,United States,Financials,HTBK,NASDAQ,,0.0,EWT,https://www.ishares.com/us/products/239724/ishares-msci-taiwan-etf/1467271812596.ajax?dataType=fund&fileName=EWT_holdings&fileType=csv,,high
HFWA,HERITAGE FINANCIAL CORP,United States,Financials,HFWA,NASDAQ,,0.0,EWT,https://www.ishares.com/us/products/239724/ishares-msci-taiwan-etf/1467271812596.ajax?dataType=fund&fileName=EWT_holdings&fileType=csv,,high
HRTG,HERITAGE INSURANCE HOLDINGS INC,United States,Financials,HRTG,NYSE,,0.0,EWT,https://www.ishares.com/us/products/239724/ishares-msci-taiwan-etf/1467271812596.ajax?dataType=fund&fileName=EWT_holdings&fileType=csv,,high
HTH,HILLTOP HOLDINGS INC,United States,Financials,HTH,NYSE,,0.0,EWT,https://www.ishares.com/us/products/239724/ishares-msci-taiwan-etf/1467271812596.ajax?dataType=fund&fileName=EWT_holdings&fileType=csv,,high
HIFS,HINGHAM INSTITUTION FOR SAVINGS,United States,Financials,HIFS,NASDAQ,,0.0,EWT,https://www.ishares.com/us/products/239724/ishares-msci-taiwan-etf/1467271812596.ajax?dataType=fund&fileName=EWT_holdings&fileType=csv,,high
HIPO,HIPPO HOLDINGS INC,United States,Financials,HIPO,NYSE,,0.0,EWT,https://www.ishares.com/us/products/239724/ishares-msci-taiwan-etf/1467271812596.ajax?dataType=fund&fileName=EWT_holdings&fileType=csv,,high
HOMB,HOME BANCSHARES INC,United States,Financials,HOMB,NYSE,,0.01,EWT,https://www.ishares.com/us/products/239724/ishares-msci-taiwan-etf/1467271812596.ajax?dataType=fund&fileName=EWT_holdings&fileType=csv,,high
HTB,HOMETRUST BANCSHARES INC,United States,Financials,HTB,NYSE,,0.0,EWT,https://www.ishares.com/us/products/239724/ishares-msci-taiwan-etf/1467271812596.ajax?dataType=fund&fileName=EWT_holdings&fileType=csv,,high
HOPE,HOPE BANCORP INC,United States,Financials,HOPE,NASDAQ,,0.0,EWT,https://www.ishares.com/us/products/239724/ishares-msci-taiwan-etf/1467271812596.ajax?dataType=fund&fileName=EWT_holdings&fileType=csv,,high
HMN,HORACE MANN EDUCATORS CORP,United States,Financials,HMN,NYSE,,0.0,EWT,https://www.ishares.com/us/products/239724/ishares-msci-taiwan-etf/1467271812596.ajax?dataType=fund&fileName=EWT_holdings&fileType=csv,,high
HBNC,HORIZON BANCORP INC,United States,Financials,HBNC,NASDAQ,,0.0,EWT,https://www.ishares.com/us/products/239724/ishares-msci-taiwan-etf/1467271812596.ajax?dataType=fund&fileName=EWT_holdings&fileType=csv,,high
HLI,HOULIHAN LOKEY INC CLASS A,United States,Financials,HLI,NYSE,,0.01,EWT,https://www.ishares.com/us/products/239724/ishares-msci-taiwan-etf/1467271812596.ajax?dataType=fund&fileName=EWT_holdings&fileType=csv,,high
HBAN,HUNTINGTON BANCSHARES INC,United States,Financials,HBAN,NASDAQ,,0.05,EWT,https://www.ishares.com/us/products/239724/ishares-msci-taiwan-etf/1467271812596.ajax?dataType=fund&fileName=EWT_holdings&fileType=csv,,high
IBCP,INDEPENDENT BANK CORP,United States,Financials,IBCP,NASDAQ,,0.0,EWT,https://www.ishares.com/us/products/239724/ishares-msci-taiwan-etf/1467271812596.ajax?dataType=fund&fileName=EWT_holdings&fileType=csv,,high
INDB,INDEPENDENT BANK CORP,United States,Financials,INDB,NASDAQ,,0.01,EWT,https://www.ishares.com/us/products/239724/ishares-msci-taiwan-etf/1467271812596.ajax?dataType=fund&fileName=EWT_holdings&fileType=csv,,high
IBKR,INTERACTIVE BROKERS GROUP INC CLAS,United States,Financials,IBKR,NASDAQ,,0.05,EWT,https://www.ishares.com/us/products/239724/ishares-msci-taiwan-etf/1467271812596.ajax?dataType=fund&fileName=EWT_holdings&fileType=csv,,high
ICE,INTERCONTINENTAL EXCHANGE INC,United States,Financials,ICE,NYSE,,0.14,EWT,https://www.ishares.com/us/products/239724/ishares-msci-taiwan-etf/1467271812596.ajax?dataType=fund&fileName=EWT_holdings&fileType=csv,,high
IBOC,INTERNATIONAL BANCSHARES CORP,United States,Financials,IBOC,NASDAQ,,0.01,EWT,https://www.ishares.com/us/products/239724/ishares-msci-taiwan-etf/1467271812596.ajax?dataType=fund&fileName=EWT_holdings&fileType=csv,,high
IMXI,INTERNATIONAL MONEY EXPRESS INC,United States,Financials,IMXI,NASDAQ,,0.0,EWT,https://www.ishares.com/us/products/239724/ishares-msci-taiwan-etf/1467271812596.ajax?dataType=fund&fileName=EWT_holdings&fileType=csv,,high
IVZ,INVESCO LTD,United States,Financials,IVZ,NYSE,,0.02,EWT,https://www.ishares.com/us/products/239724/ishares-msci-taiwan-etf/1467271812596.ajax?dataType=fund&fileName=EWT_holdings&fileType=csv,,high
IVR,INVESCO MORTGAGE CAPITAL REIT INC,United States,Financials,IVR,NYSE,,0.0,EWT,https://www.ishares.com/us/products/239724/ishares-msci-taiwan-etf/1467271812596.ajax?dataType=fund&fileName=EWT_holdings&fileType=csv,,high
JKHY,JACK HENRY AND ASSOCIATES INC,United States,Financials,JKHY,NASDAQ,,0.02,EWT,https://www.ishares.com/us/products/239724/ishares-msci-taiwan-etf/1467271812596.ajax?dataType=fund&fileName=EWT_holdings&fileType=csv,,high
JXN,JACKSON FINANCIAL INC CLASS A,United States,Financials,JXN,NYSE,,0.01,EWT,https://www.ishares.com/us/products/239724/ishares-msci-taiwan-etf/1467271812596.ajax?dataType=fund&fileName=EWT_holdings&fileType=csv,,high
JHG,JANUS HENDERSON GROUP PLC,United States,Financials,JHG,NYSE,,0.01,EWT,https://www.ishares.com/us/products/239724/ishares-msci-taiwan-etf/1467271812596.ajax?dataType=fund&fileName=EWT_holdings&fileType=csv,,high
JEF,JEFFERIES FINANCIAL GROUP INC,United States,Financials,JEF,NYSE,,0.01,EWT,https://www.ishares.com/us/products/239724/ishares-msci-taiwan-etf/1467271812596.ajax?dataType=fund&fileName=EWT_holdings&fileType=csv,,high
JMSB,JOHN MARSHALL BANCORP INC,United States,Financials,JMSB,NASDAQ,,0.0,EWT,https://www.ishares.com/us/products/239724/ishares-msci-taiwan-etf/1467271812596.ajax?dataType=fund&fileName=EWT_holdings&fileType=csv,,high
JPM,JPMORGAN CHASE & CO,United States,Financials,JPM,NYSE,,1.2,EWT,https://www.ishares.com/us/products/239724/ishares-msci-taiwan-etf/1467271812596.ajax?dataType=fund&fileName=EWT_holdings&fileType=csv,,high
KRNY,KEARNY FINANCIAL CORP,United States,Financials,KRNY,NASDAQ,,0.0,EWT,https://www.ishares.com/us/products/239724/ishares-msci-taiwan-etf/1467271812596.ajax?dataType=fund&fileName=EWT_holdings&fileType=csv,,high
KMPR,KEMPER CORP,United States,Financials,KMPR,NYSE,,0.0,EWT,https://www.ishares.com/us/products/239724/ishares-msci-taiwan-etf/1467271812596.ajax?dataType=fund&fileName=EWT_holdings&fileType=csv,,high
KEY,KEYCORP,United States,Financials,KEY,NYSE,,0.03,EWT,https://www.ishares.com/us/products/239724/ishares-msci-taiwan-etf/1467271812596.ajax?dataType=fund&fileName=EWT_holdings&fileType=csv,,high
KNSL,KINSALE CAPITAL GROUP INC,United States,Financials,KNSL,NYSE,,0.01,EWT,https://www.ishares.com/us/products/239724/ishares-msci-taiwan-etf/1467271812596.ajax?dataType=fund&fileName=EWT_holdings&fileType=csv,,high
KKR,KKR AND CO INC,United States,Financials,KKR,NYSE,,0.09,EWT,https://www.ishares.com/us/products/239724/ishares-msci-taiwan-etf/1467271812596.ajax?dataType=fund&fileName=EWT_holdings&fileType=csv,,high
KREF,KKR REAL ESTATE FINANCE INC TRUST,United States,Financials,KREF,NYSE,,0.0,EWT,https://www.ishares.com/us/products/239724/ishares-msci-taiwan-etf/1467271812596.ajax?dataType=fund&fileName=EWT_holdings&fileType=csv,,high
LADR,LADDER CAPITAL CORP CLASS A,United States,Financials,LADR,NYSE,,0.0,EWT,https://www.ishares.com/us/products/239724/ishares-msci-taiwan-etf/1467271812596.ajax?dataType=fund&fileName=EWT_holdings&fileType=csv,,high
LKFN,LAKELAND FINANCIAL CORP,United States,Financials,LKFN,NASDAQ,,0.0,EWT,https://www.ishares.com/us/products/239724/ishares-msci-taiwan-etf/1467271812596.ajax?dataType=fund&fileName=EWT_holdings&fileType=csv,,high
LAZ,LAZARD INC,United States,Financials,LAZ,NYSE,,0.01,EWT,https://www.ishares.com/us/products/239724/ishares-msci-taiwan-etf/1467271812596.ajax?dataType=fund&fileName=EWT_holdings&fileType=csv,,high
LMND,LEMONADE INC,United States,Financials,LMND,NYSE,,0.01,EWT,https://www.ishares.com/us/products/239724/ishares-msci-taiwan-etf/1467271812596.ajax?dataType=fund&fileName=EWT_holdings&fileType=csv,,high
LC,LENDINGCLUB CORP,United States,Financials,LC,NYSE,,0.0,EWT,https://www.ishares.com/us/products/239724/ishares-msci-taiwan-etf/1467271812596.ajax?dataType=fund&fileName=EWT_holdings&fileType=csv,,high
TREE,LENDINGTREE INC,United States,Financials,TREE,NASDAQ,,0.0,EWT,https://www.ishares.com/us/products/239724/ishares-msci-taiwan-etf/1467271812596.ajax?dataType=fund&fileName=EWT_holdings&fileType=csv,,high
LNC,LINCOLN NATIONAL CORP,United States,Financials,LNC,NYSE,,0.01,EWT,https://www.ishares.com/us/products/239724/ishares-msci-taiwan-etf/1467271812596.ajax?dataType=fund&fileName=EWT_holdings&fileType=csv,,high
LOB,LIVE OAK BANCSHARES INC,United States,Financials,LOB,NYSE,,0.0,EWT,https://www.ishares.com/us/products/239724/ishares-msci-taiwan-etf/1467271812596.ajax?dataType=fund&fileName=EWT_holdings&fileType=csv,,high
LDI,LOANDEPOT INC CLASS A,United States,Financials,LDI,NYSE,,0.0,EWT,https://www.ishares.com/us/products/239724/ishares-msci-taiwan-etf/1467271812596.ajax?dataType=fund&fileName=EWT_holdings&fileType=csv,,high
L,LOEWS CORP,United States,Financials,L,NYSE,,0.03,EWT,https://www.ishares.com/us/products/239724/ishares-msci-taiwan-etf/1467271812596.ajax?dataType=fund&fileName=EWT_holdings&fileType=csv,,high
LPLA,LPL FINANCIAL HOLDINGS INC,United States,Financials,LPLA,NASDAQ,,0.04,EWT,https://www.ishares.com/us/products/239724/ishares-msci-taiwan-etf/1467271812596.ajax?dataType=fund&fileName=EWT_holdings&fileType=csv,,high
MTB,M&T BANK CORP,United States,Financials,MTB,NYSE,,0.05,EWT,https://www.ishares.com/us/products/239724/ishares-msci-taiwan-etf/1467271812596.ajax?dataType=fund&fileName=EWT_holdings&fileType=csv,,high
MKL,MARKEL GROUP INC,United States,Financials,MKL,NYSE,,0.04,EWT,https://www.ishares.com/us/products/239724/ishares-msci-taiwan-etf/1467271812596.ajax?dataType=fund&fileName=EWT_holdings&fileType=csv,,high
MKTX,MARKETAXESS HOLDINGS INC,United States,Financials,MKTX,NASDAQ,,0.01,EWT,https://www.ishares.com/us/products/239724/ishares-msci-taiwan-etf/1467271812596.ajax?dataType=fund&fileName=EWT_holdings&fileType=csv,,high
MQ,MARQETA INC CLASS A,United States,Financials,MQ,NASDAQ,,0.0,EWT,https://www.ishares.com/us/products/239724/ishares-msci-taiwan-etf/1467271812596.ajax?dataType=fund&fileName=EWT_holdings&fileType=csv,,high
MRSH,MARSH INC,United States,Financials,MRSH,NYSE,,0.13,EWT,https://www.ishares.com/us/products/239724/ishares-msci-taiwan-etf/1467271812596.ajax?dataType=fund&fileName=EWT_holdings&fileType=csv,,high
MA,MASTERCARD INC CLASS A,United States,Financials,MA,NYSE,,0.64,EWT,https://www.ishares.com/us/products/239724/ishares-msci-taiwan-etf/1467271812596.ajax?dataType=fund&fileName=EWT_holdings&fileType=csv,,high
MBI,MBIA INC,United States,Financials,MBI,NYSE,,0.0,EWT,https://www.ishares.com/us/products/239724/ishares-msci-taiwan-etf/1467271812596.ajax?dataType=fund&fileName=EWT_holdings&fileType=csv,,high
MCHB,MECHANICS BANCORP CLASS A,United States,Financials,MCHB,NASDAQ,,0.0,EWT,https://www.ishares.com/us/products/239724/ishares-msci-taiwan-etf/1467271812596.ajax?dataType=fund&fileName=EWT_holdings&fileType=csv,,high
MBWM,MERCANTILE BANK CORP,United States,Financials,MBWM,NASDAQ,,0.0,EWT,https://www.ishares.com/us/products/239724/ishares-msci-taiwan-etf/1467271812596.ajax?dataType=fund&fileName=EWT_holdings&fileType=csv,,high
MBIN,MERCHANTS BANCORP,United States,Financials,MBIN,NASDAQ,,0.0,EWT,https://www.ishares.com/us/products/239724/ishares-msci-taiwan-etf/1467271812596.ajax?dataType=fund&fileName=EWT_holdings&fileType=csv,,high
MCY,MERCURY GENERAL CORP,United States,Financials,MCY,NYSE,,0.0,EWT,https://www.ishares.com/us/products/239724/ishares-msci-taiwan-etf/1467271812596.ajax?dataType=fund&fileName=EWT_holdings&fileType=csv,,high
MET,METLIFE INC,United States,Financials,MET,NYSE,,0.06,EWT,https://www.ishares.com/us/products/239724/ishares-msci-taiwan-etf/1467271812596.ajax?dataType=fund&fileName=EWT_holdings&fileType=csv,,high
MCB,METROPOLITAN BANK HOLDING CORP,United States,Financials,MCB,NYSE,,0.0,EWT,https://www.ishares.com/us/products/239724/ishares-msci-taiwan-etf/1467271812596.ajax?dataType=fund&fileName=EWT_holdings&fileType=csv,,high
MFA,MFA FINANCIAL INC,United States,Financials,MFA,NYSE,,0.0,EWT,https://www.ishares.com/us/products/239724/ishares-msci-taiwan-etf/1467271812596.ajax?dataType=fund&fileName=EWT_holdings&fileType=csv,,high
MTG,MGIC INVESTMENT CORP,United States,Financials,MTG,NYSE,,0.01,EWT,https://www.ishares.com/us/products/239724/ishares-msci-taiwan-etf/1467271812596.ajax?dataType=fund&fileName=EWT_holdings&fileType=csv,,high
MIAX,MIAMI INTERNATIONAL HOLDINGS INC,United States,Financials,MIAX,NYSE,,0.0,EWT,https://www.ishares.com/us/products/239724/ishares-msci-taiwan-etf/1467271812596.ajax?dataType=fund&fileName=EWT_holdings&fileType=csv,,high
MPB,MID PENN BANCORP INC,United States,Financials,MPB,NASDAQ,,0.0,EWT,https://www.ishares.com/us/products/239724/ishares-msci-taiwan-etf/1467271812596.ajax?dataType=fund&fileName=EWT_holdings&fileType=csv,,high
MSBI,MIDLAND STATES BANCORP INC,United States,Financials,MSBI,NASDAQ,,0.0,EWT,https://www.ishares.com/us/products/239724/ishares-msci-taiwan-etf/1467271812596.ajax?dataType=fund&fileName=EWT_holdings&fileType=csv,,high
MC,MOELIS CLASS A,United States,Financials,MC,NYSE,,0.0,EWT,https://www.ishares.com/us/products/239724/ishares-msci-taiwan-etf/1467271812596.ajax?dataType=fund&fileName=EWT_holdings&fileType=csv,,high
MCO,MOODYS CORP,United States,Financials,MCO,NYSE,,0.11,EWT,https://www.ishares.com/us/products/239724/ishares-msci-taiwan-etf/1467271812596.ajax?dataType=fund&fileName=EWT_holdings&fileType=csv,,high
MS,MORGAN STANLEY,United States,Financials,MS,NYSE,,0.29,EWT,https://www.ishares.com/us/products/239724/ishares-msci-taiwan-etf/1467271812596.ajax?dataType=fund&fileName=EWT_holdings&fileType=csv,,high
MORN,MORNINGSTAR INC,United States,Financials,MORN,NASDAQ,,0.01,EWT,https://www.ishares.com/us/products/239724/ishares-msci-taiwan-etf/1467271812596.ajax?dataType=fund&fileName=EWT_holdings&fileType=csv,,high
MSCI,MSCI INC,United States,Financials,MSCI,NYSE,,0.06,EWT,https://www.ishares.com/us/products/239724/ishares-msci-taiwan-etf/1467271812596.ajax?dataType=fund&fileName=EWT_holdings&fileType=csv,,high
NDAQ,NASDAQ INC,United States,Financials,NDAQ,NASDAQ,,0.06,EWT,https://www.ishares.com/us/products/239724/ishares-msci-taiwan-etf/1467271812596.ajax?dataType=fund&fileName=EWT_holdings&fileType=csv,,high
NBHC,NATIONAL BANK HOLDINGS CORP CLASS,United States,Financials,NBHC,NYSE,,0.0,EWT,https://www.ishares.com/us/products/239724/ishares-msci-taiwan-etf/1467271812596.ajax?dataType=fund&fileName=EWT_holdings&fileType=csv,,high
NAVI,NAVIENT CORP,United States,Financials,NAVI,NASDAQ,,0.0,EWT,https://www.ishares.com/us/products/239724/ishares-msci-taiwan-etf/1467271812596.ajax?dataType=fund&fileName=EWT_holdings&fileType=csv,,high
NBBK,NB BANCORP INC,United States,Financials,NBBK,NASDAQ,,0.0,EWT,https://www.ishares.com/us/products/239724/ishares-msci-taiwan-etf/1467271812596.ajax?dataType=fund&fileName=EWT_holdings&fileType=csv,,high
NBTB,NBT BANCORP INC,United States,Financials,NBTB,NASDAQ,,0.0,EWT,https://www.ishares.com/us/products/239724/ishares-msci-taiwan-etf/1467271812596.ajax?dataType=fund&fileName=EWT_holdings&fileType=csv,,high
NATL,NCR ATLEOS CORP,United States,Financials,NATL,NYSE,,0.0,EWT,https://www.ishares.com/us/products/239724/ishares-msci-taiwan-etf/1467271812596.ajax?dataType=fund&fileName=EWT_holdings&fileType=csv,,high
NNI,NELNET INC CLASS A,United States,Financials,NNI,NYSE,,0.0,EWT,https://www.ishares.com/us/products/239724/ishares-msci-taiwan-etf/1467271812596.ajax?dataType=fund&fileName=EWT_holdings&fileType=csv,,high
NP,NEPTUNE INSURANCE HOLDINGS INC CLA,United States,Financials,NP,NYSE,,0.0,EWT,https://www.ishares.com/us/products/239724/ishares-msci-taiwan-etf/1467271812596.ajax?dataType=fund&fileName=EWT_holdings&fileType=csv,,high
NRDS,NERDWALLET INC CLASS A,United States,Financials,NRDS,NASDAQ,,0.0,EWT,https://www.ishares.com/us/products/239724/ishares-msci-taiwan-etf/1467271812596.ajax?dataType=fund&fileName=EWT_holdings&fileType=csv,,high
NEWT,NEWTEKONE INC,United States,Financials,NEWT,NASDAQ,,0.0,EWT,https://www.ishares.com/us/products/239724/ishares-msci-taiwan-etf/1467271812596.ajax?dataType=fund&fileName=EWT_holdings&fileType=csv,,high
NIC,NICOLET BANKSHARES INC,United States,Financials,NIC,NYSE,,0.01,EWT,https://www.ishares.com/us/products/239724/ishares-msci-taiwan-etf/1467271812596.ajax?dataType=fund&fileName=EWT_holdings&fileType=csv,,high
NMIH,NMI HOLDINGS INC,United States,Financials,NMIH,NASDAQ,,0.01,EWT,https://www.ishares.com/us/products/239724/ishares-msci-taiwan-etf/1467271812596.ajax?dataType=fund&fileName=EWT_holdings&fileType=csv,,high
NBN,NORTHEAST BANK,United States,Financials,NBN,NASDAQ,,0.0,EWT,https://www.ishares.com/us/products/239724/ishares-msci-taiwan-etf/1467271812596.ajax?dataType=fund&fileName=EWT_holdings&fileType=csv,,high
NECB,NORTHEAST COMMUNITY BANCORP INC,United States,Financials,NECB,NASDAQ,,0.0,EWT,https://www.ishares.com/us/products/239724/ishares-msci-taiwan-etf/1467271812596.ajax?dataType=fund&fileName=EWT_holdings&fileType=csv,,high
NTRS,NORTHERN TRUST CORP,United States,Financials,NTRS,NASDAQ,,0.04,EWT,https://www.ishares.com/us/products/239724/ishares-msci-taiwan-etf/1467271812596.ajax?dataType=fund&fileName=EWT_holdings&fileType=csv,,high
NFBK,NORTHFIELD BANCORP INC,United States,Financials,NFBK,NASDAQ,,0.0,EWT,https://www.ishares.com/us/products/239724/ishares-msci-taiwan-etf/1467271812596.ajax?dataType=fund&fileName=EWT_holdings&fileType=csv,,high
NWBI,NORTHWEST BANCSHARES INC,United States,Financials,NWBI,NASDAQ,,0.0,EWT,https://www.ishares.com/us/products/239724/ishares-msci-taiwan-etf/1467271812596.ajax?dataType=fund&fileName=EWT_holdings&fileType=csv,,high
NWFL,NORWOOD FINANCIAL CORP,United States,Financials,NWFL,NASDAQ,,0.0,EWT,https://www.ishares.com/us/products/239724/ishares-msci-taiwan-etf/1467271812596.ajax?dataType=fund&fileName=EWT_holdings&fileType=csv,,high
OCFC,OCEANFIRST FINANCIAL CORP,United States,Financials,OCFC,NASDAQ,,0.0,EWT,https://www.ishares.com/us/products/239724/ishares-msci-taiwan-etf/1467271812596.ajax?dataType=fund&fileName=EWT_holdings&fileType=csv,,high
OSG,OCTAVE SPECIALTY GROUP INC,United States,Financials,OSG,NYSE,,0.0,EWT,https://www.ishares.com/us/products/239724/ishares-msci-taiwan-etf/1467271812596.ajax?dataType=fund&fileName=EWT_holdings&fileType=csv,,high
OFG,OFG BANCORP,United States,Financials,OFG,NYSE,,0.0,EWT,https://www.ishares.com/us/products/239724/ishares-msci-taiwan-etf/1467271812596.ajax?dataType=fund&fileName=EWT_holdings&fileType=csv,,high
ONB,OLD NATIONAL BANCORP,United States,Financials,ONB,NASDAQ,,0.01,EWT,https://www.ishares.com/us/products/239724/ishares-msci-taiwan-etf/1467271812596.ajax?dataType=fund&fileName=EWT_holdings&fileType=csv,,high
ORI,OLD REPUBLIC INTERNATIONAL CORP,United States,Financials,ORI,NYSE,,0.01,EWT,https://www.ishares.com/us/products/239724/ishares-msci-taiwan-etf/1467271812596.ajax?dataType=fund&fileName=EWT_holdings&fileType=csv,,high
OSBC,OLD SECOND BANCORP INC,United States,Financials,OSBC,NASDAQ,,0.0,EWT,https://www.ishares.com/us/products/239724/ishares-msci-taiwan-etf/1467271812596.ajax?dataType=fund&fileName=EWT_holdings&fileType=csv,,high
OMF,ONEMAIN HOLDINGS INC,United States,Financials,OMF,NYSE,,0.01,EWT,https://www.ishares.com/us/products/239724/ishares-msci-taiwan-etf/1467271812596.ajax?dataType=fund&fileName=EWT_holdings&fileType=csv,,high
LPRO,OPEN LENDING CORP,United States,Financials,LPRO,NASDAQ,,0.0,EWT,https://www.ishares.com/us/products/239724/ishares-msci-taiwan-etf/1467271812596.ajax?dataType=fund&fileName=EWT_holdings&fileType=csv,,high
OBT,ORANGE COUNTY BANCORP INC,United States,Financials,OBT,NASDAQ,,0.0,EWT,https://www.ishares.com/us/products/239724/ishares-msci-taiwan-etf/1467271812596.ajax?dataType=fund&fileName=EWT_holdings&fileType=csv,,high
ORC,ORCHID ISLAND CAPITAL INC,United States,Financials,ORC,NYSE,,0.0,EWT,https://www.ishares.com/us/products/239724/ishares-msci-taiwan-etf/1467271812596.ajax?dataType=fund&fileName=EWT_holdings&fileType=csv,,high
OBK,ORIGIN BANCORP INC,United States,Financials,OBK,NYSE,,0.0,EWT,https://www.ishares.com/us/products/239724/ishares-msci-taiwan-etf/1467271812596.ajax?dataType=fund&fileName=EWT_holdings&fileType=csv,,high
ORRF,ORRSTOWN FINANCIAL SERVICES INC,United States,Financials,ORRF,NASDAQ,,0.0,EWT,https://www.ishares.com/us/products/239724/ishares-msci-taiwan-etf/1467271812596.ajax?dataType=fund&fileName=EWT_holdings&fileType=csv,,high
OSCR,OSCAR HEALTH INC CLASS A,United States,Financials,OSCR,NYSE,,0.0,EWT,https://www.ishares.com/us/products/239724/ishares-msci-taiwan-etf/1467271812596.ajax?dataType=fund&fileName=EWT_holdings&fileType=csv,,high
PLMR,PALOMAR HOLDINGS INC,United States,Financials,PLMR,NASDAQ,,0.01,EWT,https://www.ishares.com/us/products/239724/ishares-msci-taiwan-etf/1467271812596.ajax?dataType=fund&fileName=EWT_holdings&fileType=csv,,high
PRK,PARK NATIONAL CORP,United States,Financials,PRK,Nyse Mkt Llc,,0.0,EWT,https://www.ishares.com/us/products/239724/ishares-msci-taiwan-etf/1467271812596.ajax?dataType=fund&fileName=EWT_holdings&fileType=csv,,high
CASH,PATHWARD FINANCIAL INC,United States,Financials,CASH,NASDAQ,,0.0,EWT,https://www.ishares.com/us/products/239724/ishares-msci-taiwan-etf/1467271812596.ajax?dataType=fund&fileName=EWT_holdings&fileType=csv,,high
PAY,PAYMENTUS HOLDINGS INC CLASS A,United States,Financials,PAY,NYSE,,0.0,EWT,https://www.ishares.com/us/products/239724/ishares-msci-taiwan-etf/1467271812596.ajax?dataType=fund&fileName=EWT_holdings&fileType=csv,,high
PAYO,PAYONEER GLOBAL INC,United States,Financials,PAYO,NASDAQ,,0.0,EWT,https://www.ishares.com/us/products/239724/ishares-msci-taiwan-etf/1467271812596.ajax?dataType=fund&fileName=EWT_holdings&fileType=csv,,high
PYPL,PAYPAL HOLDINGS INC,United States,Financials,PYPL,NASDAQ,,0.07,EWT,https://www.ishares.com/us/products/239724/ishares-msci-taiwan-etf/1467271812596.ajax?dataType=fund&fileName=EWT_holdings&fileType=csv,,high
PCB,PCB BANCORP,United States,Financials,PCB,NASDAQ,,0.0,EWT,https://www.ishares.com/us/products/239724/ishares-msci-taiwan-etf/1467271812596.ajax?dataType=fund&fileName=EWT_holdings&fileType=csv,,high
PGC,PEAPACK GLADSTONE FINANCIAL CORP,United States,Financials,PGC,NASDAQ,,0.0,EWT,https://www.ishares.com/us/products/239724/ishares-msci-taiwan-etf/1467271812596.ajax?dataType=fund&fileName=EWT_holdings&fileType=csv,,high
PFSI,PENNYMAC FINANCIAL SERVICES INC,United States,Financials,PFSI,NYSE,,0.0,EWT,https://www.ishares.com/us/products/239724/ishares-msci-taiwan-etf/1467271812596.ajax?dataType=fund&fileName=EWT_holdings&fileType=csv,,high
PMT,PENNYMAC MORTGAGE INVESTMENT TRUST,United States,Financials,PMT,NYSE,,0.0,EWT,https://www.ishares.com/us/products/239724/ishares-msci-taiwan-etf/1467271812596.ajax?dataType=fund&fileName=EWT_holdings&fileType=csv,,high
PEBO,PEOPLES BANCORP INC,United States,Financials,PEBO,NASDAQ,,0.0,EWT,https://www.ishares.com/us/products/239724/ishares-msci-taiwan-etf/1467271812596.ajax?dataType=fund&fileName=EWT_holdings&fileType=csv,,high
PWP,PERELLA WEINBERG PARTNERS CLASS A,United States,Financials,PWP,NASDAQ,,0.0,EWT,https://www.ishares.com/us/products/239724/ishares-msci-taiwan-etf/1467271812596.ajax?dataType=fund&fileName=EWT_holdings&fileType=csv,,high
PNFP,PINNACLE FINANCIAL PARTNERS INC,United States,Financials,PNFP,NYSE,,0.02,EWT,https://www.ishares.com/us/products/239724/ishares-msci-taiwan-etf/1467271812596.ajax?dataType=fund&fileName=EWT_holdings&fileType=csv,,high
PIPR,PIPER SANDLER COMPANIES,United States,Financials,PIPR,NYSE,,0.01,EWT,https://www.ishares.com/us/products/239724/ishares-msci-taiwan-etf/1467271812596.ajax?dataType=fund&fileName=EWT_holdings&fileType=csv,,high
PJT,PJT PARTNERS INC CLASS A,United States,Financials,PJT,NYSE,,0.01,EWT,https://www.ishares.com/us/products/239724/ishares-msci-taiwan-etf/1467271812596.ajax?dataType=fund&fileName=EWT_holdings&fileType=csv,,high
PNC,PNC FINANCIAL SERVICES GROUP INC,United States,Financials,PNC,NYSE,,0.12,EWT,https://www.ishares.com/us/products/239724/ishares-msci-taiwan-etf/1467271812596.ajax?dataType=fund&fileName=EWT_holdings&fileType=csv,,high
PDLB,PONCE FINANCIAL GROUP INC,United States,Financials,PDLB,NASDAQ,,0.0,EWT,https://www.ishares.com/us/products/239724/ishares-msci-taiwan-etf/1467271812596.ajax?dataType=fund&fileName=EWT_holdings&fileType=csv,,high
BPOP,POPULAR INC,United States,Financials,BPOP,NASDAQ,,0.01,EWT,https://www.ishares.com/us/products/239724/ishares-msci-taiwan-etf/1467271812596.ajax?dataType=fund&fileName=EWT_holdings&fileType=csv,,high
PRAA,PRA GROUP INC,United States,Financials,PRAA,NASDAQ,,0.0,EWT,https://www.ishares.com/us/products/239724/ishares-msci-taiwan-etf/1467271812596.ajax?dataType=fund&fileName=EWT_holdings&fileType=csv,,high
PRI,PRIMERICA INC,United States,Financials,PRI,NYSE,,0.01,EWT,https://www.ishares.com/us/products/239724/ishares-msci-taiwan-etf/1467271812596.ajax?dataType=fund&fileName=EWT_holdings&fileType=csv,,high
BPRN,PRINCETON BANCORP INC,United States,Financials,BPRN,NASDAQ,,0.0,EWT,https://www.ishares.com/us/products/239724/ishares-msci-taiwan-etf/1467271812596.ajax?dataType=fund&fileName=EWT_holdings&fileType=csv,,high
PFG,PRINCIPAL FINANCIAL GROUP INC,United States,Financials,PFG,NASDAQ,,0.03,EWT,https://www.ishares.com/us/products/239724/ishares-msci-taiwan-etf/1467271812596.ajax?dataType=fund&fileName=EWT_holdings&fileType=csv,,high
PRA,PROASSURANCE CORP,United States,Financials,PRA,NYSE,,0.0,EWT,https://www.ishares.com/us/products/239724/ishares-msci-taiwan-etf/1467271812596.ajax?dataType=fund&fileName=EWT_holdings&fileType=csv,,high
PRG,PROG HOLDINGS INC,United States,Financials,PRG,NYSE,,0.0,EWT,https://www.ishares.com/us/products/239724/ishares-msci-taiwan-etf/1467271812596.ajax?dataType=fund&fileName=EWT_holdings&fileType=csv,,high
PGR,PROGRESSIVE CORP,United States,Financials,PGR,NYSE,,0.18,EWT,https://www.ishares.com/us/products/239724/ishares-msci-taiwan-etf/1467271812596.ajax?dataType=fund&fileName=EWT_holdings&fileType=csv,,high
PB,PROSPERITY BANCSHARES INC,United States,Financials,PB,NYSE,,0.01,EWT,https://www.ishares.com/us/products/239724/ishares-msci-taiwan-etf/1467271812596.ajax?dataType=fund&fileName=EWT_holdings&fileType=csv,,high
PFS,PROVIDENT FINANCIAL SERVICES INC,United States,Financials,PFS,NYSE,,0.0,EWT,https://www.ishares.com/us/products/239724/ishares-msci-taiwan-etf/1467271812596.ajax?dataType=fund&fileName=EWT_holdings&fileType=csv,,high
PRU,PRUDENTIAL FINANCIAL INC,United States,Financials,PRU,NYSE,,0.05,EWT,https://www.ishares.com/us/products/239724/ishares-msci-taiwan-etf/1467271812596.ajax?dataType=fund&fileName=EWT_holdings&fileType=csv,,high
QCRH,QCR HOLDINGS INC,United States,Financials,QCRH,NASDAQ,,0.0,EWT,https://www.ishares.com/us/products/239724/ishares-msci-taiwan-etf/1467271812596.ajax?dataType=fund&fileName=EWT_holdings&fileType=csv,,high
RDN,RADIAN GROUP INC,United States,Financials,RDN,NYSE,,0.01,EWT,https://www.ishares.com/us/products/239724/ishares-msci-taiwan-etf/1467271812596.ajax?dataType=fund&fileName=EWT_holdings&fileType=csv,,high
RJF,RAYMOND JAMES INC,United States,Financials,RJF,NYSE,,0.04,EWT,https://www.ishares.com/us/products/239724/ishares-msci-taiwan-etf/1467271812596.ajax?dataType=fund&fileName=EWT_holdings&fileType=csv,,high
RC,READY CAPITAL CORP,United States,Financials,RC,NYSE,,0.0,EWT,https://www.ishares.com/us/products/239724/ishares-msci-taiwan-etf/1467271812596.ajax?dataType=fund&fileName=EWT_holdings&fileType=csv,,high
RRBI,RED RIVER BANCSHARES INC,United States,Financials,RRBI,NASDAQ,,0.0,EWT,https://www.ishares.com/us/products/239724/ishares-msci-taiwan-etf/1467271812596.ajax?dataType=fund&fileName=EWT_holdings&fileType=csv,,high
RWT,REDWOOD TRUST REIT INC,United States,Financials,RWT,NYSE,,0.0,EWT,https://www.ishares.com/us/products/239724/ishares-msci-taiwan-etf/1467271812596.ajax?dataType=fund&fileName=EWT_holdings&fileType=csv,,high
RF,REGIONS FINANCIAL CORP,United States,Financials,RF,NYSE,,0.04,EWT,https://www.ishares.com/us/products/239724/ishares-msci-taiwan-etf/1467271812596.ajax?dataType=fund&fileName=EWT_holdings&fileType=csv,,high
RGA,REINSURANCE GROUP OF AMERICA INC,United States,Financials,RGA,NYSE,,0.02,EWT,https://www.ishares.com/us/products/239724/ishares-msci-taiwan-etf/1467271812596.ajax?dataType=fund&fileName=EWT_holdings&fileType=csv,,high
RELY,REMITLY GLOBAL INC,United States,Financials,RELY,NASDAQ,,0.0,EWT,https://www.ishares.com/us/products/239724/ishares-msci-taiwan-etf/1467271812596.ajax?dataType=fund&fileName=EWT_holdings&fileType=csv,,high
RNR,RENAISSANCERE HOLDING LTD,United States,Financials,RNR,NYSE,,0.02,EWT,https://www.ishares.com/us/products/239724/ishares-msci-taiwan-etf/1467271812596.ajax?dataType=fund&fileName=EWT_holdings&fileType=csv,,high
RNST,RENASANT CORP,United States,Financials,RNST,NYSE,,0.01,EWT,https://www.ishares.com/us/products/239724/ishares-msci-taiwan-etf/1467271812596.ajax?dataType=fund&fileName=EWT_holdings&fileType=csv,,high
RPAY,REPAY HOLDINGS CORP CLASS A,United States,Financials,RPAY,NASDAQ,,0.0,EWT,https://www.ishares.com/us/products/239724/ishares-msci-taiwan-etf/1467271812596.ajax?dataType=fund&fileName=EWT_holdings&fileType=csv,,high
RBCAA,REPUBLIC BANCORP INC CLASS A,United States,Financials,RBCAA,NASDAQ,,0.0,EWT,https://www.ishares.com/us/products/239724/ishares-msci-taiwan-etf/1467271812596.ajax?dataType=fund&fileName=EWT_holdings&fileType=csv,,high
RPC,RIDGEPOST CAPITAL INC CLASS A,United States,Financials,RPC,NYSE,,0.0,EWT,https://www.ishares.com/us/products/239724/ishares-msci-taiwan-etf/1467271812596.ajax?dataType=fund&fileName=EWT_holdings&fileType=csv,,high
RITM,RITHM CAPITAL CORP,United States,Financials,RITM,NYSE,,0.01,EWT,https://www.ishares.com/us/products/239724/ishares-msci-taiwan-etf/1467271812596.ajax?dataType=fund&fileName=EWT_holdings&fileType=csv,,high
RLI,RLI CORP,United States,Financials,RLI,NYSE,,0.01,EWT,https://www.ishares.com/us/products/239724/ishares-msci-taiwan-etf/1467271812596.ajax?dataType=fund&fileName=EWT_holdings&fileType=csv,,high
HOOD,ROBINHOOD MARKETS INC CLASS A,United States,Financials,HOOD,NASDAQ,,0.09,EWT,https://www.ishares.com/us/products/239724/ishares-msci-taiwan-etf/1467271812596.ajax?dataType=fund&fileName=EWT_holdings&fileType=csv,,high
RKT,ROCKET COMPANIES INC CLASS A,United States,Financials,RKT,NYSE,,0.02,EWT,https://www.ishares.com/us/products/239724/ishares-msci-taiwan-etf/1467271812596.ajax?dataType=fund&fileName=EWT_holdings&fileType=csv,,high
ROOT,ROOT INC CLASS A,United States,Financials,ROOT,NASDAQ,,0.0,EWT,https://www.ishares.com/us/products/239724/ishares-msci-taiwan-etf/1467271812596.ajax?dataType=fund&fileName=EWT_holdings&fileType=csv,,high
RYAN,RYAN SPECIALTY HOLDINGS INC CLASS,United States,Financials,RYAN,NYSE,,0.01,EWT,https://www.ishares.com/us/products/239724/ishares-msci-taiwan-etf/1467271812596.ajax?dataType=fund&fileName=EWT_holdings&fileType=csv,,high
STBA,S AND T BANCORP INC,United States,Financials,STBA,NASDAQ,,0.0,EWT,https://www.ishares.com/us/products/239724/ishares-msci-taiwan-etf/1467271812596.ajax?dataType=fund&fileName=EWT_holdings&fileType=csv,,high
SPGI,S&P GLOBAL INC,United States,Financials,SPGI,NYSE,,0.21,EWT,https://www.ishares.com/us/products/239724/ishares-msci-taiwan-etf/1467271812596.ajax?dataType=fund&fileName=EWT_holdings&fileType=csv,,high
SAFT,SAFETY INSURANCE GROUP INC,United States,Financials,SAFT,NASDAQ,,0.0,EWT,https://www.ishares.com/us/products/239724/ishares-msci-taiwan-etf/1467271812596.ajax?dataType=fund&fileName=EWT_holdings&fileType=csv,,high
SBCF,SEACOAST BANKING OF FLORIDA,United States,Financials,SBCF,NASDAQ,,0.01,EWT,https://www.ishares.com/us/products/239724/ishares-msci-taiwan-etf/1467271812596.ajax?dataType=fund&fileName=EWT_holdings&fileType=csv,,high
SEIC,SEI INVESTMENTS,United States,Financials,SEIC,NASDAQ,,0.01,EWT,https://www.ishares.com/us/products/239724/ishares-msci-taiwan-etf/1467271812596.ajax?dataType=fund&fileName=EWT_holdings&fileType=csv,,high
SIGI,SELECTIVE INSURANCE GROUP INC,United States,Financials,SIGI,NASDAQ,,0.01,EWT,https://www.ishares.com/us/products/239724/ishares-msci-taiwan-etf/1467271812596.ajax?dataType=fund&fileName=EWT_holdings&fileType=csv,,high
SLQT,SELECTQUOTE INC,United States,Financials,SLQT,NYSE,,0.0,EWT,https://www.ishares.com/us/products/239724/ishares-msci-taiwan-etf/1467271812596.ajax?dataType=fund&fileName=EWT_holdings&fileType=csv,,high
SFBS,SERVISFIRST BANCSHARES INC,United States,Financials,SFBS,NYSE,,0.01,EWT,https://www.ishares.com/us/products/239724/ishares-msci-taiwan-etf/1467271812596.ajax?dataType=fund&fileName=EWT_holdings&fileType=csv,,high
SEZL,SEZZLE INC,United States,Financials,SEZL,NASDAQ,,0.0,EWT,https://www.ishares.com/us/products/239724/ishares-msci-taiwan-etf/1467271812596.ajax?dataType=fund&fileName=EWT_holdings&fileType=csv,,high
FOUR,SHIFT4 PAYMENTS INC CLASS A,United States,Financials,FOUR,NYSE,,0.0,EWT,https://www.ishares.com/us/products/239724/ishares-msci-taiwan-etf/1467271812596.ajax?dataType=fund&fileName=EWT_holdings&fileType=csv,,high
SHBI,SHORE BANCSHARES INC,United States,Financials,SHBI,NASDAQ,,0.0,EWT,https://www.ishares.com/us/products/239724/ishares-msci-taiwan-etf/1467271812596.ajax?dataType=fund&fileName=EWT_holdings&fileType=csv,,high
SFNC,SIMMONS FIRST NATIONAL CORP CLASS,United States,Financials,SFNC,NASDAQ,,0.0,EWT,https://www.ishares.com/us/products/239724/ishares-msci-taiwan-etf/1467271812596.ajax?dataType=fund&fileName=EWT_holdings&fileType=csv,,high
SPNT,SIRIUSPOINT LTD,United States,Financials,SPNT,NYSE,,0.0,EWT,https://www.ishares.com/us/products/239724/ishares-msci-taiwan-etf/1467271812596.ajax?dataType=fund&fileName=EWT_holdings&fileType=csv,,high
SKWD,SKYWARD SPECIALTY INSURANCE GROUP,United States,Financials,SKWD,NASDAQ,,0.0,EWT,https://www.ishares.com/us/products/239724/ishares-msci-taiwan-etf/1467271812596.ajax?dataType=fund&fileName=EWT_holdings&fileType=csv,,high
SLDE,SLIDE INSURANCE HOLDINGS INC,United States,Financials,SLDE,NASDAQ,,0.0,EWT,https://www.ishares.com/us/products/239724/ishares-msci-taiwan-etf/1467271812596.ajax?dataType=fund&fileName=EWT_holdings&fileType=csv,,high
SLM,SLM CORP,United States,Financials,SLM,NASDAQ,,0.01,EWT,https://www.ishares.com/us/products/239724/ishares-msci-taiwan-etf/1467271812596.ajax?dataType=fund&fileName=EWT_holdings&fileType=csv,,high
SMBK,SMARTFINANCIAL INC,United States,Financials,SMBK,NYSE,,0.0,EWT,https://www.ishares.com/us/products/239724/ishares-msci-taiwan-etf/1467271812596.ajax?dataType=fund&fileName=EWT_holdings&fileType=csv,,high
SOFI,SOFI TECHNOLOGIES INC,United States,Financials,SOFI,NASDAQ,,0.04,EWT,https://www.ishares.com/us/products/239724/ishares-msci-taiwan-etf/1467271812596.ajax?dataType=fund&fileName=EWT_holdings&fileType=csv,,high
SFBC,SOUND FINANCIAL BANCORP INC,United States,Financials,SFBC,NASDAQ,,0.0,EWT,https://www.ishares.com/us/products/239724/ishares-msci-taiwan-etf/1467271812596.ajax?dataType=fund&fileName=EWT_holdings&fileType=csv,,high
SPFI,SOUTH PLAINS FINANCIAL INC,United States,Financials,SPFI,NASDAQ,,0.0,EWT,https://www.ishares.com/us/products/239724/ishares-msci-taiwan-etf/1467271812596.ajax?dataType=fund&fileName=EWT_holdings&fileType=csv,,high
SMBC,SOUTHERN MISSOURI BANCORP INC,United States,Financials,SMBC,NASDAQ,,0.0,EWT,https://www.ishares.com/us/products/239724/ishares-msci-taiwan-etf/1467271812596.ajax?dataType=fund&fileName=EWT_holdings&fileType=csv,,high
SBSI,SOUTHSIDE BANCSHARES INC,United States,Financials,SBSI,NYSE,,0.0,EWT,https://www.ishares.com/us/products/239724/ishares-msci-taiwan-etf/1467271812596.ajax?dataType=fund&fileName=EWT_holdings&fileType=csv,,high
SSB,SOUTHSTATE BANK CORP,United States,Financials,SSB,NYSE,,0.01,EWT,https://www.ishares.com/us/products/239724/ishares-msci-taiwan-etf/1467271812596.ajax?dataType=fund&fileName=EWT_holdings&fileType=csv,,high
STWD,STARWOOD PROPERTY TRUST REIT INC,United States,Financials,STWD,NYSE,,0.01,EWT,https://www.ishares.com/us/products/239724/ishares-msci-taiwan-etf/1467271812596.ajax?dataType=fund&fileName=EWT_holdings&fileType=csv,,high
STT,STATE STREET CORP,United States,Financials,STT,NYSE,,0.05,EWT,https://www.ishares.com/us/products/239724/ishares-msci-taiwan-etf/1467271812596.ajax?dataType=fund&fileName=EWT_holdings&fileType=csv,,high
STEL,STELLAR BANCORP INC,United States,Financials,STEL,NYSE,,0.0,EWT,https://www.ishares.com/us/products/239724/ishares-msci-taiwan-etf/1467271812596.ajax?dataType=fund&fileName=EWT_holdings&fileType=csv,,high
STEP,STEPSTONE GROUP INC CLASS A,United States,Financials,STEP,NASDAQ,,0.01,EWT,https://www.ishares.com/us/products/239724/ishares-msci-taiwan-etf/1467271812596.ajax?dataType=fund&fileName=EWT_holdings&fileType=csv,,high
STC,STEWART INFO SERVICES CORP,United States,Financials,STC,NYSE,,0.0,EWT,https://www.ishares.com/us/products/239724/ishares-msci-taiwan-etf/1467271812596.ajax?dataType=fund&fileName=EWT_holdings&fileType=csv,,high
SF,STIFEL FINANCIAL CORP,United States,Financials,SF,NYSE,,0.02,EWT,https://www.ishares.com/us/products/239724/ishares-msci-taiwan-etf/1467271812596.ajax?dataType=fund&fileName=EWT_holdings&fileType=csv,,high
SYBT,STOCK YARDS BANCORP INC,United States,Financials,SYBT,NASDAQ,,0.0,EWT,https://www.ishares.com/us/products/239724/ishares-msci-taiwan-etf/1467271812596.ajax?dataType=fund&fileName=EWT_holdings&fileType=csv,,high
SNEX,STONEX GROUP INC,United States,Financials,SNEX,NASDAQ,,0.01,EWT,https://www.ishares.com/us/products/239724/ishares-msci-taiwan-etf/1467271812596.ajax?dataType=fund&fileName=EWT_holdings&fileType=csv,,high
SYF,SYNCHRONY FINANCIAL,United States,Financials,SYF,NYSE,,0.04,EWT,https://www.ishares.com/us/products/239724/ishares-msci-taiwan-etf/1467271812596.ajax?dataType=fund&fileName=EWT_holdings&fileType=csv,,high
TROW,T ROWE PRICE GROUP INC,United States,Financials,TROW,NASDAQ,,0.03,EWT,https://www.ishares.com/us/products/239724/ishares-msci-taiwan-etf/1467271812596.ajax?dataType=fund&fileName=EWT_holdings&fileType=csv,,high
TCBI,TEXAS CAPITAL BANCSHARES INC,United States,Financials,TCBI,NASDAQ,,0.01,EWT,https://www.ishares.com/us/products/239724/ishares-msci-taiwan-etf/1467271812596.ajax?dataType=fund&fileName=EWT_holdings&fileType=csv,,high
TFSL,TFS FINANCIAL CORP,United States,Financials,TFSL,NASDAQ,,0.0,EWT,https://www.ishares.com/us/products/239724/ishares-msci-taiwan-etf/1467271812596.ajax?dataType=fund&fileName=EWT_holdings&fileType=csv,,high
TIPT,TIPTREE INC,United States,Financials,TIPT,NASDAQ,,0.0,EWT,https://www.ishares.com/us/products/239724/ishares-msci-taiwan-etf/1467271812596.ajax?dataType=fund&fileName=EWT_holdings&fileType=csv,,high
TOST,TOAST INC CLASS A,United States,Financials,TOST,NYSE,,0.02,EWT,https://www.ishares.com/us/products/239724/ishares-msci-taiwan-etf/1467271812596.ajax?dataType=fund&fileName=EWT_holdings&fileType=csv,,high
TMP,TOMPKINS FINANCIAL CORP,United States,Financials,TMP,Nyse Mkt Llc,,0.0,EWT,https://www.ishares.com/us/products/239724/ishares-msci-taiwan-etf/1467271812596.ajax?dataType=fund&fileName=EWT_holdings&fileType=csv,,high
TOWN,TOWNEBANK,United States,Financials,TOWN,NASDAQ,,0.0,EWT,https://www.ishares.com/us/products/239724/ishares-msci-taiwan-etf/1467271812596.ajax?dataType=fund&fileName=EWT_holdings&fileType=csv,,high
TPG,TPG INC CLASS A,United States,Financials,TPG,NASDAQ,,0.01,EWT,https://www.ishares.com/us/products/239724/ishares-msci-taiwan-etf/1467271812596.ajax?dataType=fund&fileName=EWT_holdings&fileType=csv,,high
TRTX,TPG RE FINANCE TRUST INC,United States,Financials,TRTX,NYSE,,0.0,EWT,https://www.ishares.com/us/products/239724/ishares-msci-taiwan-etf/1467271812596.ajax?dataType=fund&fileName=EWT_holdings&fileType=csv,,high
TW,TRADEWEB MARKETS INC CLASS A,United States,Financials,TW,NASDAQ,,0.02,EWT,https://www.ishares.com/us/products/239724/ishares-msci-taiwan-etf/1467271812596.ajax?dataType=fund&fileName=EWT_holdings&fileType=csv,,high
TRV,TRAVELERS COMPANIES INC,United States,Financials,TRV,NYSE,,0.1,EWT,https://www.ishares.com/us/products/239724/ishares-msci-taiwan-etf/1467271812596.ajax?dataType=fund&fileName=EWT_holdings&fileType=csv,,high
TCBK,TRICO BANCSHARES,United States,Financials,TCBK,NASDAQ,,0.0,EWT,https://www.ishares.com/us/products/239724/ishares-msci-taiwan-etf/1467271812596.ajax?dataType=fund&fileName=EWT_holdings&fileType=csv,,high
TFIN,TRIUMPH FINANCIAL INC,United States,Financials,TFIN,NYSE,,0.0,EWT,https://www.ishares.com/us/products/239724/ishares-msci-taiwan-etf/1467271812596.ajax?dataType=fund&fileName=EWT_holdings&fileType=csv,,high
TFC,TRUIST FINANCIAL CORP,United States,Financials,TFC,NYSE,,0.09,EWT,https://www.ishares.com/us/products/239724/ishares-msci-taiwan-etf/1467271812596.ajax?dataType=fund&fileName=EWT_holdings&fileType=csv,,high
TRUP,TRUPANION INC,United States,Financials,TRUP,NASDAQ,,0.0,EWT,https://www.ishares.com/us/products/239724/ishares-msci-taiwan-etf/1467271812596.ajax?dataType=fund&fileName=EWT_holdings&fileType=csv,,high
TRST,TRUSTCO BANK CORP,United States,Financials,TRST,NASDAQ,,0.0,EWT,https://www.ishares.com/us/products/239724/ishares-msci-taiwan-etf/1467271812596.ajax?dataType=fund&fileName=EWT_holdings&fileType=csv,,high
TRMK,TRUSTMARK CORP,United States,Financials,TRMK,NASDAQ,,0.0,EWT,https://www.ishares.com/us/products/239724/ishares-msci-taiwan-etf/1467271812596.ajax?dataType=fund&fileName=EWT_holdings&fileType=csv,,high
TWO,TWO HARBORS INVESTMENT CORP,United States,Financials,TWO,NYSE,,0.0,EWT,https://www.ishares.com/us/products/239724/ishares-msci-taiwan-etf/1467271812596.ajax?dataType=fund&fileName=EWT_holdings&fileType=csv,,high
UMBF,UMB FINANCIAL CORP,United States,Financials,UMBF,NASDAQ,,0.01,EWT,https://www.ishares.com/us/products/239724/ishares-msci-taiwan-etf/1467271812596.ajax?dataType=fund&fileName=EWT_holdings&fileType=csv,,high
UBSI,UNITED BANKSHARES INC,United States,Financials,UBSI,NASDAQ,,0.01,EWT,https://www.ishares.com/us/products/239724/ishares-msci-taiwan-etf/1467271812596.ajax?dataType=fund&fileName=EWT_holdings&fileType=csv,,high
UCB,UNITED COMMUNITY BANKS INC,United States,Financials,UCB,NYSE,,0.0,EWT,https://www.ishares.com/us/products/239724/ishares-msci-taiwan-etf/1467271812596.ajax?dataType=fund&fileName=EWT_holdings&fileType=csv,,high
UFCS,UNITED FIRE GROUP INC,United States,Financials,UFCS,NASDAQ,,0.0,EWT,https://www.ishares.com/us/products/239724/ishares-msci-taiwan-etf/1467271812596.ajax?dataType=fund&fileName=EWT_holdings&fileType=csv,,high
UVE,UNIVERSAL INSURANCE HOLDINGS INC,United States,Financials,UVE,NYSE,,0.0,EWT,https://www.ishares.com/us/products/239724/ishares-msci-taiwan-etf/1467271812596.ajax?dataType=fund&fileName=EWT_holdings&fileType=csv,,high
UVSP,UNIVEST FINANCIAL CORP,United States,Financials,UVSP,NASDAQ,,0.0,EWT,https://www.ishares.com/us/products/239724/ishares-msci-taiwan-etf/1467271812596.ajax?dataType=fund&fileName=EWT_holdings&fileType=csv,,high
UNM,UNUM,United States,Financials,UNM,NYSE,,0.02,EWT,https://www.ishares.com/us/products/239724/ishares-msci-taiwan-etf/1467271812596.ajax?dataType=fund&fileName=EWT_holdings&fileType=csv,,high
UPST,UPSTART HOLDINGS INC,United States,Financials,UPST,NASDAQ,,0.0,EWT,https://www.ishares.com/us/products/239724/ishares-msci-taiwan-etf/1467271812596.ajax?dataType=fund&fileName=EWT_holdings&fileType=csv,,high
USB,US BANCORP,United States,Financials,USB,NYSE,,0.12,EWT,https://www.ishares.com/us/products/239724/ishares-msci-taiwan-etf/1467271812596.ajax?dataType=fund&fileName=EWT_holdings&fileType=csv,,high
UWMC,UWM HOLDINGS CORP CLASS A,United States,Financials,UWMC,NYSE,,0.0,EWT,https://www.ishares.com/us/products/239724/ishares-msci-taiwan-etf/1467271812596.ajax?dataType=fund&fileName=EWT_holdings&fileType=csv,,high
VLY,VALLEY NATIONAL,United States,Financials,VLY,NASDAQ,,0.01,EWT,https://www.ishares.com/us/products/239724/ishares-msci-taiwan-etf/1467271812596.ajax?dataType=fund&fileName=EWT_holdings&fileType=csv,,high
VCTR,VICTORY CAPITAL HOLDINGS CLASS A I,United States,Financials,VCTR,NASDAQ,,0.01,EWT,https://www.ishares.com/us/products/239724/ishares-msci-taiwan-etf/1467271812596.ajax?dataType=fund&fileName=EWT_holdings&fileType=csv,,high
VABK,VIRGINIA NATIONAL BANKSHARES CORP,United States,Financials,VABK,NASDAQ,,0.0,EWT,https://www.ishares.com/us/products/239724/ishares-msci-taiwan-etf/1467271812596.ajax?dataType=fund&fileName=EWT_holdings&fileType=csv,,high
VIRT,VIRTU FINANCIAL INC CLASS A,United States,Financials,VIRT,NYSE,,0.01,EWT,https://www.ishares.com/us/products/239724/ishares-msci-taiwan-etf/1467271812596.ajax?dataType=fund&fileName=EWT_holdings&fileType=csv,,high
VRTS,VIRTUS INVESTMENT PARTNERS INC,United States,Financials,VRTS,NYSE,,0.0,EWT,https://www.ishares.com/us/products/239724/ishares-msci-taiwan-etf/1467271812596.ajax?dataType=fund&fileName=EWT_holdings&fileType=csv,,high
V,VISA INC CLASS A,United States,Financials,V,NYSE,,0.81,EWT,https://www.ishares.com/us/products/239724/ishares-msci-taiwan-etf/1467271812596.ajax?dataType=fund&fileName=EWT_holdings&fileType=csv,,high
VOYA,VOYA FINANCIAL INC,United States,Financials,VOYA,NYSE,,0.01,EWT,https://www.ishares.com/us/products/239724/ishares-msci-taiwan-etf/1467271812596.ajax?dataType=fund&fileName=EWT_holdings&fileType=csv,,high
WAFD,WAFD INC,United States,Financials,WAFD,NASDAQ,,0.0,EWT,https://www.ishares.com/us/products/239724/ishares-msci-taiwan-etf/1467271812596.ajax?dataType=fund&fileName=EWT_holdings&fileType=csv,,high
WD,WALKER & DUNLOP INC,United States,Financials,WD,NYSE,,0.0,EWT,https://www.ishares.com/us/products/239724/ishares-msci-taiwan-etf/1467271812596.ajax?dataType=fund&fileName=EWT_holdings&fileType=csv,,high
WASH,WASHINGTON TRUST BANCORP INC,United States,Financials,WASH,NASDAQ,,0.0,EWT,https://www.ishares.com/us/products/239724/ishares-msci-taiwan-etf/1467271812596.ajax?dataType=fund&fileName=EWT_holdings&fileType=csv,,high
WSBF,WATERSTONE FINANCIAL INC,United States,Financials,WSBF,NASDAQ,,0.0,EWT,https://www.ishares.com/us/products/239724/ishares-msci-taiwan-etf/1467271812596.ajax?dataType=fund&fileName=EWT_holdings&fileType=csv,,high
WBS,WEBSTER FINANCIAL CORP,United States,Financials,WBS,NYSE,,0.02,EWT,https://www.ishares.com/us/products/239724/ishares-msci-taiwan-etf/1467271812596.ajax?dataType=fund&fileName=EWT_holdings&fileType=csv,,high
WFC,WELLS FARGO,United States,Financials,WFC,NYSE,,0.38,EWT,https://www.ishares.com/us/products/239724/ishares-msci-taiwan-etf/1467271812596.ajax?dataType=fund&fileName=EWT_holdings&fileType=csv,,high
WSBC,WESBANCO INC,United States,Financials,WSBC,NASDAQ,,0.01,EWT,https://www.ishares.com/us/products/239724/ishares-msci-taiwan-etf/1467271812596.ajax?dataType=fund&fileName=EWT_holdings&fileType=csv,,high
WABC,WESTAMERICA BANCORPORATION,United States,Financials,WABC,NASDAQ,,0.0,EWT,https://www.ishares.com/us/products/239724/ishares-msci-taiwan-etf/1467271812596.ajax?dataType=fund&fileName=EWT_holdings&fileType=csv,,high
WAL,WESTERN ALLIANCE,United States,Financials,WAL,NYSE,,0.01,EWT,https://www.ishares.com/us/products/239724/ishares-msci-taiwan-etf/1467271812596.ajax?dataType=fund&fileName=EWT_holdings&fileType=csv,,high
WU,WESTERN UNION,United States,Financials,WU,NYSE,,0.0,EWT,https://www.ishares.com/us/products/239724/ishares-msci-taiwan-etf/1467271812596.ajax?dataType=fund&fileName=EWT_holdings&fileType=csv,,high
WEX,WEX INC,United States,Financials,WEX,NYSE,,0.01,EWT,https://www.ishares.com/us/products/239724/ishares-msci-taiwan-etf/1467271812596.ajax?dataType=fund&fileName=EWT_holdings&fileType=csv,,high
WTM,WHITE MOUNTAINS INSURANCE GROUP LT,United States,Financials,WTM,NYSE,,0.01,EWT,https://www.ishares.com/us/products/239724/ishares-msci-taiwan-etf/1467271812596.ajax?dataType=fund&fileName=EWT_holdings&fileType=csv,,high
WTW,WILLIS TOWERS WATSON PLC,United States,Financials,WTW,NASDAQ,,0.04,EWT,https://www.ishares.com/us/products/239724/ishares-msci-taiwan-etf/1467271812596.ajax?dataType=fund&fileName=EWT_holdings&fileType=csv,,high
WTFC,WINTRUST FINANCIAL CORP,United States,Financials,WTFC,NASDAQ,,0.01,EWT,https://www.ishares.com/us/products/239724/ishares-msci-taiwan-etf/1467271812596.ajax?dataType=fund&fileName=EWT_holdings&fileType=csv,,high
WT,WISDOMTREE INC,United States,Financials,WT,NYSE,,0.0,EWT,https://www.ishares.com/us/products/239724/ishares-msci-taiwan-etf/1467271812596.ajax?dataType=fund&fileName=EWT_holdings&fileType=csv,,high
WRLD,WORLD ACCEPTANCE CORP,United States,Financials,WRLD,NASDAQ,,0.0,EWT,https://www.ishares.com/us/products/239724/ishares-msci-taiwan-etf/1467271812596.ajax?dataType=fund&fileName=EWT_holdings&fileType=csv,,high
WRB,WR BERKLEY CORP,United States,Financials,WRB,NYSE,,0.03,EWT,https://www.ishares.com/us/products/239724/ishares-msci-taiwan-etf/1467271812596.ajax?dataType=fund&fileName=EWT_holdings&fileType=csv,,high
WSFS,WSFS FINANCIAL CORP,United States,Financials,WSFS,NASDAQ,,0.0,EWT,https://www.ishares.com/us/products/239724/ishares-msci-taiwan-etf/1467271812596.ajax?dataType=fund&fileName=EWT_holdings&fileType=csv,,high
ZION,ZIONS BANCORPORATION,United States,Financials,ZION,NASDAQ,,0.01,EWT,https://www.ishares.com/us/products/239724/ishares-msci-taiwan-etf/1467271812596.ajax?dataType=fund&fileName=EWT_holdings&fileType=csv,,high
TXG,10X GENOMICS INC CLASS A,United States,Health Care,TXG,NASDAQ,,0.0,EWT,https://www.ishares.com/us/products/239724/ishares-msci-taiwan-etf/1467271812596.ajax?dataType=fund&fileName=EWT_holdings&fileType=csv,,high
ABT,ABBOTT LABORATORIES,United States,Health Care,ABT,NYSE,,0.3,EWT,https://www.ishares.com/us/products/239724/ishares-msci-taiwan-etf/1467271812596.ajax?dataType=fund&fileName=EWT_holdings&fileType=csv,,high
ABBV,ABBVIE INC,United States,Health Care,ABBV,NYSE,,0.61,EWT,https://www.ishares.com/us/products/239724/ishares-msci-taiwan-etf/1467271812596.ajax?dataType=fund&fileName=EWT_holdings&fileType=csv,,high
ABEO,ABEONA THERAPEUTICS INC,United States,Health Care,ABEO,NASDAQ,,0.0,EWT,https://www.ishares.com/us/products/239724/ishares-msci-taiwan-etf/1467271812596.ajax?dataType=fund&fileName=EWT_holdings&fileType=csv,,high
ABSI,ABSCI CORP,United States,Health Care,ABSI,NASDAQ,,0.0,EWT,https://www.ishares.com/us/products/239724/ishares-msci-taiwan-etf/1467271812596.ajax?dataType=fund&fileName=EWT_holdings&fileType=csv,,high
ACHC,ACADIA HEALTHCARE COMPANY INC,United States,Health Care,ACHC,NASDAQ,,0.0,EWT,https://www.ishares.com/us/products/239724/ishares-msci-taiwan-etf/1467271812596.ajax?dataType=fund&fileName=EWT_holdings&fileType=csv,,high
ACAD,ACADIA PHARMACEUTICALS INC,United States,Health Care,ACAD,NASDAQ,,0.0,EWT,https://www.ishares.com/us/products/239724/ishares-msci-taiwan-etf/1467271812596.ajax?dataType=fund&fileName=EWT_holdings&fileType=csv,,high
ACH,ACCENDRA HEALTH INC,United States,Health Care,ACH,NYSE,,0.0,EWT,https://www.ishares.com/us/products/239724/ishares-msci-taiwan-etf/1467271812596.ajax?dataType=fund&fileName=EWT_holdings&fileType=csv,,high
ACRS,ACLARIS THERAPEUTICS INC,United States,Health Care,ACRS,NASDAQ,,0.0,EWT,https://www.ishares.com/us/products/239724/ishares-msci-taiwan-etf/1467271812596.ajax?dataType=fund&fileName=EWT_holdings&fileType=csv,,high
AHCO,ADAPTHEALTH CORP,United States,Health Care,AHCO,NASDAQ,,0.0,EWT,https://www.ishares.com/us/products/239724/ishares-msci-taiwan-etf/1467271812596.ajax?dataType=fund&fileName=EWT_holdings&fileType=csv,,high
ADPT,ADAPTIVE BIOTECHNOLOGIES CORP,United States,Health Care,ADPT,NASDAQ,,0.0,EWT,https://www.ishares.com/us/products/239724/ishares-msci-taiwan-etf/1467271812596.ajax?dataType=fund&fileName=EWT_holdings&fileType=csv,,high
ADUS,ADDUS HOMECARE CORP,United States,Health Care,ADUS,NASDAQ,,0.0,EWT,https://www.ishares.com/us/products/239724/ishares-msci-taiwan-etf/1467271812596.ajax?dataType=fund&fileName=EWT_holdings&fileType=csv,,high
ADMA,ADMA BIOLOGICS INC,United States,Health Care,ADMA,NASDAQ,,0.01,EWT,https://www.ishares.com/us/products/239724/ishares-msci-taiwan-etf/1467271812596.ajax?dataType=fund&fileName=EWT_holdings&fileType=csv,,high
A,AGILENT TECHNOLOGIES INC,United States,Health Care,A,NYSE,,0.05,EWT,https://www.ishares.com/us/products/239724/ishares-msci-taiwan-etf/1467271812596.ajax?dataType=fund&fileName=EWT_holdings&fileType=csv,,high
AGL,AGILON HEALTH,United States,Health Care,AGL,NYSE,,0.0,EWT,https://www.ishares.com/us/products/239724/ishares-msci-taiwan-etf/1467271812596.ajax?dataType=fund&fileName=EWT_holdings&fileType=csv,,high
AGIO,AGIOS PHARMACEUTICALS INC,United States,Health Care,AGIO,NASDAQ,,0.0,EWT,https://www.ishares.com/us/products/239724/ishares-msci-taiwan-etf/1467271812596.ajax?dataType=fund&fileName=EWT_holdings&fileType=csv,,high
AKBA,AKEBIA THERAPEUTICS INC,United States,Health Care,AKBA,NASDAQ,,0.0,EWT,https://www.ishares.com/us/products/239724/ishares-msci-taiwan-etf/1467271812596.ajax?dataType=fund&fileName=EWT_holdings&fileType=csv,,high
AKE,AKERO THERAPEUTICS CVR,United States,Health Care,AKE,NASDAQ,,0.0,EWT,https://www.ishares.com/us/products/239724/ishares-msci-taiwan-etf/1467271812596.ajax?dataType=fund&fileName=EWT_holdings&fileType=csv,,high
ALDX,ALDEYRA THERAPEUTICS INC,United States,Health Care,ALDX,NASDAQ,,0.0,EWT,https://www.ishares.com/us/products/239724/ishares-msci-taiwan-etf/1467271812596.ajax?dataType=fund&fileName=EWT_holdings&fileType=csv,,high
ALGN,ALIGN TECHNOLOGY INC,United States,Health Care,ALGN,NASDAQ,,0.02,EWT,https://www.ishares.com/us/products/239724/ishares-msci-taiwan-etf/1467271812596.ajax?dataType=fund&fileName=EWT_holdings&fileType=csv,,high
ALHC,ALIGNMENT HEALTHCARE INC,United States,Health Care,ALHC,NASDAQ,,0.0,EWT,https://www.ishares.com/us/products/239724/ishares-msci-taiwan-etf/1467271812596.ajax?dataType=fund&fileName=EWT_holdings&fileType=csv,,high
ALKS,ALKERMES,United States,Health Care,ALKS,NASDAQ,,0.01,EWT,https://www.ishares.com/us/products/239724/ishares-msci-taiwan-etf/1467271812596.ajax?dataType=fund&fileName=EWT_holdings&fileType=csv,,high
ALLO,ALLOGENE THERAPEUTICS INC,United States,Health Care,ALLO,NASDAQ,,0.0,EWT,https://www.ishares.com/us/products/239724/ishares-msci-taiwan-etf/1467271812596.ajax?dataType=fund&fileName=EWT_holdings&fileType=csv,,high
ALNY,ALNYLAM PHARMACEUTICALS INC,United States,Health Care,ALNY,NASDAQ,,0.06,EWT,https://www.ishares.com/us/products/239724/ishares-msci-taiwan-etf/1467271812596.ajax?dataType=fund&fileName=EWT_holdings&fileType=csv,,high
ATEC,ALPHATEC HOLDNGS INC,United States,Health Care,ATEC,NASDAQ,,0.0,EWT,https://www.ishares.com/us/products/239724/ishares-msci-taiwan-etf/1467271812596.ajax?dataType=fund&fileName=EWT_holdings&fileType=csv,,high
ALT,ALTIMMUNE INC,United States,Health Care,ALT,NASDAQ,,0.0,EWT,https://www.ishares.com/us/products/239724/ishares-msci-taiwan-etf/1467271812596.ajax?dataType=fund&fileName=EWT_holdings&fileType=csv,,high
ALMS,ALUMIS INC,United States,Health Care,ALMS,NASDAQ,,0.0,EWT,https://www.ishares.com/us/products/239724/ishares-msci-taiwan-etf/1467271812596.ajax?dataType=fund&fileName=EWT_holdings&fileType=csv,,high
AMGN,AMGEN INC,United States,Health Care,AMGN,NASDAQ,,0.31,EWT,https://www.ishares.com/us/products/239724/ishares-msci-taiwan-etf/1467271812596.ajax?dataType=fund&fileName=EWT_holdings&fileType=csv,,high
FOLD,AMICUS THERAPEUTICS INC,United States,Health Care,FOLD,NASDAQ,,0.01,EWT,https://www.ishares.com/us/products/239724/ishares-msci-taiwan-etf/1467271812596.ajax?dataType=fund&fileName=EWT_holdings&fileType=csv,,high
AMN,AMN HEALTHCARE INC,United States,Health Care,AMN,NYSE,,0.0,EWT,https://www.ishares.com/us/products/239724/ishares-msci-taiwan-etf/1467271812596.ajax?dataType=fund&fileName=EWT_holdings&fileType=csv,,high
AMRX,AMNEAL PHARMACEUTICALS INC CLASS A,United States,Health Care,AMRX,NASDAQ,,0.0,EWT,https://www.ishares.com/us/products/239724/ishares-msci-taiwan-etf/1467271812596.ajax?dataType=fund&fileName=EWT_holdings&fileType=csv,,high
AMPH,AMPHASTAR PHARMACEUTICALS INC,United States,Health Care,AMPH,NASDAQ,,0.0,EWT,https://www.ishares.com/us/products/239724/ishares-msci-taiwan-etf/1467271812596.ajax?dataType=fund&fileName=EWT_holdings&fileType=csv,,high
AMLX,AMYLYX PHARMACEUTICALS INC,United States,Health Care,AMLX,NASDAQ,,0.0,EWT,https://www.ishares.com/us/products/239724/ishares-msci-taiwan-etf/1467271812596.ajax?dataType=fund&fileName=EWT_holdings&fileType=csv,,high
ANAB,ANAPTYSBIO INC,United States,Health Care,ANAB,NASDAQ,,0.0,EWT,https://www.ishares.com/us/products/239724/ishares-msci-taiwan-etf/1467271812596.ajax?dataType=fund&fileName=EWT_holdings&fileType=csv,,high
AVXL,ANAVEX LIFE SCIENCES CORP,United States,Health Care,AVXL,NASDAQ,,0.0,EWT,https://www.ishares.com/us/products/239724/ishares-msci-taiwan-etf/1467271812596.ajax?dataType=fund&fileName=EWT_holdings&fileType=csv,,high
ANGO,ANGIODYNAMICS INC,United States,Health Care,ANGO,NASDAQ,,0.0,EWT,https://www.ishares.com/us/products/239724/ishares-msci-taiwan-etf/1467271812596.ajax?dataType=fund&fileName=EWT_holdings&fileType=csv,,high
ANIP,ANI PHARMACEUTICALS INC,United States,Health Care,ANIP,NASDAQ,,0.0,EWT,https://www.ishares.com/us/products/239724/ishares-msci-taiwan-etf/1467271812596.ajax?dataType=fund&fileName=EWT_holdings&fileType=csv,,high
ANIK,ANIKA THERAPEUTICS INC,United States,Health Care,ANIK,NASDAQ,,0.0,EWT,https://www.ishares.com/us/products/239724/ishares-msci-taiwan-etf/1467271812596.ajax?dataType=fund&fileName=EWT_holdings&fileType=csv,,high
ANNX,ANNEXON INC,United States,Health Care,ANNX,NASDAQ,,0.0,EWT,https://www.ishares.com/us/products/239724/ishares-msci-taiwan-etf/1467271812596.ajax?dataType=fund&fileName=EWT_holdings&fileType=csv,,high
APLS,APELLIS PHARMACEUTICALS INC,United States,Health Care,APLS,NASDAQ,,0.0,EWT,https://www.ishares.com/us/products/239724/ishares-msci-taiwan-etf/1467271812596.ajax?dataType=fund&fileName=EWT_holdings&fileType=csv,,high
APGE,APOGEE THERAPEUTICS INC,United States,Health Care,APGE,NASDAQ,,0.01,EWT,https://www.ishares.com/us/products/239724/ishares-msci-taiwan-etf/1467271812596.ajax?dataType=fund&fileName=EWT_holdings&fileType=csv,,high
AQST,AQUESTIVE THERAPEUTICS INC,United States,Health Care,AQST,NASDAQ,,0.0,EWT,https://www.ishares.com/us/products/239724/ishares-msci-taiwan-etf/1467271812596.ajax?dataType=fund&fileName=EWT_holdings&fileType=csv,,high
ABUS,ARBUTUS BIOPHARMA CORP,United States,Health Care,ABUS,NASDAQ,,0.0,EWT,https://www.ishares.com/us/products/239724/ishares-msci-taiwan-etf/1467271812596.ajax?dataType=fund&fileName=EWT_holdings&fileType=csv,,high
ACLX,ARCELLX INC,United States,Health Care,ACLX,NASDAQ,,0.01,EWT,https://www.ishares.com/us/products/239724/ishares-msci-taiwan-etf/1467271812596.ajax?dataType=fund&fileName=EWT_holdings&fileType=csv,,high
ARCT,ARCTURUS THERAPEUTICS HOLDINGS INC,United States,Health Care,ARCT,NASDAQ,,0.0,EWT,https://www.ishares.com/us/products/239724/ishares-msci-taiwan-etf/1467271812596.ajax?dataType=fund&fileName=EWT_holdings&fileType=csv,,high
RCUS,ARCUS BIOSCIENCES INC,United States,Health Care,RCUS,NYSE,,0.0,EWT,https://www.ishares.com/us/products/239724/ishares-msci-taiwan-etf/1467271812596.ajax?dataType=fund&fileName=EWT_holdings&fileType=csv,,high
ARQT,ARCUTIS BIOTHERAPEUTICS INC,United States,Health Care,ARQT,NASDAQ,,0.0,EWT,https://www.ishares.com/us/products/239724/ishares-msci-taiwan-etf/1467271812596.ajax?dataType=fund&fileName=EWT_holdings&fileType=csv,,high
ARDX,ARDELYX INC,United States,Health Care,ARDX,NASDAQ,,0.0,EWT,https://www.ishares.com/us/products/239724/ishares-msci-taiwan-etf/1467271812596.ajax?dataType=fund&fileName=EWT_holdings&fileType=csv,,high
AVBP,ARRIVENT BIOPHARMA INC,United States,Health Care,AVBP,NASDAQ,,0.0,EWT,https://www.ishares.com/us/products/239724/ishares-msci-taiwan-etf/1467271812596.ajax?dataType=fund&fileName=EWT_holdings&fileType=csv,,high
ARWR,ARROWHEAD PHARMACEUTICALS INC,United States,Health Care,ARWR,NASDAQ,,0.01,EWT,https://www.ishares.com/us/products/239724/ishares-msci-taiwan-etf/1467271812596.ajax?dataType=fund&fileName=EWT_holdings&fileType=csv,,high
SPRY,ARS PHARMACEUTICALS INC,United States,Health Care,SPRY,NASDAQ,,0.0,EWT,https://www.ishares.com/us/products/239724/ishares-msci-taiwan-etf/1467271812596.ajax?dataType=fund&fileName=EWT_holdings&fileType=csv,,high
AORT,ARTIVION INC,United States,Health Care,AORT,NYSE,,0.0,EWT,https://www.ishares.com/us/products/239724/ishares-msci-taiwan-etf/1467271812596.ajax?dataType=fund&fileName=EWT_holdings&fileType=csv,,high
ARVN,ARVINAS INC,United States,Health Care,ARVN,NASDAQ,,0.0,EWT,https://www.ishares.com/us/products/239724/ishares-msci-taiwan-etf/1467271812596.ajax?dataType=fund&fileName=EWT_holdings&fileType=csv,,high
ASRT,ASSERTIO HOLDINGS CVR INC,United States,Health Care,ASRT,NASDAQ,,0.0,EWT,https://www.ishares.com/us/products/239724/ishares-msci-taiwan-etf/1467271812596.ajax?dataType=fund&fileName=EWT_holdings&fileType=csv,,high
ASTH,ASTRANA HEALTH INC,United States,Health Care,ASTH,NASDAQ,,0.0,EWT,https://www.ishares.com/us/products/239724/ishares-msci-taiwan-etf/1467271812596.ajax?dataType=fund&fileName=EWT_holdings&fileType=csv,,high
AVIR,ATEA PHARMACEUTICALS INC,United States,Health Care,AVIR,NASDAQ,,0.0,EWT,https://www.ishares.com/us/products/239724/ishares-msci-taiwan-etf/1467271812596.ajax?dataType=fund&fileName=EWT_holdings&fileType=csv,,high
ATRC,ATRICURE INC,United States,Health Care,ATRC,NASDAQ,,0.0,EWT,https://www.ishares.com/us/products/239724/ishares-msci-taiwan-etf/1467271812596.ajax?dataType=fund&fileName=EWT_holdings&fileType=csv,,high
RNA,ATRIUM THERAPEUTICS INC,United States,Health Care,RNA,NASDAQ,,0.0,EWT,https://www.ishares.com/us/products/239724/ishares-msci-taiwan-etf/1467271812596.ajax?dataType=fund&fileName=EWT_holdings&fileType=csv,,high
ATYR,ATYR PHARMA INC,United States,Health Care,ATYR,NASDAQ,,0.0,EWT,https://www.ishares.com/us/products/239724/ishares-msci-taiwan-etf/1467271812596.ajax?dataType=fund&fileName=EWT_holdings&fileType=csv,,high
AURA,AURA BIOSCIENCES INC,United States,Health Care,AURA,NASDAQ,,0.0,EWT,https://www.ishares.com/us/products/239724/ishares-msci-taiwan-etf/1467271812596.ajax?dataType=fund&fileName=EWT_holdings&fileType=csv,,high
AVNS,AVANOS MEDICAL INC,United States,Health Care,AVNS,NYSE,,0.0,EWT,https://www.ishares.com/us/products/239724/ishares-msci-taiwan-etf/1467271812596.ajax?dataType=fund&fileName=EWT_holdings&fileType=csv,,high
AVTR,AVANTOR INC,United States,Health Care,AVTR,NYSE,,0.01,EWT,https://www.ishares.com/us/products/239724/ishares-msci-taiwan-etf/1467271812596.ajax?dataType=fund&fileName=EWT_holdings&fileType=csv,,high
AVAH,AVEANNA HEALTHCARE HOLDINGS INC,United States,Health Care,AVAH,NASDAQ,,0.0,EWT,https://www.ishares.com/us/products/239724/ishares-msci-taiwan-etf/1467271812596.ajax?dataType=fund&fileName=EWT_holdings&fileType=csv,,high
RCEL,AVITA MEDICAL INC,United States,Health Care,RCEL,NASDAQ,,0.0,EWT,https://www.ishares.com/us/products/239724/ishares-msci-taiwan-etf/1467271812596.ajax?dataType=fund&fileName=EWT_holdings&fileType=csv,,high
AXGN,AXOGEN INC,United States,Health Care,AXGN,NASDAQ,,0.0,EWT,https://www.ishares.com/us/products/239724/ishares-msci-taiwan-etf/1467271812596.ajax?dataType=fund&fileName=EWT_holdings&fileType=csv,,high
AXSM,AXSOME THERAPEUTICS INC,United States,Health Care,AXSM,NASDAQ,,0.01,EWT,https://www.ishares.com/us/products/239724/ishares-msci-taiwan-etf/1467271812596.ajax?dataType=fund&fileName=EWT_holdings&fileType=csv,,high
AZTA,AZENTA INC,United States,Health Care,AZTA,NASDAQ,,0.0,EWT,https://www.ishares.com/us/products/239724/ishares-msci-taiwan-etf/1467271812596.ajax?dataType=fund&fileName=EWT_holdings&fileType=csv,,high
BAX,BAXTER INTERNATIONAL INC,United States,Health Care,BAX,NYSE,,0.01,EWT,https://www.ishares.com/us/products/239724/ishares-msci-taiwan-etf/1467271812596.ajax?dataType=fund&fileName=EWT_holdings&fileType=csv,,high
BEAM,BEAM THERAPEUTICS INC,United States,Health Care,BEAM,NASDAQ,,0.0,EWT,https://www.ishares.com/us/products/239724/ishares-msci-taiwan-etf/1467271812596.ajax?dataType=fund&fileName=EWT_holdings&fileType=csv,,high
BDX,BECTON DICKINSON,United States,Health Care,BDX,NYSE,,0.07,EWT,https://www.ishares.com/us/products/239724/ishares-msci-taiwan-etf/1467271812596.ajax?dataType=fund&fileName=EWT_holdings&fileType=csv,,high
BBNX,BETA BIONICS INC,United States,Health Care,BBNX,NASDAQ,,0.0,EWT,https://www.ishares.com/us/products/239724/ishares-msci-taiwan-etf/1467271812596.ajax?dataType=fund&fileName=EWT_holdings&fileType=csv,,high
BCAX,BICARA THERAPEUTICS INC,United States,Health Care,BCAX,NASDAQ,,0.0,EWT,https://www.ishares.com/us/products/239724/ishares-msci-taiwan-etf/1467271812596.ajax?dataType=fund&fileName=EWT_holdings&fileType=csv,,high
BLLN,BILLIONTOONE INC CLASS A,United States,Health Care,BLLN,NASDAQ,,0.0,EWT,https://www.ishares.com/us/products/239724/ishares-msci-taiwan-etf/1467271812596.ajax?dataType=fund&fileName=EWT_holdings&fileType=csv,,high
BIO,BIO RAD LABORATORIES INC CLASS A,United States,Health Care,BIO,NYSE,,0.01,EWT,https://www.ishares.com/us/products/239724/ishares-msci-taiwan-etf/1467271812596.ajax?dataType=fund&fileName=EWT_holdings&fileType=csv,,high
TECH,BIO TECHNE CORP,United States,Health Care,TECH,NASDAQ,,0.01,EWT,https://www.ishares.com/us/products/239724/ishares-msci-taiwan-etf/1467271812596.ajax?dataType=fund&fileName=EWT_holdings&fileType=csv,,high
BCRX,BIOCRYST PHARMACEUTICALS INC,United States,Health Care,BCRX,NASDAQ,,0.0,EWT,https://www.ishares.com/us/products/239724/ishares-msci-taiwan-etf/1467271812596.ajax?dataType=fund&fileName=EWT_holdings&fileType=csv,,high
BIIB,BIOGEN INC,United States,Health Care,BIIB,NASDAQ,,0.04,EWT,https://www.ishares.com/us/products/239724/ishares-msci-taiwan-etf/1467271812596.ajax?dataType=fund&fileName=EWT_holdings&fileType=csv,,high
BHVN,BIOHAVEN LTD,United States,Health Care,BHVN,NYSE,,0.0,EWT,https://www.ishares.com/us/products/239724/ishares-msci-taiwan-etf/1467271812596.ajax?dataType=fund&fileName=EWT_holdings&fileType=csv,,high
BLFS,BIOLIFE SOLUTIONS INC,United States,Health Care,BLFS,NASDAQ,,0.0,EWT,https://www.ishares.com/us/products/239724/ishares-msci-taiwan-etf/1467271812596.ajax?dataType=fund&fileName=EWT_holdings&fileType=csv,,high
BMRN,BIOMARIN PHARMACEUTICAL INC,United States,Health Care,BMRN,NASDAQ,,0.02,EWT,https://www.ishares.com/us/products/239724/ishares-msci-taiwan-etf/1467271812596.ajax?dataType=fund&fileName=EWT_holdings&fileType=csv,,high
BSX,BOSTON SCIENTIFIC CORP,United States,Health Care,BSX,NYSE,,0.16,EWT,https://www.ishares.com/us/products/239724/ishares-msci-taiwan-etf/1467271812596.ajax?dataType=fund&fileName=EWT_holdings&fileType=csv,,high
BBIO,BRIDGEBIO PHARMA INC,United States,Health Care,BBIO,NASDAQ,,0.02,EWT,https://www.ishares.com/us/products/239724/ishares-msci-taiwan-etf/1467271812596.ajax?dataType=fund&fileName=EWT_holdings&fileType=csv,,high
BTSG,BRIGHTSPRING HEALTH SERVICES INC,United States,Health Care,BTSG,NASDAQ,,0.01,EWT,https://www.ishares.com/us/products/239724/ishares-msci-taiwan-etf/1467271812596.ajax?dataType=fund&fileName=EWT_holdings&fileType=csv,,high
BMY,BRISTOL MYERS SQUIBB,United States,Health Care,BMY,NYSE,,0.19,EWT,https://www.ishares.com/us/products/239724/ishares-msci-taiwan-etf/1467271812596.ajax?dataType=fund&fileName=EWT_holdings&fileType=csv,,high
BKD,BROOKDALE SENIOR LIVING INC,United States,Health Care,BKD,NYSE,,0.01,EWT,https://www.ishares.com/us/products/239724/ishares-msci-taiwan-etf/1467271812596.ajax?dataType=fund&fileName=EWT_holdings&fileType=csv,,high
BRKR,BRUKER CORP,United States,Health Care,BRKR,NASDAQ,,0.01,EWT,https://www.ishares.com/us/products/239724/ishares-msci-taiwan-etf/1467271812596.ajax?dataType=fund&fileName=EWT_holdings&fileType=csv,,high
BFLY,BUTTERFLY NETWORK INC CLASS A,United States,Health Care,BFLY,NYSE,,0.0,EWT,https://www.ishares.com/us/products/239724/ishares-msci-taiwan-etf/1467271812596.ajax?dataType=fund&fileName=EWT_holdings&fileType=csv,,high
CAPR,CAPRICOR THERAPEUTICS INC,United States,Health Care,CAPR,NASDAQ,,0.0,EWT,https://www.ishares.com/us/products/239724/ishares-msci-taiwan-etf/1467271812596.ajax?dataType=fund&fileName=EWT_holdings&fileType=csv,,high
CAH,CARDINAL HEALTH INC,United States,Health Care,CAH,NYSE,,0.08,EWT,https://www.ishares.com/us/products/239724/ishares-msci-taiwan-etf/1467271812596.ajax?dataType=fund&fileName=EWT_holdings&fileType=csv,,high
CDNA,CAREDX INC,United States,Health Care,CDNA,NASDAQ,,0.0,EWT,https://www.ishares.com/us/products/239724/ishares-msci-taiwan-etf/1467271812596.ajax?dataType=fund&fileName=EWT_holdings&fileType=csv,,high
CSTL,CASTLE BIOSCIENCES INC,United States,Health Care,CSTL,NASDAQ,,0.0,EWT,https://www.ishares.com/us/products/239724/ishares-msci-taiwan-etf/1467271812596.ajax?dataType=fund&fileName=EWT_holdings&fileType=csv,,high
CPRX,CATALYST PHARMACEUTICALS INC,United States,Health Care,CPRX,NASDAQ,,0.0,EWT,https://www.ishares.com/us/products/239724/ishares-msci-taiwan-etf/1467271812596.ajax?dataType=fund&fileName=EWT_holdings&fileType=csv,,high
CELC,CELCUITY INC,United States,Health Care,CELC,NASDAQ,,0.01,EWT,https://www.ishares.com/us/products/239724/ishares-msci-taiwan-etf/1467271812596.ajax?dataType=fund&fileName=EWT_holdings&fileType=csv,,high
CLDX,CELLDEX THERAPEUTICS INC,United States,Health Care,CLDX,NASDAQ,,0.0,EWT,https://www.ishares.com/us/products/239724/ishares-msci-taiwan-etf/1467271812596.ajax?dataType=fund&fileName=EWT_holdings&fileType=csv,,high
COR,CENCORA INC,United States,Health Care,COR,NYSE,,0.11,EWT,https://www.ishares.com/us/products/239724/ishares-msci-taiwan-etf/1467271812596.ajax?dataType=fund&fileName=EWT_holdings&fileType=csv,,high
CNC,CENTENE CORP,United States,Health Care,CNC,NYSE,,0.03,EWT,https://www.ishares.com/us/products/239724/ishares-msci-taiwan-etf/1467271812596.ajax?dataType=fund&fileName=EWT_holdings&fileType=csv,,high
CBLL,CERIBELL INC,United States,Health Care,CBLL,NASDAQ,,0.0,EWT,https://www.ishares.com/us/products/239724/ishares-msci-taiwan-etf/1467271812596.ajax?dataType=fund&fileName=EWT_holdings&fileType=csv,,high
CERT,CERTARA INC,United States,Health Care,CERT,NASDAQ,,0.0,EWT,https://www.ishares.com/us/products/239724/ishares-msci-taiwan-etf/1467271812596.ajax?dataType=fund&fileName=EWT_holdings&fileType=csv,,high
CERS,CERUS CORP,United States,Health Care,CERS,NASDAQ,,0.0,EWT,https://www.ishares.com/us/products/239724/ishares-msci-taiwan-etf/1467271812596.ajax?dataType=fund&fileName=EWT_holdings&fileType=csv,,high
CGON,CG ONCOLOGY INC,United States,Health Care,CGON,NASDAQ,,0.01,EWT,https://www.ishares.com/us/products/239724/ishares-msci-taiwan-etf/1467271812596.ajax?dataType=fund&fileName=EWT_holdings&fileType=csv,,high
CRL,CHARLES RIVER LABORATORIES INTERNA,United States,Health Care,CRL,NYSE,,0.01,EWT,https://www.ishares.com/us/products/239724/ishares-msci-taiwan-etf/1467271812596.ajax?dataType=fund&fileName=EWT_holdings&fileType=csv,,high
CHE,CHEMED CORP,United States,Health Care,CHE,NYSE,,0.01,EWT,https://www.ishares.com/us/products/239724/ishares-msci-taiwan-etf/1467271812596.ajax?dataType=fund&fileName=EWT_holdings&fileType=csv,,high
ADRO,CHINOOK THERAPEUTICS INC CVR,United States,Health Care,ADRO,NO MARKET (E.G. UNLISTED),,0.0,EWT,https://www.ishares.com/us/products/239724/ishares-msci-taiwan-etf/1467271812596.ajax?dataType=fund&fileName=EWT_holdings&fileType=csv,,low
CI,CIGNA,United States,Health Care,CI,NYSE,,0.11,EWT,https://www.ishares.com/us/products/239724/ishares-msci-taiwan-etf/1467271812596.ajax?dataType=fund&fileName=EWT_holdings&fileType=csv,,high
CTEV,CLARITEV CORP CLASS A,United States,Health Care,CTEV,NYSE,,0.0,EWT,https://www.ishares.com/us/products/239724/ishares-msci-taiwan-etf/1467271812596.ajax?dataType=fund&fileName=EWT_holdings&fileType=csv,,high
CLPT,CLEARPOINT NEURO INC,United States,Health Care,CLPT,NASDAQ,,0.0,EWT,https://www.ishares.com/us/products/239724/ishares-msci-taiwan-etf/1467271812596.ajax?dataType=fund&fileName=EWT_holdings&fileType=csv,,high
CLOV,CLOVER HEALTH INVESTMENTS CORP CLA,United States,Health Care,CLOV,NASDAQ,,0.0,EWT,https://www.ishares.com/us/products/239724/ishares-msci-taiwan-etf/1467271812596.ajax?dataType=fund&fileName=EWT_holdings&fileType=csv,,high
COGT,COGENT BIOSCIENCES INC,United States,Health Care,COGT,NASDAQ,,0.01,EWT,https://www.ishares.com/us/products/239724/ishares-msci-taiwan-etf/1467271812596.ajax?dataType=fund&fileName=EWT_holdings&fileType=csv,,high
COLL,COLLEGIUM PHARMACEUTICAL INC,United States,Health Care,COLL,NASDAQ,,0.0,EWT,https://www.ishares.com/us/products/239724/ishares-msci-taiwan-etf/1467271812596.ajax?dataType=fund&fileName=EWT_holdings&fileType=csv,,high
CYH,COMMUNITY HEALTH SYSTEMS INC,United States,Health Care,CYH,NYSE,,0.0,EWT,https://www.ishares.com/us/products/239724/ishares-msci-taiwan-etf/1467271812596.ajax?dataType=fund&fileName=EWT_holdings&fileType=csv,,high
CMPX,COMPASS THERAPEUTICS,United States,Health Care,CMPX,NASDAQ,,0.0,EWT,https://www.ishares.com/us/products/239724/ishares-msci-taiwan-etf/1467271812596.ajax?dataType=fund&fileName=EWT_holdings&fileType=csv,,high
CON,CONCENTRA GROUP HOLDINGS PARENT IN,United States,Health Care,CON,NYSE,,0.0,EWT,https://www.ishares.com/us/products/239724/ishares-msci-taiwan-etf/1467271812596.ajax?dataType=fund&fileName=EWT_holdings&fileType=csv,,high
CNMD,CONMED CORP,United States,Health Care,CNMD,NYSE,,0.0,EWT,https://www.ishares.com/us/products/239724/ishares-msci-taiwan-etf/1467271812596.ajax?dataType=fund&fileName=EWT_holdings&fileType=csv,,high
COO,COOPER INC,United States,Health Care,COO,NASDAQ,,0.02,EWT,https://www.ishares.com/us/products/239724/ishares-msci-taiwan-etf/1467271812596.ajax?dataType=fund&fileName=EWT_holdings&fileType=csv,,high
CORT,CORCEPT THERAPEUTICS INC,United States,Health Care,CORT,NASDAQ,,0.0,EWT,https://www.ishares.com/us/products/239724/ishares-msci-taiwan-etf/1467271812596.ajax?dataType=fund&fileName=EWT_holdings&fileType=csv,,high
CRMD,CORMEDIX INC,United States,Health Care,CRMD,NASDAQ,,0.0,EWT,https://www.ishares.com/us/products/239724/ishares-msci-taiwan-etf/1467271812596.ajax?dataType=fund&fileName=EWT_holdings&fileType=csv,,high
CRVL,CORVEL CORP,United States,Health Care,CRVL,NASDAQ,,0.0,EWT,https://www.ishares.com/us/products/239724/ishares-msci-taiwan-etf/1467271812596.ajax?dataType=fund&fileName=EWT_holdings&fileType=csv,,high
CRVS,CORVUS PHARMACEUTICALS INC,United States,Health Care,CRVS,NASDAQ,,0.0,EWT,https://www.ishares.com/us/products/239724/ishares-msci-taiwan-etf/1467271812596.ajax?dataType=fund&fileName=EWT_holdings&fileType=csv,,high
CRNX,CRINETICS PHARMACEUTICALS INC,United States,Health Care,CRNX,NASDAQ,,0.01,EWT,https://www.ishares.com/us/products/239724/ishares-msci-taiwan-etf/1467271812596.ajax?dataType=fund&fileName=EWT_holdings&fileType=csv,,high
CRSP,CRISPR THERAPEUTICS AG,United States,Health Care,CRSP,NASDAQ,,0.01,EWT,https://www.ishares.com/us/products/239724/ishares-msci-taiwan-etf/1467271812596.ajax?dataType=fund&fileName=EWT_holdings&fileType=csv,,high
CCRN,CROSS COUNTRY HEALTHCARE INC,United States,Health Care,CCRN,NASDAQ,,0.0,EWT,https://www.ishares.com/us/products/239724/ishares-msci-taiwan-etf/1467271812596.ajax?dataType=fund&fileName=EWT_holdings&fileType=csv,,high
CYRX,CRYOPORT INC,United States,Health Care,CYRX,NASDAQ,,0.0,EWT,https://www.ishares.com/us/products/239724/ishares-msci-taiwan-etf/1467271812596.ajax?dataType=fund&fileName=EWT_holdings&fileType=csv,,high
CGEM,CULLINAN THERAPEUTICS INC,United States,Health Care,CGEM,NASDAQ,,0.0,EWT,https://www.ishares.com/us/products/239724/ishares-msci-taiwan-etf/1467271812596.ajax?dataType=fund&fileName=EWT_holdings&fileType=csv,,high
CVS,CVS HEALTH CORP,United States,Health Care,CVS,NYSE,,0.15,EWT,https://www.ishares.com/us/products/239724/ishares-msci-taiwan-etf/1467271812596.ajax?dataType=fund&fileName=EWT_holdings&fileType=csv,,high
CTKB,CYTEK BIOSCIENCES INC,United States,Health Care,CTKB,NASDAQ,,0.0,EWT,https://www.ishares.com/us/products/239724/ishares-msci-taiwan-etf/1467271812596.ajax?dataType=fund&fileName=EWT_holdings&fileType=csv,,high
CYTK,CYTOKINETICS INC,United States,Health Care,CYTK,NASDAQ,,0.01,EWT,https://www.ishares.com/us/products/239724/ishares-msci-taiwan-etf/1467271812596.ajax?dataType=fund&fileName=EWT_holdings&fileType=csv,,high
CTMX,CYTOMX THERAPEUTICS INC,United States,Health Care,CTMX,NASDAQ,,0.0,EWT,https://www.ishares.com/us/products/239724/ishares-msci-taiwan-etf/1467271812596.ajax?dataType=fund&fileName=EWT_holdings&fileType=csv,,high
DHR,DANAHER CORP,United States,Health Care,DHR,NYSE,,0.19,EWT,https://www.ishares.com/us/products/239724/ishares-msci-taiwan-etf/1467271812596.ajax?dataType=fund&fileName=EWT_holdings&fileType=csv,,high
DVA,DAVITA INC,United States,Health Care,DVA,NYSE,,0.01,EWT,https://www.ishares.com/us/products/239724/ishares-msci-taiwan-etf/1467271812596.ajax?dataType=fund&fileName=EWT_holdings&fileType=csv,,high
DAWN,DAY ONE BIOPHARMACEUTICALS INC,United States,Health Care,DAWN,NASDAQ,,0.0,EWT,https://www.ishares.com/us/products/239724/ishares-msci-taiwan-etf/1467271812596.ajax?dataType=fund&fileName=EWT_holdings&fileType=csv,,high
DFTX,DEFINIUM THERAPEUTICS INC,United States,Health Care,DFTX,NASDAQ,,0.0,EWT,https://www.ishares.com/us/products/239724/ishares-msci-taiwan-etf/1467271812596.ajax?dataType=fund&fileName=EWT_holdings&fileType=csv,,high
DCTH,DELCATH SYS INC,United States,Health Care,DCTH,NASDAQ,,0.0,EWT,https://www.ishares.com/us/products/239724/ishares-msci-taiwan-etf/1467271812596.ajax?dataType=fund&fileName=EWT_holdings&fileType=csv,,high
DNLI,DENALI THERAPEUTICS INC,United States,Health Care,DNLI,NASDAQ,,0.01,EWT,https://www.ishares.com/us/products/239724/ishares-msci-taiwan-etf/1467271812596.ajax?dataType=fund&fileName=EWT_holdings&fileType=csv,,high
XRAY,DENTSPLY SIRONA INC,United States,Health Care,XRAY,NASDAQ,,0.0,EWT,https://www.ishares.com/us/products/239724/ishares-msci-taiwan-etf/1467271812596.ajax?dataType=fund&fileName=EWT_holdings&fileType=csv,,high
DXCM,DEXCOM INC,United States,Health Care,DXCM,NASDAQ,,0.04,EWT,https://www.ishares.com/us/products/239724/ishares-msci-taiwan-etf/1467271812596.ajax?dataType=fund&fileName=EWT_holdings&fileType=csv,,high
DNTH,DIANTHUS THERAPEUTICS INC,United States,Health Care,DNTH,NASDAQ,,0.0,EWT,https://www.ishares.com/us/products/239724/ishares-msci-taiwan-etf/1467271812596.ajax?dataType=fund&fileName=EWT_holdings&fileType=csv,,high
IRON,DISC MEDICINE INC,United States,Health Care,IRON,NASDAQ,,0.0,EWT,https://www.ishares.com/us/products/239724/ishares-msci-taiwan-etf/1467271812596.ajax?dataType=fund&fileName=EWT_holdings&fileType=csv,,high
DOCS,DOXIMITY INC CLASS A,United States,Health Care,DOCS,NYSE,,0.01,EWT,https://www.ishares.com/us/products/239724/ishares-msci-taiwan-etf/1467271812596.ajax?dataType=fund&fileName=EWT_holdings&fileType=csv,,high
DYN,DYNE THERAPEUTICS INC,United States,Health Care,DYN,NASDAQ,,0.0,EWT,https://www.ishares.com/us/products/239724/ishares-msci-taiwan-etf/1467271812596.ajax?dataType=fund&fileName=EWT_holdings&fileType=csv,,high
EWTX,EDGEWISE THERAPEUTICS INC,United States,Health Care,EWTX,NASDAQ,,0.0,EWT,https://www.ishares.com/us/products/239724/ishares-msci-taiwan-etf/1467271812596.ajax?dataType=fund&fileName=EWT_holdings&fileType=csv,,high
EW,EDWARDS LIFESCIENCES CORP,United States,Health Care,EW,NYSE,,0.07,EWT,https://www.ishares.com/us/products/239724/ishares-msci-taiwan-etf/1467271812596.ajax?dataType=fund&fileName=EWT_holdings&fileType=csv,,high
ELAN,ELANCO ANIMAL HEALTH INC,United States,Health Care,ELAN,NYSE,,0.02,EWT,https://www.ishares.com/us/products/239724/ishares-msci-taiwan-etf/1467271812596.ajax?dataType=fund&fileName=EWT_holdings&fileType=csv,,high
ELV,ELEVANCE HEALTH INC,United States,Health Care,ELV,NYSE,,0.09,EWT,https://www.ishares.com/us/products/239724/ishares-msci-taiwan-etf/1467271812596.ajax?dataType=fund&fileName=EWT_holdings&fileType=csv,,high
LLY,ELI LILLY,United States,Health Care,LLY,NYSE,,1.22,EWT,https://www.ishares.com/us/products/239724/ishares-msci-taiwan-etf/1467271812596.ajax?dataType=fund&fileName=EWT_holdings&fileType=csv,,high
EMBC,EMBECTA CORP,United States,Health Care,EMBC,NASDAQ,,0.0,EWT,https://www.ishares.com/us/products/239724/ishares-msci-taiwan-etf/1467271812596.ajax?dataType=fund&fileName=EWT_holdings&fileType=csv,,high
EBS,EMERGENT BIOSOLUTIONS INC,United States,Health Care,EBS,NYSE,,0.0,EWT,https://www.ishares.com/us/products/239724/ishares-msci-taiwan-etf/1467271812596.ajax?dataType=fund&fileName=EWT_holdings&fileType=csv,,high
ENTA,ENANTA PHARMACEUTICALS INC,United States,Health Care,ENTA,NASDAQ,,0.0,EWT,https://www.ishares.com/us/products/239724/ishares-msci-taiwan-etf/1467271812596.ajax?dataType=fund&fileName=EWT_holdings&fileType=csv,,high
EHC,ENCOMPASS HEALTH CORP,United States,Health Care,EHC,NYSE,,0.02,EWT,https://www.ishares.com/us/products/239724/ishares-msci-taiwan-etf/1467271812596.ajax?dataType=fund&fileName=EWT_holdings&fileType=csv,,high
EHAB,ENHABIT INC,United States,Health Care,EHAB,NYSE,,0.0,EWT,https://www.ishares.com/us/products/239724/ishares-msci-taiwan-etf/1467271812596.ajax?dataType=fund&fileName=EWT_holdings&fileType=csv,,high
ELVN,ENLIVEN THERAPEUTICS INC,United States,Health Care,ELVN,NASDAQ,,0.0,EWT,https://www.ishares.com/us/products/239724/ishares-msci-taiwan-etf/1467271812596.ajax?dataType=fund&fileName=EWT_holdings&fileType=csv,,high
ENOV,ENOVIS CORP,United States,Health Care,ENOV,NYSE,,0.0,EWT,https://www.ishares.com/us/products/239724/ishares-msci-taiwan-etf/1467271812596.ajax?dataType=fund&fileName=EWT_holdings&fileType=csv,,high
ENSG,ENSIGN GROUP INC,United States,Health Care,ENSG,NASDAQ,,0.02,EWT,https://www.ishares.com/us/products/239724/ishares-msci-taiwan-etf/1467271812596.ajax?dataType=fund&fileName=EWT_holdings&fileType=csv,,high
NVST,ENVISTA HOLDINGS CORP,United States,Health Care,NVST,NYSE,,0.01,EWT,https://www.ishares.com/us/products/239724/ishares-msci-taiwan-etf/1467271812596.ajax?dataType=fund&fileName=EWT_holdings&fileType=csv,,high
ERAS,ERASCA INC,United States,Health Care,ERAS,NASDAQ,,0.0,EWT,https://www.ishares.com/us/products/239724/ishares-msci-taiwan-etf/1467271812596.ajax?dataType=fund&fileName=EWT_holdings&fileType=csv,,high
ESPR,ESPERION THERAPEUTICS INC,United States,Health Care,ESPR,NASDAQ,,0.0,EWT,https://www.ishares.com/us/products/239724/ishares-msci-taiwan-etf/1467271812596.ajax?dataType=fund&fileName=EWT_holdings&fileType=csv,,high
ETON,ETON PHARMACEUTCIALS INC,United States,Health Care,ETON,NASDAQ,,0.0,EWT,https://www.ishares.com/us/products/239724/ishares-msci-taiwan-etf/1467271812596.ajax?dataType=fund&fileName=EWT_holdings&fileType=csv,,high
EVH,EVOLENT HEALTH INC CLASS A,United States,Health Care,EVH,NYSE,,0.0,EWT,https://www.ishares.com/us/products/239724/ishares-msci-taiwan-etf/1467271812596.ajax?dataType=fund&fileName=EWT_holdings&fileType=csv,,high
EOLS,EVOLUS INC,United States,Health Care,EOLS,NASDAQ,,0.0,EWT,https://www.ishares.com/us/products/239724/ishares-msci-taiwan-etf/1467271812596.ajax?dataType=fund&fileName=EWT_holdings&fileType=csv,,high
EXAS,EXACT SCIENCES CORP,United States,Health Care,EXAS,NASDAQ,,0.03,EWT,https://www.ishares.com/us/products/239724/ishares-msci-taiwan-etf/1467271812596.ajax?dataType=fund&fileName=EWT_holdings&fileType=csv,,high
EXEL,EXELIXIS INC,United States,Health Care,EXEL,NASDAQ,,0.02,EWT,https://www.ishares.com/us/products/239724/ishares-msci-taiwan-etf/1467271812596.ajax?dataType=fund&fileName=EWT_holdings&fileType=csv,,high
EYPT,EYEPOINT INC,United States,Health Care,EYPT,NASDAQ,,0.0,EWT,https://www.ishares.com/us/products/239724/ishares-msci-taiwan-etf/1467271812596.ajax?dataType=fund&fileName=EWT_holdings&fileType=csv,,high
FTRE,FORTREA HOLDINGS INC,United States,Health Care,FTRE,NASDAQ,,0.0,EWT,https://www.ishares.com/us/products/239724/ishares-msci-taiwan-etf/1467271812596.ajax?dataType=fund&fileName=EWT_holdings&fileType=csv,,high
FULC,FULCRUM THERAPEUTICS INC,United States,Health Care,FULC,NASDAQ,,0.0,EWT,https://www.ishares.com/us/products/239724/ishares-msci-taiwan-etf/1467271812596.ajax?dataType=fund&fileName=EWT_holdings&fileType=csv,,high
FLGT,FULGENT GENETICS INC,United States,Health Care,FLGT,NASDAQ,,0.0,EWT,https://www.ishares.com/us/products/239724/ishares-msci-taiwan-etf/1467271812596.ajax?dataType=fund&fileName=EWT_holdings&fileType=csv,,high
GEHC,GE HEALTHCARE TECHNOLOGIES INC,United States,Health Care,GEHC,NASDAQ,,0.05,EWT,https://www.ishares.com/us/products/239724/ishares-msci-taiwan-etf/1467271812596.ajax?dataType=fund&fileName=EWT_holdings&fileType=csv,,high
WGS,GENEDX HOLDINGS CORP CLASS A,United States,Health Care,WGS,NASDAQ,,0.0,EWT,https://www.ishares.com/us/products/239724/ishares-msci-taiwan-etf/1467271812596.ajax?dataType=fund&fileName=EWT_holdings&fileType=csv,,high
GERN,GERON CORP,United States,Health Care,GERN,NASDAQ,,0.0,EWT,https://www.ishares.com/us/products/239724/ishares-msci-taiwan-etf/1467271812596.ajax?dataType=fund&fileName=EWT_holdings&fileType=csv,,high
GILD,GILEAD SCIENCES INC,United States,Health Care,GILD,NASDAQ,,0.28,EWT,https://www.ishares.com/us/products/239724/ishares-msci-taiwan-etf/1467271812596.ajax?dataType=fund&fileName=EWT_holdings&fileType=csv,,high
DNA,GINKGO BIOWORKS HOLDINGS INC CLASS,United States,Health Care,DNA,NYSE,,0.0,EWT,https://www.ishares.com/us/products/239724/ishares-msci-taiwan-etf/1467271812596.ajax?dataType=fund&fileName=EWT_holdings&fileType=csv,,high
GKOS,GLAUKOS CORP,United States,Health Care,GKOS,NYSE,,0.01,EWT,https://www.ishares.com/us/products/239724/ishares-msci-taiwan-etf/1467271812596.ajax?dataType=fund&fileName=EWT_holdings&fileType=csv,,high
GMED,GLOBUS MEDICAL INC CLASS A,United States,Health Care,GMED,NYSE,,0.01,EWT,https://www.ishares.com/us/products/239724/ishares-msci-taiwan-etf/1467271812596.ajax?dataType=fund&fileName=EWT_holdings&fileType=csv,,high
GDRX,GOODRX HOLDINGS INC CLASS A,United States,Health Care,GDRX,NASDAQ,,0.0,EWT,https://www.ishares.com/us/products/239724/ishares-msci-taiwan-etf/1467271812596.ajax?dataType=fund&fileName=EWT_holdings&fileType=csv,,high
GOSS,GOSSAMER BIO INC,United States,Health Care,GOSS,NASDAQ,,0.0,EWT,https://www.ishares.com/us/products/239724/ishares-msci-taiwan-etf/1467271812596.ajax?dataType=fund&fileName=EWT_holdings&fileType=csv,,high
GRAL,GRAIL INC,United States,Health Care,GRAL,NASDAQ,,0.0,EWT,https://www.ishares.com/us/products/239724/ishares-msci-taiwan-etf/1467271812596.ajax?dataType=fund&fileName=EWT_holdings&fileType=csv,,high
GTXI,GTXI INC - CVR,United States,Health Care,GTXI,NASDAQ,,0.0,EWT,https://www.ishares.com/us/products/239724/ishares-msci-taiwan-etf/1467271812596.ajax?dataType=fund&fileName=EWT_holdings&fileType=csv,,high
GH,GUARDANT HEALTH INC,United States,Health Care,GH,NASDAQ,,0.02,EWT,https://www.ishares.com/us/products/239724/ishares-msci-taiwan-etf/1467271812596.ajax?dataType=fund&fileName=EWT_holdings&fileType=csv,,high
GRDN,GUARDIAN PHARMACY SERVICES INC CLA,United States,Health Care,GRDN,NYSE,,0.0,EWT,https://www.ishares.com/us/products/239724/ishares-msci-taiwan-etf/1467271812596.ajax?dataType=fund&fileName=EWT_holdings&fileType=csv,,high
HAE,HAEMONETICS CORP,United States,Health Care,HAE,NYSE,,0.0,EWT,https://www.ishares.com/us/products/239724/ishares-msci-taiwan-etf/1467271812596.ajax?dataType=fund&fileName=EWT_holdings&fileType=csv,,high
HALO,HALOZYME THERAPEUTICS INC,United States,Health Care,HALO,NASDAQ,,0.01,EWT,https://www.ishares.com/us/products/239724/ishares-msci-taiwan-etf/1467271812596.ajax?dataType=fund&fileName=EWT_holdings&fileType=csv,,high
HRMY,HARMONY BIOSCIENCES HLDG INC,United States,Health Care,HRMY,NASDAQ,,0.0,EWT,https://www.ishares.com/us/products/239724/ishares-msci-taiwan-etf/1467271812596.ajax?dataType=fund&fileName=EWT_holdings&fileType=csv,,high
HROW,HARROW INC,United States,Health Care,HROW,NASDAQ,,0.0,EWT,https://www.ishares.com/us/products/239724/ishares-msci-taiwan-etf/1467271812596.ajax?dataType=fund&fileName=EWT_holdings&fileType=csv,,high
HCA,HCA HEALTHCARE INC,United States,Health Care,HCA,NYSE,,0.13,EWT,https://www.ishares.com/us/products/239724/ishares-msci-taiwan-etf/1467271812596.ajax?dataType=fund&fileName=EWT_holdings&fileType=csv,,high
HCAT,HEALTH CATALYST INC,United States,Health Care,HCAT,NASDAQ,,0.0,EWT,https://www.ishares.com/us/products/239724/ishares-msci-taiwan-etf/1467271812596.ajax?dataType=fund&fileName=EWT_holdings&fileType=csv,,high
HQY,HEALTHEQUITY INC,United States,Health Care,HQY,NASDAQ,,0.01,EWT,https://www.ishares.com/us/products/239724/ishares-msci-taiwan-etf/1467271812596.ajax?dataType=fund&fileName=EWT_holdings&fileType=csv,,high
HSTM,HEALTHSTREAM INC,United States,Health Care,HSTM,NASDAQ,,0.0,EWT,https://www.ishares.com/us/products/239724/ishares-msci-taiwan-etf/1467271812596.ajax?dataType=fund&fileName=EWT_holdings&fileType=csv,,high
HTFL,HEARTFLOW INC,United States,Health Care,HTFL,NASDAQ,,0.0,EWT,https://www.ishares.com/us/products/239724/ishares-msci-taiwan-etf/1467271812596.ajax?dataType=fund&fileName=EWT_holdings&fileType=csv,,high
HSIC,HENRY SCHEIN INC,United States,Health Care,HSIC,NASDAQ,,0.01,EWT,https://www.ishares.com/us/products/239724/ishares-msci-taiwan-etf/1467271812596.ajax?dataType=fund&fileName=EWT_holdings&fileType=csv,,high
HRTX,HERON THERAPEUTICS INC,United States,Health Care,HRTX,NASDAQ,,0.0,EWT,https://www.ishares.com/us/products/239724/ishares-msci-taiwan-etf/1467271812596.ajax?dataType=fund&fileName=EWT_holdings&fileType=csv,,high
HIMS,HIMS HERS HEALTH INC CLASS A,United States,Health Care,HIMS,NYSE,,0.01,EWT,https://www.ishares.com/us/products/239724/ishares-msci-taiwan-etf/1467271812596.ajax?dataType=fund&fileName=EWT_holdings&fileType=csv,,high
HNGE,HINGE HEALTH INC CLASS A,United States,Health Care,HNGE,NYSE,,0.0,EWT,https://www.ishares.com/us/products/239724/ishares-msci-taiwan-etf/1467271812596.ajax?dataType=fund&fileName=EWT_holdings&fileType=csv,,high
HOLX,HOLOGIC INC,United States,Health Care,HOLX,NASDAQ,,0.03,EWT,https://www.ishares.com/us/products/239724/ishares-msci-taiwan-etf/1467271812596.ajax?dataType=fund&fileName=EWT_holdings&fileType=csv,,high
HUMA,HUMACYTE INC,United States,Health Care,HUMA,NASDAQ,,0.0,EWT,https://www.ishares.com/us/products/239724/ishares-msci-taiwan-etf/1467271812596.ajax?dataType=fund&fileName=EWT_holdings&fileType=csv,,high
HUM,HUMANA INC,United States,Health Care,HUM,NYSE,,0.03,EWT,https://www.ishares.com/us/products/239724/ishares-msci-taiwan-etf/1467271812596.ajax?dataType=fund&fileName=EWT_holdings&fileType=csv,,high
ICUI,ICU MEDICAL INC,United States,Health Care,ICUI,NASDAQ,,0.0,EWT,https://www.ishares.com/us/products/239724/ishares-msci-taiwan-etf/1467271812596.ajax?dataType=fund&fileName=EWT_holdings&fileType=csv,,high
IDYA,IDEAYA BIOSCIENCES INC,United States,Health Care,IDYA,NASDAQ,,0.0,EWT,https://www.ishares.com/us/products/239724/ishares-msci-taiwan-etf/1467271812596.ajax?dataType=fund&fileName=EWT_holdings&fileType=csv,,high
IDXX,IDEXX LABORATORIES INC,United States,Health Care,IDXX,NASDAQ,,0.07,EWT,https://www.ishares.com/us/products/239724/ishares-msci-taiwan-etf/1467271812596.ajax?dataType=fund&fileName=EWT_holdings&fileType=csv,,high
ILMN,ILLUMINA INC,United States,Health Care,ILMN,NASDAQ,,0.03,EWT,https://www.ishares.com/us/products/239724/ishares-msci-taiwan-etf/1467271812596.ajax?dataType=fund&fileName=EWT_holdings&fileType=csv,,high
IMRX,IMMUNEERING CORP CLASS A,United States,Health Care,IMRX,NASDAQ,,0.0,EWT,https://www.ishares.com/us/products/239724/ishares-msci-taiwan-etf/1467271812596.ajax?dataType=fund&fileName=EWT_holdings&fileType=csv,,high
IBRX,IMMUNITYBIO INC,United States,Health Care,IBRX,NASDAQ,,0.0,EWT,https://www.ishares.com/us/products/239724/ishares-msci-taiwan-etf/1467271812596.ajax?dataType=fund&fileName=EWT_holdings&fileType=csv,,high
IMNM,IMMUNOME INC,United States,Health Care,IMNM,NASDAQ,,0.0,EWT,https://www.ishares.com/us/products/239724/ishares-msci-taiwan-etf/1467271812596.ajax?dataType=fund&fileName=EWT_holdings&fileType=csv,,high
IMVT,IMMUNOVANT INC,United States,Health Care,IMVT,NASDAQ,,0.0,EWT,https://www.ishares.com/us/products/239724/ishares-msci-taiwan-etf/1467271812596.ajax?dataType=fund&fileName=EWT_holdings&fileType=csv,,high
IBO,IMPACT BIOMEDICAL INC LOCKED 180 D,United States,Health Care,IBO,Nyse Mkt Llc,,0.0,EWT,https://www.ishares.com/us/products/239724/ishares-msci-taiwan-etf/1467271812596.ajax?dataType=fund&fileName=EWT_holdings&fileType=csv,,high
INCY,INCYTE CORP,United States,Health Care,INCY,NASDAQ,,0.02,EWT,https://www.ishares.com/us/products/239724/ishares-msci-taiwan-etf/1467271812596.ajax?dataType=fund&fileName=EWT_holdings&fileType=csv,,high
INDV,INDIVIOR PHARMACEUTICALS INC,United States,Health Care,INDV,NASDAQ,,0.01,EWT,https://www.ishares.com/us/products/239724/ishares-msci-taiwan-etf/1467271812596.ajax?dataType=fund&fileName=EWT_holdings&fileType=csv,,high
INBX,INHIBRX BIOSCIENCES INC,United States,Health Care,INBX,NASDAQ,,0.0,EWT,https://www.ishares.com/us/products/239724/ishares-msci-taiwan-etf/1467271812596.ajax?dataType=fund&fileName=EWT_holdings&fileType=csv,,high
INH,INHIBRX INC CVR,United States,Health Care,INH,NO MARKET (E.G. UNLISTED),,0.0,EWT,https://www.ishares.com/us/products/239724/ishares-msci-taiwan-etf/1467271812596.ajax?dataType=fund&fileName=EWT_holdings&fileType=csv,,low
INVA,INNOVIVA INC,United States,Health Care,INVA,NASDAQ,,0.0,EWT,https://www.ishares.com/us/products/239724/ishares-msci-taiwan-etf/1467271812596.ajax?dataType=fund&fileName=EWT_holdings&fileType=csv,,high
INSM,INSMED INC,United States,Health Care,INSM,NASDAQ,,0.05,EWT,https://www.ishares.com/us/products/239724/ishares-msci-taiwan-etf/1467271812596.ajax?dataType=fund&fileName=EWT_holdings&fileType=csv,,high
INSP,INSPIRE MEDICAL SYSTEMS INC,United States,Health Care,INSP,NYSE,,0.0,EWT,https://www.ishares.com/us/products/239724/ishares-msci-taiwan-etf/1467271812596.ajax?dataType=fund&fileName=EWT_holdings&fileType=csv,,high
PODD,INSULET CORP,United States,Health Care,PODD,NASDAQ,,0.03,EWT,https://www.ishares.com/us/products/239724/ishares-msci-taiwan-etf/1467271812596.ajax?dataType=fund&fileName=EWT_holdings&fileType=csv,,high
ITGR,INTEGER HOLDINGS CORP,United States,Health Care,ITGR,NYSE,,0.0,EWT,https://www.ishares.com/us/products/239724/ishares-msci-taiwan-etf/1467271812596.ajax?dataType=fund&fileName=EWT_holdings&fileType=csv,,high
IART,INTEGRA LIFESCIENCES HOLDINGS CORP,United States,Health Care,IART,NASDAQ,,0.0,EWT,https://www.ishares.com/us/products/239724/ishares-msci-taiwan-etf/1467271812596.ajax?dataType=fund&fileName=EWT_holdings&fileType=csv,,high
NTLA,INTELLIA THERAPEUTICS INC,United States,Health Care,NTLA,NASDAQ,,0.0,EWT,https://www.ishares.com/us/products/239724/ishares-msci-taiwan-etf/1467271812596.ajax?dataType=fund&fileName=EWT_holdings&fileType=csv,,high
ISRG,INTUITIVE SURGICAL INC,United States,Health Care,ISRG,NASDAQ,,0.27,EWT,https://www.ishares.com/us/products/239724/ishares-msci-taiwan-etf/1467271812596.ajax?dataType=fund&fileName=EWT_holdings&fileType=csv,,high
IVVD,INVIVYD INC,United States,Health Care,IVVD,NASDAQ,,0.0,EWT,https://www.ishares.com/us/products/239724/ishares-msci-taiwan-etf/1467271812596.ajax?dataType=fund&fileName=EWT_holdings&fileType=csv,,high
IONS,IONIS PHARMACEUTICALS INC,United States,Health Care,IONS,NASDAQ,,0.02,EWT,https://www.ishares.com/us/products/239724/ishares-msci-taiwan-etf/1467271812596.ajax?dataType=fund&fileName=EWT_holdings&fileType=csv,,high
IOVA,IOVANCE BIOTHERAPEUTICS INC,United States,Health Care,IOVA,NASDAQ,,0.0,EWT,https://www.ishares.com/us/products/239724/ishares-msci-taiwan-etf/1467271812596.ajax?dataType=fund&fileName=EWT_holdings&fileType=csv,,high
IQV,IQVIA HOLDINGS INC,United States,Health Care,IQV,NYSE,,0.05,EWT,https://www.ishares.com/us/products/239724/ishares-msci-taiwan-etf/1467271812596.ajax?dataType=fund&fileName=EWT_holdings&fileType=csv,,high
IRMD,IRADIMED CORP,United States,Health Care,IRMD,NASDAQ,,0.0,EWT,https://www.ishares.com/us/products/239724/ishares-msci-taiwan-etf/1467271812596.ajax?dataType=fund&fileName=EWT_holdings&fileType=csv,,high
IRTC,IRHYTHM HOLDINGS INC,United States,Health Care,IRTC,NASDAQ,,0.01,EWT,https://www.ishares.com/us/products/239724/ishares-msci-taiwan-etf/1467271812596.ajax?dataType=fund&fileName=EWT_holdings&fileType=csv,,high
IRWD,IRONWOOD PHARMA INC CLASS A,United States,Health Care,IRWD,NASDAQ,,0.0,EWT,https://www.ishares.com/us/products/239724/ishares-msci-taiwan-etf/1467271812596.ajax?dataType=fund&fileName=EWT_holdings&fileType=csv,,high
JANX,JANUX THERAPEUTICS INC,United States,Health Care,JANX,NASDAQ,,0.0,EWT,https://www.ishares.com/us/products/239724/ishares-msci-taiwan-etf/1467271812596.ajax?dataType=fund&fileName=EWT_holdings&fileType=csv,,high
JAZZ,JAZZ PHARMACEUTICALS PLC,United States,Health Care,JAZZ,NASDAQ,,0.02,EWT,https://www.ishares.com/us/products/239724/ishares-msci-taiwan-etf/1467271812596.ajax?dataType=fund&fileName=EWT_holdings&fileType=csv,,high
JNJ,JOHNSON & JOHNSON,United States,Health Care,JNJ,NYSE,,0.89,EWT,https://www.ishares.com/us/products/239724/ishares-msci-taiwan-etf/1467271812596.ajax?dataType=fund&fileName=EWT_holdings&fileType=csv,,high
KALV,KALVISTA PHARMACEUTICALS INC,United States,Health Care,KALV,NASDAQ,,0.0,EWT,https://www.ishares.com/us/products/239724/ishares-msci-taiwan-etf/1467271812596.ajax?dataType=fund&fileName=EWT_holdings&fileType=csv,,high
KOD,KODIAK SCIENCES INC,United States,Health Care,KOD,NASDAQ,,0.0,EWT,https://www.ishares.com/us/products/239724/ishares-msci-taiwan-etf/1467271812596.ajax?dataType=fund&fileName=EWT_holdings&fileType=csv,,high
KRRO,KORRO BIO INC,United States,Health Care,KRRO,NASDAQ,,0.0,EWT,https://www.ishares.com/us/products/239724/ishares-msci-taiwan-etf/1467271812596.ajax?dataType=fund&fileName=EWT_holdings&fileType=csv,,high
KRYS,KRYSTAL BIOTECH INC,United States,Health Care,KRYS,NASDAQ,,0.01,EWT,https://www.ishares.com/us/products/239724/ishares-msci-taiwan-etf/1467271812596.ajax?dataType=fund&fileName=EWT_holdings&fileType=csv,,high
KURA,KURA ONCOLOGY INC,United States,Health Care,KURA,NASDAQ,,0.0,EWT,https://www.ishares.com/us/products/239724/ishares-msci-taiwan-etf/1467271812596.ajax?dataType=fund&fileName=EWT_holdings&fileType=csv,,high
KYMR,KYMERA THERAPEUTICS INC,United States,Health Care,KYMR,NASDAQ,,0.01,EWT,https://www.ishares.com/us/products/239724/ishares-msci-taiwan-etf/1467271812596.ajax?dataType=fund&fileName=EWT_holdings&fileType=csv,,high
LH,LABCORP HOLDINGS INC,United States,Health Care,LH,NYSE,,0.03,EWT,https://www.ishares.com/us/products/239724/ishares-msci-taiwan-etf/1467271812596.ajax?dataType=fund&fileName=EWT_holdings&fileType=csv,,high
LNTH,LANTHEUS HOLDINGS INC,United States,Health Care,LNTH,NASDAQ,,0.01,EWT,https://www.ishares.com/us/products/239724/ishares-msci-taiwan-etf/1467271812596.ajax?dataType=fund&fileName=EWT_holdings&fileType=csv,,high
LMAT,LEMAITRE VASCULAR INC,United States,Health Care,LMAT,NASDAQ,,0.0,EWT,https://www.ishares.com/us/products/239724/ishares-msci-taiwan-etf/1467271812596.ajax?dataType=fund&fileName=EWT_holdings&fileType=csv,,high
LENZ,LENZ THERAPEUTICS INC,United States,Health Care,LENZ,NASDAQ,,0.0,EWT,https://www.ishares.com/us/products/239724/ishares-msci-taiwan-etf/1467271812596.ajax?dataType=fund&fileName=EWT_holdings&fileType=csv,,high
LXEO,LEXEO THERAPEUTICS INC,United States,Health Care,LXEO,NASDAQ,,0.0,EWT,https://www.ishares.com/us/products/239724/ishares-msci-taiwan-etf/1467271812596.ajax?dataType=fund&fileName=EWT_holdings&fileType=csv,,high
LFMD,LIFEMD INC,United States,Health Care,LFMD,NASDAQ,,0.0,EWT,https://www.ishares.com/us/products/239724/ishares-msci-taiwan-etf/1467271812596.ajax?dataType=fund&fileName=EWT_holdings&fileType=csv,,high
LFST,LIFESTANCE HEALTH GROUP INC,United States,Health Care,LFST,NASDAQ,,0.0,EWT,https://www.ishares.com/us/products/239724/ishares-msci-taiwan-etf/1467271812596.ajax?dataType=fund&fileName=EWT_holdings&fileType=csv,,high
LGND,LIGAND PHARMACEUTICALS INC,United States,Health Care,LGND,NASDAQ,,0.01,EWT,https://www.ishares.com/us/products/239724/ishares-msci-taiwan-etf/1467271812596.ajax?dataType=fund&fileName=EWT_holdings&fileType=csv,,high
LQDA,LIQUIDIA CORP,United States,Health Care,LQDA,NASDAQ,,0.0,EWT,https://www.ishares.com/us/products/239724/ishares-msci-taiwan-etf/1467271812596.ajax?dataType=fund&fileName=EWT_holdings&fileType=csv,,high
LIVN,LIVANOVA PLC,United States,Health Care,LIVN,NASDAQ,,0.01,EWT,https://www.ishares.com/us/products/239724/ishares-msci-taiwan-etf/1467271812596.ajax?dataType=fund&fileName=EWT_holdings&fileType=csv,,high
MDGL,MADRIGAL PHARMACEUTICALS INC,United States,Health Care,MDGL,NASDAQ,,0.01,EWT,https://www.ishares.com/us/products/239724/ishares-msci-taiwan-etf/1467271812596.ajax?dataType=fund&fileName=EWT_holdings&fileType=csv,,high
MNKD,MANNKIND CORP,United States,Health Care,MNKD,NASDAQ,,0.0,EWT,https://www.ishares.com/us/products/239724/ishares-msci-taiwan-etf/1467271812596.ajax?dataType=fund&fileName=EWT_holdings&fileType=csv,,high
MRVI,MARAVAI LIFESCIENCES HOLDINGS INC,United States,Health Care,MRVI,NASDAQ,,0.0,EWT,https://www.ishares.com/us/products/239724/ishares-msci-taiwan-etf/1467271812596.ajax?dataType=fund&fileName=EWT_holdings&fileType=csv,,high
MASI,MASIMO CORP,United States,Health Care,MASI,NASDAQ,,0.01,EWT,https://www.ishares.com/us/products/239724/ishares-msci-taiwan-etf/1467271812596.ajax?dataType=fund&fileName=EWT_holdings&fileType=csv,,high
MXCT,MAXCYTE INC,United States,Health Care,MXCT,NASDAQ,,0.0,EWT,https://www.ishares.com/us/products/239724/ishares-msci-taiwan-etf/1467271812596.ajax?dataType=fund&fileName=EWT_holdings&fileType=csv,,high
MAZE,MAZE THERAPEUTICS INC,United States,Health Care,MAZE,NASDAQ,,0.0,EWT,https://www.ishares.com/us/products/239724/ishares-msci-taiwan-etf/1467271812596.ajax?dataType=fund&fileName=EWT_holdings&fileType=csv,,high
MBX,MBX BIOSCIENCES INC,United States,Health Care,MBX,NASDAQ,,0.0,EWT,https://www.ishares.com/us/products/239724/ishares-msci-taiwan-etf/1467271812596.ajax?dataType=fund&fileName=EWT_holdings&fileType=csv,,high
MCK,MCKESSON CORP,United States,Health Care,MCK,NYSE,,0.18,EWT,https://www.ishares.com/us/products/239724/ishares-msci-taiwan-etf/1467271812596.ajax?dataType=fund&fileName=EWT_holdings&fileType=csv,,high
MDLN,MEDLINE INC CLASS A,United States,Health Care,MDLN,NASDAQ,,0.02,EWT,https://www.ishares.com/us/products/239724/ishares-msci-taiwan-etf/1467271812596.ajax?dataType=fund&fileName=EWT_holdings&fileType=csv,,high
MEDP,MEDPACE HOLDINGS INC,United States,Health Care,MEDP,NASDAQ,,0.02,EWT,https://www.ishares.com/us/products/239724/ishares-msci-taiwan-etf/1467271812596.ajax?dataType=fund&fileName=EWT_holdings&fileType=csv,,high
MDT,MEDTRONIC PLC,United States,Health Care,MDT,NYSE,,0.18,EWT,https://www.ishares.com/us/products/239724/ishares-msci-taiwan-etf/1467271812596.ajax?dataType=fund&fileName=EWT_holdings&fileType=csv,,high
MRK,MERCK & CO INC,United States,Health Care,MRK,NYSE,,0.44,EWT,https://www.ishares.com/us/products/239724/ishares-msci-taiwan-etf/1467271812596.ajax?dataType=fund&fileName=EWT_holdings&fileType=csv,,high
MMSI,MERIT MEDICAL SYSTEMS INC,United States,Health Care,MMSI,NASDAQ,,0.01,EWT,https://www.ishares.com/us/products/239724/ishares-msci-taiwan-etf/1467271812596.ajax?dataType=fund&fileName=EWT_holdings&fileType=csv,,high
MLAB,MESA LABORATORIES INC,United States,Health Care,MLAB,NASDAQ,,0.0,EWT,https://www.ishares.com/us/products/239724/ishares-msci-taiwan-etf/1467271812596.ajax?dataType=fund&fileName=EWT_holdings&fileType=csv,,high
MTD,METTLER TOLEDO INC,United States,Health Care,MTD,NYSE,,0.04,EWT,https://www.ishares.com/us/products/239724/ishares-msci-taiwan-etf/1467271812596.ajax?dataType=fund&fileName=EWT_holdings&fileType=csv,,high
MDXG,MIMEDX GROUP INC,United States,Health Care,MDXG,NASDAQ,,0.0,EWT,https://www.ishares.com/us/products/239724/ishares-msci-taiwan-etf/1467271812596.ajax?dataType=fund&fileName=EWT_holdings&fileType=csv,,high
MLYS,MINERALYS THERAPEUTICS INC,United States,Health Care,MLYS,NASDAQ,,0.0,EWT,https://www.ishares.com/us/products/239724/ishares-msci-taiwan-etf/1467271812596.ajax?dataType=fund&fileName=EWT_holdings&fileType=csv,,high
MIRM,MIRUM PHARMACEUTICALS INC,United States,Health Care,MIRM,NASDAQ,,0.01,EWT,https://www.ishares.com/us/products/239724/ishares-msci-taiwan-etf/1467271812596.ajax?dataType=fund&fileName=EWT_holdings&fileType=csv,,high
MRNA,MODERNA INC,United States,Health Care,MRNA,NASDAQ,,0.03,EWT,https://www.ishares.com/us/products/239724/ishares-msci-taiwan-etf/1467271812596.ajax?dataType=fund&fileName=EWT_holdings&fileType=csv,,high
MOH,MOLINA HEALTHCARE INC,United States,Health Care,MOH,NYSE,,0.01,EWT,https://www.ishares.com/us/products/239724/ishares-msci-taiwan-etf/1467271812596.ajax?dataType=fund&fileName=EWT_holdings&fileType=csv,,high
MNPR,MONOPAR THERAPEUTICS INC,United States,Health Care,MNPR,NASDAQ,,0.0,EWT,https://www.ishares.com/us/products/239724/ishares-msci-taiwan-etf/1467271812596.ajax?dataType=fund&fileName=EWT_holdings&fileType=csv,,high
GLUE,MONTE ROSA THERAPEUTICS INC,United States,Health Care,GLUE,NASDAQ,,0.0,EWT,https://www.ishares.com/us/products/239724/ishares-msci-taiwan-etf/1467271812596.ajax?dataType=fund&fileName=EWT_holdings&fileType=csv,,high
MYGN,MYRIAD GENETICS INC,United States,Health Care,MYGN,NASDAQ,,0.0,EWT,https://www.ishares.com/us/products/239724/ishares-msci-taiwan-etf/1467271812596.ajax?dataType=fund&fileName=EWT_holdings&fileType=csv,,high
NAKA,NAKAMOTO INC,United States,Health Care,NAKA,NASDAQ,,0.0,EWT,https://www.ishares.com/us/products/239724/ishares-msci-taiwan-etf/1467271812596.ajax?dataType=fund&fileName=EWT_holdings&fileType=csv,,high
NTRA,NATERA INC,United States,Health Care,NTRA,NASDAQ,,0.04,EWT,https://www.ishares.com/us/products/239724/ishares-msci-taiwan-etf/1467271812596.ajax?dataType=fund&fileName=EWT_holdings&fileType=csv,,high
NHC,NATIONAL HEALTHCARE CORP,United States,Health Care,NHC,Nyse Mkt Llc,,0.0,EWT,https://www.ishares.com/us/products/239724/ishares-msci-taiwan-etf/1467271812596.ajax?dataType=fund&fileName=EWT_holdings&fileType=csv,,high
NRC,NATIONAL RESEARCH CORP,United States,Health Care,NRC,NASDAQ,,0.0,EWT,https://www.ishares.com/us/products/239724/ishares-msci-taiwan-etf/1467271812596.ajax?dataType=fund&fileName=EWT_holdings&fileType=csv,,high
NKTR,NEKTAR THERAPEUTICS,United States,Health Care,NKTR,NASDAQ,,0.0,EWT,https://www.ishares.com/us/products/239724/ishares-msci-taiwan-etf/1467271812596.ajax?dataType=fund&fileName=EWT_holdings&fileType=csv,,high
NEOG,NEOGEN CORP,United States,Health Care,NEOG,NASDAQ,,0.0,EWT,https://www.ishares.com/us/products/239724/ishares-msci-taiwan-etf/1467271812596.ajax?dataType=fund&fileName=EWT_holdings&fileType=csv,,high
NEO,NEOGENOMICS INC,United States,Health Care,NEO,NASDAQ,,0.0,EWT,https://www.ishares.com/us/products/239724/ishares-msci-taiwan-etf/1467271812596.ajax?dataType=fund&fileName=EWT_holdings&fileType=csv,,high
NBIX,NEUROCRINE BIOSCIENCES INC,United States,Health Care,NBIX,NASDAQ,,0.02,EWT,https://www.ishares.com/us/products/239724/ishares-msci-taiwan-etf/1467271812596.ajax?dataType=fund&fileName=EWT_holdings&fileType=csv,,high
NBY,NOVABAY PHARMACEUTICALS INC,United States,Health Care,NBY,Nyse Mkt Llc,,0.0,EWT,https://www.ishares.com/us/products/239724/ishares-msci-taiwan-etf/1467271812596.ajax?dataType=fund&fileName=EWT_holdings&fileType=csv,,high
NVAX,NOVAVAX INC,United States,Health Care,NVAX,NASDAQ,,0.0,EWT,https://www.ishares.com/us/products/239724/ishares-msci-taiwan-etf/1467271812596.ajax?dataType=fund&fileName=EWT_holdings&fileType=csv,,high
NVCR,NOVOCURE LTD,United States,Health Care,NVCR,NASDAQ,,0.0,EWT,https://www.ishares.com/us/products/239724/ishares-msci-taiwan-etf/1467271812596.ajax?dataType=fund&fileName=EWT_holdings&fileType=csv,,high
NRIX,NURIX THERAPEUTICS INC,United States,Health Care,NRIX,NASDAQ,,0.0,EWT,https://www.ishares.com/us/products/239724/ishares-msci-taiwan-etf/1467271812596.ajax?dataType=fund&fileName=EWT_holdings&fileType=csv,,high
NUTX,NUTEX HEALTH INC,United States,Health Care,NUTX,NASDAQ,,0.0,EWT,https://www.ishares.com/us/products/239724/ishares-msci-taiwan-etf/1467271812596.ajax?dataType=fund&fileName=EWT_holdings&fileType=csv,,high
NUVL,NUVALENT INC CLASS A,United States,Health Care,NUVL,NASDAQ,,0.01,EWT,https://www.ishares.com/us/products/239724/ishares-msci-taiwan-etf/1467271812596.ajax?dataType=fund&fileName=EWT_holdings&fileType=csv,,high
NUVB,NUVATION BIO INC CLASS A,United States,Health Care,NUVB,NYSE,,0.0,EWT,https://www.ishares.com/us/products/239724/ishares-msci-taiwan-etf/1467271812596.ajax?dataType=fund&fileName=EWT_holdings&fileType=csv,,high
OCGN,OCUGEN INC,United States,Health Care,OCGN,NASDAQ,,0.0,EWT,https://www.ishares.com/us/products/239724/ishares-msci-taiwan-etf/1467271812596.ajax?dataType=fund&fileName=EWT_holdings&fileType=csv,,high
OCUL,OCULAR THERAPEUTIX INC,United States,Health Care,OCUL,NASDAQ,,0.0,EWT,https://www.ishares.com/us/products/239724/ishares-msci-taiwan-etf/1467271812596.ajax?dataType=fund&fileName=EWT_holdings&fileType=csv,,high
OLMA,OLEMA PHARMACEUTICALS INC,United States,Health Care,OLMA,NASDAQ,,0.0,EWT,https://www.ishares.com/us/products/239724/ishares-msci-taiwan-etf/1467271812596.ajax?dataType=fund&fileName=EWT_holdings&fileType=csv,,high
OMER,OMEROS CORP,United States,Health Care,OMER,NASDAQ,,0.0,EWT,https://www.ishares.com/us/products/239724/ishares-msci-taiwan-etf/1467271812596.ajax?dataType=fund&fileName=EWT_holdings&fileType=csv,,high
OABI,OMNIAB INC,United States,Health Care,OABI,NASDAQ,,0.0,EWT,https://www.ishares.com/us/products/239724/ishares-msci-taiwan-etf/1467271812596.ajax?dataType=fund&fileName=EWT_holdings&fileType=csv,,high
OMCL,OMNICELL INC,United States,Health Care,OMCL,NASDAQ,,0.0,EWT,https://www.ishares.com/us/products/239724/ishares-msci-taiwan-etf/1467271812596.ajax?dataType=fund&fileName=EWT_holdings&fileType=csv,,high
OPK,OPKO HEALTH INC,United States,Health Care,OPK,NASDAQ,,0.0,EWT,https://www.ishares.com/us/products/239724/ishares-msci-taiwan-etf/1467271812596.ajax?dataType=fund&fileName=EWT_holdings&fileType=csv,,high
OPRX,OPTIMIZERX CORP,United States,Health Care,OPRX,NASDAQ,,0.0,EWT,https://www.ishares.com/us/products/239724/ishares-msci-taiwan-etf/1467271812596.ajax?dataType=fund&fileName=EWT_holdings&fileType=csv,,high
OPCH,OPTION CARE HEALTH INC,United States,Health Care,OPCH,NASDAQ,,0.01,EWT,https://www.ishares.com/us/products/239724/ishares-msci-taiwan-etf/1467271812596.ajax?dataType=fund&fileName=EWT_holdings&fileType=csv,,high
OSUR,ORASURE TECHNOLOGIES INC,United States,Health Care,OSUR,NASDAQ,,0.0,EWT,https://www.ishares.com/us/products/239724/ishares-msci-taiwan-etf/1467271812596.ajax?dataType=fund&fileName=EWT_holdings&fileType=csv,,high
OGN,ORGANON,United States,Health Care,OGN,NYSE,,0.0,EWT,https://www.ishares.com/us/products/239724/ishares-msci-taiwan-etf/1467271812596.ajax?dataType=fund&fileName=EWT_holdings&fileType=csv,,high
ORIC,ORIC PHARMACEUTICALS INC,United States,Health Care,ORIC,NASDAQ,,0.0,EWT,https://www.ishares.com/us/products/239724/ishares-msci-taiwan-etf/1467271812596.ajax?dataType=fund&fileName=EWT_holdings&fileType=csv,,high
OFIX,ORTHOFIX MEDICAL INC,United States,Health Care,OFIX,NASDAQ,,0.0,EWT,https://www.ishares.com/us/products/239724/ishares-msci-taiwan-etf/1467271812596.ajax?dataType=fund&fileName=EWT_holdings&fileType=csv,,high
KIDS,ORTHOPEDIATRICS CORP,United States,Health Care,KIDS,NASDAQ,,0.0,EWT,https://www.ishares.com/us/products/239724/ishares-msci-taiwan-etf/1467271812596.ajax?dataType=fund&fileName=EWT_holdings&fileType=csv,,high
ORKA,ORUKA THERAPEUTICS INC,United States,Health Care,ORKA,NASDAQ,,0.0,EWT,https://www.ishares.com/us/products/239724/ishares-msci-taiwan-etf/1467271812596.ajax?dataType=fund&fileName=EWT_holdings&fileType=csv,,high
OM,OUTSET MEDICAL INC,United States,Health Care,OM,NASDAQ,,0.0,EWT,https://www.ishares.com/us/products/239724/ishares-msci-taiwan-etf/1467271812596.ajax?dataType=fund&fileName=EWT_holdings&fileType=csv,,high
PACB,PACIFIC BIOSCIENCES OF CALIFORNIA,United States,Health Care,PACB,NASDAQ,,0.0,EWT,https://www.ishares.com/us/products/239724/ishares-msci-taiwan-etf/1467271812596.ajax?dataType=fund&fileName=EWT_holdings&fileType=csv,,high
PCRX,PACIRA BIOSCIENCES INC,United States,Health Care,PCRX,NASDAQ,,0.0,EWT,https://www.ishares.com/us/products/239724/ishares-msci-taiwan-etf/1467271812596.ajax?dataType=fund&fileName=EWT_holdings&fileType=csv,,high
PACS,PACS GROUP INC,United States,Health Care,PACS,NYSE,,0.0,EWT,https://www.ishares.com/us/products/239724/ishares-msci-taiwan-etf/1467271812596.ajax?dataType=fund&fileName=EWT_holdings&fileType=csv,,high
PVLA,PALVELLA THERAPEUTICS INC,United States,Health Care,PVLA,NASDAQ,,0.0,EWT,https://www.ishares.com/us/products/239724/ishares-msci-taiwan-etf/1467271812596.ajax?dataType=fund&fileName=EWT_holdings&fileType=csv,,high
PDLI,PDL BIOPHARMA INC,United States,Health Care,PDLI,NASDAQ,,0.0,EWT,https://www.ishares.com/us/products/239724/ishares-msci-taiwan-etf/1467271812596.ajax?dataType=fund&fileName=EWT_holdings&fileType=csv,,high
MD,PEDIATRIX MEDICAL GROUP INC,United States,Health Care,MD,NYSE,,0.0,EWT,https://www.ishares.com/us/products/239724/ishares-msci-taiwan-etf/1467271812596.ajax?dataType=fund&fileName=EWT_holdings&fileType=csv,,high
PNTG,PENNANT GROUP INC,United States,Health Care,PNTG,NASDAQ,,0.0,EWT,https://www.ishares.com/us/products/239724/ishares-msci-taiwan-etf/1467271812596.ajax?dataType=fund&fileName=EWT_holdings&fileType=csv,,high
PEN,PENUMBRA INC,United States,Health Care,PEN,NYSE,,0.02,EWT,https://www.ishares.com/us/products/239724/ishares-msci-taiwan-etf/1467271812596.ajax?dataType=fund&fileName=EWT_holdings&fileType=csv,,high
PRGO,PERRIGO PLC,United States,Health Care,PRGO,NYSE,,0.0,EWT,https://www.ishares.com/us/products/239724/ishares-msci-taiwan-etf/1467271812596.ajax?dataType=fund&fileName=EWT_holdings&fileType=csv,,high
PSNL,PERSONALIS INC,United States,Health Care,PSNL,NASDAQ,,0.0,EWT,https://www.ishares.com/us/products/239724/ishares-msci-taiwan-etf/1467271812596.ajax?dataType=fund&fileName=EWT_holdings&fileType=csv,,high
PFE,PFIZER INC,United States,Health Care,PFE,NYSE,,0.23,EWT,https://www.ishares.com/us/products/239724/ishares-msci-taiwan-etf/1467271812596.ajax?dataType=fund&fileName=EWT_holdings&fileType=csv,,high
PHAT,PHATHOM PHARMACEUTICALS INC,United States,Health Care,PHAT,NASDAQ,,0.0,EWT,https://www.ishares.com/us/products/239724/ishares-msci-taiwan-etf/1467271812596.ajax?dataType=fund&fileName=EWT_holdings&fileType=csv,,high
PAHC,PHIBRO ANIMAL HEALTH CORP CLASS A,United States,Health Care,PAHC,NASDAQ,,0.0,EWT,https://www.ishares.com/us/products/239724/ishares-msci-taiwan-etf/1467271812596.ajax?dataType=fund&fileName=EWT_holdings&fileType=csv,,high
PHR,PHREESIA INC,United States,Health Care,PHR,NYSE,,0.0,EWT,https://www.ishares.com/us/products/239724/ishares-msci-taiwan-etf/1467271812596.ajax?dataType=fund&fileName=EWT_holdings&fileType=csv,,high
PRAX,PRAXIS PRECISION MEDICINES INC,United States,Health Care,PRAX,NASDAQ,,0.01,EWT,https://www.ishares.com/us/products/239724/ishares-msci-taiwan-etf/1467271812596.ajax?dataType=fund&fileName=EWT_holdings&fileType=csv,,high
PGEN,PRECIGEN INC,United States,Health Care,PGEN,NASDAQ,,0.0,EWT,https://www.ishares.com/us/products/239724/ishares-msci-taiwan-etf/1467271812596.ajax?dataType=fund&fileName=EWT_holdings&fileType=csv,,high
PBH,PRESTIGE CONSUMER HEALTHCARE INC,United States,Health Care,PBH,NYSE,,0.01,EWT,https://www.ishares.com/us/products/239724/ishares-msci-taiwan-etf/1467271812596.ajax?dataType=fund&fileName=EWT_holdings&fileType=csv,,high
PRME,PRIME MEDICINE INC,United States,Health Care,PRME,NASDAQ,,0.0,EWT,https://www.ishares.com/us/products/239724/ishares-msci-taiwan-etf/1467271812596.ajax?dataType=fund&fileName=EWT_holdings&fileType=csv,,high
PRVA,PRIVIA HEALTH GROUP INC,United States,Health Care,PRVA,NASDAQ,,0.0,EWT,https://www.ishares.com/us/products/239724/ishares-msci-taiwan-etf/1467271812596.ajax?dataType=fund&fileName=EWT_holdings&fileType=csv,,high
PRCT,PROCEPT BIOROBOTICS CORP,United States,Health Care,PRCT,NASDAQ,,0.0,EWT,https://www.ishares.com/us/products/239724/ishares-msci-taiwan-etf/1467271812596.ajax?dataType=fund&fileName=EWT_holdings&fileType=csv,,high
PGNY,PROGYNY INC,United States,Health Care,PGNY,NASDAQ,,0.0,EWT,https://www.ishares.com/us/products/239724/ishares-msci-taiwan-etf/1467271812596.ajax?dataType=fund&fileName=EWT_holdings&fileType=csv,,high
PTGX,PROTAGONIST THERAPEUTICS INC,United States,Health Care,PTGX,NASDAQ,,0.01,EWT,https://www.ishares.com/us/products/239724/ishares-msci-taiwan-etf/1467271812596.ajax?dataType=fund&fileName=EWT_holdings&fileType=csv,,high
PRTA,PROTHENA PLC,United States,Health Care,PRTA,NASDAQ,,0.0,EWT,https://www.ishares.com/us/products/239724/ishares-msci-taiwan-etf/1467271812596.ajax?dataType=fund&fileName=EWT_holdings&fileType=csv,,high
PTCT,PTC THERAPEUTICS INC,United States,Health Care,PTCT,NASDAQ,,0.01,EWT,https://www.ishares.com/us/products/239724/ishares-msci-taiwan-etf/1467271812596.ajax?dataType=fund&fileName=EWT_holdings&fileType=csv,,high
LUNG,PULMONX CORP,United States,Health Care,LUNG,NASDAQ,,0.0,EWT,https://www.ishares.com/us/products/239724/ishares-msci-taiwan-etf/1467271812596.ajax?dataType=fund&fileName=EWT_holdings&fileType=csv,,high
PLSE,PULSE BIOSCIENCES INC,United States,Health Care,PLSE,NASDAQ,,0.0,EWT,https://www.ishares.com/us/products/239724/ishares-msci-taiwan-etf/1467271812596.ajax?dataType=fund&fileName=EWT_holdings&fileType=csv,,high
QTRX,QUANTERIX CORP,United States,Health Care,QTRX,NASDAQ,,0.0,EWT,https://www.ishares.com/us/products/239724/ishares-msci-taiwan-etf/1467271812596.ajax?dataType=fund&fileName=EWT_holdings&fileType=csv,,high
QSI,QUANTUM SI INC CLASS A,United States,Health Care,QSI,NASDAQ,,0.0,EWT,https://www.ishares.com/us/products/239724/ishares-msci-taiwan-etf/1467271812596.ajax?dataType=fund&fileName=EWT_holdings&fileType=csv,,high
DGX,QUEST DIAGNOSTICS INC,United States,Health Care,DGX,NYSE,,0.03,EWT,https://www.ishares.com/us/products/239724/ishares-msci-taiwan-etf/1467271812596.ajax?dataType=fund&fileName=EWT_holdings&fileType=csv,,high
QDEL,QUIDELORTHO CORP,United States,Health Care,QDEL,NASDAQ,,0.0,EWT,https://www.ishares.com/us/products/239724/ishares-msci-taiwan-etf/1467271812596.ajax?dataType=fund&fileName=EWT_holdings&fileType=csv,,high
RDNT,RADNET INC,United States,Health Care,RDNT,NASDAQ,,0.01,EWT,https://www.ishares.com/us/products/239724/ishares-msci-taiwan-etf/1467271812596.ajax?dataType=fund&fileName=EWT_holdings&fileType=csv,,high
RAPP,RAPPORT THERAPEUTICS INC,United States,Health Care,RAPP,NASDAQ,,0.0,EWT,https://www.ishares.com/us/products/239724/ishares-msci-taiwan-etf/1467271812596.ajax?dataType=fund&fileName=EWT_holdings&fileType=csv,,high
RXRX,RECURSION PHARMACEUTICALS INC CLAS,United States,Health Care,RXRX,NASDAQ,,0.0,EWT,https://www.ishares.com/us/products/239724/ishares-msci-taiwan-etf/1467271812596.ajax?dataType=fund&fileName=EWT_holdings&fileType=csv,,high
REGN,REGENERON PHARMACEUTICALS INC,United States,Health Care,REGN,NASDAQ,,0.12,EWT,https://www.ishares.com/us/products/239724/ishares-msci-taiwan-etf/1467271812596.ajax?dataType=fund&fileName=EWT_holdings&fileType=csv,,high
RGNX,REGENXBIO INC,United States,Health Care,RGNX,NASDAQ,,0.0,EWT,https://www.ishares.com/us/products/239724/ishares-msci-taiwan-etf/1467271812596.ajax?dataType=fund&fileName=EWT_holdings&fileType=csv,,high
RLAY,RELAY THERAPEUTICS INC,United States,Health Care,RLAY,NASDAQ,,0.0,EWT,https://www.ishares.com/us/products/239724/ishares-msci-taiwan-etf/1467271812596.ajax?dataType=fund&fileName=EWT_holdings&fileType=csv,,high
RGEN,REPLIGEN CORP,United States,Health Care,RGEN,NASDAQ,,0.01,EWT,https://www.ishares.com/us/products/239724/ishares-msci-taiwan-etf/1467271812596.ajax?dataType=fund&fileName=EWT_holdings&fileType=csv,,high
REPL,REPLIMUNE GROUP INC,United States,Health Care,REPL,NASDAQ,,0.0,EWT,https://www.ishares.com/us/products/239724/ishares-msci-taiwan-etf/1467271812596.ajax?dataType=fund&fileName=EWT_holdings&fileType=csv,,high
RMD,RESMED INC,United States,Health Care,RMD,NYSE,,0.06,EWT,https://www.ishares.com/us/products/239724/ishares-msci-taiwan-etf/1467271812596.ajax?dataType=fund&fileName=EWT_holdings&fileType=csv,,high
RVMD,REVOLUTION MEDICINES INC,United States,Health Care,RVMD,NASDAQ,,0.03,EWT,https://www.ishares.com/us/products/239724/ishares-msci-taiwan-etf/1467271812596.ajax?dataType=fund&fileName=EWT_holdings&fileType=csv,,high
RVTY,REVVITY INC,United States,Health Care,RVTY,NYSE,,0.02,EWT,https://www.ishares.com/us/products/239724/ishares-msci-taiwan-etf/1467271812596.ajax?dataType=fund&fileName=EWT_holdings&fileType=csv,,high
RZLT,REZOLUTE INC,United States,Health Care,RZLT,NASDAQ,,0.0,EWT,https://www.ishares.com/us/products/239724/ishares-msci-taiwan-etf/1467271812596.ajax?dataType=fund&fileName=EWT_holdings&fileType=csv,,high
RYTM,RHYTHM PHARMACEUTICALS INC,United States,Health Care,RYTM,NASDAQ,,0.01,EWT,https://www.ishares.com/us/products/239724/ishares-msci-taiwan-etf/1467271812596.ajax?dataType=fund&fileName=EWT_holdings&fileType=csv,,high
RIGL,RIGEL PHARMACEUTICALS INC,United States,Health Care,RIGL,NASDAQ,,0.0,EWT,https://www.ishares.com/us/products/239724/ishares-msci-taiwan-etf/1467271812596.ajax?dataType=fund&fileName=EWT_holdings&fileType=csv,,high
RCKT,ROCKET PHARMACEUTICALS INC,United States,Health Care,RCKT,NASDAQ,,0.0,EWT,https://www.ishares.com/us/products/239724/ishares-msci-taiwan-etf/1467271812596.ajax?dataType=fund&fileName=EWT_holdings&fileType=csv,,high
ROIV,ROIVANT SCIENCES LTD,United States,Health Care,ROIV,NASDAQ,,0.02,EWT,https://www.ishares.com/us/products/239724/ishares-msci-taiwan-etf/1467271812596.ajax?dataType=fund&fileName=EWT_holdings&fileType=csv,,high
RPRX,ROYALTY PHARMA PLC CLASS A,United States,Health Care,RPRX,NASDAQ,,0.03,EWT,https://www.ishares.com/us/products/239724/ishares-msci-taiwan-etf/1467271812596.ajax?dataType=fund&fileName=EWT_holdings&fileType=csv,,high
RXST,RXSIGHT INC,United States,Health Care,RXST,NASDAQ,,0.0,EWT,https://www.ishares.com/us/products/239724/ishares-msci-taiwan-etf/1467271812596.ajax?dataType=fund&fileName=EWT_holdings&fileType=csv,,high
SANA,SANA BIOTECHNOLOGY INC,United States,Health Care,SANA,NASDAQ,,0.0,EWT,https://www.ishares.com/us/products/239724/ishares-msci-taiwan-etf/1467271812596.ajax?dataType=fund&fileName=EWT_holdings&fileType=csv,,high
SGMO,SANGAMO THERAPEUTICS INC,United States,Health Care,SGMO,NASDAQ,,0.0,EWT,https://www.ishares.com/us/products/239724/ishares-msci-taiwan-etf/1467271812596.ajax?dataType=fund&fileName=EWT_holdings&fileType=csv,,high
SRPT,SAREPTA THERAPEUTICS INC,United States,Health Care,SRPT,NASDAQ,,0.0,EWT,https://www.ishares.com/us/products/239724/ishares-msci-taiwan-etf/1467271812596.ajax?dataType=fund&fileName=EWT_holdings&fileType=csv,,high
SVRA,SAVARA INC,United States,Health Care,SVRA,NASDAQ,,0.0,EWT,https://www.ishares.com/us/products/239724/ishares-msci-taiwan-etf/1467271812596.ajax?dataType=fund&fileName=EWT_holdings&fileType=csv,,high
SRRK,SCHOLAR ROCK HOLDING CORP,United States,Health Care,SRRK,NASDAQ,,0.01,EWT,https://www.ishares.com/us/products/239724/ishares-msci-taiwan-etf/1467271812596.ajax?dataType=fund&fileName=EWT_holdings&fileType=csv,,high
SDGR,SCHRODINGER INC,United States,Health Care,SDGR,NASDAQ,,0.0,EWT,https://www.ishares.com/us/products/239724/ishares-msci-taiwan-etf/1467271812596.ajax?dataType=fund&fileName=EWT_holdings&fileType=csv,,high
SCLX,SCILEX HOLDING,United States,Health Care,SCLX,NASDAQ,,0.0,EWT,https://www.ishares.com/us/products/239724/ishares-msci-taiwan-etf/1467271812596.ajax?dataType=fund&fileName=EWT_holdings&fileType=csv,,high
SEEL,SEELOS THERAPEUTICS,United States,Health Care,SEEL,NO MARKET (E.G. UNLISTED),,0.0,EWT,https://www.ishares.com/us/products/239724/ishares-msci-taiwan-etf/1467271812596.ajax?dataType=fund&fileName=EWT_holdings&fileType=csv,,low
SEM,SELECT MEDICAL HOLDINGS CORP,United States,Health Care,SEM,NYSE,,0.0,EWT,https://www.ishares.com/us/products/239724/ishares-msci-taiwan-etf/1467271812596.ajax?dataType=fund&fileName=EWT_holdings&fileType=csv,,high
SLS,SELLAS LIFE SCIENCES GROUP INC,United States,Health Care,SLS,NASDAQ,,0.0,EWT,https://www.ishares.com/us/products/239724/ishares-msci-taiwan-etf/1467271812596.ajax?dataType=fund&fileName=EWT_holdings&fileType=csv,,high
SENS,SENSEONICS HOLDINGS INC,United States,Health Care,SENS,NASDAQ,,0.0,EWT,https://www.ishares.com/us/products/239724/ishares-msci-taiwan-etf/1467271812596.ajax?dataType=fund&fileName=EWT_holdings&fileType=csv,,high
SEPN,SEPTERNA INC,United States,Health Care,SEPN,NASDAQ,,0.0,EWT,https://www.ishares.com/us/products/239724/ishares-msci-taiwan-etf/1467271812596.ajax?dataType=fund&fileName=EWT_holdings&fileType=csv,,high
SIBN,SI BONE INC,United States,Health Care,SIBN,NASDAQ,,0.0,EWT,https://www.ishares.com/us/products/239724/ishares-msci-taiwan-etf/1467271812596.ajax?dataType=fund&fileName=EWT_holdings&fileType=csv,,high
SLP,SIMULATIONS PLUS INC,United States,Health Care,SLP,NASDAQ,,0.0,EWT,https://www.ishares.com/us/products/239724/ishares-msci-taiwan-etf/1467271812596.ajax?dataType=fund&fileName=EWT_holdings&fileType=csv,,high
SION,SIONNA THERAPEUTICS INC,United States,Health Care,SION,NASDAQ,,0.0,EWT,https://www.ishares.com/us/products/239724/ishares-msci-taiwan-etf/1467271812596.ajax?dataType=fund&fileName=EWT_holdings&fileType=csv,,high
SLNO,SOLENO THERAPEUTICS INC,United States,Health Care,SLNO,NASDAQ,,0.0,EWT,https://www.ishares.com/us/products/239724/ishares-msci-taiwan-etf/1467271812596.ajax?dataType=fund&fileName=EWT_holdings&fileType=csv,,high
SOLV,SOLVENTUM CORP,United States,Health Care,SOLV,NYSE,,0.02,EWT,https://www.ishares.com/us/products/239724/ishares-msci-taiwan-etf/1467271812596.ajax?dataType=fund&fileName=EWT_holdings&fileType=csv,,high
SHC,SOTERA HEALTH COMPANY,United States,Health Care,SHC,NASDAQ,,0.0,EWT,https://www.ishares.com/us/products/239724/ishares-msci-taiwan-etf/1467271812596.ajax?dataType=fund&fileName=EWT_holdings&fileType=csv,,high
SYRE,SPYRE THERAPEUTICS INC,United States,Health Care,SYRE,NASDAQ,,0.0,EWT,https://www.ishares.com/us/products/239724/ishares-msci-taiwan-etf/1467271812596.ajax?dataType=fund&fileName=EWT_holdings&fileType=csv,,high
STAA,STAAR SURGICAL,United States,Health Care,STAA,NASDAQ,,0.0,EWT,https://www.ishares.com/us/products/239724/ishares-msci-taiwan-etf/1467271812596.ajax?dataType=fund&fileName=EWT_holdings&fileType=csv,,high
LAB,STANDARD BIOTOOLS INC,United States,Health Care,LAB,NASDAQ,,0.0,EWT,https://www.ishares.com/us/products/239724/ishares-msci-taiwan-etf/1467271812596.ajax?dataType=fund&fileName=EWT_holdings&fileType=csv,,high
STE,STERIS,United States,Health Care,STE,NYSE,,0.03,EWT,https://www.ishares.com/us/products/239724/ishares-msci-taiwan-etf/1467271812596.ajax?dataType=fund&fileName=EWT_holdings&fileType=csv,,high
STOK,STOKE THERAPEUTICS INC,United States,Health Care,STOK,NASDAQ,,0.0,EWT,https://www.ishares.com/us/products/239724/ishares-msci-taiwan-etf/1467271812596.ajax?dataType=fund&fileName=EWT_holdings&fileType=csv,,high
ASST,STRIVE INC CLASS A,United States,Health Care,ASST,NASDAQ,,0.0,EWT,https://www.ishares.com/us/products/239724/ishares-msci-taiwan-etf/1467271812596.ajax?dataType=fund&fileName=EWT_holdings&fileType=csv,,high
SYK,STRYKER CORP,United States,Health Care,SYK,NYSE,,0.19,EWT,https://www.ishares.com/us/products/239724/ishares-msci-taiwan-etf/1467271812596.ajax?dataType=fund&fileName=EWT_holdings&fileType=csv,,high
SMMT,SUMMIT THERAPEUTICS INC,United States,Health Care,SMMT,NASDAQ,,0.0,EWT,https://www.ishares.com/us/products/239724/ishares-msci-taiwan-etf/1467271812596.ajax?dataType=fund&fileName=EWT_holdings&fileType=csv,,high
SUPN,SUPERNUS PHARMACEUTICALS INC,United States,Health Care,SUPN,NASDAQ,,0.01,EWT,https://www.ishares.com/us/products/239724/ishares-msci-taiwan-etf/1467271812596.ajax?dataType=fund&fileName=EWT_holdings&fileType=csv,,high
SGRY,SURGERY PARTNERS INC,United States,Health Care,SGRY,NASDAQ,,0.0,EWT,https://www.ishares.com/us/products/239724/ishares-msci-taiwan-etf/1467271812596.ajax?dataType=fund&fileName=EWT_holdings&fileType=csv,,high
SNDX,SYNDAX PHARMACEUTICALS INC,United States,Health Care,SNDX,NASDAQ,,0.0,EWT,https://www.ishares.com/us/products/239724/ishares-msci-taiwan-etf/1467271812596.ajax?dataType=fund&fileName=EWT_holdings&fileType=csv,,high
TCMD,TACTILE SYSTEMS TECHNOLOGY INC,United States,Health Care,TCMD,NASDAQ,,0.0,EWT,https://www.ishares.com/us/products/239724/ishares-msci-taiwan-etf/1467271812596.ajax?dataType=fund&fileName=EWT_holdings&fileType=csv,,high
TALK,TALKSPACE INC,United States,Health Care,TALK,NASDAQ,,0.0,EWT,https://www.ishares.com/us/products/239724/ishares-msci-taiwan-etf/1467271812596.ajax?dataType=fund&fileName=EWT_holdings&fileType=csv,,high
TNDM,TANDEM DIABETES CARE INC,United States,Health Care,TNDM,NASDAQ,,0.0,EWT,https://www.ishares.com/us/products/239724/ishares-msci-taiwan-etf/1467271812596.ajax?dataType=fund&fileName=EWT_holdings&fileType=csv,,high
TNGX,TANGO THERAPEUTICS INC,United States,Health Care,TNGX,NASDAQ,,0.0,EWT,https://www.ishares.com/us/products/239724/ishares-msci-taiwan-etf/1467271812596.ajax?dataType=fund&fileName=EWT_holdings&fileType=csv,,high
TARS,TARSUS PHARMACEUTICALS INC,United States,Health Care,TARS,NASDAQ,,0.0,EWT,https://www.ishares.com/us/products/239724/ishares-msci-taiwan-etf/1467271812596.ajax?dataType=fund&fileName=EWT_holdings&fileType=csv,,high
TSHA,TAYSHA GENE THERAPIES INC,United States,Health Care,TSHA,NASDAQ,,0.0,EWT,https://www.ishares.com/us/products/239724/ishares-msci-taiwan-etf/1467271812596.ajax?dataType=fund&fileName=EWT_holdings&fileType=csv,,high
TDOC,TELADOC HEALTH INC,United States,Health Care,TDOC,NYSE,,0.0,EWT,https://www.ishares.com/us/products/239724/ishares-msci-taiwan-etf/1467271812596.ajax?dataType=fund&fileName=EWT_holdings&fileType=csv,,high
TFX,TELEFLEX INC,United States,Health Care,TFX,NYSE,,0.01,EWT,https://www.ishares.com/us/products/239724/ishares-msci-taiwan-etf/1467271812596.ajax?dataType=fund&fileName=EWT_holdings&fileType=csv,,high
TEM,TEMPUS AI INC CLASS A,United States,Health Care,TEM,NASDAQ,,0.01,EWT,https://www.ishares.com/us/products/239724/ishares-msci-taiwan-etf/1467271812596.ajax?dataType=fund&fileName=EWT_holdings&fileType=csv,,high
THC,TENET HEALTHCARE CORP,United States,Health Care,THC,NYSE,,0.03,EWT,https://www.ishares.com/us/products/239724/ishares-msci-taiwan-etf/1467271812596.ajax?dataType=fund&fileName=EWT_holdings&fileType=csv,,high
TERN,TERNS PHARMACEUTICALS INC,United States,Health Care,TERN,NASDAQ,,0.01,EWT,https://www.ishares.com/us/products/239724/ishares-msci-taiwan-etf/1467271812596.ajax?dataType=fund&fileName=EWT_holdings&fileType=csv,,high
TGTX,TG THERAPEUTICS INC,United States,Health Care,TGTX,NASDAQ,,0.01,EWT,https://www.ishares.com/us/products/239724/ishares-msci-taiwan-etf/1467271812596.ajax?dataType=fund&fileName=EWT_holdings&fileType=csv,,high
TBPH,THERAVANCE BIOPHARMA INC,United States,Health Care,TBPH,NASDAQ,,0.0,EWT,https://www.ishares.com/us/products/239724/ishares-msci-taiwan-etf/1467271812596.ajax?dataType=fund&fileName=EWT_holdings&fileType=csv,,high
TMO,THERMO FISHER SCIENTIFIC INC,United States,Health Care,TMO,NYSE,,0.29,EWT,https://www.ishares.com/us/products/239724/ishares-msci-taiwan-etf/1467271812596.ajax?dataType=fund&fileName=EWT_holdings&fileType=csv,,high
TNXP,TONIX PHARMACEUTICALS HOLDING CORP,United States,Health Care,TNXP,NASDAQ,,0.0,EWT,https://www.ishares.com/us/products/239724/ishares-msci-taiwan-etf/1467271812596.ajax?dataType=fund&fileName=EWT_holdings&fileType=csv,,high
TMDX,TRANSMEDICS GROUP INC,United States,Health Care,TMDX,NASDAQ,,0.01,EWT,https://www.ishares.com/us/products/239724/ishares-msci-taiwan-etf/1467271812596.ajax?dataType=fund&fileName=EWT_holdings&fileType=csv,,high
TVTX,TRAVERE THERAPEUTICS INC,United States,Health Care,TVTX,NASDAQ,,0.0,EWT,https://www.ishares.com/us/products/239724/ishares-msci-taiwan-etf/1467271812596.ajax?dataType=fund&fileName=EWT_holdings&fileType=csv,,high
TMCI,TREACE MEDICAL CONCEPTS INC,United States,Health Care,TMCI,NASDAQ,,0.0,EWT,https://www.ishares.com/us/products/239724/ishares-msci-taiwan-etf/1467271812596.ajax?dataType=fund&fileName=EWT_holdings&fileType=csv,,high
TRVI,TREVI THERAPEUTICS INC,United States,Health Care,TRVI,NASDAQ,,0.0,EWT,https://www.ishares.com/us/products/239724/ishares-msci-taiwan-etf/1467271812596.ajax?dataType=fund&fileName=EWT_holdings&fileType=csv,,high
TWST,TWIST BIOSCIENCE CORP,United States,Health Care,TWST,NASDAQ,,0.0,EWT,https://www.ishares.com/us/products/239724/ishares-msci-taiwan-etf/1467271812596.ajax?dataType=fund&fileName=EWT_holdings&fileType=csv,,high
TYRA,TYRA BIOSCIENCES INC,United States,Health Care,TYRA,NASDAQ,,0.0,EWT,https://www.ishares.com/us/products/239724/ishares-msci-taiwan-etf/1467271812596.ajax?dataType=fund&fileName=EWT_holdings&fileType=csv,,high
UFPT,UFP TECHNOLOGIES INC,United States,Health Care,UFPT,NASDAQ,,0.0,EWT,https://www.ishares.com/us/products/239724/ishares-msci-taiwan-etf/1467271812596.ajax?dataType=fund&fileName=EWT_holdings&fileType=csv,,high
RARE,ULTRAGENYX PHARMACEUTICAL INC,United States,Health Care,RARE,NASDAQ,,0.0,EWT,https://www.ishares.com/us/products/239724/ishares-msci-taiwan-etf/1467271812596.ajax?dataType=fund&fileName=EWT_holdings&fileType=csv,,high
QURE,UNIQURE NV,United States,Health Care,QURE,NASDAQ,,0.0,EWT,https://www.ishares.com/us/products/239724/ishares-msci-taiwan-etf/1467271812596.ajax?dataType=fund&fileName=EWT_holdings&fileType=csv,,high
UTHR,UNITED THERAPEUTICS CORP,United States,Health Care,UTHR,NASDAQ,,0.03,EWT,https://www.ishares.com/us/products/239724/ishares-msci-taiwan-etf/1467271812596.ajax?dataType=fund&fileName=EWT_holdings&fileType=csv,,high
UNH,UNITEDHEALTH GROUP INC,United States,Health Care,UNH,NYSE,,0.39,EWT,https://www.ishares.com/us/products/239724/ishares-msci-taiwan-etf/1467271812596.ajax?dataType=fund&fileName=EWT_holdings&fileType=csv,,high
UHS,UNIVERSAL HEALTH SERVICES INC CLAS,United States,Health Care,UHS,NYSE,,0.02,EWT,https://www.ishares.com/us/products/239724/ishares-msci-taiwan-etf/1467271812596.ajax?dataType=fund&fileName=EWT_holdings&fileType=csv,,high
UPB,UPSTREAM BIO INC,United States,Health Care,UPB,NASDAQ,,0.0,EWT,https://www.ishares.com/us/products/239724/ishares-msci-taiwan-etf/1467271812596.ajax?dataType=fund&fileName=EWT_holdings&fileType=csv,,high
USPH,US PHYSICAL THERAPY INC,United States,Health Care,USPH,NYSE,,0.0,EWT,https://www.ishares.com/us/products/239724/ishares-msci-taiwan-etf/1467271812596.ajax?dataType=fund&fileName=EWT_holdings&fileType=csv,,high
VNDA,VANDA PHARMACEUTICALS INC,United States,Health Care,VNDA,NASDAQ,,0.0,EWT,https://www.ishares.com/us/products/239724/ishares-msci-taiwan-etf/1467271812596.ajax?dataType=fund&fileName=EWT_holdings&fileType=csv,,high
VREX,VAREX IMAGING CORP,United States,Health Care,VREX,NASDAQ,,0.0,EWT,https://www.ishares.com/us/products/239724/ishares-msci-taiwan-etf/1467271812596.ajax?dataType=fund&fileName=EWT_holdings&fileType=csv,,high
PCVX,VAXCYTE INC,United States,Health Care,PCVX,NASDAQ,,0.01,EWT,https://www.ishares.com/us/products/239724/ishares-msci-taiwan-etf/1467271812596.ajax?dataType=fund&fileName=EWT_holdings&fileType=csv,,high
VEEV,VEEVA SYSTEMS INC CLASS A,United States,Health Care,VEEV,NYSE,,0.04,EWT,https://www.ishares.com/us/products/239724/ishares-msci-taiwan-etf/1467271812596.ajax?dataType=fund&fileName=EWT_holdings&fileType=csv,,high
VERA,VERA THERAPEUTICS INC CLASS A,United States,Health Care,VERA,NASDAQ,,0.0,EWT,https://www.ishares.com/us/products/239724/ishares-msci-taiwan-etf/1467271812596.ajax?dataType=fund&fileName=EWT_holdings&fileType=csv,,high
VCYT,VERACYTE INC,United States,Health Care,VCYT,NASDAQ,,0.0,EWT,https://www.ishares.com/us/products/239724/ishares-msci-taiwan-etf/1467271812596.ajax?dataType=fund&fileName=EWT_holdings&fileType=csv,,high
VSTM,VERASTEM INC,United States,Health Care,VSTM,NASDAQ,,0.0,EWT,https://www.ishares.com/us/products/239724/ishares-msci-taiwan-etf/1467271812596.ajax?dataType=fund&fileName=EWT_holdings&fileType=csv,,high
VCEL,VERICEL CORP,United States,Health Care,VCEL,NASDAQ,,0.0,EWT,https://www.ishares.com/us/products/239724/ishares-msci-taiwan-etf/1467271812596.ajax?dataType=fund&fileName=EWT_holdings&fileType=csv,,high
VRTX,VERTEX PHARMACEUTICALS INC,United States,Health Care,VRTX,NASDAQ,,0.18,EWT,https://www.ishares.com/us/products/239724/ishares-msci-taiwan-etf/1467271812596.ajax?dataType=fund&fileName=EWT_holdings&fileType=csv,,high
VTRS,VIATRIS INC,United States,Health Care,VTRS,NASDAQ,,0.03,EWT,https://www.ishares.com/us/products/239724/ishares-msci-taiwan-etf/1467271812596.ajax?dataType=fund&fileName=EWT_holdings&fileType=csv,,high
VKTX,VIKING THERAPEUTICS INC,United States,Health Care,VKTX,NASDAQ,,0.01,EWT,https://www.ishares.com/us/products/239724/ishares-msci-taiwan-etf/1467271812596.ajax?dataType=fund&fileName=EWT_holdings&fileType=csv,,high
VIR,VIR BIOTECHNOLOGY INC,United States,Health Care,VIR,NASDAQ,,0.0,EWT,https://www.ishares.com/us/products/239724/ishares-msci-taiwan-etf/1467271812596.ajax?dataType=fund&fileName=EWT_holdings&fileType=csv,,high
VRDN,VIRIDIAN THERAPEUTICS ORS INC,United States,Health Care,VRDN,NASDAQ,,0.0,EWT,https://www.ishares.com/us/products/239724/ishares-msci-taiwan-etf/1467271812596.ajax?dataType=fund&fileName=EWT_holdings&fileType=csv,,high
VOR,VOR BIOPHARMA INC,United States,Health Care,VOR,NASDAQ,,0.0,EWT,https://www.ishares.com/us/products/239724/ishares-msci-taiwan-etf/1467271812596.ajax?dataType=fund&fileName=EWT_holdings&fileType=csv,,high
WAT,WATERS CORP,United States,Health Care,WAT,NYSE,,0.05,EWT,https://www.ishares.com/us/products/239724/ishares-msci-taiwan-etf/1467271812596.ajax?dataType=fund&fileName=EWT_holdings&fileType=csv,,high
WVE,WAVE LIFE SCIENCES LTD,United States,Health Care,WVE,NASDAQ,,0.0,EWT,https://www.ishares.com/us/products/239724/ishares-msci-taiwan-etf/1467271812596.ajax?dataType=fund&fileName=EWT_holdings&fileType=csv,,high
WAY,WAYSTAR HOLDING CORP,United States,Health Care,WAY,NASDAQ,,0.0,EWT,https://www.ishares.com/us/products/239724/ishares-msci-taiwan-etf/1467271812596.ajax?dataType=fund&fileName=EWT_holdings&fileType=csv,,high
WST,WEST PHARMACEUTICAL SERVICES INC,United States,Health Care,WST,NYSE,,0.03,EWT,https://www.ishares.com/us/products/239724/ishares-msci-taiwan-etf/1467271812596.ajax?dataType=fund&fileName=EWT_holdings&fileType=csv,,high
XNCR,XENCOR INC,United States,Health Care,XNCR,NASDAQ,,0.0,EWT,https://www.ishares.com/us/products/239724/ishares-msci-taiwan-etf/1467271812596.ajax?dataType=fund&fileName=EWT_holdings&fileType=csv,,high
XERS,XERIS BIOPHARMA HOLDINGS INC,United States,Health Care,XERS,NASDAQ,,0.0,EWT,https://www.ishares.com/us/products/239724/ishares-msci-taiwan-etf/1467271812596.ajax?dataType=fund&fileName=EWT_holdings&fileType=csv,,high
ZBIO,ZENAS BIOPHARMA INC,United States,Health Care,ZBIO,NASDAQ,,0.0,EWT,https://www.ishares.com/us/products/239724/ishares-msci-taiwan-etf/1467271812596.ajax?dataType=fund&fileName=EWT_holdings&fileType=csv,,high
ZVRA,ZEVRA THERAPEUTICS INC,United States,Health Care,ZVRA,NASDAQ,,0.0,EWT,https://www.ishares.com/us/products/239724/ishares-msci-taiwan-etf/1467271812596.ajax?dataType=fund&fileName=EWT_holdings&fileType=csv,,high
ZBH,ZIMMER BIOMET HOLDINGS INC,United States,Health Care,ZBH,NYSE,,0.03,EWT,https://www.ishares.com/us/products/239724/ishares-msci-taiwan-etf/1467271812596.ajax?dataType=fund&fileName=EWT_holdings&fileType=csv,,high
ZTS,ZOETIS INC CLASS A,United States,Health Care,ZTS,NYSE,,0.08,EWT,https://www.ishares.com/us/products/239724/ishares-msci-taiwan-etf/1467271812596.ajax?dataType=fund&fileName=EWT_holdings&fileType=csv,,high
DDD,3D SYSTEMS CORP,United States,Industrials,DDD,NYSE,,0.0,EWT,https://www.ishares.com/us/products/239724/ishares-msci-taiwan-etf/1467271812596.ajax?dataType=fund&fileName=EWT_holdings&fileType=csv,,high
MMM,3M,United States,Industrials,MMM,NYSE,,0.12,EWT,https://www.ishares.com/us/products/239724/ishares-msci-taiwan-etf/1467271812596.ajax?dataType=fund&fileName=EWT_holdings&fileType=csv,,high
AOS,A O SMITH CORP,United States,Industrials,AOS,NYSE,,0.01,EWT,https://www.ishares.com/us/products/239724/ishares-msci-taiwan-etf/1467271812596.ajax?dataType=fund&fileName=EWT_holdings&fileType=csv,,high
AAON,AAON INC,United States,Industrials,AAON,NASDAQ,,0.01,EWT,https://www.ishares.com/us/products/239724/ishares-msci-taiwan-etf/1467271812596.ajax?dataType=fund&fileName=EWT_holdings&fileType=csv,,high
AIR,AAR CORP,United States,Industrials,AIR,NYSE,,0.01,EWT,https://www.ishares.com/us/products/239724/ishares-msci-taiwan-etf/1467271812596.ajax?dataType=fund&fileName=EWT_holdings&fileType=csv,,high
ABM,ABM INDUSTRIES INC,United States,Industrials,ABM,NYSE,,0.0,EWT,https://www.ishares.com/us/products/239724/ishares-msci-taiwan-etf/1467271812596.ajax?dataType=fund&fileName=EWT_holdings&fileType=csv,,high
ACCO,ACCO BRANDS CORP,United States,Industrials,ACCO,NYSE,,0.0,EWT,https://www.ishares.com/us/products/239724/ishares-msci-taiwan-etf/1467271812596.ajax?dataType=fund&fileName=EWT_holdings&fileType=csv,,high
AYI,ACUITY INC,United States,Industrials,AYI,NYSE,,0.01,EWT,https://www.ishares.com/us/products/239724/ishares-msci-taiwan-etf/1467271812596.ajax?dataType=fund&fileName=EWT_holdings&fileType=csv,,high
ACVA,ACV AUCTIONS INC CLASS A,United States,Industrials,ACVA,NYSE,,0.0,EWT,https://www.ishares.com/us/products/239724/ishares-msci-taiwan-etf/1467271812596.ajax?dataType=fund&fileName=EWT_holdings&fileType=csv,,high
WMS,ADVANCED DRAINAGE SYSTEMS INC,United States,Industrials,WMS,NYSE,,0.02,EWT,https://www.ishares.com/us/products/239724/ishares-msci-taiwan-etf/1467271812596.ajax?dataType=fund&fileName=EWT_holdings&fileType=csv,,high
ACM,AECOM,United States,Industrials,ACM,NYSE,,0.02,EWT,https://www.ishares.com/us/products/239724/ishares-msci-taiwan-etf/1467271812596.ajax?dataType=fund&fileName=EWT_holdings&fileType=csv,,high
AVAV,AEROVIRONMENT INC,United States,Industrials,AVAV,NASDAQ,,0.01,EWT,https://www.ishares.com/us/products/239724/ishares-msci-taiwan-etf/1467271812596.ajax?dataType=fund&fileName=EWT_holdings&fileType=csv,,high
AGCO,AGCO CORP,United States,Industrials,AGCO,NYSE,,0.01,EWT,https://www.ishares.com/us/products/239724/ishares-msci-taiwan-etf/1467271812596.ajax?dataType=fund&fileName=EWT_holdings&fileType=csv,,high
AL,AIR LEASE CORP CLASS A,United States,Industrials,AL,NYSE,,0.01,EWT,https://www.ishares.com/us/products/239724/ishares-msci-taiwan-etf/1467271812596.ajax?dataType=fund&fileName=EWT_holdings&fileType=csv,,high
ALG,ALAMO GROUP INC,United States,Industrials,ALG,NYSE,,0.0,EWT,https://www.ishares.com/us/products/239724/ishares-msci-taiwan-etf/1467271812596.ajax?dataType=fund&fileName=EWT_holdings&fileType=csv,,high
ALK,ALASKA AIR GROUP INC,United States,Industrials,ALK,NYSE,,0.01,EWT,https://www.ishares.com/us/products/239724/ishares-msci-taiwan-etf/1467271812596.ajax?dataType=fund&fileName=EWT_holdings&fileType=csv,,high
AIN,ALBANY INTERNATIONAL CORP CLASS A,United States,Industrials,AIN,NYSE,,0.0,EWT,https://www.ishares.com/us/products/239724/ishares-msci-taiwan-etf/1467271812596.ajax?dataType=fund&fileName=EWT_holdings&fileType=csv,,high
ALIT,ALIGHT INC CLASS A,United States,Industrials,ALIT,NYSE,,0.0,EWT,https://www.ishares.com/us/products/239724/ishares-msci-taiwan-etf/1467271812596.ajax?dataType=fund&fileName=EWT_holdings&fileType=csv,,high
ALGT,ALLEGIANT TRAVEL,United States,Industrials,ALGT,NASDAQ,,0.0,EWT,https://www.ishares.com/us/products/239724/ishares-msci-taiwan-etf/1467271812596.ajax?dataType=fund&fileName=EWT_holdings&fileType=csv,,high
ALLE,ALLEGION PLC,United States,Industrials,ALLE,NYSE,,0.02,EWT,https://www.ishares.com/us/products/239724/ishares-msci-taiwan-etf/1467271812596.ajax?dataType=fund&fileName=EWT_holdings&fileType=csv,,high
ALH,ALLIANCE LAUNDRY HOLDINGS INC,United States,Industrials,ALH,NYSE,,0.0,EWT,https://www.ishares.com/us/products/239724/ishares-msci-taiwan-etf/1467271812596.ajax?dataType=fund&fileName=EWT_holdings&fileType=csv,,high
ALNT,ALLIENT INC,United States,Industrials,ALNT,NASDAQ,,0.0,EWT,https://www.ishares.com/us/products/239724/ishares-msci-taiwan-etf/1467271812596.ajax?dataType=fund&fileName=EWT_holdings&fileType=csv,,high
ALSN,ALLISON TRANSMISSION HOLDINGS INC,United States,Industrials,ALSN,NYSE,,0.01,EWT,https://www.ishares.com/us/products/239724/ishares-msci-taiwan-etf/1467271812596.ajax?dataType=fund&fileName=EWT_holdings&fileType=csv,,high
ALTG,ALTA EQUIPMENT GROUP INC CLASS A,United States,Industrials,ALTG,NYSE,,0.0,EWT,https://www.ishares.com/us/products/239724/ishares-msci-taiwan-etf/1467271812596.ajax?dataType=fund&fileName=EWT_holdings&fileType=csv,,high
AMTM,AMENTUM HOLDINGS INC,United States,Industrials,AMTM,NYSE,,0.01,EWT,https://www.ishares.com/us/products/239724/ishares-msci-taiwan-etf/1467271812596.ajax?dataType=fund&fileName=EWT_holdings&fileType=csv,,high
AMRC,AMERESCO INC CLASS A,United States,Industrials,AMRC,NYSE,,0.0,EWT,https://www.ishares.com/us/products/239724/ishares-msci-taiwan-etf/1467271812596.ajax?dataType=fund&fileName=EWT_holdings&fileType=csv,,high
AAL,AMERICAN AIRLINES GROUP INC,United States,Industrials,AAL,NASDAQ,,0.01,EWT,https://www.ishares.com/us/products/239724/ishares-msci-taiwan-etf/1467271812596.ajax?dataType=fund&fileName=EWT_holdings&fileType=csv,,high
AMSC,AMERICAN SUPERCONDUCTOR CORP,United States,Industrials,AMSC,NASDAQ,,0.0,EWT,https://www.ishares.com/us/products/239724/ishares-msci-taiwan-etf/1467271812596.ajax?dataType=fund&fileName=EWT_holdings&fileType=csv,,high
AMWD,AMERICAN WOODMARK CORP,United States,Industrials,AMWD,NASDAQ,,0.0,EWT,https://www.ishares.com/us/products/239724/ishares-msci-taiwan-etf/1467271812596.ajax?dataType=fund&fileName=EWT_holdings&fileType=csv,,high
AME,AMETEK INC,United States,Industrials,AME,NYSE,,0.08,EWT,https://www.ishares.com/us/products/239724/ishares-msci-taiwan-etf/1467271812596.ajax?dataType=fund&fileName=EWT_holdings&fileType=csv,,high
AMPX,AMPRIUS TECHNOLOGIES INC,United States,Industrials,AMPX,NYSE,,0.0,EWT,https://www.ishares.com/us/products/239724/ishares-msci-taiwan-etf/1467271812596.ajax?dataType=fund&fileName=EWT_holdings&fileType=csv,,high
APG,API GROUP CORP,United States,Industrials,APG,NYSE,,0.02,EWT,https://www.ishares.com/us/products/239724/ishares-msci-taiwan-etf/1467271812596.ajax?dataType=fund&fileName=EWT_holdings&fileType=csv,,high
APOG,APOGEE ENTERPRISES INC,United States,Industrials,APOG,NASDAQ,,0.0,EWT,https://www.ishares.com/us/products/239724/ishares-msci-taiwan-etf/1467271812596.ajax?dataType=fund&fileName=EWT_holdings&fileType=csv,,high
AIT,APPLIED INDUSTRIAL TECHNOLOGIES IN,United States,Industrials,AIT,NYSE,,0.02,EWT,https://www.ishares.com/us/products/239724/ishares-msci-taiwan-etf/1467271812596.ajax?dataType=fund&fileName=EWT_holdings&fileType=csv,,high
ARCB,ARCBEST CORP,United States,Industrials,ARCB,NASDAQ,,0.0,EWT,https://www.ishares.com/us/products/239724/ishares-msci-taiwan-etf/1467271812596.ajax?dataType=fund&fileName=EWT_holdings&fileType=csv,,high
ACHR,ARCHER AVIATION INC CLASS A,United States,Industrials,ACHR,NYSE,,0.01,EWT,https://www.ishares.com/us/products/239724/ishares-msci-taiwan-etf/1467271812596.ajax?dataType=fund&fileName=EWT_holdings&fileType=csv,,high
ACA,ARCOSA INC,United States,Industrials,ACA,NYSE,,0.01,EWT,https://www.ishares.com/us/products/239724/ishares-msci-taiwan-etf/1467271812596.ajax?dataType=fund&fileName=EWT_holdings&fileType=csv,,high
AGX,ARGAN INC,United States,Industrials,AGX,NYSE,,0.01,EWT,https://www.ishares.com/us/products/239724/ishares-msci-taiwan-etf/1467271812596.ajax?dataType=fund&fileName=EWT_holdings&fileType=csv,,high
AWI,ARMSTRONG WORLD INDUSTRIES INC,United States,Industrials,AWI,NYSE,,0.01,EWT,https://www.ishares.com/us/products/239724/ishares-msci-taiwan-etf/1467271812596.ajax?dataType=fund&fileName=EWT_holdings&fileType=csv,,high
ARRY,ARRAY TECHNOLOGIES INC,United States,Industrials,ARRY,NASDAQ,,0.0,EWT,https://www.ishares.com/us/products/239724/ishares-msci-taiwan-etf/1467271812596.ajax?dataType=fund&fileName=EWT_holdings&fileType=csv,,high
ASTE,ASTEC INDUSTRIES INC,United States,Industrials,ASTE,NASDAQ,,0.0,EWT,https://www.ishares.com/us/products/239724/ishares-msci-taiwan-etf/1467271812596.ajax?dataType=fund&fileName=EWT_holdings&fileType=csv,,high
ATRO,ASTRONICS CORP,United States,Industrials,ATRO,NASDAQ,,0.0,EWT,https://www.ishares.com/us/products/239724/ishares-msci-taiwan-etf/1467271812596.ajax?dataType=fund&fileName=EWT_holdings&fileType=csv,,high
ATI,ATI INC,United States,Industrials,ATI,NYSE,,0.03,EWT,https://www.ishares.com/us/products/239724/ishares-msci-taiwan-etf/1467271812596.ajax?dataType=fund&fileName=EWT_holdings&fileType=csv,,high
ATKR,ATKORE INC,United States,Industrials,ATKR,NYSE,,0.0,EWT,https://www.ishares.com/us/products/239724/ishares-msci-taiwan-etf/1467271812596.ajax?dataType=fund&fileName=EWT_holdings&fileType=csv,,high
ATMU,ATMUS FILTRATION TECHNOLOGIES INC,United States,Industrials,ATMU,NYSE,,0.01,EWT,https://www.ishares.com/us/products/239724/ishares-msci-taiwan-etf/1467271812596.ajax?dataType=fund&fileName=EWT_holdings&fileType=csv,,high
ADP,AUTOMATIC DATA PROCESSING INC,United States,Industrials,ADP,NASDAQ,,0.14,EWT,https://www.ishares.com/us/products/239724/ishares-msci-taiwan-etf/1467271812596.ajax?dataType=fund&fileName=EWT_holdings&fileType=csv,,high
CAR,AVIS BUDGET GROUP INC,United States,Industrials,CAR,NASDAQ,,0.0,EWT,https://www.ishares.com/us/products/239724/ishares-msci-taiwan-etf/1467271812596.ajax?dataType=fund&fileName=EWT_holdings&fileType=csv,,high
AXON,AXON ENTERPRISE INC,United States,Industrials,AXON,NASDAQ,,0.07,EWT,https://www.ishares.com/us/products/239724/ishares-msci-taiwan-etf/1467271812596.ajax?dataType=fund&fileName=EWT_holdings&fileType=csv,,high
AZZ,AZZ INC,United States,Industrials,AZZ,NYSE,,0.01,EWT,https://www.ishares.com/us/products/239724/ishares-msci-taiwan-etf/1467271812596.ajax?dataType=fund&fileName=EWT_holdings&fileType=csv,,high
BW,BABCOCK AND WILCOX ENTERPRISES INC,United States,Industrials,BW,NYSE,,0.0,EWT,https://www.ishares.com/us/products/239724/ishares-msci-taiwan-etf/1467271812596.ajax?dataType=fund&fileName=EWT_holdings&fileType=csv,,high
BBSI,BARRETT BUSINESS SERVICES INC,United States,Industrials,BBSI,NASDAQ,,0.0,EWT,https://www.ishares.com/us/products/239724/ishares-msci-taiwan-etf/1467271812596.ajax?dataType=fund&fileName=EWT_holdings&fileType=csv,,high
BETA,BETA TECHNOLOGIES INC CLASS A,United States,Industrials,BETA,NYSE,,0.0,EWT,https://www.ishares.com/us/products/239724/ishares-msci-taiwan-etf/1467271812596.ajax?dataType=fund&fileName=EWT_holdings&fileType=csv,,high
BKSY,BLACKSKY TECHNOLOGY INC CLASS A,United States,Industrials,BKSY,NYSE,,0.0,EWT,https://www.ishares.com/us/products/239724/ishares-msci-taiwan-etf/1467271812596.ajax?dataType=fund&fileName=EWT_holdings&fileType=csv,,high
BE,BLOOM ENERGY CLASS A CORP,United States,Industrials,BE,NYSE,,0.05,EWT,https://www.ishares.com/us/products/239724/ishares-msci-taiwan-etf/1467271812596.ajax?dataType=fund&fileName=EWT_holdings&fileType=csv,,high
BLBD,BLUE BIRD CORP,United States,Industrials,BLBD,NASDAQ,,0.0,EWT,https://www.ishares.com/us/products/239724/ishares-msci-taiwan-etf/1467271812596.ajax?dataType=fund&fileName=EWT_holdings&fileType=csv,,high
BXC,BLUELINX HOLDINGS INC,United States,Industrials,BXC,NYSE,,0.0,EWT,https://www.ishares.com/us/products/239724/ishares-msci-taiwan-etf/1467271812596.ajax?dataType=fund&fileName=EWT_holdings&fileType=csv,,high
BA,BOEING,United States,Industrials,BA,NYSE,,0.27,EWT,https://www.ishares.com/us/products/239724/ishares-msci-taiwan-etf/1467271812596.ajax?dataType=fund&fileName=EWT_holdings&fileType=csv,,high
BCC,BOISE CASCADE,United States,Industrials,BCC,NYSE,,0.0,EWT,https://www.ishares.com/us/products/239724/ishares-msci-taiwan-etf/1467271812596.ajax?dataType=fund&fileName=EWT_holdings&fileType=csv,,high
BAH,BOOZ ALLEN HAMILTON HOLDING CORP C,United States,Industrials,BAH,NYSE,,0.02,EWT,https://www.ishares.com/us/products/239724/ishares-msci-taiwan-etf/1467271812596.ajax?dataType=fund&fileName=EWT_holdings&fileType=csv,,high
BWMN,BOWMAN CONSULTING GROUP LTD,United States,Industrials,BWMN,NASDAQ,,0.0,EWT,https://www.ishares.com/us/products/239724/ishares-msci-taiwan-etf/1467271812596.ajax?dataType=fund&fileName=EWT_holdings&fileType=csv,,high
BRC,BRADY NONVOTING CORP CLASS A,United States,Industrials,BRC,NYSE,,0.01,EWT,https://www.ishares.com/us/products/239724/ishares-msci-taiwan-etf/1467271812596.ajax?dataType=fund&fileName=EWT_holdings&fileType=csv,,high
BV,BRIGHTVIEW HOLDINGS INC,United States,Industrials,BV,NYSE,,0.0,EWT,https://www.ishares.com/us/products/239724/ishares-msci-taiwan-etf/1467271812596.ajax?dataType=fund&fileName=EWT_holdings&fileType=csv,,high
BCO,BRINKS,United States,Industrials,BCO,NYSE,,0.01,EWT,https://www.ishares.com/us/products/239724/ishares-msci-taiwan-etf/1467271812596.ajax?dataType=fund&fileName=EWT_holdings&fileType=csv,,high
BR,BROADRIDGE FINANCIAL SOLUTIONS INC,United States,Industrials,BR,NYSE,,0.03,EWT,https://www.ishares.com/us/products/239724/ishares-msci-taiwan-etf/1467271812596.ajax?dataType=fund&fileName=EWT_holdings&fileType=csv,,high
BLDR,BUILDERS FIRSTSOURCE INC,United States,Industrials,BLDR,NYSE,,0.02,EWT,https://www.ishares.com/us/products/239724/ishares-msci-taiwan-etf/1467271812596.ajax?dataType=fund&fileName=EWT_holdings&fileType=csv,,high
BWXT,BWX TECHNOLOGIES INC,United States,Industrials,BWXT,NYSE,,0.03,EWT,https://www.ishares.com/us/products/239724/ishares-msci-taiwan-etf/1467271812596.ajax?dataType=fund&fileName=EWT_holdings&fileType=csv,,high
BYRN,BYRNA TECHNOLOGIES INC,United States,Industrials,BYRN,NASDAQ,,0.0,EWT,https://www.ishares.com/us/products/239724/ishares-msci-taiwan-etf/1467271812596.ajax?dataType=fund&fileName=EWT_holdings&fileType=csv,,high
CACI,CACI INTERNATIONAL INC CLASS A,United States,Industrials,CACI,NYSE,,0.02,EWT,https://www.ishares.com/us/products/239724/ishares-msci-taiwan-etf/1467271812596.ajax?dataType=fund&fileName=EWT_holdings&fileType=csv,,high
CDRE,CADRE HOLDINGS INC,United States,Industrials,CDRE,NYSE,,0.0,EWT,https://www.ishares.com/us/products/239724/ishares-msci-taiwan-etf/1467271812596.ajax?dataType=fund&fileName=EWT_holdings&fileType=csv,,high
CSL,CARLISLE COMPANIES INC,United States,Industrials,CSL,NYSE,,0.02,EWT,https://www.ishares.com/us/products/239724/ishares-msci-taiwan-etf/1467271812596.ajax?dataType=fund&fileName=EWT_holdings&fileType=csv,,high
CRS,CARPENTER TECHNOLOGY CORP,United States,Industrials,CRS,NYSE,,0.03,EWT,https://www.ishares.com/us/products/239724/ishares-msci-taiwan-etf/1467271812596.ajax?dataType=fund&fileName=EWT_holdings&fileType=csv,,high
CARR,CARRIER GLOBAL CORP,United States,Industrials,CARR,NYSE,,0.07,EWT,https://www.ishares.com/us/products/239724/ishares-msci-taiwan-etf/1467271812596.ajax?dataType=fund&fileName=EWT_holdings&fileType=csv,,high
CWST,CASELLA WASTE SYSTEMS INC CLASS A,United States,Industrials,CWST,NASDAQ,,0.01,EWT,https://www.ishares.com/us/products/239724/ishares-msci-taiwan-etf/1467271812596.ajax?dataType=fund&fileName=EWT_holdings&fileType=csv,,high
CAT,CATERPILLAR INC,United States,Industrials,CAT,NYSE,,0.5,EWT,https://www.ishares.com/us/products/239724/ishares-msci-taiwan-etf/1467271812596.ajax?dataType=fund&fileName=EWT_holdings&fileType=csv,,high
CBZ,CBIZ INC,United States,Industrials,CBZ,NYSE,,0.0,EWT,https://www.ishares.com/us/products/239724/ishares-msci-taiwan-etf/1467271812596.ajax?dataType=fund&fileName=EWT_holdings&fileType=csv,,high
CECO,CECO ENVIRONMENTAL CORP,United States,Industrials,CECO,NASDAQ,,0.0,EWT,https://www.ishares.com/us/products/239724/ishares-msci-taiwan-etf/1467271812596.ajax?dataType=fund&fileName=EWT_holdings&fileType=csv,,high
CTRI,CENTURI HOLDINGS INC,United States,Industrials,CTRI,NYSE,,0.0,EWT,https://www.ishares.com/us/products/239724/ishares-msci-taiwan-etf/1467271812596.ajax?dataType=fund&fileName=EWT_holdings&fileType=csv,,high
CHRW,CH ROBINSON WORLDWIDE INC,United States,Industrials,CHRW,NASDAQ,,0.03,EWT,https://www.ishares.com/us/products/239724/ishares-msci-taiwan-etf/1467271812596.ajax?dataType=fund&fileName=EWT_holdings&fileType=csv,,high
CHPT,CHARGEPOINT HOLDINGS INC CLASS A,United States,Industrials,CHPT,NYSE,,0.0,EWT,https://www.ishares.com/us/products/239724/ishares-msci-taiwan-etf/1467271812596.ajax?dataType=fund&fileName=EWT_holdings&fileType=csv,,high
GTLS,CHART INDUSTRIES INC,United States,Industrials,GTLS,NYSE,,0.01,EWT,https://www.ishares.com/us/products/239724/ishares-msci-taiwan-etf/1467271812596.ajax?dataType=fund&fileName=EWT_holdings&fileType=csv,,high
CMPR,CIMPRESS PLC,United States,Industrials,CMPR,NASDAQ,,0.0,EWT,https://www.ishares.com/us/products/239724/ishares-msci-taiwan-etf/1467271812596.ajax?dataType=fund&fileName=EWT_holdings&fileType=csv,,high
CTAS,CINTAS CORP,United States,Industrials,CTAS,NASDAQ,,0.1,EWT,https://www.ishares.com/us/products/239724/ishares-msci-taiwan-etf/1467271812596.ajax?dataType=fund&fileName=EWT_holdings&fileType=csv,,high
CLVT,CLARIVATE PLC,United States,Industrials,CLVT,NYSE,,0.0,EWT,https://www.ishares.com/us/products/239724/ishares-msci-taiwan-etf/1467271812596.ajax?dataType=fund&fileName=EWT_holdings&fileType=csv,,high
CLH,CLEAN HARBORS INC,United States,Industrials,CLH,NYSE,,0.02,EWT,https://www.ishares.com/us/products/239724/ishares-msci-taiwan-etf/1467271812596.ajax?dataType=fund&fileName=EWT_holdings&fileType=csv,,high
CNH,CNH INDUSTRIAL N.V. NV,United States,Industrials,CNH,NYSE,,0.02,EWT,https://www.ishares.com/us/products/239724/ishares-msci-taiwan-etf/1467271812596.ajax?dataType=fund&fileName=EWT_holdings&fileType=csv,,high
CMCO,COLUMBUS MCKINNON CORP,United States,Industrials,CMCO,NASDAQ,,0.0,EWT,https://www.ishares.com/us/products/239724/ishares-msci-taiwan-etf/1467271812596.ajax?dataType=fund&fileName=EWT_holdings&fileType=csv,,high
FIX,COMFORT SYSTEMS USA INC,United States,Industrials,FIX,NYSE,,0.07,EWT,https://www.ishares.com/us/products/239724/ishares-msci-taiwan-etf/1467271812596.ajax?dataType=fund&fileName=EWT_holdings&fileType=csv,,high
CNXC,CONCENTRIX CORP,United States,Industrials,CNXC,NASDAQ,,0.0,EWT,https://www.ishares.com/us/products/239724/ishares-msci-taiwan-etf/1467271812596.ajax?dataType=fund&fileName=EWT_holdings&fileType=csv,,high
CNDT,CONDUENT INC,United States,Industrials,CNDT,NASDAQ,,0.0,EWT,https://www.ishares.com/us/products/239724/ishares-msci-taiwan-etf/1467271812596.ajax?dataType=fund&fileName=EWT_holdings&fileType=csv,,high
ROAD,CONSTRUCTION PARTNERS INC CLASS A,United States,Industrials,ROAD,NASDAQ,,0.01,EWT,https://www.ishares.com/us/products/239724/ishares-msci-taiwan-etf/1467271812596.ajax?dataType=fund&fileName=EWT_holdings&fileType=csv,,high
CPRT,COPART INC,United States,Industrials,CPRT,NASDAQ,,0.05,EWT,https://www.ishares.com/us/products/239724/ishares-msci-taiwan-etf/1467271812596.ajax?dataType=fund&fileName=EWT_holdings&fileType=csv,,high
CNM,CORE & MAIN INC CLASS A,United States,Industrials,CNM,NYSE,,0.01,EWT,https://www.ishares.com/us/products/239724/ishares-msci-taiwan-etf/1467271812596.ajax?dataType=fund&fileName=EWT_holdings&fileType=csv,,high
CXW,CORECIVIC REIT INC,United States,Industrials,CXW,NYSE,,0.0,EWT,https://www.ishares.com/us/products/239724/ishares-msci-taiwan-etf/1467271812596.ajax?dataType=fund&fileName=EWT_holdings&fileType=csv,,high
CVLG,COVENANT LOGISTICS GROUP INC CLASS,United States,Industrials,CVLG,NYSE,,0.0,EWT,https://www.ishares.com/us/products/239724/ishares-msci-taiwan-etf/1467271812596.ajax?dataType=fund&fileName=EWT_holdings&fileType=csv,,high
CRAI,CRA INTERNATIONAL INC,United States,Industrials,CRAI,NASDAQ,,0.0,EWT,https://www.ishares.com/us/products/239724/ishares-msci-taiwan-etf/1467271812596.ajax?dataType=fund&fileName=EWT_holdings&fileType=csv,,high
CR,CRANE,United States,Industrials,CR,NYSE,,0.01,EWT,https://www.ishares.com/us/products/239724/ishares-msci-taiwan-etf/1467271812596.ajax?dataType=fund&fileName=EWT_holdings&fileType=csv,,high
CSGS,CSG SYSTEMS INTERNATIONAL INC,United States,Industrials,CSGS,NASDAQ,,0.0,EWT,https://www.ishares.com/us/products/239724/ishares-msci-taiwan-etf/1467271812596.ajax?dataType=fund&fileName=EWT_holdings&fileType=csv,,high
CSW,CSW INDUSTRIALS INC,United States,Industrials,CSW,NYSE,,0.01,EWT,https://www.ishares.com/us/products/239724/ishares-msci-taiwan-etf/1467271812596.ajax?dataType=fund&fileName=EWT_holdings&fileType=csv,,high
CSX,CSX CORP,United States,Industrials,CSX,NASDAQ,,0.11,EWT,https://www.ishares.com/us/products/239724/ishares-msci-taiwan-etf/1467271812596.ajax?dataType=fund&fileName=EWT_holdings&fileType=csv,,high
CMI,CUMMINS INC,United States,Industrials,CMI,NYSE,,0.12,EWT,https://www.ishares.com/us/products/239724/ishares-msci-taiwan-etf/1467271812596.ajax?dataType=fund&fileName=EWT_holdings&fileType=csv,,high
CW,CURTISS WRIGHT CORP,United States,Industrials,CW,NYSE,,0.04,EWT,https://www.ishares.com/us/products/239724/ishares-msci-taiwan-etf/1467271812596.ajax?dataType=fund&fileName=EWT_holdings&fileType=csv,,high
CTOS,CUSTOM TRUCK ONE SOURCE INC,United States,Industrials,CTOS,NYSE,,0.0,EWT,https://www.ishares.com/us/products/239724/ishares-msci-taiwan-etf/1467271812596.ajax?dataType=fund&fileName=EWT_holdings&fileType=csv,,high
DE,DEERE,United States,Industrials,DE,NYSE,,0.23,EWT,https://www.ishares.com/us/products/239724/ishares-msci-taiwan-etf/1467271812596.ajax?dataType=fund&fileName=EWT_holdings&fileType=csv,,high
DAL,DELTA AIR LINES INC,United States,Industrials,DAL,NYSE,,0.06,EWT,https://www.ishares.com/us/products/239724/ishares-msci-taiwan-etf/1467271812596.ajax?dataType=fund&fileName=EWT_holdings&fileType=csv,,high
DLX,DELUXE CORP,United States,Industrials,DLX,NYSE,,0.0,EWT,https://www.ishares.com/us/products/239724/ishares-msci-taiwan-etf/1467271812596.ajax?dataType=fund&fileName=EWT_holdings&fileType=csv,,high
DSGR,DISTRIBUTION SOLUTIONS GROUP INC,United States,Industrials,DSGR,NASDAQ,,0.0,EWT,https://www.ishares.com/us/products/239724/ishares-msci-taiwan-etf/1467271812596.ajax?dataType=fund&fileName=EWT_holdings&fileType=csv,,high
DNOW,DNOW INC,United States,Industrials,DNOW,NYSE,,0.0,EWT,https://www.ishares.com/us/products/239724/ishares-msci-taiwan-etf/1467271812596.ajax?dataType=fund&fileName=EWT_holdings&fileType=csv,,high
DCI,DONALDSON INC,United States,Industrials,DCI,NYSE,,0.02,EWT,https://www.ishares.com/us/products/239724/ishares-msci-taiwan-etf/1467271812596.ajax?dataType=fund&fileName=EWT_holdings&fileType=csv,,high
PLOW,DOUGLAS DYNAMICS INC,United States,Industrials,PLOW,NYSE,,0.0,EWT,https://www.ishares.com/us/products/239724/ishares-msci-taiwan-etf/1467271812596.ajax?dataType=fund&fileName=EWT_holdings&fileType=csv,,high
DOV,DOVER CORP,United States,Industrials,DOV,NYSE,,0.04,EWT,https://www.ishares.com/us/products/239724/ishares-msci-taiwan-etf/1467271812596.ajax?dataType=fund&fileName=EWT_holdings&fileType=csv,,high
DCO,DUCOMMUN INC,United States,Industrials,DCO,NYSE,,0.0,EWT,https://www.ishares.com/us/products/239724/ishares-msci-taiwan-etf/1467271812596.ajax?dataType=fund&fileName=EWT_holdings&fileType=csv,,high
DXPE,DXP ENTERPRISES INC,United States,Industrials,DXPE,NASDAQ,,0.0,EWT,https://www.ishares.com/us/products/239724/ishares-msci-taiwan-etf/1467271812596.ajax?dataType=fund&fileName=EWT_holdings&fileType=csv,,high
DY,DYCOM INDUSTRIES INC,United States,Industrials,DY,NYSE,,0.02,EWT,https://www.ishares.com/us/products/239724/ishares-msci-taiwan-etf/1467271812596.ajax?dataType=fund&fileName=EWT_holdings&fileType=csv,,high
ETN,EATON PLC,United States,Industrials,ETN,NYSE,,0.21,EWT,https://www.ishares.com/us/products/239724/ishares-msci-taiwan-etf/1467271812596.ajax?dataType=fund&fileName=EWT_holdings&fileType=csv,,high
EME,EMCOR GROUP INC,United States,Industrials,EME,NYSE,,0.05,EWT,https://www.ishares.com/us/products/239724/ishares-msci-taiwan-etf/1467271812596.ajax?dataType=fund&fileName=EWT_holdings&fileType=csv,,high
EMR,EMERSON ELECTRIC,United States,Industrials,EMR,NYSE,,0.12,EWT,https://www.ishares.com/us/products/239724/ishares-msci-taiwan-etf/1467271812596.ajax?dataType=fund&fileName=EWT_holdings&fileType=csv,,high
ERII,ENERGY RECOVERY INC,United States,Industrials,ERII,NASDAQ,,0.0,EWT,https://www.ishares.com/us/products/239724/ishares-msci-taiwan-etf/1467271812596.ajax?dataType=fund&fileName=EWT_holdings&fileType=csv,,high
NRGV,ENERGY VAULT HOLDINGS INC,United States,Industrials,NRGV,NYSE,,0.0,EWT,https://www.ishares.com/us/products/239724/ishares-msci-taiwan-etf/1467271812596.ajax?dataType=fund&fileName=EWT_holdings&fileType=csv,,high
EPAC,ENERPAC TOOL GROUP CORP CLASS A,United States,Industrials,EPAC,NYSE,,0.0,EWT,https://www.ishares.com/us/products/239724/ishares-msci-taiwan-etf/1467271812596.ajax?dataType=fund&fileName=EWT_holdings&fileType=csv,,high
ENS,ENERSYS,United States,Industrials,ENS,NYSE,,0.01,EWT,https://www.ishares.com/us/products/239724/ishares-msci-taiwan-etf/1467271812596.ajax?dataType=fund&fileName=EWT_holdings&fileType=csv,,high
EBF,ENNIS INC,United States,Industrials,EBF,NYSE,,0.0,EWT,https://www.ishares.com/us/products/239724/ishares-msci-taiwan-etf/1467271812596.ajax?dataType=fund&fileName=EWT_holdings&fileType=csv,,high
ENVX,ENOVIX CORP,United States,Industrials,ENVX,NASDAQ,,0.0,EWT,https://www.ishares.com/us/products/239724/ishares-msci-taiwan-etf/1467271812596.ajax?dataType=fund&fileName=EWT_holdings&fileType=csv,,high
NPO,ENPRO INC,United States,Industrials,NPO,NYSE,,0.01,EWT,https://www.ishares.com/us/products/239724/ishares-msci-taiwan-etf/1467271812596.ajax?dataType=fund&fileName=EWT_holdings&fileType=csv,,high
NVRI,ENVIRI CORP,United States,Industrials,NVRI,NYSE,,0.0,EWT,https://www.ishares.com/us/products/239724/ishares-msci-taiwan-etf/1467271812596.ajax?dataType=fund&fileName=EWT_holdings&fileType=csv,,high
EOSE,EOS ENERGY ENTERPRISES INC CLASS A,United States,Industrials,EOSE,NASDAQ,,0.0,EWT,https://www.ishares.com/us/products/239724/ishares-msci-taiwan-etf/1467271812596.ajax?dataType=fund&fileName=EWT_holdings&fileType=csv,,high
EFX,EQUIFAX INC,United States,Industrials,EFX,NYSE,,0.04,EWT,https://www.ishares.com/us/products/239724/ishares-msci-taiwan-etf/1467271812596.ajax?dataType=fund&fileName=EWT_holdings&fileType=csv,,high
ESAB,ESAB CORP,United States,Industrials,ESAB,NYSE,,0.01,EWT,https://www.ishares.com/us/products/239724/ishares-msci-taiwan-etf/1467271812596.ajax?dataType=fund&fileName=EWT_holdings&fileType=csv,,high
ESE,ESCO TECHNOLOGIES INC,United States,Industrials,ESE,NYSE,,0.01,EWT,https://www.ishares.com/us/products/239724/ishares-msci-taiwan-etf/1467271812596.ajax?dataType=fund&fileName=EWT_holdings&fileType=csv,,high
ECG,EVERUS CONSTRUCTION GROUP INC,United States,Industrials,ECG,NYSE,,0.01,EWT,https://www.ishares.com/us/products/239724/ishares-msci-taiwan-etf/1467271812596.ajax?dataType=fund&fileName=EWT_holdings&fileType=csv,,high
EXLS,EXLSERVICE HOLDINGS INC,United States,Industrials,EXLS,NASDAQ,,0.01,EWT,https://www.ishares.com/us/products/239724/ishares-msci-taiwan-etf/1467271812596.ajax?dataType=fund&fileName=EWT_holdings&fileType=csv,,high
EXPD,EXPEDITORS INTERNATIONAL OF WASHIN,United States,Industrials,EXPD,NYSE,,0.03,EWT,https://www.ishares.com/us/products/239724/ishares-msci-taiwan-etf/1467271812596.ajax?dataType=fund&fileName=EWT_holdings&fileType=csv,,high
EXPO,EXPONENT INC,United States,Industrials,EXPO,NASDAQ,,0.01,EWT,https://www.ishares.com/us/products/239724/ishares-msci-taiwan-etf/1467271812596.ajax?dataType=fund&fileName=EWT_holdings&fileType=csv,,high
FAST,FASTENAL,United States,Industrials,FAST,NASDAQ,,0.08,EWT,https://www.ishares.com/us/products/239724/ishares-msci-taiwan-etf/1467271812596.ajax?dataType=fund&fileName=EWT_holdings&fileType=csv,,high
FSS,FEDERAL SIGNAL CORP,United States,Industrials,FSS,NYSE,,0.01,EWT,https://www.ishares.com/us/products/239724/ishares-msci-taiwan-etf/1467271812596.ajax?dataType=fund&fileName=EWT_holdings&fileType=csv,,high
FDX,FEDEX CORP,United States,Industrials,FDX,NYSE,,0.12,EWT,https://www.ishares.com/us/products/239724/ishares-msci-taiwan-etf/1467271812596.ajax?dataType=fund&fileName=EWT_holdings&fileType=csv,,high
FERG,FERGUSON ENTERPRISES INC,United States,Industrials,FERG,NYSE,,0.07,EWT,https://www.ishares.com/us/products/239724/ishares-msci-taiwan-etf/1467271812596.ajax?dataType=fund&fileName=EWT_holdings&fileType=csv,,high
FLY,FIREFLY AEROSPACE INC,United States,Industrials,FLY,NASDAQ,,0.0,EWT,https://www.ishares.com/us/products/239724/ishares-msci-taiwan-etf/1467271812596.ajax?dataType=fund&fileName=EWT_holdings&fileType=csv,,high
FA,FIRST ADVANTAGE CORP,United States,Industrials,FA,NASDAQ,,0.0,EWT,https://www.ishares.com/us/products/239724/ishares-msci-taiwan-etf/1467271812596.ajax?dataType=fund&fileName=EWT_holdings&fileType=csv,,high
FLS,FLOWSERVE CORP,United States,Industrials,FLS,NYSE,,0.01,EWT,https://www.ishares.com/us/products/239724/ishares-msci-taiwan-etf/1467271812596.ajax?dataType=fund&fileName=EWT_holdings&fileType=csv,,high
FLNC,FLUENCE ENERGY INC CLASS A,United States,Industrials,FLNC,NASDAQ,,0.0,EWT,https://www.ishares.com/us/products/239724/ishares-msci-taiwan-etf/1467271812596.ajax?dataType=fund&fileName=EWT_holdings&fileType=csv,,high
FLR,FLUOR CORP,United States,Industrials,FLR,NYSE,,0.01,EWT,https://www.ishares.com/us/products/239724/ishares-msci-taiwan-etf/1467271812596.ajax?dataType=fund&fileName=EWT_holdings&fileType=csv,,high
FTV,FORTIVE CORP,United States,Industrials,FTV,NYSE,,0.03,EWT,https://www.ishares.com/us/products/239724/ishares-msci-taiwan-etf/1467271812596.ajax?dataType=fund&fileName=EWT_holdings&fileType=csv,,high
FBIN,FORTUNE BRANDS INNOVATIONS INC,United States,Industrials,FBIN,NYSE,,0.01,EWT,https://www.ishares.com/us/products/239724/ishares-msci-taiwan-etf/1467271812596.ajax?dataType=fund&fileName=EWT_holdings&fileType=csv,,high
FC,FRANKLIN COVEY,United States,Industrials,FC,NYSE,,0.0,EWT,https://www.ishares.com/us/products/239724/ishares-msci-taiwan-etf/1467271812596.ajax?dataType=fund&fileName=EWT_holdings&fileType=csv,,high
FELE,FRANKLIN ELECTRIC INC,United States,Industrials,FELE,NASDAQ,,0.01,EWT,https://www.ishares.com/us/products/239724/ishares-msci-taiwan-etf/1467271812596.ajax?dataType=fund&fileName=EWT_holdings&fileType=csv,,high
ULCC,FRONTIER GROUP HOLDINGS INC,United States,Industrials,ULCC,NASDAQ,,0.0,EWT,https://www.ishares.com/us/products/239724/ishares-msci-taiwan-etf/1467271812596.ajax?dataType=fund&fileName=EWT_holdings&fileType=csv,,high
FTAI,FTAI AVIATION LTD,United States,Industrials,FTAI,NASDAQ,,0.04,EWT,https://www.ishares.com/us/products/239724/ishares-msci-taiwan-etf/1467271812596.ajax?dataType=fund&fileName=EWT_holdings&fileType=csv,,high
FIP,FTAI INFRASTRUCTURE INC,United States,Industrials,FIP,NASDAQ,,0.0,EWT,https://www.ishares.com/us/products/239724/ishares-msci-taiwan-etf/1467271812596.ajax?dataType=fund&fileName=EWT_holdings&fileType=csv,,high
FCN,FTI CONSULTING INC,United States,Industrials,FCN,NYSE,,0.01,EWT,https://www.ishares.com/us/products/239724/ishares-msci-taiwan-etf/1467271812596.ajax?dataType=fund&fileName=EWT_holdings&fileType=csv,,high
FCEL,FUELCELL ENERGY INC,United States,Industrials,FCEL,NASDAQ,,0.0,EWT,https://www.ishares.com/us/products/239724/ishares-msci-taiwan-etf/1467271812596.ajax?dataType=fund&fileName=EWT_holdings&fileType=csv,,high
GTES,GATES INDUSTRIAL PLC,United States,Industrials,GTES,NYSE,,0.01,EWT,https://www.ishares.com/us/products/239724/ishares-msci-taiwan-etf/1467271812596.ajax?dataType=fund&fileName=EWT_holdings&fileType=csv,,high
GATX,GATX CORP,United States,Industrials,GATX,NYSE,,0.01,EWT,https://www.ishares.com/us/products/239724/ishares-msci-taiwan-etf/1467271812596.ajax?dataType=fund&fileName=EWT_holdings&fileType=csv,,high
GE,GE AEROSPACE,United States,Industrials,GE,NYSE,,0.52,EWT,https://www.ishares.com/us/products/239724/ishares-msci-taiwan-etf/1467271812596.ajax?dataType=fund&fileName=EWT_holdings&fileType=csv,,high
GEV,GE VERNOVA INC,United States,Industrials,GEV,NYSE,,0.34,EWT,https://www.ishares.com/us/products/239724/ishares-msci-taiwan-etf/1467271812596.ajax?dataType=fund&fileName=EWT_holdings&fileType=csv,,high
GNK,GENCO SHIPPING AND TRADING LTD,United States,Industrials,GNK,NYSE,,0.0,EWT,https://www.ishares.com/us/products/239724/ishares-msci-taiwan-etf/1467271812596.ajax?dataType=fund&fileName=EWT_holdings&fileType=csv,,high
GNRC,GENERAC HOLDINGS INC,United States,Industrials,GNRC,NYSE,,0.02,EWT,https://www.ishares.com/us/products/239724/ishares-msci-taiwan-etf/1467271812596.ajax?dataType=fund&fileName=EWT_holdings&fileType=csv,,high
GD,GENERAL DYNAMICS CORP,United States,Industrials,GD,NYSE,,0.14,EWT,https://www.ishares.com/us/products/239724/ishares-msci-taiwan-etf/1467271812596.ajax?dataType=fund&fileName=EWT_holdings&fileType=csv,,high
G,GENPACT LTD,United States,Industrials,G,NYSE,,0.01,EWT,https://www.ishares.com/us/products/239724/ishares-msci-taiwan-etf/1467271812596.ajax?dataType=fund&fileName=EWT_holdings&fileType=csv,,high
GEO,GEO GROUP INC,United States,Industrials,GEO,NYSE,,0.0,EWT,https://www.ishares.com/us/products/239724/ishares-msci-taiwan-etf/1467271812596.ajax?dataType=fund&fileName=EWT_holdings&fileType=csv,,high
ROCK,GIBRALTAR INDUSTRIES INC,United States,Industrials,ROCK,NASDAQ,,0.0,EWT,https://www.ishares.com/us/products/239724/ishares-msci-taiwan-etf/1467271812596.ajax?dataType=fund&fileName=EWT_holdings&fileType=csv,,high
GIC,GLOBAL INDUSTRIAL,United States,Industrials,GIC,NYSE,,0.0,EWT,https://www.ishares.com/us/products/239724/ishares-msci-taiwan-etf/1467271812596.ajax?dataType=fund&fileName=EWT_holdings&fileType=csv,,high
GRC,GORMAN-RUPP,United States,Industrials,GRC,NYSE,,0.0,EWT,https://www.ishares.com/us/products/239724/ishares-msci-taiwan-etf/1467271812596.ajax?dataType=fund&fileName=EWT_holdings&fileType=csv,,high
GGG,GRACO INC,United States,Industrials,GGG,NYSE,,0.02,EWT,https://www.ishares.com/us/products/239724/ishares-msci-taiwan-etf/1467271812596.ajax?dataType=fund&fileName=EWT_holdings&fileType=csv,,high
EAF,GRAFTECH INTERNATIONAL LTD,United States,Industrials,EAF,NYSE,,0.0,EWT,https://www.ishares.com/us/products/239724/ishares-msci-taiwan-etf/1467271812596.ajax?dataType=fund&fileName=EWT_holdings&fileType=csv,,high
GHM,GRAHAM CORP,United States,Industrials,GHM,NYSE,,0.0,EWT,https://www.ishares.com/us/products/239724/ishares-msci-taiwan-etf/1467271812596.ajax?dataType=fund&fileName=EWT_holdings&fileType=csv,,high
GVA,GRANITE CONSTRUCTION INC,United States,Industrials,GVA,NYSE,,0.01,EWT,https://www.ishares.com/us/products/239724/ishares-msci-taiwan-etf/1467271812596.ajax?dataType=fund&fileName=EWT_holdings&fileType=csv,,high
GLDD,GREAT LAKES DREDGE AND DOCK CORP,United States,Industrials,GLDD,NASDAQ,,0.0,EWT,https://www.ishares.com/us/products/239724/ishares-msci-taiwan-etf/1467271812596.ajax?dataType=fund&fileName=EWT_holdings&fileType=csv,,high
GBX,GREENBRIER INC,United States,Industrials,GBX,NYSE,,0.0,EWT,https://www.ishares.com/us/products/239724/ishares-msci-taiwan-etf/1467271812596.ajax?dataType=fund&fileName=EWT_holdings&fileType=csv,,high
GFF,GRIFFON CORP,United States,Industrials,GFF,NYSE,,0.0,EWT,https://www.ishares.com/us/products/239724/ishares-msci-taiwan-etf/1467271812596.ajax?dataType=fund&fileName=EWT_holdings&fileType=csv,,high
GXO,GXO LOGISTICS INC,United States,Industrials,GXO,NYSE,,0.01,EWT,https://www.ishares.com/us/products/239724/ishares-msci-taiwan-etf/1467271812596.ajax?dataType=fund&fileName=EWT_holdings&fileType=csv,,high
HAYW,HAYWARD HOLDINGS INC,United States,Industrials,HAYW,NYSE,,0.0,EWT,https://www.ishares.com/us/products/239724/ishares-msci-taiwan-etf/1467271812596.ajax?dataType=fund&fileName=EWT_holdings&fileType=csv,,high
HCSG,HEALTHCARE SERVICES GROUP INC,United States,Industrials,HCSG,NASDAQ,,0.0,EWT,https://www.ishares.com/us/products/239724/ishares-msci-taiwan-etf/1467271812596.ajax?dataType=fund&fileName=EWT_holdings&fileType=csv,,high
HTLD,HEARTLAND EXPRESS INC,United States,Industrials,HTLD,NASDAQ,,0.0,EWT,https://www.ishares.com/us/products/239724/ishares-msci-taiwan-etf/1467271812596.ajax?dataType=fund&fileName=EWT_holdings&fileType=csv,,high
HEI,HEICO CORP,United States,Industrials,HEI,NYSE,,0.02,EWT,https://www.ishares.com/us/products/239724/ishares-msci-taiwan-etf/1467271812596.ajax?dataType=fund&fileName=EWT_holdings&fileType=csv,,high
HEI-A,HEICO CORP CLASS A,United States,Industrials,HEIA,NYSE,,0.03,EWT,https://www.ishares.com/us/products/239724/ishares-msci-taiwan-etf/1467271812596.ajax?dataType=fund&fileName=EWT_holdings&fileType=csv,,high
HLIO,HELIOS TECHNOLOGIES INC,United States,Industrials,HLIO,NYSE,,0.0,EWT,https://www.ishares.com/us/products/239724/ishares-msci-taiwan-etf/1467271812596.ajax?dataType=fund&fileName=EWT_holdings&fileType=csv,,high
HRI,HERC HOLDINGS INC,United States,Industrials,HRI,NYSE,,0.01,EWT,https://www.ishares.com/us/products/239724/ishares-msci-taiwan-etf/1467271812596.ajax?dataType=fund&fileName=EWT_holdings&fileType=csv,,high
HTZ,HERTZ GLOBAL HLDGS INC,United States,Industrials,HTZ,NASDAQ,,0.0,EWT,https://www.ishares.com/us/products/239724/ishares-msci-taiwan-etf/1467271812596.ajax?dataType=fund&fileName=EWT_holdings&fileType=csv,,high
HXL,HEXCEL CORP,United States,Industrials,HXL,NYSE,,0.01,EWT,https://www.ishares.com/us/products/239724/ishares-msci-taiwan-etf/1467271812596.ajax?dataType=fund&fileName=EWT_holdings&fileType=csv,,high
HLMN,HILLMAN SOLUTIONS CORP,United States,Industrials,HLMN,NASDAQ,,0.0,EWT,https://www.ishares.com/us/products/239724/ishares-msci-taiwan-etf/1467271812596.ajax?dataType=fund&fileName=EWT_holdings&fileType=csv,,high
HNI,HNI CORP,United States,Industrials,HNI,NYSE,,0.0,EWT,https://www.ishares.com/us/products/239724/ishares-msci-taiwan-etf/1467271812596.ajax?dataType=fund&fileName=EWT_holdings&fileType=csv,,high
HON,HONEYWELL INTERNATIONAL INC,United States,Industrials,HON,NASDAQ,,0.23,EWT,https://www.ishares.com/us/products/239724/ishares-msci-taiwan-etf/1467271812596.ajax?dataType=fund&fileName=EWT_holdings&fileType=csv,,high
HWM,HOWMET AEROSPACE INC,United States,Industrials,HWM,NYSE,,0.16,EWT,https://www.ishares.com/us/products/239724/ishares-msci-taiwan-etf/1467271812596.ajax?dataType=fund&fileName=EWT_holdings&fileType=csv,,high
HUBG,HUB GROUP INC CLASS A,United States,Industrials,HUBG,NASDAQ,,0.0,EWT,https://www.ishares.com/us/products/239724/ishares-msci-taiwan-etf/1467271812596.ajax?dataType=fund&fileName=EWT_holdings&fileType=csv,,high
HUBB,HUBBELL INC,United States,Industrials,HUBB,NYSE,,0.04,EWT,https://www.ishares.com/us/products/239724/ishares-msci-taiwan-etf/1467271812596.ajax?dataType=fund&fileName=EWT_holdings&fileType=csv,,high
HDSN,HUDSON TECHNOLOGIES INC,United States,Industrials,HDSN,NASDAQ,,0.0,EWT,https://www.ishares.com/us/products/239724/ishares-msci-taiwan-etf/1467271812596.ajax?dataType=fund&fileName=EWT_holdings&fileType=csv,,high
HII,HUNTINGTON INGALLS INDUSTRIES INC,United States,Industrials,HII,NYSE,,0.03,EWT,https://www.ishares.com/us/products/239724/ishares-msci-taiwan-etf/1467271812596.ajax?dataType=fund&fileName=EWT_holdings&fileType=csv,,high
HURN,HURON CONSULTING GROUP INC,United States,Industrials,HURN,NASDAQ,,0.0,EWT,https://www.ishares.com/us/products/239724/ishares-msci-taiwan-etf/1467271812596.ajax?dataType=fund&fileName=EWT_holdings&fileType=csv,,high
HY,HYSTER YALE INC CLASS A,United States,Industrials,HY,NYSE,,0.0,EWT,https://www.ishares.com/us/products/239724/ishares-msci-taiwan-etf/1467271812596.ajax?dataType=fund&fileName=EWT_holdings&fileType=csv,,high
ICFI,ICF INTERNATIONAL INC,United States,Industrials,ICFI,NASDAQ,,0.0,EWT,https://www.ishares.com/us/products/239724/ishares-msci-taiwan-etf/1467271812596.ajax?dataType=fund&fileName=EWT_holdings&fileType=csv,,high
IEX,IDEX CORP,United States,Industrials,IEX,NYSE,,0.02,EWT,https://www.ishares.com/us/products/239724/ishares-msci-taiwan-etf/1467271812596.ajax?dataType=fund&fileName=EWT_holdings&fileType=csv,,high
IESC,IES INC,United States,Industrials,IESC,NASDAQ,,0.01,EWT,https://www.ishares.com/us/products/239724/ishares-msci-taiwan-etf/1467271812596.ajax?dataType=fund&fileName=EWT_holdings&fileType=csv,,high
ITW,ILLINOIS TOOL INC,United States,Industrials,ITW,NYSE,,0.11,EWT,https://www.ishares.com/us/products/239724/ishares-msci-taiwan-etf/1467271812596.ajax?dataType=fund&fileName=EWT_holdings&fileType=csv,,high
IR,INGERSOLL RAND INC,United States,Industrials,IR,NYSE,,0.05,EWT,https://www.ishares.com/us/products/239724/ishares-msci-taiwan-etf/1467271812596.ajax?dataType=fund&fileName=EWT_holdings&fileType=csv,,high
INOD,INNODATA INC,United States,Industrials,INOD,NASDAQ,,0.0,EWT,https://www.ishares.com/us/products/239724/ishares-msci-taiwan-etf/1467271812596.ajax?dataType=fund&fileName=EWT_holdings&fileType=csv,,high
ISSC,INNOVATIVE SOLUTIONS AND SUPPORT I,United States,Industrials,ISSC,NASDAQ,,0.0,EWT,https://www.ishares.com/us/products/239724/ishares-msci-taiwan-etf/1467271812596.ajax?dataType=fund&fileName=EWT_holdings&fileType=csv,,high
NSP,INSPERITY INC,United States,Industrials,NSP,NYSE,,0.0,EWT,https://www.ishares.com/us/products/239724/ishares-msci-taiwan-etf/1467271812596.ajax?dataType=fund&fileName=EWT_holdings&fileType=csv,,high
IIIN,INSTEEL INDUSTRIES INC,United States,Industrials,IIIN,NYSE,,0.0,EWT,https://www.ishares.com/us/products/239724/ishares-msci-taiwan-etf/1467271812596.ajax?dataType=fund&fileName=EWT_holdings&fileType=csv,,high
TILE,INTERFACE INC,United States,Industrials,TILE,NASDAQ,,0.0,EWT,https://www.ishares.com/us/products/239724/ishares-msci-taiwan-etf/1467271812596.ajax?dataType=fund&fileName=EWT_holdings&fileType=csv,,high
LUNR,INTUITIVE MACHINES INC CLASS A,United States,Industrials,LUNR,NASDAQ,,0.0,EWT,https://www.ishares.com/us/products/239724/ishares-msci-taiwan-etf/1467271812596.ajax?dataType=fund&fileName=EWT_holdings&fileType=csv,,high
ITT,ITT INC,United States,Industrials,ITT,NYSE,,0.02,EWT,https://www.ishares.com/us/products/239724/ishares-msci-taiwan-etf/1467271812596.ajax?dataType=fund&fileName=EWT_holdings&fileType=csv,,high
J,JACOBS SOLUTIONS INC,United States,Industrials,J,NYSE,,0.02,EWT,https://www.ishares.com/us/products/239724/ishares-msci-taiwan-etf/1467271812596.ajax?dataType=fund&fileName=EWT_holdings&fileType=csv,,high
JBI,JANUS INTERNATIONAL GROUP INC,United States,Industrials,JBI,NYSE,,0.0,EWT,https://www.ishares.com/us/products/239724/ishares-msci-taiwan-etf/1467271812596.ajax?dataType=fund&fileName=EWT_holdings&fileType=csv,,high
JBHT,JB HUNT TRANSPORT SERVICES INC,United States,Industrials,JBHT,NASDAQ,,0.02,EWT,https://www.ishares.com/us/products/239724/ishares-msci-taiwan-etf/1467271812596.ajax?dataType=fund&fileName=EWT_holdings&fileType=csv,,high
JBTM,JBT MAREL CORP,United States,Industrials,JBTM,NYSE,,0.01,EWT,https://www.ishares.com/us/products/239724/ishares-msci-taiwan-etf/1467271812596.ajax?dataType=fund&fileName=EWT_holdings&fileType=csv,,high
JELD,JELD WEN HOLDING INC,United States,Industrials,JELD,NYSE,,0.0,EWT,https://www.ishares.com/us/products/239724/ishares-msci-taiwan-etf/1467271812596.ajax?dataType=fund&fileName=EWT_holdings&fileType=csv,,high
JBLU,JETBLUE AIRWAYS CORP,United States,Industrials,JBLU,NASDAQ,,0.0,EWT,https://www.ishares.com/us/products/239724/ishares-msci-taiwan-etf/1467271812596.ajax?dataType=fund&fileName=EWT_holdings&fileType=csv,,high
JOBY,JOBY AVIATION INC CLASS A,United States,Industrials,JOBY,NYSE,,0.01,EWT,https://www.ishares.com/us/products/239724/ishares-msci-taiwan-etf/1467271812596.ajax?dataType=fund&fileName=EWT_holdings&fileType=csv,,high
JCI,JOHNSON CONTROLS INTERNATIONAL PLC,United States,Industrials,JCI,NYSE,,0.12,EWT,https://www.ishares.com/us/products/239724/ishares-msci-taiwan-etf/1467271812596.ajax?dataType=fund&fileName=EWT_holdings&fileType=csv,,high
KAI,KADANT INC,United States,Industrials,KAI,NYSE,,0.01,EWT,https://www.ishares.com/us/products/239724/ishares-msci-taiwan-etf/1467271812596.ajax?dataType=fund&fileName=EWT_holdings&fileType=csv,,high
KRMN,KARMAN HOLDINGS INC,United States,Industrials,KRMN,NYSE,,0.01,EWT,https://www.ishares.com/us/products/239724/ishares-msci-taiwan-etf/1467271812596.ajax?dataType=fund&fileName=EWT_holdings&fileType=csv,,high
KBR,KBR INC,United States,Industrials,KBR,NYSE,,0.01,EWT,https://www.ishares.com/us/products/239724/ishares-msci-taiwan-etf/1467271812596.ajax?dataType=fund&fileName=EWT_holdings&fileType=csv,,high
KELYA,KELLY SERVICES INC CLASS A,United States,Industrials,KELYA,NASDAQ,,0.0,EWT,https://www.ishares.com/us/products/239724/ishares-msci-taiwan-etf/1467271812596.ajax?dataType=fund&fileName=EWT_holdings&fileType=csv,,high
KMT,KENNAMETAL INC,United States,Industrials,KMT,NYSE,,0.0,EWT,https://www.ishares.com/us/products/239724/ishares-msci-taiwan-etf/1467271812596.ajax?dataType=fund&fileName=EWT_holdings&fileType=csv,,high
KFRC,KFORCE INC,United States,Industrials,KFRC,NYSE,,0.0,EWT,https://www.ishares.com/us/products/239724/ishares-msci-taiwan-etf/1467271812596.ajax?dataType=fund&fileName=EWT_holdings&fileType=csv,,high
KEX,KIRBY CORP,United States,Industrials,KEX,NYSE,,0.01,EWT,https://www.ishares.com/us/products/239724/ishares-msci-taiwan-etf/1467271812596.ajax?dataType=fund&fileName=EWT_holdings&fileType=csv,,high
KNX,KNIGHT-SWIFT TRANSPORTATION HOLDIN,United States,Industrials,KNX,NYSE,,0.01,EWT,https://www.ishares.com/us/products/239724/ishares-msci-taiwan-etf/1467271812596.ajax?dataType=fund&fileName=EWT_holdings&fileType=csv,,high
KFY,KORN FERRY,United States,Industrials,KFY,NYSE,,0.01,EWT,https://www.ishares.com/us/products/239724/ishares-msci-taiwan-etf/1467271812596.ajax?dataType=fund&fileName=EWT_holdings&fileType=csv,,high
KTOS,KRATOS DEFENSE AND SECURITY SOLUTI,United States,Industrials,KTOS,NASDAQ,,0.03,EWT,https://www.ishares.com/us/products/239724/ishares-msci-taiwan-etf/1467271812596.ajax?dataType=fund&fileName=EWT_holdings&fileType=csv,,high
KULR,KULR TECHNOLOGY GROUP INC,United States,Industrials,KULR,Nyse Mkt Llc,,0.0,EWT,https://www.ishares.com/us/products/239724/ishares-msci-taiwan-etf/1467271812596.ajax?dataType=fund&fileName=EWT_holdings&fileType=csv,,high
LHX,L3HARRIS TECHNOLOGIES INC,United States,Industrials,LHX,NYSE,,0.11,EWT,https://www.ishares.com/us/products/239724/ishares-msci-taiwan-etf/1467271812596.ajax?dataType=fund&fileName=EWT_holdings&fileType=csv,,high
LSTR,LANDSTAR SYSTEM INC,United States,Industrials,LSTR,NASDAQ,,0.01,EWT,https://www.ishares.com/us/products/239724/ishares-msci-taiwan-etf/1467271812596.ajax?dataType=fund&fileName=EWT_holdings&fileType=csv,,high
LZ,LEGALZOOM COM INC,United States,Industrials,LZ,NASDAQ,,0.0,EWT,https://www.ishares.com/us/products/239724/ishares-msci-taiwan-etf/1467271812596.ajax?dataType=fund&fileName=EWT_holdings&fileType=csv,,high
LGN,LEGENCE CORP CLASS A,United States,Industrials,LGN,NASDAQ,,0.0,EWT,https://www.ishares.com/us/products/239724/ishares-msci-taiwan-etf/1467271812596.ajax?dataType=fund&fileName=EWT_holdings&fileType=csv,,high
LDOS,LEIDOS HOLDINGS INC,United States,Industrials,LDOS,NYSE,,0.03,EWT,https://www.ishares.com/us/products/239724/ishares-msci-taiwan-etf/1467271812596.ajax?dataType=fund&fileName=EWT_holdings&fileType=csv,,high
LII,LENNOX INTERNATIONAL INC,United States,Industrials,LII,NYSE,,0.02,EWT,https://www.ishares.com/us/products/239724/ishares-msci-taiwan-etf/1467271812596.ajax?dataType=fund&fileName=EWT_holdings&fileType=csv,,high
DRS,LEONARDO DRS INC,United States,Industrials,DRS,NASDAQ,,0.01,EWT,https://www.ishares.com/us/products/239724/ishares-msci-taiwan-etf/1467271812596.ajax?dataType=fund&fileName=EWT_holdings&fileType=csv,,high
LMB,LIMBACH HOLDINGS INC,United States,Industrials,LMB,NASDAQ,,0.0,EWT,https://www.ishares.com/us/products/239724/ishares-msci-taiwan-etf/1467271812596.ajax?dataType=fund&fileName=EWT_holdings&fileType=csv,,high
LECO,LINCOLN ELECTRIC HOLDINGS INC,United States,Industrials,LECO,NASDAQ,,0.02,EWT,https://www.ishares.com/us/products/239724/ishares-msci-taiwan-etf/1467271812596.ajax?dataType=fund&fileName=EWT_holdings&fileType=csv,,high
LNN,LINDSAY CORP,United States,Industrials,LNN,NYSE,,0.0,EWT,https://www.ishares.com/us/products/239724/ishares-msci-taiwan-etf/1467271812596.ajax?dataType=fund&fileName=EWT_holdings&fileType=csv,,high
LQDT,LIQUIDITY SERVICES INC,United States,Industrials,LQDT,NASDAQ,,0.0,EWT,https://www.ishares.com/us/products/239724/ishares-msci-taiwan-etf/1467271812596.ajax?dataType=fund&fileName=EWT_holdings&fileType=csv,,high
LOAR,LOAR HOLDINGS INC,United States,Industrials,LOAR,NYSE,,0.0,EWT,https://www.ishares.com/us/products/239724/ishares-msci-taiwan-etf/1467271812596.ajax?dataType=fund&fileName=EWT_holdings&fileType=csv,,high
LMT,LOCKHEED MARTIN CORP,United States,Industrials,LMT,NYSE,,0.21,EWT,https://www.ishares.com/us/products/239724/ishares-msci-taiwan-etf/1467271812596.ajax?dataType=fund&fileName=EWT_holdings&fileType=csv,,high
LYTS,LSI INDUSTRIES INC,United States,Industrials,LYTS,NASDAQ,,0.0,EWT,https://www.ishares.com/us/products/239724/ishares-msci-taiwan-etf/1467271812596.ajax?dataType=fund&fileName=EWT_holdings&fileType=csv,,high
LXFR,LUXFER HOLDINGS PLC,United States,Industrials,LXFR,NYSE,,0.0,EWT,https://www.ishares.com/us/products/239724/ishares-msci-taiwan-etf/1467271812596.ajax?dataType=fund&fileName=EWT_holdings&fileType=csv,,high
LYFT,LYFT INC CLASS A,United States,Industrials,LYFT,NASDAQ,,0.01,EWT,https://www.ishares.com/us/products/239724/ishares-msci-taiwan-etf/1467271812596.ajax?dataType=fund&fileName=EWT_holdings&fileType=csv,,high
MTW,MANITOWOC INC,United States,Industrials,MTW,NYSE,,0.0,EWT,https://www.ishares.com/us/products/239724/ishares-msci-taiwan-etf/1467271812596.ajax?dataType=fund&fileName=EWT_holdings&fileType=csv,,high
MAN,MANPOWER INC,United States,Industrials,MAN,NYSE,,0.0,EWT,https://www.ishares.com/us/products/239724/ishares-msci-taiwan-etf/1467271812596.ajax?dataType=fund&fileName=EWT_holdings&fileType=csv,,high
MRTN,MARTEN TRANSPORT LTD,United States,Industrials,MRTN,NASDAQ,,0.0,EWT,https://www.ishares.com/us/products/239724/ishares-msci-taiwan-etf/1467271812596.ajax?dataType=fund&fileName=EWT_holdings&fileType=csv,,high
MAS,MASCO CORP,United States,Industrials,MAS,NYSE,,0.02,EWT,https://www.ishares.com/us/products/239724/ishares-msci-taiwan-etf/1467271812596.ajax?dataType=fund&fileName=EWT_holdings&fileType=csv,,high
MTZ,MASTEC INC,United States,Industrials,MTZ,NYSE,,0.03,EWT,https://www.ishares.com/us/products/239724/ishares-msci-taiwan-etf/1467271812596.ajax?dataType=fund&fileName=EWT_holdings&fileType=csv,,high
MBC,MASTERBRAND INC,United States,Industrials,MBC,NYSE,,0.0,EWT,https://www.ishares.com/us/products/239724/ishares-msci-taiwan-etf/1467271812596.ajax?dataType=fund&fileName=EWT_holdings&fileType=csv,,high
MATX,MATSON INC,United States,Industrials,MATX,NYSE,,0.01,EWT,https://www.ishares.com/us/products/239724/ishares-msci-taiwan-etf/1467271812596.ajax?dataType=fund&fileName=EWT_holdings&fileType=csv,,high
MMS,MAXIMUS INC,United States,Industrials,MMS,NYSE,,0.01,EWT,https://www.ishares.com/us/products/239724/ishares-msci-taiwan-etf/1467271812596.ajax?dataType=fund&fileName=EWT_holdings&fileType=csv,,high
MGRC,MCGRATH RENT,United States,Industrials,MGRC,NASDAQ,,0.0,EWT,https://www.ishares.com/us/products/239724/ishares-msci-taiwan-etf/1467271812596.ajax?dataType=fund&fileName=EWT_holdings&fileType=csv,,high
MRCY,MERCURY SYSTEMS INC,United States,Industrials,MRCY,NASDAQ,,0.01,EWT,https://www.ishares.com/us/products/239724/ishares-msci-taiwan-etf/1467271812596.ajax?dataType=fund&fileName=EWT_holdings&fileType=csv,,high
MVST,MICROVAST HOLDINGS INC,United States,Industrials,MVST,NASDAQ,,0.0,EWT,https://www.ishares.com/us/products/239724/ishares-msci-taiwan-etf/1467271812596.ajax?dataType=fund&fileName=EWT_holdings&fileType=csv,,high
MIDD,MIDDLEBY CORP,United States,Industrials,MIDD,NASDAQ,,0.01,EWT,https://www.ishares.com/us/products/239724/ishares-msci-taiwan-etf/1467271812596.ajax?dataType=fund&fileName=EWT_holdings&fileType=csv,,high
MLR,MILLER INDUSTRIES INC,United States,Industrials,MLR,NYSE,,0.0,EWT,https://www.ishares.com/us/products/239724/ishares-msci-taiwan-etf/1467271812596.ajax?dataType=fund&fileName=EWT_holdings&fileType=csv,,high
MLKN,MILLERKNOLL INC,United States,Industrials,MLKN,NASDAQ,,0.0,EWT,https://www.ishares.com/us/products/239724/ishares-msci-taiwan-etf/1467271812596.ajax?dataType=fund&fileName=EWT_holdings&fileType=csv,,high
MOD,MODINE MANUFACTURING,United States,Industrials,MOD,NYSE,,0.02,EWT,https://www.ishares.com/us/products/239724/ishares-msci-taiwan-etf/1467271812596.ajax?dataType=fund&fileName=EWT_holdings&fileType=csv,,high
MEG,MONTROSE ENVIRONMENTAL GRP INC,United States,Industrials,MEG,NYSE,,0.0,EWT,https://www.ishares.com/us/products/239724/ishares-msci-taiwan-etf/1467271812596.ajax?dataType=fund&fileName=EWT_holdings&fileType=csv,,high
MOGA,MOOG INC CLASS A,United States,Industrials,MOGA,NYSE,,0.01,EWT,https://www.ishares.com/us/products/239724/ishares-msci-taiwan-etf/1467271812596.ajax?dataType=fund&fileName=EWT_holdings&fileType=csv,,high
MSA,MSA SAFETY INC,United States,Industrials,MSA,NYSE,,0.01,EWT,https://www.ishares.com/us/products/239724/ishares-msci-taiwan-etf/1467271812596.ajax?dataType=fund&fileName=EWT_holdings&fileType=csv,,high
MSM,MSC INDUSTRIAL INC CLASS A,United States,Industrials,MSM,NYSE,,0.01,EWT,https://www.ishares.com/us/products/239724/ishares-msci-taiwan-etf/1467271812596.ajax?dataType=fund&fileName=EWT_holdings&fileType=csv,,high
MLI,MUELLER INDUSTRIES INC,United States,Industrials,MLI,NYSE,,0.02,EWT,https://www.ishares.com/us/products/239724/ishares-msci-taiwan-etf/1467271812596.ajax?dataType=fund&fileName=EWT_holdings&fileType=csv,,high
MWA,MUELLER WATER PRODUCTS INC SERIES,United States,Industrials,MWA,NYSE,,0.01,EWT,https://www.ishares.com/us/products/239724/ishares-msci-taiwan-etf/1467271812596.ajax?dataType=fund&fileName=EWT_holdings&fileType=csv,,high
MYRG,MYR GROUP INC,United States,Industrials,MYRG,NASDAQ,,0.01,EWT,https://www.ishares.com/us/products/239724/ishares-msci-taiwan-etf/1467271812596.ajax?dataType=fund&fileName=EWT_holdings&fileType=csv,,high
NNE,NANO NUCLEAR ENERGY INC,United States,Industrials,NNE,NASDAQ,,0.0,EWT,https://www.ishares.com/us/products/239724/ishares-msci-taiwan-etf/1467271812596.ajax?dataType=fund&fileName=EWT_holdings&fileType=csv,,high
NPK,NATIONAL PRESTO INDUSTRIES INC,United States,Industrials,NPK,NYSE,,0.0,EWT,https://www.ishares.com/us/products/239724/ishares-msci-taiwan-etf/1467271812596.ajax?dataType=fund&fileName=EWT_holdings&fileType=csv,,high
NXT,NEXTPOWER INC CLASS A,United States,Industrials,NXT,NASDAQ,,0.02,EWT,https://www.ishares.com/us/products/239724/ishares-msci-taiwan-etf/1467271812596.ajax?dataType=fund&fileName=EWT_holdings&fileType=csv,,high
NDSN,NORDSON CORP,United States,Industrials,NDSN,NASDAQ,,0.02,EWT,https://www.ishares.com/us/products/239724/ishares-msci-taiwan-etf/1467271812596.ajax?dataType=fund&fileName=EWT_holdings&fileType=csv,,high
NSC,NORFOLK SOUTHERN CORP,United States,Industrials,NSC,NYSE,,0.1,EWT,https://www.ishares.com/us/products/239724/ishares-msci-taiwan-etf/1467271812596.ajax?dataType=fund&fileName=EWT_holdings&fileType=csv,,high
NOC,NORTHROP GRUMMAN CORP,United States,Industrials,NOC,NYSE,,0.15,EWT,https://www.ishares.com/us/products/239724/ishares-msci-taiwan-etf/1467271812596.ajax?dataType=fund&fileName=EWT_holdings&fileType=csv,,high
NPKI,NPK INTERNATIONAL INC,United States,Industrials,NPKI,NYSE,,0.0,EWT,https://www.ishares.com/us/products/239724/ishares-msci-taiwan-etf/1467271812596.ajax?dataType=fund&fileName=EWT_holdings&fileType=csv,,high
SMR,NUSCALE POWER CORP CLASS A,United States,Industrials,SMR,NYSE,,0.0,EWT,https://www.ishares.com/us/products/239724/ishares-msci-taiwan-etf/1467271812596.ajax?dataType=fund&fileName=EWT_holdings&fileType=csv,,high
NVT,NVENT ELECTRIC PLC,United States,Industrials,NVT,NYSE,,0.03,EWT,https://www.ishares.com/us/products/239724/ishares-msci-taiwan-etf/1467271812596.ajax?dataType=fund&fileName=EWT_holdings&fileType=csv,,high
NWPX,NWPX INFRASTRUCTURE INC,United States,Industrials,NWPX,NASDAQ,,0.0,EWT,https://www.ishares.com/us/products/239724/ishares-msci-taiwan-etf/1467271812596.ajax?dataType=fund&fileName=EWT_holdings&fileType=csv,,high
ODFL,OLD DOMINION FREIGHT LINE INC,United States,Industrials,ODFL,NASDAQ,,0.05,EWT,https://www.ishares.com/us/products/239724/ishares-msci-taiwan-etf/1467271812596.ajax?dataType=fund&fileName=EWT_holdings&fileType=csv,,high
OFLX,OMEGA FLEX INC,United States,Industrials,OFLX,NASDAQ,,0.0,EWT,https://www.ishares.com/us/products/239724/ishares-msci-taiwan-etf/1467271812596.ajax?dataType=fund&fileName=EWT_holdings&fileType=csv,,high
OPLN,OPENLANE INC,United States,Industrials,OPLN,NYSE,,0.01,EWT,https://www.ishares.com/us/products/239724/ishares-msci-taiwan-etf/1467271812596.ajax?dataType=fund&fileName=EWT_holdings&fileType=csv,,high
ORN,ORION GROUP INC,United States,Industrials,ORN,NYSE,,0.0,EWT,https://www.ishares.com/us/products/239724/ishares-msci-taiwan-etf/1467271812596.ajax?dataType=fund&fileName=EWT_holdings&fileType=csv,,high
OSK,OSHKOSH CORP,United States,Industrials,OSK,NYSE,,0.01,EWT,https://www.ishares.com/us/products/239724/ishares-msci-taiwan-etf/1467271812596.ajax?dataType=fund&fileName=EWT_holdings&fileType=csv,,high
OTIS,OTIS WORLDWIDE CORP,United States,Industrials,OTIS,NYSE,,0.05,EWT,https://www.ishares.com/us/products/239724/ishares-msci-taiwan-etf/1467271812596.ajax?dataType=fund&fileName=EWT_holdings&fileType=csv,,high
OC,OWENS CORNING,United States,Industrials,OC,NYSE,,0.01,EWT,https://www.ishares.com/us/products/239724/ishares-msci-taiwan-etf/1467271812596.ajax?dataType=fund&fileName=EWT_holdings&fileType=csv,,high
PCAR,PACCAR INC,United States,Industrials,PCAR,NASDAQ,,0.1,EWT,https://www.ishares.com/us/products/239724/ishares-msci-taiwan-etf/1467271812596.ajax?dataType=fund&fileName=EWT_holdings&fileType=csv,,high
PH,PARKER-HANNIFIN CORP,United States,Industrials,PH,NYSE,,0.18,EWT,https://www.ishares.com/us/products/239724/ishares-msci-taiwan-etf/1467271812596.ajax?dataType=fund&fileName=EWT_holdings&fileType=csv,,high
PSN,PARSONS CORP,United States,Industrials,PSN,NYSE,,0.01,EWT,https://www.ishares.com/us/products/239724/ishares-msci-taiwan-etf/1467271812596.ajax?dataType=fund&fileName=EWT_holdings&fileType=csv,,high
PAYX,PAYCHEX INC,United States,Industrials,PAYX,NASDAQ,,0.05,EWT,https://www.ishares.com/us/products/239724/ishares-msci-taiwan-etf/1467271812596.ajax?dataType=fund&fileName=EWT_holdings&fileType=csv,,high
PAYC,PAYCOM SOFTWARE INC,United States,Industrials,PAYC,NYSE,,0.01,EWT,https://www.ishares.com/us/products/239724/ishares-msci-taiwan-etf/1467271812596.ajax?dataType=fund&fileName=EWT_holdings&fileType=csv,,high
PCTY,PAYLOCITY HOLDING CORP,United States,Industrials,PCTY,NASDAQ,,0.01,EWT,https://www.ishares.com/us/products/239724/ishares-msci-taiwan-etf/1467271812596.ajax?dataType=fund&fileName=EWT_holdings&fileType=csv,,high
PNR,PENTAIR,United States,Industrials,PNR,NYSE,,0.02,EWT,https://www.ishares.com/us/products/239724/ishares-msci-taiwan-etf/1467271812596.ajax?dataType=fund&fileName=EWT_holdings&fileType=csv,,high
PL,PLANET LABS CLASS A,United States,Industrials,PL,NYSE,,0.01,EWT,https://www.ishares.com/us/products/239724/ishares-msci-taiwan-etf/1467271812596.ajax?dataType=fund&fileName=EWT_holdings&fileType=csv,,high
PLUG,PLUG POWER INC,United States,Industrials,PLUG,NASDAQ,,0.0,EWT,https://www.ishares.com/us/products/239724/ishares-msci-taiwan-etf/1467271812596.ajax?dataType=fund&fileName=EWT_holdings&fileType=csv,,high
POWL,POWELL INDUSTRIES INC,United States,Industrials,POWL,NASDAQ,,0.01,EWT,https://www.ishares.com/us/products/239724/ishares-msci-taiwan-etf/1467271812596.ajax?dataType=fund&fileName=EWT_holdings&fileType=csv,,high
PSIX,POWER SOLUTIONS INTERNATIONAL INC,United States,Industrials,PSIX,NASDAQ,,0.0,EWT,https://www.ishares.com/us/products/239724/ishares-msci-taiwan-etf/1467271812596.ajax?dataType=fund&fileName=EWT_holdings&fileType=csv,,high
PLPC,PREFORMED LINE PRODUCTS,United States,Industrials,PLPC,NASDAQ,,0.0,EWT,https://www.ishares.com/us/products/239724/ishares-msci-taiwan-etf/1467271812596.ajax?dataType=fund&fileName=EWT_holdings&fileType=csv,,high
PRIM,PRIMORIS SERVICES CORP,United States,Industrials,PRIM,NYSE,,0.01,EWT,https://www.ishares.com/us/products/239724/ishares-msci-taiwan-etf/1467271812596.ajax?dataType=fund&fileName=EWT_holdings&fileType=csv,,high
PRLB,PROTO LABS INC,United States,Industrials,PRLB,NYSE,,0.0,EWT,https://www.ishares.com/us/products/239724/ishares-msci-taiwan-etf/1467271812596.ajax?dataType=fund&fileName=EWT_holdings&fileType=csv,,high
NX,QUANEX BUILDING PRODUCTS CORP,United States,Industrials,NX,NYSE,,0.0,EWT,https://www.ishares.com/us/products/239724/ishares-msci-taiwan-etf/1467271812596.ajax?dataType=fund&fileName=EWT_holdings&fileType=csv,,high
PWR,QUANTA SERVICES INC,United States,Industrials,PWR,NYSE,,0.13,EWT,https://www.ishares.com/us/products/239724/ishares-msci-taiwan-etf/1467271812596.ajax?dataType=fund&fileName=EWT_holdings&fileType=csv,,high
QXO,QXO INC,United States,Industrials,QXO,NYSE,,0.02,EWT,https://www.ishares.com/us/products/239724/ishares-msci-taiwan-etf/1467271812596.ajax?dataType=fund&fileName=EWT_holdings&fileType=csv,,high
RBA,RB GLOBAL INC,Canada,Industrials,RBA,NYSE,,0.03,EWT,https://www.ishares.com/us/products/239724/ishares-msci-taiwan-etf/1467271812596.ajax?dataType=fund&fileName=EWT_holdings&fileType=csv,,high
RBC,RBC BEARINGS INC,United States,Industrials,RBC,NYSE,,0.03,EWT,https://www.ishares.com/us/products/239724/ishares-msci-taiwan-etf/1467271812596.ajax?dataType=fund&fileName=EWT_holdings&fileType=csv,,high
RCAT,RED CAT HOLDINGS INC,United States,Industrials,RCAT,NASDAQ,,0.0,EWT,https://www.ishares.com/us/products/239724/ishares-msci-taiwan-etf/1467271812596.ajax?dataType=fund&fileName=EWT_holdings&fileType=csv,,high
RDW,REDWIRE CORP,United States,Industrials,RDW,NYSE,,0.0,EWT,https://www.ishares.com/us/products/239724/ishares-msci-taiwan-etf/1467271812596.ajax?dataType=fund&fileName=EWT_holdings&fileType=csv,,high
RRX,REGAL REXNORD CORP,United States,Industrials,RRX,NYSE,,0.02,EWT,https://www.ishares.com/us/products/239724/ishares-msci-taiwan-etf/1467271812596.ajax?dataType=fund&fileName=EWT_holdings&fileType=csv,,high
RSG,REPUBLIC SERVICES INC,United States,Industrials,RSG,NYSE,,0.07,EWT,https://www.ishares.com/us/products/239724/ishares-msci-taiwan-etf/1467271812596.ajax?dataType=fund&fileName=EWT_holdings&fileType=csv,,high
REZI,RESIDEO TECHNOLOGIES INC,United States,Industrials,REZI,NYSE,,0.01,EWT,https://www.ishares.com/us/products/239724/ishares-msci-taiwan-etf/1467271812596.ajax?dataType=fund&fileName=EWT_holdings&fileType=csv,,high
RHLD,RESOLUTE HOLDINGS MANAGEMENT INC,United States,Industrials,RHLD,NYSE,,0.0,EWT,https://www.ishares.com/us/products/239724/ishares-msci-taiwan-etf/1467271812596.ajax?dataType=fund&fileName=EWT_holdings&fileType=csv,,high
RGP,RESOURCES CONNECTION INC,United States,Industrials,RGP,NASDAQ,,0.0,EWT,https://www.ishares.com/us/products/239724/ishares-msci-taiwan-etf/1467271812596.ajax?dataType=fund&fileName=EWT_holdings&fileType=csv,,high
RR,RICHTECH ROBOTICS INC CLASS B,United States,Industrials,RR,NASDAQ,,0.0,EWT,https://www.ishares.com/us/products/239724/ishares-msci-taiwan-etf/1467271812596.ajax?dataType=fund&fileName=EWT_holdings&fileType=csv,,high
RHI,ROBERT HALF,United States,Industrials,RHI,NYSE,,0.0,EWT,https://www.ishares.com/us/products/239724/ishares-msci-taiwan-etf/1467271812596.ajax?dataType=fund&fileName=EWT_holdings&fileType=csv,,high
RKLB,ROCKET LAB CORP,United States,Industrials,RKLB,NASDAQ,,0.05,EWT,https://www.ishares.com/us/products/239724/ishares-msci-taiwan-etf/1467271812596.ajax?dataType=fund&fileName=EWT_holdings&fileType=csv,,high
ROK,ROCKWELL AUTOMATION INC,United States,Industrials,ROK,NYSE,,0.06,EWT,https://www.ishares.com/us/products/239724/ishares-msci-taiwan-etf/1467271812596.ajax?dataType=fund&fileName=EWT_holdings&fileType=csv,,high
ROL,ROLLINS INC,United States,Industrials,ROL,NYSE,,0.02,EWT,https://www.ishares.com/us/products/239724/ishares-msci-taiwan-etf/1467271812596.ajax?dataType=fund&fileName=EWT_holdings&fileType=csv,,high
RTX,RTX CORP,United States,Industrials,RTX,NYSE,,0.42,EWT,https://www.ishares.com/us/products/239724/ishares-msci-taiwan-etf/1467271812596.ajax?dataType=fund&fileName=EWT_holdings&fileType=csv,,high
RUSHA,RUSH ENTERPRISES INC CLASS A,United States,Industrials,RUSHA,NASDAQ,,0.01,EWT,https://www.ishares.com/us/products/239724/ishares-msci-taiwan-etf/1467271812596.ajax?dataType=fund&fileName=EWT_holdings&fileType=csv,,high
RUSHB,RUSH ENTERPRISES INC CLASS B,United States,Industrials,RUSHB,NASDAQ,,0.0,EWT,https://www.ishares.com/us/products/239724/ishares-msci-taiwan-etf/1467271812596.ajax?dataType=fund&fileName=EWT_holdings&fileType=csv,,high
RXO,RXO INC,United States,Industrials,RXO,NYSE,,0.0,EWT,https://www.ishares.com/us/products/239724/ishares-msci-taiwan-etf/1467271812596.ajax?dataType=fund&fileName=EWT_holdings&fileType=csv,,high
R,RYDER SYSTEM INC,United States,Industrials,R,NYSE,,0.01,EWT,https://www.ishares.com/us/products/239724/ishares-msci-taiwan-etf/1467271812596.ajax?dataType=fund&fileName=EWT_holdings&fileType=csv,,high
SAIA,SAIA INC,United States,Industrials,SAIA,NASDAQ,,0.01,EWT,https://www.ishares.com/us/products/239724/ishares-msci-taiwan-etf/1467271812596.ajax?dataType=fund&fileName=EWT_holdings&fileType=csv,,high
SNDR,SCHNEIDER NATIONAL INC CLASS B,United States,Industrials,SNDR,NYSE,,0.0,EWT,https://www.ishares.com/us/products/239724/ishares-msci-taiwan-etf/1467271812596.ajax?dataType=fund&fileName=EWT_holdings&fileType=csv,,high
SAIC,SCIENCE APPLICATIONS INTERNATIONAL,United States,Industrials,SAIC,NASDAQ,,0.01,EWT,https://www.ishares.com/us/products/239724/ishares-msci-taiwan-etf/1467271812596.ajax?dataType=fund&fileName=EWT_holdings&fileType=csv,,high
ST,SENSATA TECHNOLOGIES HOLDING PLC,United States,Industrials,ST,NYSE,,0.01,EWT,https://www.ishares.com/us/products/239724/ishares-msci-taiwan-etf/1467271812596.ajax?dataType=fund&fileName=EWT_holdings&fileType=csv,,high
SES,SES AI CORP CLASS A,United States,Industrials,SES,NYSE,,0.0,EWT,https://www.ishares.com/us/products/239724/ishares-msci-taiwan-etf/1467271812596.ajax?dataType=fund&fileName=EWT_holdings&fileType=csv,,high
SHLS,SHOALS TECHNOLOGIES GROUP INC CLAS,United States,Industrials,SHLS,NASDAQ,,0.0,EWT,https://www.ishares.com/us/products/239724/ishares-msci-taiwan-etf/1467271812596.ajax?dataType=fund&fileName=EWT_holdings&fileType=csv,,high
SSD,SIMPSON MANUFACTURING INC,United States,Industrials,SSD,NYSE,,0.01,EWT,https://www.ishares.com/us/products/239724/ishares-msci-taiwan-etf/1467271812596.ajax?dataType=fund&fileName=EWT_holdings&fileType=csv,,high
SITE,SITEONE LANDSCAPE SUPPLY INC,United States,Industrials,SITE,NYSE,,0.01,EWT,https://www.ishares.com/us/products/239724/ishares-msci-taiwan-etf/1467271812596.ajax?dataType=fund&fileName=EWT_holdings&fileType=csv,,high
SKYW,SKYWEST INC,United States,Industrials,SKYW,NASDAQ,,0.01,EWT,https://www.ishares.com/us/products/239724/ishares-msci-taiwan-etf/1467271812596.ajax?dataType=fund&fileName=EWT_holdings&fileType=csv,,high
SNA,SNAP ON INC,United States,Industrials,SNA,NYSE,,0.03,EWT,https://www.ishares.com/us/products/239724/ishares-msci-taiwan-etf/1467271812596.ajax?dataType=fund&fileName=EWT_holdings&fileType=csv,,high
LUV,SOUTHWEST AIRLINES,United States,Industrials,LUV,NYSE,,0.03,EWT,https://www.ishares.com/us/products/239724/ishares-msci-taiwan-etf/1467271812596.ajax?dataType=fund&fileName=EWT_holdings&fileType=csv,,high
SPIR,SPIRE GLOBAL INC CLASS A,United States,Industrials,SPIR,NYSE,,0.0,EWT,https://www.ishares.com/us/products/239724/ishares-msci-taiwan-etf/1467271812596.ajax?dataType=fund&fileName=EWT_holdings&fileType=csv,,high
SPXC,SPX TECHNOLOGIES INC,United States,Industrials,SPXC,NYSE,,0.02,EWT,https://www.ishares.com/us/products/239724/ishares-msci-taiwan-etf/1467271812596.ajax?dataType=fund&fileName=EWT_holdings&fileType=csv,,high
SSNC,SS AND C TECHNOLOGIES HOLDINGS INC,United States,Industrials,SSNC,NASDAQ,,0.02,EWT,https://www.ishares.com/us/products/239724/ishares-msci-taiwan-etf/1467271812596.ajax?dataType=fund&fileName=EWT_holdings&fileType=csv,,high
SARO,STANDARDAERO,United States,Industrials,SARO,NYSE,,0.01,EWT,https://www.ishares.com/us/products/239724/ishares-msci-taiwan-etf/1467271812596.ajax?dataType=fund&fileName=EWT_holdings&fileType=csv,,high
SXI,STANDEX INTERNATIONAL CORP,United States,Industrials,SXI,NYSE,,0.01,EWT,https://www.ishares.com/us/products/239724/ishares-msci-taiwan-etf/1467271812596.ajax?dataType=fund&fileName=EWT_holdings&fileType=csv,,high
SWK,STANLEY BLACK & DECKER INC,United States,Industrials,SWK,NYSE,,0.02,EWT,https://www.ishares.com/us/products/239724/ishares-msci-taiwan-etf/1467271812596.ajax?dataType=fund&fileName=EWT_holdings&fileType=csv,,high
STRL,STERLING INFRASTRUCTURE INC,United States,Industrials,STRL,NASDAQ,,0.02,EWT,https://www.ishares.com/us/products/239724/ishares-msci-taiwan-etf/1467271812596.ajax?dataType=fund&fileName=EWT_holdings&fileType=csv,,high
SNCY,SUN COUNTRY AIRLINES HOLDINGS INC,United States,Industrials,SNCY,NASDAQ,,0.0,EWT,https://www.ishares.com/us/products/239724/ishares-msci-taiwan-etf/1467271812596.ajax?dataType=fund&fileName=EWT_holdings&fileType=csv,,high
RUN,SUNRUN INC,United States,Industrials,RUN,NASDAQ,,0.0,EWT,https://www.ishares.com/us/products/239724/ishares-msci-taiwan-etf/1467271812596.ajax?dataType=fund&fileName=EWT_holdings&fileType=csv,,high
SYM,SYMBOTIC INC CLASS A,United States,Industrials,SYM,NASDAQ,,0.0,EWT,https://www.ishares.com/us/products/239724/ishares-msci-taiwan-etf/1467271812596.ajax?dataType=fund&fileName=EWT_holdings&fileType=csv,,high
TE,T1 ENERGY INC,United States,Industrials,TE,NYSE,,0.0,EWT,https://www.ishares.com/us/products/239724/ishares-msci-taiwan-etf/1467271812596.ajax?dataType=fund&fileName=EWT_holdings&fileType=csv,,high
TGLS,TECNOGLASS INC,United States,Industrials,TGLS,NYSE,,0.0,EWT,https://www.ishares.com/us/products/239724/ishares-msci-taiwan-etf/1467271812596.ajax?dataType=fund&fileName=EWT_holdings&fileType=csv,,high
TNC,TENNANT,United States,Industrials,TNC,NYSE,,0.0,EWT,https://www.ishares.com/us/products/239724/ishares-msci-taiwan-etf/1467271812596.ajax?dataType=fund&fileName=EWT_holdings&fileType=csv,,high
TEX,TEREX CORP,United States,Industrials,TEX,NYSE,,0.01,EWT,https://www.ishares.com/us/products/239724/ishares-msci-taiwan-etf/1467271812596.ajax?dataType=fund&fileName=EWT_holdings&fileType=csv,,high
IMSR,TERRESTRIAL ENERGY INC,United States,Industrials,IMSR,NASDAQ,,0.0,EWT,https://www.ishares.com/us/products/239724/ishares-msci-taiwan-etf/1467271812596.ajax?dataType=fund&fileName=EWT_holdings&fileType=csv,,high
TTEK,TETRA TECH INC,United States,Industrials,TTEK,NASDAQ,,0.01,EWT,https://www.ishares.com/us/products/239724/ishares-msci-taiwan-etf/1467271812596.ajax?dataType=fund&fileName=EWT_holdings&fileType=csv,,high
TXT,TEXTRON INC,United States,Industrials,TXT,NYSE,,0.02,EWT,https://www.ishares.com/us/products/239724/ishares-msci-taiwan-etf/1467271812596.ajax?dataType=fund&fileName=EWT_holdings&fileType=csv,,high
THR,THERMON GROUP HOLDINGS INC,United States,Industrials,THR,NYSE,,0.0,EWT,https://www.ishares.com/us/products/239724/ishares-msci-taiwan-etf/1467271812596.ajax?dataType=fund&fileName=EWT_holdings&fileType=csv,,high
TIC,TIC SOLUTIONS INC,United States,Industrials,TIC,NYSE,,0.0,EWT,https://www.ishares.com/us/products/239724/ishares-msci-taiwan-etf/1467271812596.ajax?dataType=fund&fileName=EWT_holdings&fileType=csv,,high
TKR,TIMKEN,United States,Industrials,TKR,NYSE,,0.01,EWT,https://www.ishares.com/us/products/239724/ishares-msci-taiwan-etf/1467271812596.ajax?dataType=fund&fileName=EWT_holdings&fileType=csv,,high
TWI,TITAN INTERNATIONAL INC,United States,Industrials,TWI,NYSE,,0.0,EWT,https://www.ishares.com/us/products/239724/ishares-msci-taiwan-etf/1467271812596.ajax?dataType=fund&fileName=EWT_holdings&fileType=csv,,high
TITN,TITAN MACHINERY INC,United States,Industrials,TITN,NASDAQ,,0.0,EWT,https://www.ishares.com/us/products/239724/ishares-msci-taiwan-etf/1467271812596.ajax?dataType=fund&fileName=EWT_holdings&fileType=csv,,high
TTC,TORO,United States,Industrials,TTC,NYSE,,0.01,EWT,https://www.ishares.com/us/products/239724/ishares-msci-taiwan-etf/1467271812596.ajax?dataType=fund&fileName=EWT_holdings&fileType=csv,,high
TT,TRANE TECHNOLOGIES PLC,United States,Industrials,TT,NYSE,,0.14,EWT,https://www.ishares.com/us/products/239724/ishares-msci-taiwan-etf/1467271812596.ajax?dataType=fund&fileName=EWT_holdings&fileType=csv,,high
TDG,TRANSDIGM GROUP INC,United States,Industrials,TDG,NYSE,,0.11,EWT,https://www.ishares.com/us/products/239724/ishares-msci-taiwan-etf/1467271812596.ajax?dataType=fund&fileName=EWT_holdings&fileType=csv,,high
TRU,TRANSUNION,United States,Industrials,TRU,NYSE,,0.02,EWT,https://www.ishares.com/us/products/239724/ishares-msci-taiwan-etf/1467271812596.ajax?dataType=fund&fileName=EWT_holdings&fileType=csv,,high
TREX,TREX INC,United States,Industrials,TREX,NYSE,,0.01,EWT,https://www.ishares.com/us/products/239724/ishares-msci-taiwan-etf/1467271812596.ajax?dataType=fund&fileName=EWT_holdings&fileType=csv,,high
TNET,TRINET GROUP INCINARY,United States,Industrials,TNET,NYSE,,0.0,EWT,https://www.ishares.com/us/products/239724/ishares-msci-taiwan-etf/1467271812596.ajax?dataType=fund&fileName=EWT_holdings&fileType=csv,,high
TRN,TRINITY INDUSTRIES INC,United States,Industrials,TRN,NYSE,,0.0,EWT,https://www.ishares.com/us/products/239724/ishares-msci-taiwan-etf/1467271812596.ajax?dataType=fund&fileName=EWT_holdings&fileType=csv,,high
TPC,TUTOR PERINI CORP,United States,Industrials,TPC,NYSE,,0.01,EWT,https://www.ishares.com/us/products/239724/ishares-msci-taiwan-etf/1467271812596.ajax?dataType=fund&fileName=EWT_holdings&fileType=csv,,high
UHAL,U HAUL HOLDING,United States,Industrials,UHAL,NYSE,,0.0,EWT,https://www.ishares.com/us/products/239724/ishares-msci-taiwan-etf/1467271812596.ajax?dataType=fund&fileName=EWT_holdings&fileType=csv,,high
UHALB,U HAUL NON VOTING SERIES N,United States,Industrials,UHALB,NYSE,,0.01,EWT,https://www.ishares.com/us/products/239724/ishares-msci-taiwan-etf/1467271812596.ajax?dataType=fund&fileName=EWT_holdings&fileType=csv,,high
UBER,UBER TECHNOLOGIES INC,United States,Industrials,UBER,NYSE,,0.23,EWT,https://www.ishares.com/us/products/239724/ishares-msci-taiwan-etf/1467271812596.ajax?dataType=fund&fileName=EWT_holdings&fileType=csv,,high
UFPI,UFP INDUSTRIES INC,United States,Industrials,UFPI,NASDAQ,,0.01,EWT,https://www.ishares.com/us/products/239724/ishares-msci-taiwan-etf/1467271812596.ajax?dataType=fund&fileName=EWT_holdings&fileType=csv,,high
ULS,UL SOLUTIONS INC CLASS A,United States,Industrials,ULS,NYSE,,0.01,EWT,https://www.ishares.com/us/products/239724/ishares-msci-taiwan-etf/1467271812596.ajax?dataType=fund&fileName=EWT_holdings&fileType=csv,,high
UNF,UNIFIRST CORP,United States,Industrials,UNF,NYSE,,0.01,EWT,https://www.ishares.com/us/products/239724/ishares-msci-taiwan-etf/1467271812596.ajax?dataType=fund&fileName=EWT_holdings&fileType=csv,,high
UNP,UNION PACIFIC CORP,United States,Industrials,UNP,NYSE,,0.23,EWT,https://www.ishares.com/us/products/239724/ishares-msci-taiwan-etf/1467271812596.ajax?dataType=fund&fileName=EWT_holdings&fileType=csv,,high
UAL,UNITED AIRLINES HOLDINGS INC,United States,Industrials,UAL,NASDAQ,,0.05,EWT,https://www.ishares.com/us/products/239724/ishares-msci-taiwan-etf/1467271812596.ajax?dataType=fund&fileName=EWT_holdings&fileType=csv,,high
UPS,UNITED PARCEL SERVICE INC CLASS B,United States,Industrials,UPS,NYSE,,0.11,EWT,https://www.ishares.com/us/products/239724/ishares-msci-taiwan-etf/1467271812596.ajax?dataType=fund&fileName=EWT_holdings&fileType=csv,,high
URI,UNITED RENTALS INC,United States,Industrials,URI,NYSE,,0.08,EWT,https://www.ishares.com/us/products/239724/ishares-msci-taiwan-etf/1467271812596.ajax?dataType=fund&fileName=EWT_holdings&fileType=csv,,high
UPWK,UPWORK INC,United States,Industrials,UPWK,NASDAQ,,0.0,EWT,https://www.ishares.com/us/products/239724/ishares-msci-taiwan-etf/1467271812596.ajax?dataType=fund&fileName=EWT_holdings&fileType=csv,,high
VVX,V2X INC,United States,Industrials,VVX,NYSE,,0.0,EWT,https://www.ishares.com/us/products/239724/ishares-msci-taiwan-etf/1467271812596.ajax?dataType=fund&fileName=EWT_holdings&fileType=csv,,high
VMI,VALMONT INDS INC,United States,Industrials,VMI,NYSE,,0.01,EWT,https://www.ishares.com/us/products/239724/ishares-msci-taiwan-etf/1467271812596.ajax?dataType=fund&fileName=EWT_holdings&fileType=csv,,high
VLTO,VERALTO CORP,United States,Industrials,VLTO,NYSE,,0.04,EWT,https://www.ishares.com/us/products/239724/ishares-msci-taiwan-etf/1467271812596.ajax?dataType=fund&fileName=EWT_holdings&fileType=csv,,high
VRSK,VERISK ANALYTICS INC,United States,Industrials,VRSK,NASDAQ,,0.04,EWT,https://www.ishares.com/us/products/239724/ishares-msci-taiwan-etf/1467271812596.ajax?dataType=fund&fileName=EWT_holdings&fileType=csv,,high
VRRM,VERRA MOBILITY CORP CLASS A,United States,Industrials,VRRM,NASDAQ,,0.0,EWT,https://www.ishares.com/us/products/239724/ishares-msci-taiwan-etf/1467271812596.ajax?dataType=fund&fileName=EWT_holdings&fileType=csv,,high
VRT,VERTIV HOLDINGS CLASS A,United States,Industrials,VRT,NYSE,,0.15,EWT,https://www.ishares.com/us/products/239724/ishares-msci-taiwan-etf/1467271812596.ajax?dataType=fund&fileName=EWT_holdings&fileType=csv,,high
VSTS,VESTIS CORP,United States,Industrials,VSTS,NYSE,,0.0,EWT,https://www.ishares.com/us/products/239724/ishares-msci-taiwan-etf/1467271812596.ajax?dataType=fund&fileName=EWT_holdings&fileType=csv,,high
VICR,VICOR CORP,United States,Industrials,VICR,NASDAQ,,0.01,EWT,https://www.ishares.com/us/products/239724/ishares-msci-taiwan-etf/1467271812596.ajax?dataType=fund&fileName=EWT_holdings&fileType=csv,,high
VOYG,VOYAGER TECHNOLOGIES INC CLASS A,United States,Industrials,VOYG,NYSE,,0.0,EWT,https://www.ishares.com/us/products/239724/ishares-msci-taiwan-etf/1467271812596.ajax?dataType=fund&fileName=EWT_holdings&fileType=csv,,high
VSEC,VSE CORP,United States,Industrials,VSEC,NASDAQ,,0.01,EWT,https://www.ishares.com/us/products/239724/ishares-msci-taiwan-etf/1467271812596.ajax?dataType=fund&fileName=EWT_holdings&fileType=csv,,high
WNC,WABASH NATIONAL CORP,United States,Industrials,WNC,NYSE,,0.0,EWT,https://www.ishares.com/us/products/239724/ishares-msci-taiwan-etf/1467271812596.ajax?dataType=fund&fileName=EWT_holdings&fileType=csv,,high
WM,WASTE MANAGEMENT INC,United States,Industrials,WM,NYSE,,0.14,EWT,https://www.ishares.com/us/products/239724/ishares-msci-taiwan-etf/1467271812596.ajax?dataType=fund&fileName=EWT_holdings&fileType=csv,,high
WSO,WATSCO INC,United States,Industrials,WSO,NYSE,,0.02,EWT,https://www.ishares.com/us/products/239724/ishares-msci-taiwan-etf/1467271812596.ajax?dataType=fund&fileName=EWT_holdings&fileType=csv,,high
WTS,WATTS WATER TECHNOLOGIES INC CLASS,United States,Industrials,WTS,NYSE,,0.01,EWT,https://www.ishares.com/us/products/239724/ishares-msci-taiwan-etf/1467271812596.ajax?dataType=fund&fileName=EWT_holdings&fileType=csv,,high
WERN,WERNER ENTERPRISES INC,United States,Industrials,WERN,NASDAQ,,0.0,EWT,https://www.ishares.com/us/products/239724/ishares-msci-taiwan-etf/1467271812596.ajax?dataType=fund&fileName=EWT_holdings&fileType=csv,,high
WCC,WESCO INTERNATIONAL INC,United States,Industrials,WCC,NYSE,,0.02,EWT,https://www.ishares.com/us/products/239724/ishares-msci-taiwan-etf/1467271812596.ajax?dataType=fund&fileName=EWT_holdings&fileType=csv,,high
WAB,WESTINGHOUSE AIR BRAKE TECHNOLOGIE,United States,Industrials,WAB,NYSE,,0.06,EWT,https://www.ishares.com/us/products/239724/ishares-msci-taiwan-etf/1467271812596.ajax?dataType=fund&fileName=EWT_holdings&fileType=csv,,high
WLDN,WILLDAN GROUP INC,United States,Industrials,WLDN,NASDAQ,,0.0,EWT,https://www.ishares.com/us/products/239724/ishares-msci-taiwan-etf/1467271812596.ajax?dataType=fund&fileName=EWT_holdings&fileType=csv,,high
WLFC,WILLIS LEASE FINANCE CORP,United States,Industrials,WLFC,NASDAQ,,0.0,EWT,https://www.ishares.com/us/products/239724/ishares-msci-taiwan-etf/1467271812596.ajax?dataType=fund&fileName=EWT_holdings&fileType=csv,,high
WSC,WILLSCOT HOLDINGS CORP CLASS A,United States,Industrials,WSC,NASDAQ,,0.01,EWT,https://www.ishares.com/us/products/239724/ishares-msci-taiwan-etf/1467271812596.ajax?dataType=fund&fileName=EWT_holdings&fileType=csv,,high
WWD,WOODWARD INC,United States,Industrials,WWD,NASDAQ,,0.04,EWT,https://www.ishares.com/us/products/239724/ishares-msci-taiwan-etf/1467271812596.ajax?dataType=fund&fileName=EWT_holdings&fileType=csv,,high
WOR,WORTHINGTON ENTERPRISES INC,United States,Industrials,WOR,NYSE,,0.0,EWT,https://www.ishares.com/us/products/239724/ishares-msci-taiwan-etf/1467271812596.ajax?dataType=fund&fileName=EWT_holdings&fileType=csv,,high
GWW,WW GRAINGER INC,United States,Industrials,GWW,NYSE,,0.07,EWT,https://www.ishares.com/us/products/239724/ishares-msci-taiwan-etf/1467271812596.ajax?dataType=fund&fileName=EWT_holdings&fileType=csv,,high
XMTR,XOMETRY INC CLASS A,United States,Industrials,XMTR,NASDAQ,,0.0,EWT,https://www.ishares.com/us/products/239724/ishares-msci-taiwan-etf/1467271812596.ajax?dataType=fund&fileName=EWT_holdings&fileType=csv,,high
XPO,XPO INC,United States,Industrials,XPO,NYSE,,0.03,EWT,https://www.ishares.com/us/products/239724/ishares-msci-taiwan-etf/1467271812596.ajax?dataType=fund&fileName=EWT_holdings&fileType=csv,,high
XYL,XYLEM INC,United States,Industrials,XYL,NYSE,,0.05,EWT,https://www.ishares.com/us/products/239724/ishares-msci-taiwan-etf/1467271812596.ajax?dataType=fund&fileName=EWT_holdings&fileType=csv,,high
ZWS,ZURN ELKAY WATER SOLUTIONS CORP,United States,Industrials,ZWS,NYSE,,0.01,EWT,https://www.ishares.com/us/products/239724/ishares-msci-taiwan-etf/1467271812596.ajax?dataType=fund&fileName=EWT_holdings&fileType=csv,,high
EGHT,8X8 INC,United States,Information Technology,EGHT,NASDAQ,,0.0,EWT,https://www.ishares.com/us/products/239724/ishares-msci-taiwan-etf/1467271812596.ajax?dataType=fund&fileName=EWT_holdings&fileType=csv,,high
ATEN,A10 NETWORKS INC,United States,Information Technology,ATEN,NYSE,,0.0,EWT,https://www.ishares.com/us/products/239724/ishares-msci-taiwan-etf/1467271812596.ajax?dataType=fund&fileName=EWT_holdings&fileType=csv,,high
ACN,ACCENTURE PLC CLASS A,United States,Information Technology,ACN,NYSE,,0.2,EWT,https://www.ishares.com/us/products/239724/ishares-msci-taiwan-etf/1467271812596.ajax?dataType=fund&fileName=EWT_holdings&fileType=csv,,high
ACIW,ACI WORLDWIDE INC,United States,Information Technology,ACIW,NASDAQ,,0.01,EWT,https://www.ishares.com/us/products/239724/ishares-msci-taiwan-etf/1467271812596.ajax?dataType=fund&fileName=EWT_holdings&fileType=csv,,high
ACMR,ACM RESEARCH CLASS A INC,United States,Information Technology,ACMR,NASDAQ,,0.0,EWT,https://www.ishares.com/us/products/239724/ishares-msci-taiwan-etf/1467271812596.ajax?dataType=fund&fileName=EWT_holdings&fileType=csv,,high
ADEA,ADEIA INC,United States,Information Technology,ADEA,NASDAQ,,0.0,EWT,https://www.ishares.com/us/products/239724/ishares-msci-taiwan-etf/1467271812596.ajax?dataType=fund&fileName=EWT_holdings&fileType=csv,,high
ADBE,ADOBE INC,United States,Information Technology,ADBE,NASDAQ,,0.18,EWT,https://www.ishares.com/us/products/239724/ishares-msci-taiwan-etf/1467271812596.ajax?dataType=fund&fileName=EWT_holdings&fileType=csv,,high
ADTN,ADTRAN HOLDINGS INC,United States,Information Technology,ADTN,NASDAQ,,0.0,EWT,https://www.ishares.com/us/products/239724/ishares-msci-taiwan-etf/1467271812596.ajax?dataType=fund&fileName=EWT_holdings&fileType=csv,,high
AEIS,ADVANCED ENERGY INDUSTRIES INC,United States,Information Technology,AEIS,NASDAQ,,0.02,EWT,https://www.ishares.com/us/products/239724/ishares-msci-taiwan-etf/1467271812596.ajax?dataType=fund&fileName=EWT_holdings&fileType=csv,,high
AMD,ADVANCED MICRO DEVICES INC,United States,Information Technology,AMD,NASDAQ,,0.5,EWT,https://www.ishares.com/us/products/239724/ishares-msci-taiwan-etf/1467271812596.ajax?dataType=fund&fileName=EWT_holdings&fileType=csv,,high
AEHR,AEHR TEST SYSTEMS,United States,Information Technology,AEHR,NASDAQ,,0.0,EWT,https://www.ishares.com/us/products/239724/ishares-msci-taiwan-etf/1467271812596.ajax?dataType=fund&fileName=EWT_holdings&fileType=csv,,high
AEVA,AEVA TECHNOLOGIES INC,United States,Information Technology,AEVA,NASDAQ,,0.0,EWT,https://www.ishares.com/us/products/239724/ishares-msci-taiwan-etf/1467271812596.ajax?dataType=fund&fileName=EWT_holdings&fileType=csv,,high
AGYS,AGILYSYS INC,United States,Information Technology,AGYS,NASDAQ,,0.0,EWT,https://www.ishares.com/us/products/239724/ishares-msci-taiwan-etf/1467271812596.ajax?dataType=fund&fileName=EWT_holdings&fileType=csv,,high
AKAM,AKAMAI TECHNOLOGIES INC,United States,Information Technology,AKAM,NASDAQ,,0.02,EWT,https://www.ishares.com/us/products/239724/ishares-msci-taiwan-etf/1467271812596.ajax?dataType=fund&fileName=EWT_holdings&fileType=csv,,high
ALRM,ALARM.COM HOLDINGS INC,United States,Information Technology,ALRM,NASDAQ,,0.0,EWT,https://www.ishares.com/us/products/239724/ishares-msci-taiwan-etf/1467271812596.ajax?dataType=fund&fileName=EWT_holdings&fileType=csv,,high
ALKT,ALKAMI TECHNOLOGY INC,United States,Information Technology,ALKT,NASDAQ,,0.0,EWT,https://www.ishares.com/us/products/239724/ishares-msci-taiwan-etf/1467271812596.ajax?dataType=fund&fileName=EWT_holdings&fileType=csv,,high
ALGM,ALLEGRO MICROSYSTEMS INC,United States,Information Technology,ALGM,NASDAQ,,0.01,EWT,https://www.ishares.com/us/products/239724/ishares-msci-taiwan-etf/1467271812596.ajax?dataType=fund&fileName=EWT_holdings&fileType=csv,,high
AOSL,ALPHA AND OMEGA SEMICONDUCTOR LTD,United States,Information Technology,AOSL,NASDAQ,,0.0,EWT,https://www.ishares.com/us/products/239724/ishares-msci-taiwan-etf/1467271812596.ajax?dataType=fund&fileName=EWT_holdings&fileType=csv,,high
AMBA,AMBARELLA INC,United States,Information Technology,AMBA,NASDAQ,,0.0,EWT,https://www.ishares.com/us/products/239724/ishares-msci-taiwan-etf/1467271812596.ajax?dataType=fund&fileName=EWT_holdings&fileType=csv,,high
AMKR,AMKOR TECHNOLOGY INC,United States,Information Technology,AMKR,NASDAQ,,0.01,EWT,https://www.ishares.com/us/products/239724/ishares-msci-taiwan-etf/1467271812596.ajax?dataType=fund&fileName=EWT_holdings&fileType=csv,,high
APH,AMPHENOL CORP CLASS A,United States,Information Technology,APH,NYSE,,0.25,EWT,https://www.ishares.com/us/products/239724/ishares-msci-taiwan-etf/1467271812596.ajax?dataType=fund&fileName=EWT_holdings&fileType=csv,,high
AMPL,AMPLITUDE INC CLASS A,United States,Information Technology,AMPL,NASDAQ,,0.0,EWT,https://www.ishares.com/us/products/239724/ishares-msci-taiwan-etf/1467271812596.ajax?dataType=fund&fileName=EWT_holdings&fileType=csv,,high
ADI,ANALOG DEVICES INC,United States,Information Technology,ADI,NASDAQ,,0.24,EWT,https://www.ishares.com/us/products/239724/ishares-msci-taiwan-etf/1467271812596.ajax?dataType=fund&fileName=EWT_holdings&fileType=csv,,high
APPF,APPFOLIO INC CLASS A,United States,Information Technology,APPF,NASDAQ,,0.01,EWT,https://www.ishares.com/us/products/239724/ishares-msci-taiwan-etf/1467271812596.ajax?dataType=fund&fileName=EWT_holdings&fileType=csv,,high
APPN,APPIAN CORP CLASS A,United States,Information Technology,APPN,NASDAQ,,0.0,EWT,https://www.ishares.com/us/products/239724/ishares-msci-taiwan-etf/1467271812596.ajax?dataType=fund&fileName=EWT_holdings&fileType=csv,,high
AAPL,APPLE INC,United States,Information Technology,AAPL,NASDAQ,,5.83,EWT,https://www.ishares.com/us/products/239724/ishares-msci-taiwan-etf/1467271812596.ajax?dataType=fund&fileName=EWT_holdings&fileType=csv,,high
APLD,APPLIED DIGITAL CORP,United States,Information Technology,APLD,NASDAQ,,0.01,EWT,https://www.ishares.com/us/products/239724/ishares-msci-taiwan-etf/1467271812596.ajax?dataType=fund&fileName=EWT_holdings&fileType=csv,,high
AMAT,APPLIED MATERIAL INC,United States,Information Technology,AMAT,NASDAQ,,0.41,EWT,https://www.ishares.com/us/products/239724/ishares-msci-taiwan-etf/1467271812596.ajax?dataType=fund&fileName=EWT_holdings&fileType=csv,,high
AAOI,APPLIED OPTOELECTRONICS INC,United States,Information Technology,AAOI,NASDAQ,,0.01,EWT,https://www.ishares.com/us/products/239724/ishares-msci-taiwan-etf/1467271812596.ajax?dataType=fund&fileName=EWT_holdings&fileType=csv,,high
APP,APPLOVIN CORP CLASS A,United States,Information Technology,APP,NASDAQ,,0.21,EWT,https://www.ishares.com/us/products/239724/ishares-msci-taiwan-etf/1467271812596.ajax?dataType=fund&fileName=EWT_holdings&fileType=csv,,high
ANET,ARISTA NETWORKS INC,United States,Information Technology,ANET,NYSE,,0.21,EWT,https://www.ishares.com/us/products/239724/ishares-msci-taiwan-etf/1467271812596.ajax?dataType=fund&fileName=EWT_holdings&fileType=csv,,high
ARLO,ARLO TECHNOLOGIES INC,United States,Information Technology,ARLO,NYSE,,0.0,EWT,https://www.ishares.com/us/products/239724/ishares-msci-taiwan-etf/1467271812596.ajax?dataType=fund&fileName=EWT_holdings&fileType=csv,,high
ARW,ARROW ELECTRONICS INC,United States,Information Technology,ARW,NYSE,,0.01,EWT,https://www.ishares.com/us/products/239724/ishares-msci-taiwan-etf/1467271812596.ajax?dataType=fund&fileName=EWT_holdings&fileType=csv,,high
ASAN,ASANA INC CLASS A,United States,Information Technology,ASAN,NYSE,,0.0,EWT,https://www.ishares.com/us/products/239724/ishares-msci-taiwan-etf/1467271812596.ajax?dataType=fund&fileName=EWT_holdings&fileType=csv,,high
ASGN,ASGN INC,United States,Information Technology,ASGN,NYSE,,0.0,EWT,https://www.ishares.com/us/products/239724/ishares-msci-taiwan-etf/1467271812596.ajax?dataType=fund&fileName=EWT_holdings&fileType=csv,,high
ALAB,ASTERA LABS INC,United States,Information Technology,ALAB,NASDAQ,,0.02,EWT,https://www.ishares.com/us/products/239724/ishares-msci-taiwan-etf/1467271812596.ajax?dataType=fund&fileName=EWT_holdings&fileType=csv,,high
TEAM,ATLASSIAN CORP CLASS A,United States,Information Technology,TEAM,NASDAQ,,0.02,EWT,https://www.ishares.com/us/products/239724/ishares-msci-taiwan-etf/1467271812596.ajax?dataType=fund&fileName=EWT_holdings&fileType=csv,,high
AUR,AURORA INNOVATION INC CLASS A,United States,Information Technology,AUR,NASDAQ,,0.01,EWT,https://www.ishares.com/us/products/239724/ishares-msci-taiwan-etf/1467271812596.ajax?dataType=fund&fileName=EWT_holdings&fileType=csv,,high
ADSK,AUTODESK INC,United States,Information Technology,ADSK,NASDAQ,,0.08,EWT,https://www.ishares.com/us/products/239724/ishares-msci-taiwan-etf/1467271812596.ajax?dataType=fund&fileName=EWT_holdings&fileType=csv,,high
AVPT,AVEPOINT INC CLASS A,United States,Information Technology,AVPT,NASDAQ,,0.0,EWT,https://www.ishares.com/us/products/239724/ishares-msci-taiwan-etf/1467271812596.ajax?dataType=fund&fileName=EWT_holdings&fileType=csv,,high
AVNW,AVIAT NETWORKS INC,United States,Information Technology,AVNW,NASDAQ,,0.0,EWT,https://www.ishares.com/us/products/239724/ishares-msci-taiwan-etf/1467271812596.ajax?dataType=fund&fileName=EWT_holdings&fileType=csv,,high
AVT,AVNET INC,United States,Information Technology,AVT,NASDAQ,,0.01,EWT,https://www.ishares.com/us/products/239724/ishares-msci-taiwan-etf/1467271812596.ajax?dataType=fund&fileName=EWT_holdings&fileType=csv,,high
ACLS,AXCELIS TECHNOLOGIES INC,United States,Information Technology,ACLS,NASDAQ,,0.0,EWT,https://www.ishares.com/us/products/239724/ishares-msci-taiwan-etf/1467271812596.ajax?dataType=fund&fileName=EWT_holdings&fileType=csv,,high
AXTI,AXT INC,United States,Information Technology,AXTI,NASDAQ,,0.0,EWT,https://www.ishares.com/us/products/239724/ishares-msci-taiwan-etf/1467271812596.ajax?dataType=fund&fileName=EWT_holdings&fileType=csv,,high
BLZE,BACKBLAZE INC CLASS A,United States,Information Technology,BLZE,NASDAQ,,0.0,EWT,https://www.ishares.com/us/products/239724/ishares-msci-taiwan-etf/1467271812596.ajax?dataType=fund&fileName=EWT_holdings&fileType=csv,,high
BMI,BADGER METER INC,United States,Information Technology,BMI,NYSE,,0.01,EWT,https://www.ishares.com/us/products/239724/ishares-msci-taiwan-etf/1467271812596.ajax?dataType=fund&fileName=EWT_holdings&fileType=csv,,high
BELFB,BEL FUSE INC CLASS B,United States,Information Technology,BELFB,NASDAQ,,0.0,EWT,https://www.ishares.com/us/products/239724/ishares-msci-taiwan-etf/1467271812596.ajax?dataType=fund&fileName=EWT_holdings&fileType=csv,,high
BDC,BELDEN INC,United States,Information Technology,BDC,NYSE,,0.01,EWT,https://www.ishares.com/us/products/239724/ishares-msci-taiwan-etf/1467271812596.ajax?dataType=fund&fileName=EWT_holdings&fileType=csv,,high
BHE,BENCHMARK ELECTRONICS INC,United States,Information Technology,BHE,NYSE,,0.0,EWT,https://www.ishares.com/us/products/239724/ishares-msci-taiwan-etf/1467271812596.ajax?dataType=fund&fileName=EWT_holdings&fileType=csv,,high
BSY,BENTLEY SYSTEMS INC CLASS B,United States,Information Technology,BSY,NASDAQ,,0.01,EWT,https://www.ishares.com/us/products/239724/ishares-msci-taiwan-etf/1467271812596.ajax?dataType=fund&fileName=EWT_holdings&fileType=csv,,high
BBAI,BIGBEAR.AI HOLDINGS INC,United States,Information Technology,BBAI,NYSE,,0.0,EWT,https://www.ishares.com/us/products/239724/ishares-msci-taiwan-etf/1467271812596.ajax?dataType=fund&fileName=EWT_holdings&fileType=csv,,high
CMRC,BIGCOMMERCE HOLDINGS INC SERIES,United States,Information Technology,CMRC,NASDAQ,,0.0,EWT,https://www.ishares.com/us/products/239724/ishares-msci-taiwan-etf/1467271812596.ajax?dataType=fund&fileName=EWT_holdings&fileType=csv,,high
BILL,BILL HOLDINGS INC,United States,Information Technology,BILL,NYSE,,0.01,EWT,https://www.ishares.com/us/products/239724/ishares-msci-taiwan-etf/1467271812596.ajax?dataType=fund&fileName=EWT_holdings&fileType=csv,,high
BTBT,BIT DIGITAL INC,United States,Information Technology,BTBT,NASDAQ,,0.0,EWT,https://www.ishares.com/us/products/239724/ishares-msci-taiwan-etf/1467271812596.ajax?dataType=fund&fileName=EWT_holdings&fileType=csv,,high
BMNR,BITMINE IMMERSION TECHNOLOGIES INC,United States,Information Technology,BMNR,Nyse Mkt Llc,,0.01,EWT,https://www.ishares.com/us/products/239724/ishares-msci-taiwan-etf/1467271812596.ajax?dataType=fund&fileName=EWT_holdings&fileType=csv,,high
BLKB,BLACKBAUD INC,United States,Information Technology,BLKB,NASDAQ,,0.0,EWT,https://www.ishares.com/us/products/239724/ishares-msci-taiwan-etf/1467271812596.ajax?dataType=fund&fileName=EWT_holdings&fileType=csv,,high
BL,BLACKLINE INC,United States,Information Technology,BL,NASDAQ,,0.0,EWT,https://www.ishares.com/us/products/239724/ishares-msci-taiwan-etf/1467271812596.ajax?dataType=fund&fileName=EWT_holdings&fileType=csv,,high
BLND,BLEND LABS INC CLASS A,United States,Information Technology,BLND,NYSE,,0.0,EWT,https://www.ishares.com/us/products/239724/ishares-msci-taiwan-etf/1467271812596.ajax?dataType=fund&fileName=EWT_holdings&fileType=csv,,high
BOX,BOX INC CLASS A,United States,Information Technology,BOX,NYSE,,0.01,EWT,https://www.ishares.com/us/products/239724/ishares-msci-taiwan-etf/1467271812596.ajax?dataType=fund&fileName=EWT_holdings&fileType=csv,,high
BRZE,BRAZE INC CLASS A,United States,Information Technology,BRZE,NASDAQ,,0.0,EWT,https://www.ishares.com/us/products/239724/ishares-msci-taiwan-etf/1467271812596.ajax?dataType=fund&fileName=EWT_holdings&fileType=csv,,high
AVGO,BROADCOM INC,United States,Information Technology,AVGO,NASDAQ,,2.48,EWT,https://www.ishares.com/us/products/239724/ishares-msci-taiwan-etf/1467271812596.ajax?dataType=fund&fileName=EWT_holdings&fileType=csv,,high
AI,C3 AI INC CLASS A,United States,Information Technology,AI,NYSE,,0.0,EWT,https://www.ishares.com/us/products/239724/ishares-msci-taiwan-etf/1467271812596.ajax?dataType=fund&fileName=EWT_holdings&fileType=csv,,high
CDNS,CADENCE DESIGN SYSTEMS INC,United States,Information Technology,CDNS,NASDAQ,,0.12,EWT,https://www.ishares.com/us/products/239724/ishares-msci-taiwan-etf/1467271812596.ajax?dataType=fund&fileName=EWT_holdings&fileType=csv,,high
CALX,CALIX NETWORKS INC,United States,Information Technology,CALX,NYSE,,0.0,EWT,https://www.ishares.com/us/products/239724/ishares-msci-taiwan-etf/1467271812596.ajax?dataType=fund&fileName=EWT_holdings&fileType=csv,,high
CCC,CCC INTELLIGENT SOLUTIONS HOLDINGS,United States,Information Technology,CCC,NASDAQ,,0.01,EWT,https://www.ishares.com/us/products/239724/ishares-msci-taiwan-etf/1467271812596.ajax?dataType=fund&fileName=EWT_holdings&fileType=csv,,high
CDW,CDW CORP,United States,Information Technology,CDW,NASDAQ,,0.02,EWT,https://www.ishares.com/us/products/239724/ishares-msci-taiwan-etf/1467271812596.ajax?dataType=fund&fileName=EWT_holdings&fileType=csv,,high
CRNC,CERENCE INC,United States,Information Technology,CRNC,NASDAQ,,0.0,EWT,https://www.ishares.com/us/products/239724/ishares-msci-taiwan-etf/1467271812596.ajax?dataType=fund&fileName=EWT_holdings&fileType=csv,,high
CEVA,CEVA INC,United States,Information Technology,CEVA,NASDAQ,,0.0,EWT,https://www.ishares.com/us/products/239724/ishares-msci-taiwan-etf/1467271812596.ajax?dataType=fund&fileName=EWT_holdings&fileType=csv,,high
CIEN,CIENA CORP,United States,Information Technology,CIEN,NYSE,,0.07,EWT,https://www.ishares.com/us/products/239724/ishares-msci-taiwan-etf/1467271812596.ajax?dataType=fund&fileName=EWT_holdings&fileType=csv,,high
CIFR,CIPHER DIGITAL INC,United States,Information Technology,CIFR,NASDAQ,,0.01,EWT,https://www.ishares.com/us/products/239724/ishares-msci-taiwan-etf/1467271812596.ajax?dataType=fund&fileName=EWT_holdings&fileType=csv,,high
CRCL,CIRCLE INTERNET GROUP INC CLASS A,United States,Information Technology,CRCL,NYSE,,0.01,EWT,https://www.ishares.com/us/products/239724/ishares-msci-taiwan-etf/1467271812596.ajax?dataType=fund&fileName=EWT_holdings&fileType=csv,,high
CRUS,CIRRUS LOGIC INC,United States,Information Technology,CRUS,NASDAQ,,0.01,EWT,https://www.ishares.com/us/products/239724/ishares-msci-taiwan-etf/1467271812596.ajax?dataType=fund&fileName=EWT_holdings&fileType=csv,,high
CSCO,CISCO SYSTEMS INC,United States,Information Technology,CSCO,NASDAQ,,0.46,EWT,https://www.ishares.com/us/products/239724/ishares-msci-taiwan-etf/1467271812596.ajax?dataType=fund&fileName=EWT_holdings&fileType=csv,,high
CLSK,CLEANSPARK INC,United States,Information Technology,CLSK,NASDAQ,,0.0,EWT,https://www.ishares.com/us/products/239724/ishares-msci-taiwan-etf/1467271812596.ajax?dataType=fund&fileName=EWT_holdings&fileType=csv,,high
YOU,CLEAR SECURE INC CLASS A,United States,Information Technology,YOU,NYSE,,0.01,EWT,https://www.ishares.com/us/products/239724/ishares-msci-taiwan-etf/1467271812596.ajax?dataType=fund&fileName=EWT_holdings&fileType=csv,,high
CLFD,CLEARFIELD INC,United States,Information Technology,CLFD,NASDAQ,,0.0,EWT,https://www.ishares.com/us/products/239724/ishares-msci-taiwan-etf/1467271812596.ajax?dataType=fund&fileName=EWT_holdings&fileType=csv,,high
CWAN,CLEARWATER ANALYTICS HOLDINGS INC,United States,Information Technology,CWAN,NYSE,,0.01,EWT,https://www.ishares.com/us/products/239724/ishares-msci-taiwan-etf/1467271812596.ajax?dataType=fund&fileName=EWT_holdings&fileType=csv,,high
CLMB,CLIMB GLOBAL SOLUTIONS INC,United States,Information Technology,CLMB,NASDAQ,,0.0,EWT,https://www.ishares.com/us/products/239724/ishares-msci-taiwan-etf/1467271812596.ajax?dataType=fund&fileName=EWT_holdings&fileType=csv,,high
NET,CLOUDFLARE INC CLASS A,United States,Information Technology,NET,NYSE,,0.1,EWT,https://www.ishares.com/us/products/239724/ishares-msci-taiwan-etf/1467271812596.ajax?dataType=fund&fileName=EWT_holdings&fileType=csv,,high
CGNX,COGNEX CORP,United States,Information Technology,CGNX,NASDAQ,,0.01,EWT,https://www.ishares.com/us/products/239724/ishares-msci-taiwan-etf/1467271812596.ajax?dataType=fund&fileName=EWT_holdings&fileType=csv,,high
CTSH,COGNIZANT TECHNOLOGY SOLUTIONS COR,United States,Information Technology,CTSH,NASDAQ,,0.05,EWT,https://www.ishares.com/us/products/239724/ishares-msci-taiwan-etf/1467271812596.ajax?dataType=fund&fileName=EWT_holdings&fileType=csv,,high
COHR,COHERENT CORP,United States,Information Technology,COHR,NYSE,,0.06,EWT,https://www.ishares.com/us/products/239724/ishares-msci-taiwan-etf/1467271812596.ajax?dataType=fund&fileName=EWT_holdings&fileType=csv,,high
COHU,COHU INC,United States,Information Technology,COHU,NASDAQ,,0.0,EWT,https://www.ishares.com/us/products/239724/ishares-msci-taiwan-etf/1467271812596.ajax?dataType=fund&fileName=EWT_holdings&fileType=csv,,high
CVLT,COMMVAULT SYSTEMS INC,United States,Information Technology,CVLT,NASDAQ,,0.01,EWT,https://www.ishares.com/us/products/239724/ishares-msci-taiwan-etf/1467271812596.ajax?dataType=fund&fileName=EWT_holdings&fileType=csv,,high
CFLT,CONFLUENT INC CLASS A,United States,Information Technology,CFLT,NASDAQ,,0.01,EWT,https://www.ishares.com/us/products/239724/ishares-msci-taiwan-etf/1467271812596.ajax?dataType=fund&fileName=EWT_holdings&fileType=csv,,high
CCSI,CONSENSUS CLOUD SOLUTIONS INC,United States,Information Technology,CCSI,NASDAQ,,0.0,EWT,https://www.ishares.com/us/products/239724/ishares-msci-taiwan-etf/1467271812596.ajax?dataType=fund&fileName=EWT_holdings&fileType=csv,,high
CORZ,CORE SCIENTIFIC INC,United States,Information Technology,CORZ,NASDAQ,,0.01,EWT,https://www.ishares.com/us/products/239724/ishares-msci-taiwan-etf/1467271812596.ajax?dataType=fund&fileName=EWT_holdings&fileType=csv,,high
CRWV,COREWEAVE INC CLASS A,United States,Information Technology,CRWV,NASDAQ,,0.03,EWT,https://www.ishares.com/us/products/239724/ishares-msci-taiwan-etf/1467271812596.ajax?dataType=fund&fileName=EWT_holdings&fileType=csv,,high
GLW,CORNING INC,United States,Information Technology,GLW,NYSE,,0.15,EWT,https://www.ishares.com/us/products/239724/ishares-msci-taiwan-etf/1467271812596.ajax?dataType=fund&fileName=EWT_holdings&fileType=csv,,high
CRSR,CORSAIR GAMING INC,United States,Information Technology,CRSR,NASDAQ,,0.0,EWT,https://www.ishares.com/us/products/239724/ishares-msci-taiwan-etf/1467271812596.ajax?dataType=fund&fileName=EWT_holdings&fileType=csv,,high
CXT,CRANE NXT,United States,Information Technology,CXT,NYSE,,0.0,EWT,https://www.ishares.com/us/products/239724/ishares-msci-taiwan-etf/1467271812596.ajax?dataType=fund&fileName=EWT_holdings&fileType=csv,,high
CRDO,CREDO TECHNOLOGY GROUP HOLDING LTD,United States,Information Technology,CRDO,NASDAQ,,0.03,EWT,https://www.ishares.com/us/products/239724/ishares-msci-taiwan-etf/1467271812596.ajax?dataType=fund&fileName=EWT_holdings&fileType=csv,,high
CRWD,CROWDSTRIKE HOLDINGS INC CLASS A,United States,Information Technology,CRWD,NASDAQ,,0.17,EWT,https://www.ishares.com/us/products/239724/ishares-msci-taiwan-etf/1467271812596.ajax?dataType=fund&fileName=EWT_holdings&fileType=csv,,high
CTS,CTS CORP,United States,Information Technology,CTS,NYSE,,0.0,EWT,https://www.ishares.com/us/products/239724/ishares-msci-taiwan-etf/1467271812596.ajax?dataType=fund&fileName=EWT_holdings&fileType=csv,,high
QBTS,D WAVE QUANTUM INC,United States,Information Technology,QBTS,NYSE,,0.01,EWT,https://www.ishares.com/us/products/239724/ishares-msci-taiwan-etf/1467271812596.ajax?dataType=fund&fileName=EWT_holdings&fileType=csv,,high
DJCO,DAILY JOURNAL CORP,United States,Information Technology,DJCO,NASDAQ,,0.0,EWT,https://www.ishares.com/us/products/239724/ishares-msci-taiwan-etf/1467271812596.ajax?dataType=fund&fileName=EWT_holdings&fileType=csv,,high
DAKT,DAKTRONICS INC,United States,Information Technology,DAKT,NASDAQ,,0.0,EWT,https://www.ishares.com/us/products/239724/ishares-msci-taiwan-etf/1467271812596.ajax?dataType=fund&fileName=EWT_holdings&fileType=csv,,high
DDOG,DATADOG INC CLASS A,United States,Information Technology,DDOG,NASDAQ,,0.06,EWT,https://www.ishares.com/us/products/239724/ishares-msci-taiwan-etf/1467271812596.ajax?dataType=fund&fileName=EWT_holdings&fileType=csv,,high
DVLT,DATAVAULT AI INC,United States,Information Technology,DVLT,NASDAQ,,0.0,EWT,https://www.ishares.com/us/products/239724/ishares-msci-taiwan-etf/1467271812596.ajax?dataType=fund&fileName=EWT_holdings&fileType=csv,,high
DELL,DELL TECHNOLOGIES INC CLASS C,United States,Information Technology,DELL,NYSE,,0.07,EWT,https://www.ishares.com/us/products/239724/ishares-msci-taiwan-etf/1467271812596.ajax?dataType=fund&fileName=EWT_holdings&fileType=csv,,high
DBD,DIEBOLD NIXDORF INC,United States,Information Technology,DBD,NYSE,,0.0,EWT,https://www.ishares.com/us/products/239724/ishares-msci-taiwan-etf/1467271812596.ajax?dataType=fund&fileName=EWT_holdings&fileType=csv,,high
DGII,DIGI INTERNATIONAL INC,United States,Information Technology,DGII,NASDAQ,,0.0,EWT,https://www.ishares.com/us/products/239724/ishares-msci-taiwan-etf/1467271812596.ajax?dataType=fund&fileName=EWT_holdings&fileType=csv,,high
DMRC,DIGIMARC CORP,United States,Information Technology,DMRC,NASDAQ,,0.0,EWT,https://www.ishares.com/us/products/239724/ishares-msci-taiwan-etf/1467271812596.ajax?dataType=fund&fileName=EWT_holdings&fileType=csv,,high
APPS,DIGITAL TURBINE INC,United States,Information Technology,APPS,NASDAQ,,0.0,EWT,https://www.ishares.com/us/products/239724/ishares-msci-taiwan-etf/1467271812596.ajax?dataType=fund&fileName=EWT_holdings&fileType=csv,,high
DOCN,DIGITALOCEAN HOLDINGS INC,United States,Information Technology,DOCN,NYSE,,0.01,EWT,https://www.ishares.com/us/products/239724/ishares-msci-taiwan-etf/1467271812596.ajax?dataType=fund&fileName=EWT_holdings&fileType=csv,,high
DIOD,DIODES INC,United States,Information Technology,DIOD,NASDAQ,,0.0,EWT,https://www.ishares.com/us/products/239724/ishares-msci-taiwan-etf/1467271812596.ajax?dataType=fund&fileName=EWT_holdings&fileType=csv,,high
DOCU,DOCUSIGN INC,United States,Information Technology,DOCU,NASDAQ,,0.01,EWT,https://www.ishares.com/us/products/239724/ishares-msci-taiwan-etf/1467271812596.ajax?dataType=fund&fileName=EWT_holdings&fileType=csv,,high
DLB,DOLBY LABORATORIES INC CLASS A,United States,Information Technology,DLB,NYSE,,0.01,EWT,https://www.ishares.com/us/products/239724/ishares-msci-taiwan-etf/1467271812596.ajax?dataType=fund&fileName=EWT_holdings&fileType=csv,,high
DOMO,DOMO INC CLASS B,United States,Information Technology,DOMO,NASDAQ,,0.0,EWT,https://www.ishares.com/us/products/239724/ishares-msci-taiwan-etf/1467271812596.ajax?dataType=fund&fileName=EWT_holdings&fileType=csv,,high
DBX,DROPBOX INC CLASS A,United States,Information Technology,DBX,NASDAQ,,0.01,EWT,https://www.ishares.com/us/products/239724/ishares-msci-taiwan-etf/1467271812596.ajax?dataType=fund&fileName=EWT_holdings&fileType=csv,,high
DXC,DXC TECHNOLOGY,United States,Information Technology,DXC,NYSE,,0.0,EWT,https://www.ishares.com/us/products/239724/ishares-msci-taiwan-etf/1467271812596.ajax?dataType=fund&fileName=EWT_holdings&fileType=csv,,high
DT,DYNATRACE INC,United States,Information Technology,DT,NYSE,,0.02,EWT,https://www.ishares.com/us/products/239724/ishares-msci-taiwan-etf/1467271812596.ajax?dataType=fund&fileName=EWT_holdings&fileType=csv,,high
ESTC,ELASTIC NV,United States,Information Technology,ESTC,NYSE,,0.01,EWT,https://www.ishares.com/us/products/239724/ishares-msci-taiwan-etf/1467271812596.ajax?dataType=fund&fileName=EWT_holdings&fileType=csv,,high
ENPH,ENPHASE ENERGY INC,United States,Information Technology,ENPH,NASDAQ,,0.01,EWT,https://www.ishares.com/us/products/239724/ishares-msci-taiwan-etf/1467271812596.ajax?dataType=fund&fileName=EWT_holdings&fileType=csv,,high
ENTG,ENTEGRIS INC,United States,Information Technology,ENTG,NASDAQ,,0.03,EWT,https://www.ishares.com/us/products/239724/ishares-msci-taiwan-etf/1467271812596.ajax?dataType=fund&fileName=EWT_holdings&fileType=csv,,high
EPAM,EPAM SYSTEMS INC,United States,Information Technology,EPAM,NYSE,,0.01,EWT,https://www.ishares.com/us/products/239724/ishares-msci-taiwan-etf/1467271812596.ajax?dataType=fund&fileName=EWT_holdings&fileType=csv,,high
PLUS,EPLUS,United States,Information Technology,PLUS,NASDAQ,,0.0,EWT,https://www.ishares.com/us/products/239724/ishares-msci-taiwan-etf/1467271812596.ajax?dataType=fund&fileName=EWT_holdings&fileType=csv,,high
PSTG,EVERPURE INC CLASS A,United States,Information Technology,PSTG,NYSE,,0.03,EWT,https://www.ishares.com/us/products/239724/ishares-msci-taiwan-etf/1467271812596.ajax?dataType=fund&fileName=EWT_holdings&fileType=csv,,high
EVLV,EVOLV TECHNOLOGIES HOLDINGS INC CL,United States,Information Technology,EVLV,NASDAQ,,0.0,EWT,https://www.ishares.com/us/products/239724/ishares-msci-taiwan-etf/1467271812596.ajax?dataType=fund&fileName=EWT_holdings&fileType=csv,,high
EXOD,EXODUS MOVEMENT INC CLASS A,United States,Information Technology,EXOD,Nyse Mkt Llc,,0.0,EWT,https://www.ishares.com/us/products/239724/ishares-msci-taiwan-etf/1467271812596.ajax?dataType=fund&fileName=EWT_holdings&fileType=csv,,high
EXTR,EXTREME NETWORKS INC,United States,Information Technology,EXTR,NASDAQ,,0.0,EWT,https://www.ishares.com/us/products/239724/ishares-msci-taiwan-etf/1467271812596.ajax?dataType=fund&fileName=EWT_holdings&fileType=csv,,high
FFIV,F5 INC,United States,Information Technology,FFIV,NASDAQ,,0.02,EWT,https://www.ishares.com/us/products/239724/ishares-msci-taiwan-etf/1467271812596.ajax?dataType=fund&fileName=EWT_holdings&fileType=csv,,high
FN,FABRINET,United States,Information Technology,FN,NYSE,,0.03,EWT,https://www.ishares.com/us/products/239724/ishares-msci-taiwan-etf/1467271812596.ajax?dataType=fund&fileName=EWT_holdings&fileType=csv,,high
FICO,FAIR ISAAC CORP,United States,Information Technology,FICO,NYSE,,0.05,EWT,https://www.ishares.com/us/products/239724/ishares-msci-taiwan-etf/1467271812596.ajax?dataType=fund&fileName=EWT_holdings&fileType=csv,,high
FSLY,FASTLY INC CLASS A,United States,Information Technology,FSLY,NASDAQ,,0.01,EWT,https://www.ishares.com/us/products/239724/ishares-msci-taiwan-etf/1467271812596.ajax?dataType=fund&fileName=EWT_holdings&fileType=csv,,high
FSLR,FIRST SOLAR INC,United States,Information Technology,FSLR,NASDAQ,,0.03,EWT,https://www.ishares.com/us/products/239724/ishares-msci-taiwan-etf/1467271812596.ajax?dataType=fund&fileName=EWT_holdings&fileType=csv,,high
FIVN,FIVE9 INC,United States,Information Technology,FIVN,NASDAQ,,0.0,EWT,https://www.ishares.com/us/products/239724/ishares-msci-taiwan-etf/1467271812596.ajax?dataType=fund&fileName=EWT_holdings&fileType=csv,,high
FLEX,FLEX LTD,United States,Information Technology,FLEX,NASDAQ,,0.03,EWT,https://www.ishares.com/us/products/239724/ishares-msci-taiwan-etf/1467271812596.ajax?dataType=fund&fileName=EWT_holdings&fileType=csv,,high
FORM,FORMFACTOR INC,United States,Information Technology,FORM,NASDAQ,,0.01,EWT,https://www.ishares.com/us/products/239724/ishares-msci-taiwan-etf/1467271812596.ajax?dataType=fund&fileName=EWT_holdings&fileType=csv,,high
FTNT,FORTINET INC,United States,Information Technology,FTNT,NASDAQ,,0.08,EWT,https://www.ishares.com/us/products/239724/ishares-msci-taiwan-etf/1467271812596.ajax?dataType=fund&fileName=EWT_holdings&fileType=csv,,high
FRSH,FRESHWORKS INC CLASS A,United States,Information Technology,FRSH,NASDAQ,,0.0,EWT,https://www.ishares.com/us/products/239724/ishares-msci-taiwan-etf/1467271812596.ajax?dataType=fund&fileName=EWT_holdings&fileType=csv,,high
IT,GARTNER INC,United States,Information Technology,IT,NYSE,,0.02,EWT,https://www.ishares.com/us/products/239724/ishares-msci-taiwan-etf/1467271812596.ajax?dataType=fund&fileName=EWT_holdings&fileType=csv,,high
GEN,GEN DIGITAL INC,United States,Information Technology,GEN,NASDAQ,,0.02,EWT,https://www.ishares.com/us/products/239724/ishares-msci-taiwan-etf/1467271812596.ajax?dataType=fund&fileName=EWT_holdings&fileType=csv,,high
GTLB,GITLAB INC CLASS A,United States,Information Technology,GTLB,NASDAQ,,0.01,EWT,https://www.ishares.com/us/products/239724/ishares-msci-taiwan-etf/1467271812596.ajax?dataType=fund&fileName=EWT_holdings&fileType=csv,,high
GDDY,GODADDY INC CLASS A,United States,Information Technology,GDDY,NYSE,,0.02,EWT,https://www.ishares.com/us/products/239724/ishares-msci-taiwan-etf/1467271812596.ajax?dataType=fund&fileName=EWT_holdings&fileType=csv,,high
GPGI,GPGI INC CLASS A,United States,Information Technology,GPGI,NYSE,,0.0,EWT,https://www.ishares.com/us/products/239724/ishares-msci-taiwan-etf/1467271812596.ajax?dataType=fund&fileName=EWT_holdings&fileType=csv,,high
GDYN,GRID DYNAMICS HOLDINGS INC CLASS A,United States,Information Technology,GDYN,NASDAQ,,0.0,EWT,https://www.ishares.com/us/products/239724/ishares-msci-taiwan-etf/1467271812596.ajax?dataType=fund&fileName=EWT_holdings&fileType=csv,,high
GWRE,GUIDEWIRE SOFTWARE INC,United States,Information Technology,GWRE,NYSE,,0.02,EWT,https://www.ishares.com/us/products/239724/ishares-msci-taiwan-etf/1467271812596.ajax?dataType=fund&fileName=EWT_holdings&fileType=csv,,high
HCKT,HACKETT GROUP INC,United States,Information Technology,HCKT,NASDAQ,,0.0,EWT,https://www.ishares.com/us/products/239724/ishares-msci-taiwan-etf/1467271812596.ajax?dataType=fund&fileName=EWT_holdings&fileType=csv,,high
HLIT,HARMONIC INC,United States,Information Technology,HLIT,NASDAQ,,0.0,EWT,https://www.ishares.com/us/products/239724/ishares-msci-taiwan-etf/1467271812596.ajax?dataType=fund&fileName=EWT_holdings&fileType=csv,,high
HPE,HEWLETT PACKARD ENTERPRISE,United States,Information Technology,HPE,NYSE,,0.04,EWT,https://www.ishares.com/us/products/239724/ishares-msci-taiwan-etf/1467271812596.ajax?dataType=fund&fileName=EWT_holdings&fileType=csv,,high
HPQ,HP INC,United States,Information Technology,HPQ,NYSE,,0.03,EWT,https://www.ishares.com/us/products/239724/ishares-msci-taiwan-etf/1467271812596.ajax?dataType=fund&fileName=EWT_holdings&fileType=csv,,high
HUBS,HUBSPOT INC,United States,Information Technology,HUBS,NYSE,,0.02,EWT,https://www.ishares.com/us/products/239724/ishares-msci-taiwan-etf/1467271812596.ajax?dataType=fund&fileName=EWT_holdings&fileType=csv,,high
HUT,HUT CORP,United States,Information Technology,HUT,NASDAQ,,0.01,EWT,https://www.ishares.com/us/products/239724/ishares-msci-taiwan-etf/1467271812596.ajax?dataType=fund&fileName=EWT_holdings&fileType=csv,,high
IIIV,I3 VERTICALS INC CLASS A,United States,Information Technology,IIIV,NASDAQ,,0.0,EWT,https://www.ishares.com/us/products/239724/ishares-msci-taiwan-etf/1467271812596.ajax?dataType=fund&fileName=EWT_holdings&fileType=csv,,high
ICHR,ICHOR HOLDINGS LTD,United States,Information Technology,ICHR,NASDAQ,,0.0,EWT,https://www.ishares.com/us/products/239724/ishares-msci-taiwan-etf/1467271812596.ajax?dataType=fund&fileName=EWT_holdings&fileType=csv,,high
IMMR,IMMERSION CORP,United States,Information Technology,IMMR,NASDAQ,,0.0,EWT,https://www.ishares.com/us/products/239724/ishares-msci-taiwan-etf/1467271812596.ajax?dataType=fund&fileName=EWT_holdings&fileType=csv,,high
PI,IMPINJ INC,United States,Information Technology,PI,NASDAQ,,0.0,EWT,https://www.ishares.com/us/products/239724/ishares-msci-taiwan-etf/1467271812596.ajax?dataType=fund&fileName=EWT_holdings&fileType=csv,,high
INDI,INDIE SEMICONDUCTOR INC CLASS A,United States,Information Technology,INDI,NASDAQ,,0.0,EWT,https://www.ishares.com/us/products/239724/ishares-msci-taiwan-etf/1467271812596.ajax?dataType=fund&fileName=EWT_holdings&fileType=csv,,high
NSIT,INSIGHT ENTERPRISES INC,United States,Information Technology,NSIT,NASDAQ,,0.0,EWT,https://www.ishares.com/us/products/239724/ishares-msci-taiwan-etf/1467271812596.ajax?dataType=fund&fileName=EWT_holdings&fileType=csv,,high
INTA,INTAPP INC,United States,Information Technology,INTA,NASDAQ,,0.0,EWT,https://www.ishares.com/us/products/239724/ishares-msci-taiwan-etf/1467271812596.ajax?dataType=fund&fileName=EWT_holdings&fileType=csv,,high
INTC,INTEL CORPORATION CORP,United States,Information Technology,INTC,NASDAQ,,0.31,EWT,https://www.ishares.com/us/products/239724/ishares-msci-taiwan-etf/1467271812596.ajax?dataType=fund&fileName=EWT_holdings&fileType=csv,,high
IDCC,INTERDIGITAL INC,United States,Information Technology,IDCC,NASDAQ,,0.01,EWT,https://www.ishares.com/us/products/239724/ishares-msci-taiwan-etf/1467271812596.ajax?dataType=fund&fileName=EWT_holdings&fileType=csv,,high
IBM,INTERNATIONAL BUSINESS MACHINES CO,United States,Information Technology,IBM,NYSE,,0.36,EWT,https://www.ishares.com/us/products/239724/ishares-msci-taiwan-etf/1467271812596.ajax?dataType=fund&fileName=EWT_holdings&fileType=csv,,high
INTU,INTUIT INC,United States,Information Technology,INTU,NASDAQ,,0.2,EWT,https://www.ishares.com/us/products/239724/ishares-msci-taiwan-etf/1467271812596.ajax?dataType=fund&fileName=EWT_holdings&fileType=csv,,high
IONQ,IONQ INC,United States,Information Technology,IONQ,NYSE,,0.02,EWT,https://www.ishares.com/us/products/239724/ishares-msci-taiwan-etf/1467271812596.ajax?dataType=fund&fileName=EWT_holdings&fileType=csv,,high
IPGP,IPG PHOTONICS CORP,United States,Information Technology,IPGP,NASDAQ,,0.0,EWT,https://www.ishares.com/us/products/239724/ishares-msci-taiwan-etf/1467271812596.ajax?dataType=fund&fileName=EWT_holdings&fileType=csv,,high
ITRI,ITRON INC,United States,Information Technology,ITRI,NASDAQ,,0.01,EWT,https://www.ishares.com/us/products/239724/ishares-msci-taiwan-etf/1467271812596.ajax?dataType=fund&fileName=EWT_holdings&fileType=csv,,high
JBL,JABIL INC,United States,Information Technology,JBL,NYSE,,0.04,EWT,https://www.ishares.com/us/products/239724/ishares-msci-taiwan-etf/1467271812596.ajax?dataType=fund&fileName=EWT_holdings&fileType=csv,,high
KEYS,KEYSIGHT TECHNOLOGIES INC,United States,Information Technology,KEYS,NYSE,,0.07,EWT,https://www.ishares.com/us/products/239724/ishares-msci-taiwan-etf/1467271812596.ajax?dataType=fund&fileName=EWT_holdings&fileType=csv,,high
KE,KIMBALL ELECTRONICS INC,United States,Information Technology,KE,NASDAQ,,0.0,EWT,https://www.ishares.com/us/products/239724/ishares-msci-taiwan-etf/1467271812596.ajax?dataType=fund&fileName=EWT_holdings&fileType=csv,,high
KLAC,KLA CORP,United States,Information Technology,KLAC,NASDAQ,,0.28,EWT,https://www.ishares.com/us/products/239724/ishares-msci-taiwan-etf/1467271812596.ajax?dataType=fund&fileName=EWT_holdings&fileType=csv,,high
KVYO,KLAVIYO INC SERIES A,United States,Information Technology,KVYO,NYSE,,0.0,EWT,https://www.ishares.com/us/products/239724/ishares-msci-taiwan-etf/1467271812596.ajax?dataType=fund&fileName=EWT_holdings&fileType=csv,,high
KN,KNOWLES CORP,United States,Information Technology,KN,NYSE,,0.0,EWT,https://www.ishares.com/us/products/239724/ishares-msci-taiwan-etf/1467271812596.ajax?dataType=fund&fileName=EWT_holdings&fileType=csv,,high
KOPN,KOPIN CORP,United States,Information Technology,KOPN,NASDAQ,,0.0,EWT,https://www.ishares.com/us/products/239724/ishares-msci-taiwan-etf/1467271812596.ajax?dataType=fund&fileName=EWT_holdings&fileType=csv,,high
KLIC,KULICKE AND SOFFA INDUSTRIES INC,United States,Information Technology,KLIC,NASDAQ,,0.01,EWT,https://www.ishares.com/us/products/239724/ishares-msci-taiwan-etf/1467271812596.ajax?dataType=fund&fileName=EWT_holdings&fileType=csv,,high
KD,KYNDRYL HOLDINGS INC,United States,Information Technology,KD,NYSE,,0.0,EWT,https://www.ishares.com/us/products/239724/ishares-msci-taiwan-etf/1467271812596.ajax?dataType=fund&fileName=EWT_holdings&fileType=csv,,high
LRCX,LAM RESEARCH CORP,United States,Information Technology,LRCX,NASDAQ,,0.4,EWT,https://www.ishares.com/us/products/239724/ishares-msci-taiwan-etf/1467271812596.ajax?dataType=fund&fileName=EWT_holdings&fileType=csv,,high
LSCC,LATTICE SEMICONDUCTOR CORP,United States,Information Technology,LSCC,NASDAQ,,0.02,EWT,https://www.ishares.com/us/products/239724/ishares-msci-taiwan-etf/1467271812596.ajax?dataType=fund&fileName=EWT_holdings&fileType=csv,,high
LIF,LIFE360 INC,United States,Information Technology,LIF,NASDAQ,,0.01,EWT,https://www.ishares.com/us/products/239724/ishares-msci-taiwan-etf/1467271812596.ajax?dataType=fund&fileName=EWT_holdings&fileType=csv,,high
LPTH,LIGHTPATH TECHNOLOGIES INC CLASS A,United States,Information Technology,LPTH,NASDAQ,,0.0,EWT,https://www.ishares.com/us/products/239724/ishares-msci-taiwan-etf/1467271812596.ajax?dataType=fund&fileName=EWT_holdings&fileType=csv,,high
LWLG,LIGHTWAVE LOGIC INC,United States,Information Technology,LWLG,NASDAQ,,0.0,EWT,https://www.ishares.com/us/products/239724/ishares-msci-taiwan-etf/1467271812596.ajax?dataType=fund&fileName=EWT_holdings&fileType=csv,,high
LFUS,LITTELFUSE INC,United States,Information Technology,LFUS,NASDAQ,,0.01,EWT,https://www.ishares.com/us/products/239724/ishares-msci-taiwan-etf/1467271812596.ajax?dataType=fund&fileName=EWT_holdings&fileType=csv,,high
RAMP,LIVERAMP HOLDINGS INC,United States,Information Technology,RAMP,NYSE,,0.0,EWT,https://www.ishares.com/us/products/239724/ishares-msci-taiwan-etf/1467271812596.ajax?dataType=fund&fileName=EWT_holdings&fileType=csv,,high
LITE,LUMENTUM HOLDINGS INC,United States,Information Technology,LITE,NASDAQ,,0.07,EWT,https://www.ishares.com/us/products/239724/ishares-msci-taiwan-etf/1467271812596.ajax?dataType=fund&fileName=EWT_holdings&fileType=csv,,high
MPTI,M TRON INDUSTRIES INC,United States,Information Technology,MPTI,Nyse Mkt Llc,,0.0,EWT,https://www.ishares.com/us/products/239724/ishares-msci-taiwan-etf/1467271812596.ajax?dataType=fund&fileName=EWT_holdings&fileType=csv,,high
MTSI,MACOM TECHNOLOGY SOLUTIONS INC,United States,Information Technology,MTSI,NASDAQ,,0.02,EWT,https://www.ishares.com/us/products/239724/ishares-msci-taiwan-etf/1467271812596.ajax?dataType=fund&fileName=EWT_holdings&fileType=csv,,high
MANH,MANHATTAN ASSOCIATES INC,United States,Information Technology,MANH,NASDAQ,,0.01,EWT,https://www.ishares.com/us/products/239724/ishares-msci-taiwan-etf/1467271812596.ajax?dataType=fund&fileName=EWT_holdings&fileType=csv,,high
MARA,MARA HOLDINGS INC,United States,Information Technology,MARA,NASDAQ,,0.0,EWT,https://www.ishares.com/us/products/239724/ishares-msci-taiwan-etf/1467271812596.ajax?dataType=fund&fileName=EWT_holdings&fileType=csv,,high
MRVL,MARVELL TECHNOLOGY INC,United States,Information Technology,MRVL,NASDAQ,,0.12,EWT,https://www.ishares.com/us/products/239724/ishares-msci-taiwan-etf/1467271812596.ajax?dataType=fund&fileName=EWT_holdings&fileType=csv,,high
MXL,MAXLINEAR INC,United States,Information Technology,MXL,NASDAQ,,0.0,EWT,https://www.ishares.com/us/products/239724/ishares-msci-taiwan-etf/1467271812596.ajax?dataType=fund&fileName=EWT_holdings&fileType=csv,,high
MEI,METHODE ELECTRONICS INC,United States,Information Technology,MEI,NYSE,,0.0,EWT,https://www.ishares.com/us/products/239724/ishares-msci-taiwan-etf/1467271812596.ajax?dataType=fund&fileName=EWT_holdings&fileType=csv,,high
MCHP,MICROCHIP TECHNOLOGY INC,United States,Information Technology,MCHP,NASDAQ,,0.05,EWT,https://www.ishares.com/us/products/239724/ishares-msci-taiwan-etf/1467271812596.ajax?dataType=fund&fileName=EWT_holdings&fileType=csv,,high
MU,MICRON TECHNOLOGY INC,United States,Information Technology,MU,NASDAQ,,0.66,EWT,https://www.ishares.com/us/products/239724/ishares-msci-taiwan-etf/1467271812596.ajax?dataType=fund&fileName=EWT_holdings&fileType=csv,,high
MSFT,MICROSOFT CORP,United States,Information Technology,MSFT,NASDAQ,,4.62,EWT,https://www.ishares.com/us/products/239724/ishares-msci-taiwan-etf/1467271812596.ajax?dataType=fund&fileName=EWT_holdings&fileType=csv,,high
MVIS,MICROVISION INC,United States,Information Technology,MVIS,NASDAQ,,0.0,EWT,https://www.ishares.com/us/products/239724/ishares-msci-taiwan-etf/1467271812596.ajax?dataType=fund&fileName=EWT_holdings&fileType=csv,,high
MIR,MIRION TECHNOLOGIES INC CLASS A,United States,Information Technology,MIR,NYSE,,0.01,EWT,https://www.ishares.com/us/products/239724/ishares-msci-taiwan-etf/1467271812596.ajax?dataType=fund&fileName=EWT_holdings&fileType=csv,,high
MITK,MITEK SYSTEMS INC,United States,Information Technology,MITK,NASDAQ,,0.0,EWT,https://www.ishares.com/us/products/239724/ishares-msci-taiwan-etf/1467271812596.ajax?dataType=fund&fileName=EWT_holdings&fileType=csv,,high
MKSI,MKS,United States,Information Technology,MKSI,NASDAQ,,0.02,EWT,https://www.ishares.com/us/products/239724/ishares-msci-taiwan-etf/1467271812596.ajax?dataType=fund&fileName=EWT_holdings&fileType=csv,,high
MDB,MONGODB INC CLASS A,United States,Information Technology,MDB,NASDAQ,,0.03,EWT,https://www.ishares.com/us/products/239724/ishares-msci-taiwan-etf/1467271812596.ajax?dataType=fund&fileName=EWT_holdings&fileType=csv,,high
MPWR,MONOLITHIC POWER SYSTEMS INC,United States,Information Technology,MPWR,NASDAQ,,0.08,EWT,https://www.ishares.com/us/products/239724/ishares-msci-taiwan-etf/1467271812596.ajax?dataType=fund&fileName=EWT_holdings&fileType=csv,,high
MSI,MOTOROLA SOLUTIONS INC,United States,Information Technology,MSI,NYSE,,0.12,EWT,https://www.ishares.com/us/products/239724/ishares-msci-taiwan-etf/1467271812596.ajax?dataType=fund&fileName=EWT_holdings&fileType=csv,,high
NABL,N ABLE INC,United States,Information Technology,NABL,NYSE,,0.0,EWT,https://www.ishares.com/us/products/239724/ishares-msci-taiwan-etf/1467271812596.ajax?dataType=fund&fileName=EWT_holdings&fileType=csv,,high
NSSC,NAPCO SECURITY TECHNOLOGIES INC,United States,Information Technology,NSSC,NASDAQ,,0.0,EWT,https://www.ishares.com/us/products/239724/ishares-msci-taiwan-etf/1467271812596.ajax?dataType=fund&fileName=EWT_holdings&fileType=csv,,high
NVTS,NAVITAS SEMICONDUCTOR CORP,United States,Information Technology,NVTS,NASDAQ,,0.0,EWT,https://www.ishares.com/us/products/239724/ishares-msci-taiwan-etf/1467271812596.ajax?dataType=fund&fileName=EWT_holdings&fileType=csv,,high
NCNO,NCINO INC,United States,Information Technology,NCNO,NASDAQ,,0.0,EWT,https://www.ishares.com/us/products/239724/ishares-msci-taiwan-etf/1467271812596.ajax?dataType=fund&fileName=EWT_holdings&fileType=csv,,high
VYX,NCR VOYIX CORP,United States,Information Technology,VYX,NYSE,,0.0,EWT,https://www.ishares.com/us/products/239724/ishares-msci-taiwan-etf/1467271812596.ajax?dataType=fund&fileName=EWT_holdings&fileType=csv,,high
NEON,NEONODE INC,Sweden,Information Technology,NEON,NASDAQ,,0.0,EWT,https://www.ishares.com/us/products/239724/ishares-msci-taiwan-etf/1467271812596.ajax?dataType=fund&fileName=EWT_holdings&fileType=csv,,high
NTAP,NETAPP INC,United States,Information Technology,NTAP,NASDAQ,,0.03,EWT,https://www.ishares.com/us/products/239724/ishares-msci-taiwan-etf/1467271812596.ajax?dataType=fund&fileName=EWT_holdings&fileType=csv,,high
NTGR,NETGEAR INC,United States,Information Technology,NTGR,NASDAQ,,0.0,EWT,https://www.ishares.com/us/products/239724/ishares-msci-taiwan-etf/1467271812596.ajax?dataType=fund&fileName=EWT_holdings&fileType=csv,,high
NTCT,NETSCOUT SYSTEMS INC,United States,Information Technology,NTCT,NASDAQ,,0.0,EWT,https://www.ishares.com/us/products/239724/ishares-msci-taiwan-etf/1467271812596.ajax?dataType=fund&fileName=EWT_holdings&fileType=csv,,high
NTSK,NETSKOPE INC CLASS A,United States,Information Technology,NTSK,NASDAQ,,0.0,EWT,https://www.ishares.com/us/products/239724/ishares-msci-taiwan-etf/1467271812596.ajax?dataType=fund&fileName=EWT_holdings&fileType=csv,,high
NN,NEXTNAV INC,United States,Information Technology,NN,NASDAQ,,0.0,EWT,https://www.ishares.com/us/products/239724/ishares-msci-taiwan-etf/1467271812596.ajax?dataType=fund&fileName=EWT_holdings&fileType=csv,,high
LASR,NLIGHT INC,United States,Information Technology,LASR,NASDAQ,,0.01,EWT,https://www.ishares.com/us/products/239724/ishares-msci-taiwan-etf/1467271812596.ajax?dataType=fund&fileName=EWT_holdings&fileType=csv,,high
NOVT,NOVANTA INC,United States,Information Technology,NOVT,NASDAQ,,0.01,EWT,https://www.ishares.com/us/products/239724/ishares-msci-taiwan-etf/1467271812596.ajax?dataType=fund&fileName=EWT_holdings&fileType=csv,,high
NTNX,NUTANIX INC CLASS A,United States,Information Technology,NTNX,NASDAQ,,0.02,EWT,https://www.ishares.com/us/products/239724/ishares-msci-taiwan-etf/1467271812596.ajax?dataType=fund&fileName=EWT_holdings&fileType=csv,,high
NVEC,NVE CORP,United States,Information Technology,NVEC,NASDAQ,,0.0,EWT,https://www.ishares.com/us/products/239724/ishares-msci-taiwan-etf/1467271812596.ajax?dataType=fund&fileName=EWT_holdings&fileType=csv,,high
NVDA,NVIDIA CORP,United States,Information Technology,NVDA,NASDAQ,,6.74,EWT,https://www.ishares.com/us/products/239724/ishares-msci-taiwan-etf/1467271812596.ajax?dataType=fund&fileName=EWT_holdings&fileType=csv,,high
NXPI,NXP SEMICONDUCTORS NV,United States,Information Technology,NXPI,NASDAQ,,0.08,EWT,https://www.ishares.com/us/products/239724/ishares-msci-taiwan-etf/1467271812596.ajax?dataType=fund&fileName=EWT_holdings&fileType=csv,,high
OKTA,OKTA INC CLASS A,United States,Information Technology,OKTA,NASDAQ,,0.02,EWT,https://www.ishares.com/us/products/239724/ishares-msci-taiwan-etf/1467271812596.ajax?dataType=fund&fileName=EWT_holdings&fileType=csv,,high
ON,ON SEMICONDUCTOR CORP,United States,Information Technology,ON,NASDAQ,,0.04,EWT,https://www.ishares.com/us/products/239724/ishares-msci-taiwan-etf/1467271812596.ajax?dataType=fund&fileName=EWT_holdings&fileType=csv,,high
ONTF,ON24 INC,United States,Information Technology,ONTF,NYSE,,0.0,EWT,https://www.ishares.com/us/products/239724/ishares-msci-taiwan-etf/1467271812596.ajax?dataType=fund&fileName=EWT_holdings&fileType=csv,,high
ONDS,ONDAS INC,United States,Information Technology,ONDS,NASDAQ,,0.01,EWT,https://www.ishares.com/us/products/239724/ishares-msci-taiwan-etf/1467271812596.ajax?dataType=fund&fileName=EWT_holdings&fileType=csv,,high
OSPN,ONESPAN INC,United States,Information Technology,OSPN,NASDAQ,,0.0,EWT,https://www.ishares.com/us/products/239724/ishares-msci-taiwan-etf/1467271812596.ajax?dataType=fund&fileName=EWT_holdings&fileType=csv,,high
OS,ONESTREAM INC CLASS A,United States,Information Technology,OS,NASDAQ,,0.0,EWT,https://www.ishares.com/us/products/239724/ishares-msci-taiwan-etf/1467271812596.ajax?dataType=fund&fileName=EWT_holdings&fileType=csv,,high
ONTO,ONTO INNOVATION INC,United States,Information Technology,ONTO,NYSE,,0.01,EWT,https://www.ishares.com/us/products/239724/ishares-msci-taiwan-etf/1467271812596.ajax?dataType=fund&fileName=EWT_holdings&fileType=csv,,high
OOMA,OOMA INC,United States,Information Technology,OOMA,NYSE,,0.0,EWT,https://www.ishares.com/us/products/239724/ishares-msci-taiwan-etf/1467271812596.ajax?dataType=fund&fileName=EWT_holdings&fileType=csv,,high
ORCL,ORACLE CORP,United States,Information Technology,ORCL,NYSE,,0.39,EWT,https://www.ishares.com/us/products/239724/ishares-msci-taiwan-etf/1467271812596.ajax?dataType=fund&fileName=EWT_holdings&fileType=csv,,high
OSIS,OSI SYSTEMS INC,United States,Information Technology,OSIS,NASDAQ,,0.01,EWT,https://www.ishares.com/us/products/239724/ishares-msci-taiwan-etf/1467271812596.ajax?dataType=fund&fileName=EWT_holdings&fileType=csv,,high
OUST,OUSTER INC,United States,Information Technology,OUST,NASDAQ,,0.0,EWT,https://www.ishares.com/us/products/239724/ishares-msci-taiwan-etf/1467271812596.ajax?dataType=fund&fileName=EWT_holdings&fileType=csv,,high
PD,PAGERDUTY INC,United States,Information Technology,PD,NYSE,,0.0,EWT,https://www.ishares.com/us/products/239724/ishares-msci-taiwan-etf/1467271812596.ajax?dataType=fund&fileName=EWT_holdings&fileType=csv,,high
PLTR,PALANTIR TECHNOLOGIES INC CLASS A,United States,Information Technology,PLTR,NASDAQ,,0.54,EWT,https://www.ishares.com/us/products/239724/ishares-msci-taiwan-etf/1467271812596.ajax?dataType=fund&fileName=EWT_holdings&fileType=csv,,high
PANW,PALO ALTO NETWORKS INC,United States,Information Technology,PANW,NASDAQ,,0.2,EWT,https://www.ishares.com/us/products/239724/ishares-msci-taiwan-etf/1467271812596.ajax?dataType=fund&fileName=EWT_holdings&fileType=csv,,high
PAR,PAR TECHNOLOGY CORP,United States,Information Technology,PAR,NYSE,,0.0,EWT,https://www.ishares.com/us/products/239724/ishares-msci-taiwan-etf/1467271812596.ajax?dataType=fund&fileName=EWT_holdings&fileType=csv,,high
CNXN,PC CONNECTION INC,United States,Information Technology,CNXN,NASDAQ,,0.0,EWT,https://www.ishares.com/us/products/239724/ishares-msci-taiwan-etf/1467271812596.ajax?dataType=fund&fileName=EWT_holdings&fileType=csv,,high
PDFS,PDF SOLUTIONS INC,United States,Information Technology,PDFS,NASDAQ,,0.0,EWT,https://www.ishares.com/us/products/239724/ishares-msci-taiwan-etf/1467271812596.ajax?dataType=fund&fileName=EWT_holdings&fileType=csv,,high
PEGA,PEGASYSTEMS INC,United States,Information Technology,PEGA,NASDAQ,,0.01,EWT,https://www.ishares.com/us/products/239724/ishares-msci-taiwan-etf/1467271812596.ajax?dataType=fund&fileName=EWT_holdings&fileType=csv,,high
PENG,PENGUIN SOLUTIONS INC,United States,Information Technology,PENG,NASDAQ,,0.0,EWT,https://www.ishares.com/us/products/239724/ishares-msci-taiwan-etf/1467271812596.ajax?dataType=fund&fileName=EWT_holdings&fileType=csv,,high
PLAB,PHOTRONICS INC,United States,Information Technology,PLAB,NASDAQ,,0.0,EWT,https://www.ishares.com/us/products/239724/ishares-msci-taiwan-etf/1467271812596.ajax?dataType=fund&fileName=EWT_holdings&fileType=csv,,high
PLXS,PLEXUS CORP,United States,Information Technology,PLXS,NASDAQ,,0.01,EWT,https://www.ishares.com/us/products/239724/ishares-msci-taiwan-etf/1467271812596.ajax?dataType=fund&fileName=EWT_holdings&fileType=csv,,high
PRCH,PORCH GROUP INC,United States,Information Technology,PRCH,NASDAQ,,0.0,EWT,https://www.ishares.com/us/products/239724/ishares-msci-taiwan-etf/1467271812596.ajax?dataType=fund&fileName=EWT_holdings&fileType=csv,,high
POWI,POWER INTEGRATIONS INC,United States,Information Technology,POWI,NASDAQ,,0.0,EWT,https://www.ishares.com/us/products/239724/ishares-msci-taiwan-etf/1467271812596.ajax?dataType=fund&fileName=EWT_holdings&fileType=csv,,high
AIOT,POWERFLEET INC,United States,Information Technology,AIOT,NASDAQ,,0.0,EWT,https://www.ishares.com/us/products/239724/ishares-msci-taiwan-etf/1467271812596.ajax?dataType=fund&fileName=EWT_holdings&fileType=csv,,high
PCOR,PROCORE TECHNOLOGIES INC,United States,Information Technology,PCOR,NYSE,,0.01,EWT,https://www.ishares.com/us/products/239724/ishares-msci-taiwan-etf/1467271812596.ajax?dataType=fund&fileName=EWT_holdings&fileType=csv,,high
PRGS,PROGRESS SOFTWARE CORP,United States,Information Technology,PRGS,NASDAQ,,0.0,EWT,https://www.ishares.com/us/products/239724/ishares-msci-taiwan-etf/1467271812596.ajax?dataType=fund&fileName=EWT_holdings&fileType=csv,,high
PTC,PTC INC,United States,Information Technology,PTC,NASDAQ,,0.03,EWT,https://www.ishares.com/us/products/239724/ishares-msci-taiwan-etf/1467271812596.ajax?dataType=fund&fileName=EWT_holdings&fileType=csv,,high
QTWO,Q2 HOLDINGS INC,United States,Information Technology,QTWO,NYSE,,0.0,EWT,https://www.ishares.com/us/products/239724/ishares-msci-taiwan-etf/1467271812596.ajax?dataType=fund&fileName=EWT_holdings&fileType=csv,,high
Q,QNITY ELECTRONICS INC,United States,Information Technology,Q,NYSE,,0.04,EWT,https://www.ishares.com/us/products/239724/ishares-msci-taiwan-etf/1467271812596.ajax?dataType=fund&fileName=EWT_holdings&fileType=csv,,high
QRVO,QORVO INC,United States,Information Technology,QRVO,NASDAQ,,0.01,EWT,https://www.ishares.com/us/products/239724/ishares-msci-taiwan-etf/1467271812596.ajax?dataType=fund&fileName=EWT_holdings&fileType=csv,,high
QCOM,QUALCOMM INC,United States,Information Technology,QCOM,NASDAQ,,0.22,EWT,https://www.ishares.com/us/products/239724/ishares-msci-taiwan-etf/1467271812596.ajax?dataType=fund&fileName=EWT_holdings&fileType=csv,,high
QLYS,QUALYS INC,United States,Information Technology,QLYS,NASDAQ,,0.01,EWT,https://www.ishares.com/us/products/239724/ishares-msci-taiwan-etf/1467271812596.ajax?dataType=fund&fileName=EWT_holdings&fileType=csv,,high
QUBT,QUANTUM COMPUTING INC,United States,Information Technology,QUBT,NASDAQ,,0.0,EWT,https://www.ishares.com/us/products/239724/ishares-msci-taiwan-etf/1467271812596.ajax?dataType=fund&fileName=EWT_holdings&fileType=csv,,high
RAL,RALLIANT CORP,United States,Information Technology,RAL,NYSE,,0.01,EWT,https://www.ishares.com/us/products/239724/ishares-msci-taiwan-etf/1467271812596.ajax?dataType=fund&fileName=EWT_holdings&fileType=csv,,high
RMBS,RAMBUS INC,United States,Information Technology,RMBS,NASDAQ,,0.01,EWT,https://www.ishares.com/us/products/239724/ishares-msci-taiwan-etf/1467271812596.ajax?dataType=fund&fileName=EWT_holdings&fileType=csv,,high
RPD,RAPID7 INC,United States,Information Technology,RPD,NASDAQ,,0.0,EWT,https://www.ishares.com/us/products/239724/ishares-msci-taiwan-etf/1467271812596.ajax?dataType=fund&fileName=EWT_holdings&fileType=csv,,high
RDVT,RED VIOLET INC,United States,Information Technology,RDVT,NASDAQ,,0.0,EWT,https://www.ishares.com/us/products/239724/ishares-msci-taiwan-etf/1467271812596.ajax?dataType=fund&fileName=EWT_holdings&fileType=csv,,high
RBBN,RIBBON COMMUNICATIONS INC,United States,Information Technology,RBBN,NASDAQ,,0.0,EWT,https://www.ishares.com/us/products/239724/ishares-msci-taiwan-etf/1467271812596.ajax?dataType=fund&fileName=EWT_holdings&fileType=csv,,high
RGTI,RIGETTI COMPUTING INC,United States,Information Technology,RGTI,NASDAQ,,0.01,EWT,https://www.ishares.com/us/products/239724/ishares-msci-taiwan-etf/1467271812596.ajax?dataType=fund&fileName=EWT_holdings&fileType=csv,,high
RNG,RINGCENTRAL INC CLASS A,United States,Information Technology,RNG,NYSE,,0.01,EWT,https://www.ishares.com/us/products/239724/ishares-msci-taiwan-etf/1467271812596.ajax?dataType=fund&fileName=EWT_holdings&fileType=csv,,high
RIOT,RIOT PLATFORMS INC,United States,Information Technology,RIOT,NASDAQ,,0.01,EWT,https://www.ishares.com/us/products/239724/ishares-msci-taiwan-etf/1467271812596.ajax?dataType=fund&fileName=EWT_holdings&fileType=csv,,high
ROG,ROGERS CORP,United States,Information Technology,ROG,NYSE,,0.0,EWT,https://www.ishares.com/us/products/239724/ishares-msci-taiwan-etf/1467271812596.ajax?dataType=fund&fileName=EWT_holdings&fileType=csv,,high
ROP,ROPER TECHNOLOGIES INC,United States,Information Technology,ROP,NASDAQ,,0.06,EWT,https://www.ishares.com/us/products/239724/ishares-msci-taiwan-etf/1467271812596.ajax?dataType=fund&fileName=EWT_holdings&fileType=csv,,high
RBRK,RUBRIK INC CLASS A,United States,Information Technology,RBRK,NYSE,,0.01,EWT,https://www.ishares.com/us/products/239724/ishares-msci-taiwan-etf/1467271812596.ajax?dataType=fund&fileName=EWT_holdings&fileType=csv,,high
SAIL,SAILPOINT INC,United States,Information Technology,SAIL,NASDAQ,,0.0,EWT,https://www.ishares.com/us/products/239724/ishares-msci-taiwan-etf/1467271812596.ajax?dataType=fund&fileName=EWT_holdings&fileType=csv,,high
CRM,SALESFORCE INC,United States,Information Technology,CRM,NYSE,,0.29,EWT,https://www.ishares.com/us/products/239724/ishares-msci-taiwan-etf/1467271812596.ajax?dataType=fund&fileName=EWT_holdings&fileType=csv,,high
IOT,SAMSARA INC CLASS A,United States,Information Technology,IOT,NYSE,,0.02,EWT,https://www.ishares.com/us/products/239724/ishares-msci-taiwan-etf/1467271812596.ajax?dataType=fund&fileName=EWT_holdings&fileType=csv,,high
SNDK,SANDISK CORP,United States,Information Technology,SNDK,NASDAQ,,0.13,EWT,https://www.ishares.com/us/products/239724/ishares-msci-taiwan-etf/1467271812596.ajax?dataType=fund&fileName=EWT_holdings&fileType=csv,,high
SANM,SANMINA CORP,United States,Information Technology,SANM,NASDAQ,,0.01,EWT,https://www.ishares.com/us/products/239724/ishares-msci-taiwan-etf/1467271812596.ajax?dataType=fund&fileName=EWT_holdings&fileType=csv,,high
SCSC,SCANSOURCE INC,United States,Information Technology,SCSC,NASDAQ,,0.0,EWT,https://www.ishares.com/us/products/239724/ishares-msci-taiwan-etf/1467271812596.ajax?dataType=fund&fileName=EWT_holdings&fileType=csv,,high
STX,SEAGATE TECHNOLOGY HOLDINGS PLC,United States,Information Technology,STX,NASDAQ,,0.12,EWT,https://www.ishares.com/us/products/239724/ishares-msci-taiwan-etf/1467271812596.ajax?dataType=fund&fileName=EWT_holdings&fileType=csv,,high
SEMR,SEMRUSH HOLDINGS INC CLASS A,United States,Information Technology,SEMR,NYSE,,0.0,EWT,https://www.ishares.com/us/products/239724/ishares-msci-taiwan-etf/1467271812596.ajax?dataType=fund&fileName=EWT_holdings&fileType=csv,,high
SMTC,SEMTECH CORP,United States,Information Technology,SMTC,NASDAQ,,0.01,EWT,https://www.ishares.com/us/products/239724/ishares-msci-taiwan-etf/1467271812596.ajax?dataType=fund&fileName=EWT_holdings&fileType=csv,,high
S,SENTINELONE INC CLASS A,United States,Information Technology,S,NYSE,,0.01,EWT,https://www.ishares.com/us/products/239724/ishares-msci-taiwan-etf/1467271812596.ajax?dataType=fund&fileName=EWT_holdings&fileType=csv,,high
NOW,SERVICENOW INC,United States,Information Technology,NOW,NYSE,,0.19,EWT,https://www.ishares.com/us/products/239724/ishares-msci-taiwan-etf/1467271812596.ajax?dataType=fund&fileName=EWT_holdings&fileType=csv,,high
TTAN,SERVICETITAN INC CLASS A,United States,Information Technology,TTAN,NASDAQ,,0.01,EWT,https://www.ishares.com/us/products/239724/ishares-msci-taiwan-etf/1467271812596.ajax?dataType=fund&fileName=EWT_holdings&fileType=csv,,high
SLAB,SILICON LABORATORIES INC,United States,Information Technology,SLAB,NASDAQ,,0.01,EWT,https://www.ishares.com/us/products/239724/ishares-msci-taiwan-etf/1467271812596.ajax?dataType=fund&fileName=EWT_holdings&fileType=csv,,high
SITM,SITIME CORP,United States,Information Technology,SITM,NASDAQ,,0.01,EWT,https://www.ishares.com/us/products/239724/ishares-msci-taiwan-etf/1467271812596.ajax?dataType=fund&fileName=EWT_holdings&fileType=csv,,high
SKYT,SKYWATER TECHNOLOGY INC,United States,Information Technology,SKYT,NASDAQ,,0.0,EWT,https://www.ishares.com/us/products/239724/ishares-msci-taiwan-etf/1467271812596.ajax?dataType=fund&fileName=EWT_holdings&fileType=csv,,high
SWKS,SKYWORKS SOLUTIONS INC,United States,Information Technology,SWKS,NASDAQ,,0.01,EWT,https://www.ishares.com/us/products/239724/ishares-msci-taiwan-etf/1467271812596.ajax?dataType=fund&fileName=EWT_holdings&fileType=csv,,high
SMRT,SMARTRENT INC CLASS A,United States,Information Technology,SMRT,NYSE,,0.0,EWT,https://www.ishares.com/us/products/239724/ishares-msci-taiwan-etf/1467271812596.ajax?dataType=fund&fileName=EWT_holdings&fileType=csv,,high
SNOW,SNOWFLAKE INC,United States,Information Technology,SNOW,NYSE,,0.09,EWT,https://www.ishares.com/us/products/239724/ishares-msci-taiwan-etf/1467271812596.ajax?dataType=fund&fileName=EWT_holdings&fileType=csv,,high
SEDG,SOLAREDGE TECHNOLOGIES INC,United States,Information Technology,SEDG,NASDAQ,,0.0,EWT,https://www.ishares.com/us/products/239724/ishares-msci-taiwan-etf/1467271812596.ajax?dataType=fund&fileName=EWT_holdings&fileType=csv,,high
SOUN,SOUNDHOUND AI INC CLASS A,United States,Information Technology,SOUN,NASDAQ,,0.01,EWT,https://www.ishares.com/us/products/239724/ishares-msci-taiwan-etf/1467271812596.ajax?dataType=fund&fileName=EWT_holdings&fileType=csv,,high
CXM,SPRINKLR INC CLASS A,United States,Information Technology,CXM,NYSE,,0.0,EWT,https://www.ishares.com/us/products/239724/ishares-msci-taiwan-etf/1467271812596.ajax?dataType=fund&fileName=EWT_holdings&fileType=csv,,high
SPT,SPROUT SOCIAL INC CLASS A,United States,Information Technology,SPT,NASDAQ,,0.0,EWT,https://www.ishares.com/us/products/239724/ishares-msci-taiwan-etf/1467271812596.ajax?dataType=fund&fileName=EWT_holdings&fileType=csv,,high
SPSC,SPS COMMERCE INC,United States,Information Technology,SPSC,NASDAQ,,0.0,EWT,https://www.ishares.com/us/products/239724/ishares-msci-taiwan-etf/1467271812596.ajax?dataType=fund&fileName=EWT_holdings&fileType=csv,,high
MSTR,STRATEGY INC CLASS A,United States,Information Technology,MSTR,NASDAQ,,0.06,EWT,https://www.ishares.com/us/products/239724/ishares-msci-taiwan-etf/1467271812596.ajax?dataType=fund&fileName=EWT_holdings&fileType=csv,,high
SMCI,SUPER MICRO COMPUTER INC,United States,Information Technology,SMCI,NASDAQ,,0.02,EWT,https://www.ishares.com/us/products/239724/ishares-msci-taiwan-etf/1467271812596.ajax?dataType=fund&fileName=EWT_holdings&fileType=csv,,high
SYNA,SYNAPTICS INC,United States,Information Technology,SYNA,NASDAQ,,0.0,EWT,https://www.ishares.com/us/products/239724/ishares-msci-taiwan-etf/1467271812596.ajax?dataType=fund&fileName=EWT_holdings&fileType=csv,,high
SNPS,SYNOPSYS INC,United States,Information Technology,SNPS,NASDAQ,,0.12,EWT,https://www.ishares.com/us/products/239724/ishares-msci-taiwan-etf/1467271812596.ajax?dataType=fund&fileName=EWT_holdings&fileType=csv,,high
SNX,TD SYNNEX CORP,United States,Information Technology,SNX,NYSE,,0.02,EWT,https://www.ishares.com/us/products/239724/ishares-msci-taiwan-etf/1467271812596.ajax?dataType=fund&fileName=EWT_holdings&fileType=csv,,high
TEL,TE CONNECTIVITY PLC,United States,Information Technology,TEL,NYSE,,0.09,EWT,https://www.ishares.com/us/products/239724/ishares-msci-taiwan-etf/1467271812596.ajax?dataType=fund&fileName=EWT_holdings&fileType=csv,,high
TDY,TELEDYNE TECHNOLOGIES INC,United States,Information Technology,TDY,NYSE,,0.05,EWT,https://www.ishares.com/us/products/239724/ishares-msci-taiwan-etf/1467271812596.ajax?dataType=fund&fileName=EWT_holdings&fileType=csv,,high
TLS,TELOS CORPORATION CORP,United States,Information Technology,TLS,NASDAQ,,0.0,EWT,https://www.ishares.com/us/products/239724/ishares-msci-taiwan-etf/1467271812596.ajax?dataType=fund&fileName=EWT_holdings&fileType=csv,,high
TENB,TENABLE HOLDINGS INC,United States,Information Technology,TENB,NASDAQ,,0.0,EWT,https://www.ishares.com/us/products/239724/ishares-msci-taiwan-etf/1467271812596.ajax?dataType=fund&fileName=EWT_holdings&fileType=csv,,high
TDC,TERADATA CORP,United States,Information Technology,TDC,NYSE,,0.0,EWT,https://www.ishares.com/us/products/239724/ishares-msci-taiwan-etf/1467271812596.ajax?dataType=fund&fileName=EWT_holdings&fileType=csv,,high
TER,TERADYNE INC,United States,Information Technology,TER,NASDAQ,,0.07,EWT,https://www.ishares.com/us/products/239724/ishares-msci-taiwan-etf/1467271812596.ajax?dataType=fund&fileName=EWT_holdings&fileType=csv,,high
WULF,TERAWULF INC,United States,Information Technology,WULF,NASDAQ,,0.01,EWT,https://www.ishares.com/us/products/239724/ishares-msci-taiwan-etf/1467271812596.ajax?dataType=fund&fileName=EWT_holdings&fileType=csv,,high
TXN,TEXAS INSTRUMENT INC,United States,Information Technology,TXN,NASDAQ,,0.27,EWT,https://www.ishares.com/us/products/239724/ishares-msci-taiwan-etf/1467271812596.ajax?dataType=fund&fileName=EWT_holdings&fileType=csv,,high
TRMB,TRIMBLE INC,United States,Information Technology,TRMB,NASDAQ,,0.03,EWT,https://www.ishares.com/us/products/239724/ishares-msci-taiwan-etf/1467271812596.ajax?dataType=fund&fileName=EWT_holdings&fileType=csv,,high
TSSI,TSS INC,United States,Information Technology,TSSI,NASDAQ,,0.0,EWT,https://www.ishares.com/us/products/239724/ishares-msci-taiwan-etf/1467271812596.ajax?dataType=fund&fileName=EWT_holdings&fileType=csv,,high
TTMI,TTM TECHNOLOGIES INC,United States,Information Technology,TTMI,NASDAQ,,0.02,EWT,https://www.ishares.com/us/products/239724/ishares-msci-taiwan-etf/1467271812596.ajax?dataType=fund&fileName=EWT_holdings&fileType=csv,,high
TWLO,TWILIO INC CLASS A,United States,Information Technology,TWLO,NYSE,,0.03,EWT,https://www.ishares.com/us/products/239724/ishares-msci-taiwan-etf/1467271812596.ajax?dataType=fund&fileName=EWT_holdings&fileType=csv,,high
TYL,TYLER TECHNOLOGIES INC,United States,Information Technology,TYL,NYSE,,0.02,EWT,https://www.ishares.com/us/products/239724/ishares-msci-taiwan-etf/1467271812596.ajax?dataType=fund&fileName=EWT_holdings&fileType=csv,,high
UI,UBIQUITI INC,United States,Information Technology,UI,NYSE,,0.0,EWT,https://www.ishares.com/us/products/239724/ishares-msci-taiwan-etf/1467271812596.ajax?dataType=fund&fileName=EWT_holdings&fileType=csv,,high
PATH,UIPATH INC CLASS A,United States,Information Technology,PATH,NYSE,,0.01,EWT,https://www.ishares.com/us/products/239724/ishares-msci-taiwan-etf/1467271812596.ajax?dataType=fund&fileName=EWT_holdings&fileType=csv,,high
UCTT,ULTRA CLEAN HOLDINGS INC,United States,Information Technology,UCTT,NASDAQ,,0.0,EWT,https://www.ishares.com/us/products/239724/ishares-msci-taiwan-etf/1467271812596.ajax?dataType=fund&fileName=EWT_holdings&fileType=csv,,high
UIS,UNISYS CORP,United States,Information Technology,UIS,NYSE,,0.0,EWT,https://www.ishares.com/us/products/239724/ishares-msci-taiwan-etf/1467271812596.ajax?dataType=fund&fileName=EWT_holdings&fileType=csv,,high
U,UNITY SOFTWARE INC,United States,Information Technology,U,NYSE,,0.01,EWT,https://www.ishares.com/us/products/239724/ishares-msci-taiwan-etf/1467271812596.ajax?dataType=fund&fileName=EWT_holdings&fileType=csv,,high
OLED,UNIVERSAL DISPLAY CORP,United States,Information Technology,OLED,NASDAQ,,0.01,EWT,https://www.ishares.com/us/products/239724/ishares-msci-taiwan-etf/1467271812596.ajax?dataType=fund&fileName=EWT_holdings&fileType=csv,,high
UMAC,UNUSUAL MACHINES INC,United States,Information Technology,UMAC,Nyse Mkt Llc,,0.0,EWT,https://www.ishares.com/us/products/239724/ishares-msci-taiwan-etf/1467271812596.ajax?dataType=fund&fileName=EWT_holdings&fileType=csv,,high
VRNS,VARONIS SYSTEMS INC,United States,Information Technology,VRNS,NASDAQ,,0.0,EWT,https://www.ishares.com/us/products/239724/ishares-msci-taiwan-etf/1467271812596.ajax?dataType=fund&fileName=EWT_holdings&fileType=csv,,high
VECO,VEECO INSTRUMENTS INC,United States,Information Technology,VECO,NASDAQ,,0.0,EWT,https://www.ishares.com/us/products/239724/ishares-msci-taiwan-etf/1467271812596.ajax?dataType=fund&fileName=EWT_holdings&fileType=csv,,high
VRSN,VERISIGN INC,United States,Information Technology,VRSN,NASDAQ,,0.03,EWT,https://www.ishares.com/us/products/239724/ishares-msci-taiwan-etf/1467271812596.ajax?dataType=fund&fileName=EWT_holdings&fileType=csv,,high
VERX,VERTEX INC CLASS A,United States,Information Technology,VERX,NASDAQ,,0.0,EWT,https://www.ishares.com/us/products/239724/ishares-msci-taiwan-etf/1467271812596.ajax?dataType=fund&fileName=EWT_holdings&fileType=csv,,high
VSAT,VIASAT INC,United States,Information Technology,VSAT,NASDAQ,,0.01,EWT,https://www.ishares.com/us/products/239724/ishares-msci-taiwan-etf/1467271812596.ajax?dataType=fund&fileName=EWT_holdings&fileType=csv,,high
VIAV,VIAVI SOLUTIONS INC,United States,Information Technology,VIAV,NASDAQ,,0.01,EWT,https://www.ishares.com/us/products/239724/ishares-msci-taiwan-etf/1467271812596.ajax?dataType=fund&fileName=EWT_holdings&fileType=csv,,high
VSH,VISHAY INTERTECHNOLOGY INC,United States,Information Technology,VSH,NYSE,,0.0,EWT,https://www.ishares.com/us/products/239724/ishares-msci-taiwan-etf/1467271812596.ajax?dataType=fund&fileName=EWT_holdings&fileType=csv,,high
VPG,VISHAY PRECISION GROUP INC,United States,Information Technology,VPG,NYSE,,0.0,EWT,https://www.ishares.com/us/products/239724/ishares-msci-taiwan-etf/1467271812596.ajax?dataType=fund&fileName=EWT_holdings&fileType=csv,,high
VISN,VISTANCE NETWORKS INC,United States,Information Technology,VISN,NASDAQ,,0.01,EWT,https://www.ishares.com/us/products/239724/ishares-msci-taiwan-etf/1467271812596.ajax?dataType=fund&fileName=EWT_holdings&fileType=csv,,high
VNT,VONTIER CORP,United States,Information Technology,VNT,NYSE,,0.01,EWT,https://www.ishares.com/us/products/239724/ishares-msci-taiwan-etf/1467271812596.ajax?dataType=fund&fileName=EWT_holdings&fileType=csv,,high
VUZI,VUZIX CORP,United States,Information Technology,VUZI,NASDAQ,,0.0,EWT,https://www.ishares.com/us/products/239724/ishares-msci-taiwan-etf/1467271812596.ajax?dataType=fund&fileName=EWT_holdings&fileType=csv,,high
WEAV,WEAVE COMMUNICATIONS INC,United States,Information Technology,WEAV,NYSE,,0.0,EWT,https://www.ishares.com/us/products/239724/ishares-msci-taiwan-etf/1467271812596.ajax?dataType=fund&fileName=EWT_holdings&fileType=csv,,high
WDC,WESTERN DIGITAL CORP,United States,Information Technology,WDC,NASDAQ,,0.14,EWT,https://www.ishares.com/us/products/239724/ishares-msci-taiwan-etf/1467271812596.ajax?dataType=fund&fileName=EWT_holdings&fileType=csv,,high
WDAY,WORKDAY INC CLASS A,United States,Information Technology,WDAY,NASDAQ,,0.05,EWT,https://www.ishares.com/us/products/239724/ishares-msci-taiwan-etf/1467271812596.ajax?dataType=fund&fileName=EWT_holdings&fileType=csv,,high
WK,WORKIVA INC CLASS A,United States,Information Technology,WK,NYSE,,0.01,EWT,https://www.ishares.com/us/products/239724/ishares-msci-taiwan-etf/1467271812596.ajax?dataType=fund&fileName=EWT_holdings&fileType=csv,,high
XRX,XEROX HOLDINGS CORP,United States,Information Technology,XRX,NASDAQ,,0.0,EWT,https://www.ishares.com/us/products/239724/ishares-msci-taiwan-etf/1467271812596.ajax?dataType=fund&fileName=EWT_holdings&fileType=csv,,high
XPER,XPERI INC,United States,Information Technology,XPER,NYSE,,0.0,EWT,https://www.ishares.com/us/products/239724/ishares-msci-taiwan-etf/1467271812596.ajax?dataType=fund&fileName=EWT_holdings&fileType=csv,,high
YEXT,YEXT INC,United States,Information Technology,YEXT,NYSE,,0.0,EWT,https://www.ishares.com/us/products/239724/ishares-msci-taiwan-etf/1467271812596.ajax?dataType=fund&fileName=EWT_holdings&fileType=csv,,high
ZBRA,ZEBRA TECHNOLOGIES CORP CLASS A,United States,Information Technology,ZBRA,NASDAQ,,0.02,EWT,https://www.ishares.com/us/products/239724/ishares-msci-taiwan-etf/1467271812596.ajax?dataType=fund&fileName=EWT_holdings&fileType=csv,,high
ZETA,ZETA GLOBAL HOLDINGS CORP CLASS A,United States,Information Technology,ZETA,NYSE,,0.01,EWT,https://www.ishares.com/us/products/239724/ishares-msci-taiwan-etf/1467271812596.ajax?dataType=fund&fileName=EWT_holdings&fileType=csv,,high
ZM,ZOOM COMMUNICATIONS INC CLASS A,United States,Information Technology,ZM,NASDAQ,,0.03,EWT,https://www.ishares.com/us/products/239724/ishares-msci-taiwan-etf/1467271812596.ajax?dataType=fund&fileName=EWT_holdings&fileType=csv,,high
ZS,ZSCALER INC,United States,Information Technology,ZS,NASDAQ,,0.03,EWT,https://www.ishares.com/us/products/239724/ishares-msci-taiwan-etf/1467271812596.ajax?dataType=fund&fileName=EWT_holdings&fileType=csv,,high
ASIX,ADVANSIX INC,United States,Materials,ASIX,NYSE,,0.0,EWT,https://www.ishares.com/us/products/239724/ishares-msci-taiwan-etf/1467271812596.ajax?dataType=fund&fileName=EWT_holdings&fileType=csv,,high
APD,AIR PRODUCTS AND CHEMICALS INC,United States,Materials,APD,NYSE,,0.09,EWT,https://www.ishares.com/us/products/239724/ishares-msci-taiwan-etf/1467271812596.ajax?dataType=fund&fileName=EWT_holdings&fileType=csv,,high
ALB,ALBEMARLE CORP,United States,Materials,ALB,NYSE,,0.03,EWT,https://www.ishares.com/us/products/239724/ishares-msci-taiwan-etf/1467271812596.ajax?dataType=fund&fileName=EWT_holdings&fileType=csv,,high
AA,ALCOA CORP,United States,Materials,AA,NYSE,,0.02,EWT,https://www.ishares.com/us/products/239724/ishares-msci-taiwan-etf/1467271812596.ajax?dataType=fund&fileName=EWT_holdings&fileType=csv,,high
AMR,ALPHA METALLURGICAL RESOURCE INC,United States,Materials,AMR,NYSE,,0.0,EWT,https://www.ishares.com/us/products/239724/ishares-msci-taiwan-etf/1467271812596.ajax?dataType=fund&fileName=EWT_holdings&fileType=csv,,high
AMCR,AMCOR PLC,United States,Materials,AMCR,NYSE,,0.03,EWT,https://www.ishares.com/us/products/239724/ishares-msci-taiwan-etf/1467271812596.ajax?dataType=fund&fileName=EWT_holdings&fileType=csv,,high
ABAT,AMERICAN BATTERY TECHNOLOGY COMPAN,United States,Materials,ABAT,NASDAQ,,0.0,EWT,https://www.ishares.com/us/products/239724/ishares-msci-taiwan-etf/1467271812596.ajax?dataType=fund&fileName=EWT_holdings&fileType=csv,,high
AMRZ,AMRIZE AG,United States,Materials,AMRZ,NYSE,,0.05,EWT,https://www.ishares.com/us/products/239724/ishares-msci-taiwan-etf/1467271812596.ajax?dataType=fund&fileName=EWT_holdings&fileType=csv,,high
ATR,APTARGROUP INC,United States,Materials,ATR,NYSE,,0.01,EWT,https://www.ishares.com/us/products/239724/ishares-msci-taiwan-etf/1467271812596.ajax?dataType=fund&fileName=EWT_holdings&fileType=csv,,high
ASH,ASHLAND INC,United States,Materials,ASH,NYSE,,0.0,EWT,https://www.ishares.com/us/products/239724/ishares-msci-taiwan-etf/1467271812596.ajax?dataType=fund&fileName=EWT_holdings&fileType=csv,,high
ASPI,ASP ISOTOPES INC,United States,Materials,ASPI,NASDAQ,,0.0,EWT,https://www.ishares.com/us/products/239724/ishares-msci-taiwan-etf/1467271812596.ajax?dataType=fund&fileName=EWT_holdings&fileType=csv,,high
ASPN,ASPEN AEROGELS INC,United States,Materials,ASPN,NYSE,,0.0,EWT,https://www.ishares.com/us/products/239724/ishares-msci-taiwan-etf/1467271812596.ajax?dataType=fund&fileName=EWT_holdings&fileType=csv,,high
AVY,AVERY DENNISON CORP,United States,Materials,AVY,NYSE,,0.02,EWT,https://www.ishares.com/us/products/239724/ishares-msci-taiwan-etf/1467271812596.ajax?dataType=fund&fileName=EWT_holdings&fileType=csv,,high
AVNT,AVIENT CORP,United States,Materials,AVNT,NYSE,,0.01,EWT,https://www.ishares.com/us/products/239724/ishares-msci-taiwan-etf/1467271812596.ajax?dataType=fund&fileName=EWT_holdings&fileType=csv,,high
AXTA,AXALTA COATING SYSTEMS LTD,United States,Materials,AXTA,NYSE,,0.01,EWT,https://www.ishares.com/us/products/239724/ishares-msci-taiwan-etf/1467271812596.ajax?dataType=fund&fileName=EWT_holdings&fileType=csv,,high
BCPC,BALCHEM CORP,United States,Materials,BCPC,NASDAQ,,0.01,EWT,https://www.ishares.com/us/products/239724/ishares-msci-taiwan-etf/1467271812596.ajax?dataType=fund&fileName=EWT_holdings&fileType=csv,,high
BALL,BALL CORP,United States,Materials,BALL,NYSE,,0.02,EWT,https://www.ishares.com/us/products/239724/ishares-msci-taiwan-etf/1467271812596.ajax?dataType=fund&fileName=EWT_holdings&fileType=csv,,high
CBT,CABOT CORP,United States,Materials,CBT,NYSE,,0.01,EWT,https://www.ishares.com/us/products/239724/ishares-msci-taiwan-etf/1467271812596.ajax?dataType=fund&fileName=EWT_holdings&fileType=csv,,high
CE,CELANESE CORP,United States,Materials,CE,NYSE,,0.01,EWT,https://www.ishares.com/us/products/239724/ishares-msci-taiwan-etf/1467271812596.ajax?dataType=fund&fileName=EWT_holdings&fileType=csv,,high
CENX,CENTURY ALUMINUM,United States,Materials,CENX,NASDAQ,,0.0,EWT,https://www.ishares.com/us/products/239724/ishares-msci-taiwan-etf/1467271812596.ajax?dataType=fund&fileName=EWT_holdings&fileType=csv,,high
CF,CF INDUSTRIES HOLDINGS INC,United States,Materials,CF,NYSE,,0.03,EWT,https://www.ishares.com/us/products/239724/ishares-msci-taiwan-etf/1467271812596.ajax?dataType=fund&fileName=EWT_holdings&fileType=csv,,high
CC,CHEMOURS,United States,Materials,CC,NYSE,,0.0,EWT,https://www.ishares.com/us/products/239724/ishares-msci-taiwan-etf/1467271812596.ajax?dataType=fund&fileName=EWT_holdings&fileType=csv,,high
CLW,CLEARWATER PAPER CORP,United States,Materials,CLW,NYSE,,0.0,EWT,https://www.ishares.com/us/products/239724/ishares-msci-taiwan-etf/1467271812596.ajax?dataType=fund&fileName=EWT_holdings&fileType=csv,,high
CLF,CLEVELAND CLIFFS INC,United States,Materials,CLF,NYSE,,0.01,EWT,https://www.ishares.com/us/products/239724/ishares-msci-taiwan-etf/1467271812596.ajax?dataType=fund&fileName=EWT_holdings&fileType=csv,,high
CDE,COEUR MINING INC,United States,Materials,CDE,NYSE,,0.02,EWT,https://www.ishares.com/us/products/239724/ishares-msci-taiwan-etf/1467271812596.ajax?dataType=fund&fileName=EWT_holdings&fileType=csv,,high
CMC,COMMERCIAL METALS,United States,Materials,CMC,NYSE,,0.01,EWT,https://www.ishares.com/us/products/239724/ishares-msci-taiwan-etf/1467271812596.ajax?dataType=fund&fileName=EWT_holdings&fileType=csv,,high
CMP,COMPASS MINERALS INTERNATIONAL INC,United States,Materials,CMP,NYSE,,0.0,EWT,https://www.ishares.com/us/products/239724/ishares-msci-taiwan-etf/1467271812596.ajax?dataType=fund&fileName=EWT_holdings&fileType=csv,,high
CTVA,CORTEVA INC,United States,Materials,CTVA,NYSE,,0.08,EWT,https://www.ishares.com/us/products/239724/ishares-msci-taiwan-etf/1467271812596.ajax?dataType=fund&fileName=EWT_holdings&fileType=csv,,high
CRH,CRH PUBLIC LIMITED PLC,United States,Materials,CRH,NYSE,,0.11,EWT,https://www.ishares.com/us/products/239724/ishares-msci-taiwan-etf/1467271812596.ajax?dataType=fund&fileName=EWT_holdings&fileType=csv,,high
CCK,CROWN HOLDINGS INC,United States,Materials,CCK,NYSE,,0.02,EWT,https://www.ishares.com/us/products/239724/ishares-msci-taiwan-etf/1467271812596.ajax?dataType=fund&fileName=EWT_holdings&fileType=csv,,high
DOW,DOW INC,United States,Materials,DOW,NYSE,,0.04,EWT,https://www.ishares.com/us/products/239724/ishares-msci-taiwan-etf/1467271812596.ajax?dataType=fund&fileName=EWT_holdings&fileType=csv,,high
DD,DUPONT DE NEMOURS INC,United States,Materials,DD,NYSE,,0.03,EWT,https://www.ishares.com/us/products/239724/ishares-msci-taiwan-etf/1467271812596.ajax?dataType=fund&fileName=EWT_holdings&fileType=csv,,high
EXP,EAGLE MATERIALS INC,United States,Materials,EXP,NYSE,,0.01,EWT,https://www.ishares.com/us/products/239724/ishares-msci-taiwan-etf/1467271812596.ajax?dataType=fund&fileName=EWT_holdings&fileType=csv,,high
EMN,EASTMAN CHEMICAL,United States,Materials,EMN,NYSE,,0.01,EWT,https://www.ishares.com/us/products/239724/ishares-msci-taiwan-etf/1467271812596.ajax?dataType=fund&fileName=EWT_holdings&fileType=csv,,high
ECL,ECOLAB INC,United States,Materials,ECL,NYSE,,0.11,EWT,https://www.ishares.com/us/products/239724/ishares-msci-taiwan-etf/1467271812596.ajax?dataType=fund&fileName=EWT_holdings&fileType=csv,,high
ECVT,ECOVYST INC,United States,Materials,ECVT,NYSE,,0.0,EWT,https://www.ishares.com/us/products/239724/ishares-msci-taiwan-etf/1467271812596.ajax?dataType=fund&fileName=EWT_holdings&fileType=csv,,high
ESI,ELEMENT SOLUTIONS INC,United States,Materials,ESI,NYSE,,0.01,EWT,https://www.ishares.com/us/products/239724/ishares-msci-taiwan-etf/1467271812596.ajax?dataType=fund&fileName=EWT_holdings&fileType=csv,,high
FMC,FMC CORP,United States,Materials,FMC,NYSE,,0.0,EWT,https://www.ishares.com/us/products/239724/ishares-msci-taiwan-etf/1467271812596.ajax?dataType=fund&fileName=EWT_holdings&fileType=csv,,high
FCX,FREEPORT MCMORAN INC,United States,Materials,FCX,NYSE,,0.13,EWT,https://www.ishares.com/us/products/239724/ishares-msci-taiwan-etf/1467271812596.ajax?dataType=fund&fileName=EWT_holdings&fileType=csv,,high
GPK,GRAPHIC PACKAGING HOLDING,United States,Materials,GPK,NYSE,,0.0,EWT,https://www.ishares.com/us/products/239724/ishares-msci-taiwan-etf/1467271812596.ajax?dataType=fund&fileName=EWT_holdings&fileType=csv,,high
GEF,GREIF INC CLASS A,United States,Materials,GEF,NYSE,,0.0,EWT,https://www.ishares.com/us/products/239724/ishares-msci-taiwan-etf/1467271812596.ajax?dataType=fund&fileName=EWT_holdings&fileType=csv,,high
GEFB,GREIF INC CLASS B,United States,Materials,GEFB,NYSE,,0.0,EWT,https://www.ishares.com/us/products/239724/ishares-msci-taiwan-etf/1467271812596.ajax?dataType=fund&fileName=EWT_holdings&fileType=csv,,high
HWKN,HAWKINS INC,United States,Materials,HWKN,NASDAQ,,0.0,EWT,https://www.ishares.com/us/products/239724/ishares-msci-taiwan-etf/1467271812596.ajax?dataType=fund&fileName=EWT_holdings&fileType=csv,,high
FUL,HB FULLER,United States,Materials,FUL,NYSE,,0.01,EWT,https://www.ishares.com/us/products/239724/ishares-msci-taiwan-etf/1467271812596.ajax?dataType=fund&fileName=EWT_holdings&fileType=csv,,high
HL,HECLA MINING,United States,Materials,HL,NYSE,,0.02,EWT,https://www.ishares.com/us/products/239724/ishares-msci-taiwan-etf/1467271812596.ajax?dataType=fund&fileName=EWT_holdings&fileType=csv,,high
HUN,HUNTSMAN CORP,United States,Materials,HUN,NYSE,,0.0,EWT,https://www.ishares.com/us/products/239724/ishares-msci-taiwan-etf/1467271812596.ajax?dataType=fund&fileName=EWT_holdings&fileType=csv,,high
HYMC,HYCROFT MINING HOLDING CLASS A,United States,Materials,HYMC,NASDAQ,,0.0,EWT,https://www.ishares.com/us/products/239724/ishares-msci-taiwan-etf/1467271812596.ajax?dataType=fund&fileName=EWT_holdings&fileType=csv,,high
IDR,IDAHO STRATEGIC RESOURCES INC,United States,Materials,IDR,Nyse Mkt Llc,,0.0,EWT,https://www.ishares.com/us/products/239724/ishares-msci-taiwan-etf/1467271812596.ajax?dataType=fund&fileName=EWT_holdings&fileType=csv,,high
NGVT,INGEVITY CORP,United States,Materials,NGVT,NYSE,,0.0,EWT,https://www.ishares.com/us/products/239724/ishares-msci-taiwan-etf/1467271812596.ajax?dataType=fund&fileName=EWT_holdings&fileType=csv,,high
IOSP,INNOSPEC INC,United States,Materials,IOSP,NASDAQ,,0.0,EWT,https://www.ishares.com/us/products/239724/ishares-msci-taiwan-etf/1467271812596.ajax?dataType=fund&fileName=EWT_holdings&fileType=csv,,high
IFF,INTERNATIONAL FLAVORS & FRAGRANCES,United States,Materials,IFF,NYSE,,0.03,EWT,https://www.ishares.com/us/products/239724/ishares-msci-taiwan-etf/1467271812596.ajax?dataType=fund&fileName=EWT_holdings&fileType=csv,,high
IP,INTERNATIONAL PAPER,United States,Materials,IP,NYSE,,0.03,EWT,https://www.ishares.com/us/products/239724/ishares-msci-taiwan-etf/1467271812596.ajax?dataType=fund&fileName=EWT_holdings&fileType=csv,,high
IE,IVANHOE ELECTRIC INC,United States,Materials,IE,Nyse Mkt Llc,,0.0,EWT,https://www.ishares.com/us/products/239724/ishares-msci-taiwan-etf/1467271812596.ajax?dataType=fund&fileName=EWT_holdings&fileType=csv,,high
KALU,KAISER ALUMINIUM CORP,United States,Materials,KALU,NASDAQ,,0.0,EWT,https://www.ishares.com/us/products/239724/ishares-msci-taiwan-etf/1467271812596.ajax?dataType=fund&fileName=EWT_holdings&fileType=csv,,high
KNF,KNIFE RIVER CORP,United States,Materials,KNF,NYSE,,0.01,EWT,https://www.ishares.com/us/products/239724/ishares-msci-taiwan-etf/1467271812596.ajax?dataType=fund&fileName=EWT_holdings&fileType=csv,,high
KOP,KOPPERS HOLDINGS INC,United States,Materials,KOP,NYSE,,0.0,EWT,https://www.ishares.com/us/products/239724/ishares-msci-taiwan-etf/1467271812596.ajax?dataType=fund&fileName=EWT_holdings&fileType=csv,,high
LIN,LINDE PLC,United States,Materials,LIN,NASDAQ,,0.34,EWT,https://www.ishares.com/us/products/239724/ishares-msci-taiwan-etf/1467271812596.ajax?dataType=fund&fileName=EWT_holdings&fileType=csv,,high
LPX,LOUISIANA PACIFIC CORP,United States,Materials,LPX,NYSE,,0.01,EWT,https://www.ishares.com/us/products/239724/ishares-msci-taiwan-etf/1467271812596.ajax?dataType=fund&fileName=EWT_holdings&fileType=csv,,high
LXU,LSB INDUSTRIES INC,United States,Materials,LXU,NYSE,,0.0,EWT,https://www.ishares.com/us/products/239724/ishares-msci-taiwan-etf/1467271812596.ajax?dataType=fund&fileName=EWT_holdings&fileType=csv,,high
LYB,LYONDELLBASELL INDUSTRIES NV CLASS,United States,Materials,LYB,NYSE,,0.03,EWT,https://www.ishares.com/us/products/239724/ishares-msci-taiwan-etf/1467271812596.ajax?dataType=fund&fileName=EWT_holdings&fileType=csv,,high
MLM,MARTIN MARIETTA MATERIALS INC,United States,Materials,MLM,NYSE,,0.06,EWT,https://www.ishares.com/us/products/239724/ishares-msci-taiwan-etf/1467271812596.ajax?dataType=fund&fileName=EWT_holdings&fileType=csv,,high
MTRN,MATERION CORP,United States,Materials,MTRN,NYSE,,0.0,EWT,https://www.ishares.com/us/products/239724/ishares-msci-taiwan-etf/1467271812596.ajax?dataType=fund&fileName=EWT_holdings&fileType=csv,,high
MATV,MATIV HOLDINGS INC,United States,Materials,MATV,NYSE,,0.0,EWT,https://www.ishares.com/us/products/239724/ishares-msci-taiwan-etf/1467271812596.ajax?dataType=fund&fileName=EWT_holdings&fileType=csv,,high
MUX,MCEWEN INC,United States,Materials,MUX,NYSE,,0.0,EWT,https://www.ishares.com/us/products/239724/ishares-msci-taiwan-etf/1467271812596.ajax?dataType=fund&fileName=EWT_holdings&fileType=csv,,high
MERC,MERCER INTERNATIONAL INC,United States,Materials,MERC,NASDAQ,,0.0,EWT,https://www.ishares.com/us/products/239724/ishares-msci-taiwan-etf/1467271812596.ajax?dataType=fund&fileName=EWT_holdings&fileType=csv,,high
MTUS,METALLUS INC,United States,Materials,MTUS,NYSE,,0.0,EWT,https://www.ishares.com/us/products/239724/ishares-msci-taiwan-etf/1467271812596.ajax?dataType=fund&fileName=EWT_holdings&fileType=csv,,high
MTX,MINERALS TECHNOLOGIES INC,United States,Materials,MTX,NYSE,,0.0,EWT,https://www.ishares.com/us/products/239724/ishares-msci-taiwan-etf/1467271812596.ajax?dataType=fund&fileName=EWT_holdings&fileType=csv,,high
MOS,MOSAIC,United States,Materials,MOS,NYSE,,0.01,EWT,https://www.ishares.com/us/products/239724/ishares-msci-taiwan-etf/1467271812596.ajax?dataType=fund&fileName=EWT_holdings&fileType=csv,,high
MP,MP MATERIALS CORP CLASS A,United States,Materials,MP,NYSE,,0.01,EWT,https://www.ishares.com/us/products/239724/ishares-msci-taiwan-etf/1467271812596.ajax?dataType=fund&fileName=EWT_holdings&fileType=csv,,high
MYE,MYERS INDUSTRIES INC,United States,Materials,MYE,NYSE,,0.0,EWT,https://www.ishares.com/us/products/239724/ishares-msci-taiwan-etf/1467271812596.ajax?dataType=fund&fileName=EWT_holdings&fileType=csv,,high
NEU,NEWMARKET CORP,United States,Materials,NEU,NYSE,,0.01,EWT,https://www.ishares.com/us/products/239724/ishares-msci-taiwan-etf/1467271812596.ajax?dataType=fund&fileName=EWT_holdings&fileType=csv,,high
NEM,NEWMONT,United States,Materials,NEM,NYSE,,0.19,EWT,https://www.ishares.com/us/products/239724/ishares-msci-taiwan-etf/1467271812596.ajax?dataType=fund&fileName=EWT_holdings&fileType=csv,,high
NUE,NUCOR CORP,United States,Materials,NUE,NYSE,,0.06,EWT,https://www.ishares.com/us/products/239724/ishares-msci-taiwan-etf/1467271812596.ajax?dataType=fund&fileName=EWT_holdings&fileType=csv,,high
OI,O I GLASS INC,United States,Materials,OI,NYSE,,0.0,EWT,https://www.ishares.com/us/products/239724/ishares-msci-taiwan-etf/1467271812596.ajax?dataType=fund&fileName=EWT_holdings&fileType=csv,,high
OLN,OLIN CORP,United States,Materials,OLN,NYSE,,0.0,EWT,https://www.ishares.com/us/products/239724/ishares-msci-taiwan-etf/1467271812596.ajax?dataType=fund&fileName=EWT_holdings&fileType=csv,,high
OEC,ORION SA,United States,Materials,OEC,NYSE,,0.0,EWT,https://www.ishares.com/us/products/239724/ishares-msci-taiwan-etf/1467271812596.ajax?dataType=fund&fileName=EWT_holdings&fileType=csv,,high
PKG,PACKAGING CORP OF AMERICA,United States,Materials,PKG,NYSE,,0.03,EWT,https://www.ishares.com/us/products/239724/ishares-msci-taiwan-etf/1467271812596.ajax?dataType=fund&fileName=EWT_holdings&fileType=csv,,high
PRM,PERIMETER SOLUTIONS INC,United States,Materials,PRM,NYSE,,0.01,EWT,https://www.ishares.com/us/products/239724/ishares-msci-taiwan-etf/1467271812596.ajax?dataType=fund&fileName=EWT_holdings&fileType=csv,,high
PPG,PPG INDUSTRIES INC,United States,Materials,PPG,NYSE,,0.04,EWT,https://www.ishares.com/us/products/239724/ishares-msci-taiwan-etf/1467271812596.ajax?dataType=fund&fileName=EWT_holdings&fileType=csv,,high
PCT,PURECYCLE TECHNOLOGIES INC,United States,Materials,PCT,NASDAQ,,0.0,EWT,https://www.ishares.com/us/products/239724/ishares-msci-taiwan-etf/1467271812596.ajax?dataType=fund&fileName=EWT_holdings&fileType=csv,,high
KWR,QUAKER HOUGHTON CORP,United States,Materials,KWR,NYSE,,0.0,EWT,https://www.ishares.com/us/products/239724/ishares-msci-taiwan-etf/1467271812596.ajax?dataType=fund&fileName=EWT_holdings&fileType=csv,,high
METC,RAMACO RESOURCES INC CLASS A,United States,Materials,METC,NASDAQ,,0.0,EWT,https://www.ishares.com/us/products/239724/ishares-msci-taiwan-etf/1467271812596.ajax?dataType=fund&fileName=EWT_holdings&fileType=csv,,high
RS,RELIANCE STEEL & ALUMINUM,United States,Materials,RS,NYSE,,0.02,EWT,https://www.ishares.com/us/products/239724/ishares-msci-taiwan-etf/1467271812596.ajax?dataType=fund&fileName=EWT_holdings&fileType=csv,,high
RGLD,ROYAL GOLD INC,United States,Materials,RGLD,NASDAQ,,0.03,EWT,https://www.ishares.com/us/products/239724/ishares-msci-taiwan-etf/1467271812596.ajax?dataType=fund&fileName=EWT_holdings&fileType=csv,,high
RPM,RPM INTERNATIONAL INC,United States,Materials,RPM,NYSE,,0.02,EWT,https://www.ishares.com/us/products/239724/ishares-msci-taiwan-etf/1467271812596.ajax?dataType=fund&fileName=EWT_holdings&fileType=csv,,high
RYZ,RYERSON HOLDING CORP,United States,Materials,RYZ,NYSE,,0.0,EWT,https://www.ishares.com/us/products/239724/ishares-msci-taiwan-etf/1467271812596.ajax?dataType=fund&fileName=EWT_holdings&fileType=csv,,high
SMG,SCOTTS MIRACLE GRO,United States,Materials,SMG,NYSE,,0.0,EWT,https://www.ishares.com/us/products/239724/ishares-msci-taiwan-etf/1467271812596.ajax?dataType=fund&fileName=EWT_holdings&fileType=csv,,high
SEE,SEALED AIR CORP,United States,Materials,SEE,NYSE,,0.01,EWT,https://www.ishares.com/us/products/239724/ishares-msci-taiwan-etf/1467271812596.ajax?dataType=fund&fileName=EWT_holdings&fileType=csv,,high
SXT,SENSIENT TECHNOLOGIES CORP,United States,Materials,SXT,NYSE,,0.01,EWT,https://www.ishares.com/us/products/239724/ishares-msci-taiwan-etf/1467271812596.ajax?dataType=fund&fileName=EWT_holdings&fileType=csv,,high
SHW,SHERWIN WILLIAMS,United States,Materials,SHW,NYSE,,0.12,EWT,https://www.ishares.com/us/products/239724/ishares-msci-taiwan-etf/1467271812596.ajax?dataType=fund&fileName=EWT_holdings&fileType=csv,,high
SLGN,SILGAN HOLDINGS INC,United States,Materials,SLGN,NYSE,,0.01,EWT,https://www.ishares.com/us/products/239724/ishares-msci-taiwan-etf/1467271812596.ajax?dataType=fund&fileName=EWT_holdings&fileType=csv,,high
SW,SMURFIT WESTROCK PLC,United States,Materials,SW,NYSE,,0.03,EWT,https://www.ishares.com/us/products/239724/ishares-msci-taiwan-etf/1467271812596.ajax?dataType=fund&fileName=EWT_holdings&fileType=csv,,high
SOLS,SOLSTICE ADVANCED MATERIALS INC,United States,Materials,SOLS,NASDAQ,,0.02,EWT,https://www.ishares.com/us/products/239724/ishares-msci-taiwan-etf/1467271812596.ajax?dataType=fund&fileName=EWT_holdings&fileType=csv,,high
SON,SONOCO PRODUCTS,United States,Materials,SON,NYSE,,0.01,EWT,https://www.ishares.com/us/products/239724/ishares-msci-taiwan-etf/1467271812596.ajax?dataType=fund&fileName=EWT_holdings&fileType=csv,,high
STLD,STEEL DYNAMICS INC,United States,Materials,STLD,NASDAQ,,0.04,EWT,https://www.ishares.com/us/products/239724/ishares-msci-taiwan-etf/1467271812596.ajax?dataType=fund&fileName=EWT_holdings&fileType=csv,,high
SCL,STEPAN,United States,Materials,SCL,NYSE,,0.0,EWT,https://www.ishares.com/us/products/239724/ishares-msci-taiwan-etf/1467271812596.ajax?dataType=fund&fileName=EWT_holdings&fileType=csv,,high
SXC,SUNCOKE ENERGY INC,United States,Materials,SXC,NYSE,,0.0,EWT,https://www.ishares.com/us/products/239724/ishares-msci-taiwan-etf/1467271812596.ajax?dataType=fund&fileName=EWT_holdings&fileType=csv,,high
SLVM,SYLVAMO CORP,United States,Materials,SLVM,NYSE,,0.0,EWT,https://www.ishares.com/us/products/239724/ishares-msci-taiwan-etf/1467271812596.ajax?dataType=fund&fileName=EWT_holdings&fileType=csv,,high
TRS,TRIMAS CORP,United States,Materials,TRS,NASDAQ,,0.0,EWT,https://www.ishares.com/us/products/239724/ishares-msci-taiwan-etf/1467271812596.ajax?dataType=fund&fileName=EWT_holdings&fileType=csv,,high
TSEOF,TRINSEO PLC,United States,Materials,TSEOF,Non-Nms Quotation Service (Nnqs),,0.0,EWT,https://www.ishares.com/us/products/239724/ishares-msci-taiwan-etf/1467271812596.ajax?dataType=fund&fileName=EWT_holdings&fileType=csv,,low
TROX,TRONOX HOLDINGS PLC,United States,Materials,TROX,NYSE,,0.0,EWT,https://www.ishares.com/us/products/239724/ishares-msci-taiwan-etf/1467271812596.ajax?dataType=fund&fileName=EWT_holdings&fileType=csv,,high
UAMY,UNITED STATES ANTIMONY CORP,United States,Materials,UAMY,Nyse Mkt Llc,,0.0,EWT,https://www.ishares.com/us/products/239724/ishares-msci-taiwan-etf/1467271812596.ajax?dataType=fund&fileName=EWT_holdings&fileType=csv,,high
USLM,UNITED STATES LIME AND MINERALS IN,United States,Materials,USLM,NASDAQ,,0.0,EWT,https://www.ishares.com/us/products/239724/ishares-msci-taiwan-etf/1467271812596.ajax?dataType=fund&fileName=EWT_holdings&fileType=csv,,high
USAR,USA RARE EARTH INC CLASS A,United States,Materials,USAR,NASDAQ,,0.0,EWT,https://www.ishares.com/us/products/239724/ishares-msci-taiwan-etf/1467271812596.ajax?dataType=fund&fileName=EWT_holdings&fileType=csv,,high
VMC,VULCAN MATERIALS,United States,Materials,VMC,NYSE,,0.06,EWT,https://www.ishares.com/us/products/239724/ishares-msci-taiwan-etf/1467271812596.ajax?dataType=fund&fileName=EWT_holdings&fileType=csv,,high
HCC,WARRIOR MET COAL INC,United States,Materials,HCC,NYSE,,0.01,EWT,https://www.ishares.com/us/products/239724/ishares-msci-taiwan-etf/1467271812596.ajax?dataType=fund&fileName=EWT_holdings&fileType=csv,,high
WLK,WESTLAKE CORP,United States,Materials,WLK,NYSE,,0.01,EWT,https://www.ishares.com/us/products/239724/ishares-msci-taiwan-etf/1467271812596.ajax?dataType=fund&fileName=EWT_holdings&fileType=csv,,high
WS,WORTHINGTON STEEL INC,United States,Materials,WS,NYSE,,0.0,EWT,https://www.ishares.com/us/products/239724/ishares-msci-taiwan-etf/1467271812596.ajax?dataType=fund&fileName=EWT_holdings&fileType=csv,,high
AKR,ACADIA REALTY TRUST REIT,United States,Real Estate,AKR,NYSE,,0.0,EWT,https://www.ishares.com/us/products/239724/ishares-msci-taiwan-etf/1467271812596.ajax?dataType=fund&fileName=EWT_holdings&fileType=csv,,high
ADC,AGREE REALTY REIT CORP,United States,Real Estate,ADC,NYSE,,0.01,EWT,https://www.ishares.com/us/products/239724/ishares-msci-taiwan-etf/1467271812596.ajax?dataType=fund&fileName=EWT_holdings&fileType=csv,,high
AHRT,AH REALTY INC,United States,Real Estate,AHRT,NYSE,,0.0,EWT,https://www.ishares.com/us/products/239724/ishares-msci-taiwan-etf/1467271812596.ajax?dataType=fund&fileName=EWT_holdings&fileType=csv,,high
ALEX,ALEXANDER AND BALDWIN INC,United States,Real Estate,ALEX,NYSE,,0.0,EWT,https://www.ishares.com/us/products/239724/ishares-msci-taiwan-etf/1467271812596.ajax?dataType=fund&fileName=EWT_holdings&fileType=csv,,high
ALX,ALEXANDERS REIT INC,United States,Real Estate,ALX,NYSE,,0.0,EWT,https://www.ishares.com/us/products/239724/ishares-msci-taiwan-etf/1467271812596.ajax?dataType=fund&fileName=EWT_holdings&fileType=csv,,high
ARE,ALEXANDRIA REAL ESTATE EQUITIES RE,United States,Real Estate,ARE,NYSE,,0.01,EWT,https://www.ishares.com/us/products/239724/ishares-msci-taiwan-etf/1467271812596.ajax?dataType=fund&fileName=EWT_holdings&fileType=csv,,high
AAT,AMERICAN ASSETS TRUST REIT INC,United States,Real Estate,AAT,NYSE,,0.0,EWT,https://www.ishares.com/us/products/239724/ishares-msci-taiwan-etf/1467271812596.ajax?dataType=fund&fileName=EWT_holdings&fileType=csv,,high
AHR,AMERICAN HEALTHCARE REIT INC,United States,Real Estate,AHR,NYSE,,0.01,EWT,https://www.ishares.com/us/products/239724/ishares-msci-taiwan-etf/1467271812596.ajax?dataType=fund&fileName=EWT_holdings&fileType=csv,,high
AMH,AMERICAN HOMES RENT REIT CLASS A,United States,Real Estate,AMH,NYSE,,0.01,EWT,https://www.ishares.com/us/products/239724/ishares-msci-taiwan-etf/1467271812596.ajax?dataType=fund&fileName=EWT_holdings&fileType=csv,,high
AMT,AMERICAN TOWER REIT CORP,United States,Real Estate,AMT,NYSE,,0.13,EWT,https://www.ishares.com/us/products/239724/ishares-msci-taiwan-etf/1467271812596.ajax?dataType=fund&fileName=EWT_holdings&fileType=csv,,high
COLD,AMERICOLD REALTY INC TRUST,United States,Real Estate,COLD,NYSE,,0.01,EWT,https://www.ishares.com/us/products/239724/ishares-msci-taiwan-etf/1467271812596.ajax?dataType=fund&fileName=EWT_holdings&fileType=csv,,high
APLE,APPLE HOSPITALITY REIT INC,United States,Real Estate,APLE,NYSE,,0.0,EWT,https://www.ishares.com/us/products/239724/ishares-msci-taiwan-etf/1467271812596.ajax?dataType=fund&fileName=EWT_holdings&fileType=csv,,high
AVB,AVALONBAY COMMUNITIES REIT INC,United States,Real Estate,AVB,NYSE,,0.04,EWT,https://www.ishares.com/us/products/239724/ishares-msci-taiwan-etf/1467271812596.ajax?dataType=fund&fileName=EWT_holdings&fileType=csv,,high
BDN,BRANDYWINE REALTY TRUST REIT,United States,Real Estate,BDN,NYSE,,0.0,EWT,https://www.ishares.com/us/products/239724/ishares-msci-taiwan-etf/1467271812596.ajax?dataType=fund&fileName=EWT_holdings&fileType=csv,,high
BRX,BRIXMOR PROPERTY GROUP REIT INC,United States,Real Estate,BRX,NYSE,,0.01,EWT,https://www.ishares.com/us/products/239724/ishares-msci-taiwan-etf/1467271812596.ajax?dataType=fund&fileName=EWT_holdings&fileType=csv,,high
BNL,BROADSTONE NET LEASE INC,United States,Real Estate,BNL,NYSE,,0.01,EWT,https://www.ishares.com/us/products/239724/ishares-msci-taiwan-etf/1467271812596.ajax?dataType=fund&fileName=EWT_holdings&fileType=csv,,high
BXP,BXP INC,United States,Real Estate,BXP,NYSE,,0.01,EWT,https://www.ishares.com/us/products/239724/ishares-msci-taiwan-etf/1467271812596.ajax?dataType=fund&fileName=EWT_holdings&fileType=csv,,high
CPT,CAMDEN PROPERTY TRUST REIT,United States,Real Estate,CPT,NYSE,,0.02,EWT,https://www.ishares.com/us/products/239724/ishares-msci-taiwan-etf/1467271812596.ajax?dataType=fund&fileName=EWT_holdings&fileType=csv,,high
CTRE,CARETRUST REIT INC,United States,Real Estate,CTRE,NYSE,,0.01,EWT,https://www.ishares.com/us/products/239724/ishares-msci-taiwan-etf/1467271812596.ajax?dataType=fund&fileName=EWT_holdings&fileType=csv,,high
CBL,CBL ASSOCIATES PROPERTIES INC,United States,Real Estate,CBL,NYSE,,0.0,EWT,https://www.ishares.com/us/products/239724/ishares-msci-taiwan-etf/1467271812596.ajax?dataType=fund&fileName=EWT_holdings&fileType=csv,,high
CBRE,CBRE GROUP INC CLASS A,United States,Real Estate,CBRE,NYSE,,0.06,EWT,https://www.ishares.com/us/products/239724/ishares-msci-taiwan-etf/1467271812596.ajax?dataType=fund&fileName=EWT_holdings&fileType=csv,,high
CSR,CENTERSPACE,United States,Real Estate,CSR,NYSE,,0.0,EWT,https://www.ishares.com/us/products/239724/ishares-msci-taiwan-etf/1467271812596.ajax?dataType=fund&fileName=EWT_holdings&fileType=csv,,high
CLDT,CHATHAM LODGING TRUST REIT,United States,Real Estate,CLDT,NYSE,,0.0,EWT,https://www.ishares.com/us/products/239724/ishares-msci-taiwan-etf/1467271812596.ajax?dataType=fund&fileName=EWT_holdings&fileType=csv,,high
XRN,CHIRON REAL ESTATE INC,United States,Real Estate,XRN,NYSE,,0.0,EWT,https://www.ishares.com/us/products/239724/ishares-msci-taiwan-etf/1467271812596.ajax?dataType=fund&fileName=EWT_holdings&fileType=csv,,high
CHCT,COMMUNITY HEALTHCARE TRUST INC,United States,Real Estate,CHCT,NYSE,,0.0,EWT,https://www.ishares.com/us/products/239724/ishares-msci-taiwan-etf/1467271812596.ajax?dataType=fund&fileName=EWT_holdings&fileType=csv,,high
COMP,COMPASS INC CLASS A,United States,Real Estate,COMP,NYSE,,0.01,EWT,https://www.ishares.com/us/products/239724/ishares-msci-taiwan-etf/1467271812596.ajax?dataType=fund&fileName=EWT_holdings&fileType=csv,,high
CDP,COPT DEFENSE PROPERTIES,United States,Real Estate,CDP,NYSE,,0.01,EWT,https://www.ishares.com/us/products/239724/ishares-msci-taiwan-etf/1467271812596.ajax?dataType=fund&fileName=EWT_holdings&fileType=csv,,high
CSGP,COSTAR GROUP INC,United States,Real Estate,CSGP,NASDAQ,,0.03,EWT,https://www.ishares.com/us/products/239724/ishares-msci-taiwan-etf/1467271812596.ajax?dataType=fund&fileName=EWT_holdings&fileType=csv,,high
CUZ,COUSINS PROPERTIES REIT INC,United States,Real Estate,CUZ,NYSE,,0.01,EWT,https://www.ishares.com/us/products/239724/ishares-msci-taiwan-etf/1467271812596.ajax?dataType=fund&fileName=EWT_holdings&fileType=csv,,high
CCI,CROWN CASTLE INC,United States,Real Estate,CCI,NYSE,,0.06,EWT,https://www.ishares.com/us/products/239724/ishares-msci-taiwan-etf/1467271812596.ajax?dataType=fund&fileName=EWT_holdings&fileType=csv,,high
CTO,CTO REALTY GROWTH INC,United States,Real Estate,CTO,NYSE,,0.0,EWT,https://www.ishares.com/us/products/239724/ishares-msci-taiwan-etf/1467271812596.ajax?dataType=fund&fileName=EWT_holdings&fileType=csv,,high
CUBE,CUBESMART REIT,United States,Real Estate,CUBE,NYSE,,0.01,EWT,https://www.ishares.com/us/products/239724/ishares-msci-taiwan-etf/1467271812596.ajax?dataType=fund&fileName=EWT_holdings&fileType=csv,,high
CURB,CURBLINE PROPERTIES,United States,Real Estate,CURB,NYSE,,0.0,EWT,https://www.ishares.com/us/products/239724/ishares-msci-taiwan-etf/1467271812596.ajax?dataType=fund&fileName=EWT_holdings&fileType=csv,,high
CWK,CUSHMAN AND WAKEFIELD LTD,United States,Real Estate,CWK,NYSE,,0.0,EWT,https://www.ishares.com/us/products/239724/ishares-msci-taiwan-etf/1467271812596.ajax?dataType=fund&fileName=EWT_holdings&fileType=csv,,high
DRH,DIAMONDROCK HOSPITALITY,United States,Real Estate,DRH,NASDAQ,,0.0,EWT,https://www.ishares.com/us/products/239724/ishares-msci-taiwan-etf/1467271812596.ajax?dataType=fund&fileName=EWT_holdings&fileType=csv,,high
DLR,DIGITAL REALTY TRUST REIT INC,United States,Real Estate,DLR,NYSE,,0.09,EWT,https://www.ishares.com/us/products/239724/ishares-msci-taiwan-etf/1467271812596.ajax?dataType=fund&fileName=EWT_holdings&fileType=csv,,high
DHC,DIVERSIFIED HEALTHCARE TRUST,United States,Real Estate,DHC,NASDAQ,,0.0,EWT,https://www.ishares.com/us/products/239724/ishares-msci-taiwan-etf/1467271812596.ajax?dataType=fund&fileName=EWT_holdings&fileType=csv,,high
DEI,DOUGLAS EMMETT REIT INC,United States,Real Estate,DEI,NYSE,,0.0,EWT,https://www.ishares.com/us/products/239724/ishares-msci-taiwan-etf/1467271812596.ajax?dataType=fund&fileName=EWT_holdings&fileType=csv,,high
DEA,EASTERLY GOVERNMENT PROPERTIES INC,United States,Real Estate,DEA,NYSE,,0.0,EWT,https://www.ishares.com/us/products/239724/ishares-msci-taiwan-etf/1467271812596.ajax?dataType=fund&fileName=EWT_holdings&fileType=csv,,high
EGP,EASTGROUP PROPERTIES REIT INC,United States,Real Estate,EGP,NYSE,,0.02,EWT,https://www.ishares.com/us/products/239724/ishares-msci-taiwan-etf/1467271812596.ajax?dataType=fund&fileName=EWT_holdings&fileType=csv,,high
ESRT,EMPIRE STATE REALTY REIT INC TRUST,United States,Real Estate,ESRT,NYSE,,0.0,EWT,https://www.ishares.com/us/products/239724/ishares-msci-taiwan-etf/1467271812596.ajax?dataType=fund&fileName=EWT_holdings&fileType=csv,,high
EPR,EPR PROPERTIES REIT,United States,Real Estate,EPR,NYSE,,0.01,EWT,https://www.ishares.com/us/products/239724/ishares-msci-taiwan-etf/1467271812596.ajax?dataType=fund&fileName=EWT_holdings&fileType=csv,,high
EQIX,EQUINIX REIT INC,United States,Real Estate,EQIX,NASDAQ,,0.14,EWT,https://www.ishares.com/us/products/239724/ishares-msci-taiwan-etf/1467271812596.ajax?dataType=fund&fileName=EWT_holdings&fileType=csv,,high
ELS,EQUITY LIFESTYLE PROPERTIES REIT I,United States,Real Estate,ELS,NYSE,,0.02,EWT,https://www.ishares.com/us/products/239724/ishares-msci-taiwan-etf/1467271812596.ajax?dataType=fund&fileName=EWT_holdings&fileType=csv,,high
EQR,EQUITY RESIDENTIAL REIT,United States,Real Estate,EQR,NYSE,,0.03,EWT,https://www.ishares.com/us/products/239724/ishares-msci-taiwan-etf/1467271812596.ajax?dataType=fund&fileName=EWT_holdings&fileType=csv,,high
EPRT,ESSENTIAL PROPERTIES REALTY TRUST,United States,Real Estate,EPRT,NYSE,,0.01,EWT,https://www.ishares.com/us/products/239724/ishares-msci-taiwan-etf/1467271812596.ajax?dataType=fund&fileName=EWT_holdings&fileType=csv,,high
ESS,ESSEX PROPERTY TRUST REIT INC,United States,Real Estate,ESS,NYSE,,0.02,EWT,https://www.ishares.com/us/products/239724/ishares-msci-taiwan-etf/1467271812596.ajax?dataType=fund&fileName=EWT_holdings&fileType=csv,,high
EXPI,EXP WORLD HOLDINGS INC,United States,Real Estate,EXPI,NASDAQ,,0.0,EWT,https://www.ishares.com/us/products/239724/ishares-msci-taiwan-etf/1467271812596.ajax?dataType=fund&fileName=EWT_holdings&fileType=csv,,high
EXR,EXTRA SPACE STORAGE REIT INC,United States,Real Estate,EXR,NYSE,,0.05,EWT,https://www.ishares.com/us/products/239724/ishares-msci-taiwan-etf/1467271812596.ajax?dataType=fund&fileName=EWT_holdings&fileType=csv,,high
FPI,FARMLAND PARTNERS INC,United States,Real Estate,FPI,NYSE,,0.0,EWT,https://www.ishares.com/us/products/239724/ishares-msci-taiwan-etf/1467271812596.ajax?dataType=fund&fileName=EWT_holdings&fileType=csv,,high
FRT,FEDERAL REALTY INVESTMENT TRUST RE,United States,Real Estate,FRT,NYSE,,0.01,EWT,https://www.ishares.com/us/products/239724/ishares-msci-taiwan-etf/1467271812596.ajax?dataType=fund&fileName=EWT_holdings&fileType=csv,,high
FR,FIRST INDUSTRIAL REALTY TRUST INC,United States,Real Estate,FR,NYSE,,0.01,EWT,https://www.ishares.com/us/products/239724/ishares-msci-taiwan-etf/1467271812596.ajax?dataType=fund&fileName=EWT_holdings&fileType=csv,,high
FOR,FORESTAR GROUP INC,United States,Real Estate,FOR,NYSE,,0.0,EWT,https://www.ishares.com/us/products/239724/ishares-msci-taiwan-etf/1467271812596.ajax?dataType=fund&fileName=EWT_holdings&fileType=csv,,high
FCPT,FOUR CORNERS PROPERTY INC TRUST,United States,Real Estate,FCPT,NYSE,,0.0,EWT,https://www.ishares.com/us/products/239724/ishares-msci-taiwan-etf/1467271812596.ajax?dataType=fund&fileName=EWT_holdings&fileType=csv,,high
FRPH,FRP HOLDINGS INC,United States,Real Estate,FRPH,NASDAQ,,0.0,EWT,https://www.ishares.com/us/products/239724/ishares-msci-taiwan-etf/1467271812596.ajax?dataType=fund&fileName=EWT_holdings&fileType=csv,,high
GLPI,GAMING AND LEISURE PROPERTIES REIT,United States,Real Estate,GLPI,NASDAQ,,0.02,EWT,https://www.ishares.com/us/products/239724/ishares-msci-taiwan-etf/1467271812596.ajax?dataType=fund&fileName=EWT_holdings&fileType=csv,,high
GTY,GETTY REALTY REIT CORP,United States,Real Estate,GTY,NYSE,,0.0,EWT,https://www.ishares.com/us/products/239724/ishares-msci-taiwan-etf/1467271812596.ajax?dataType=fund&fileName=EWT_holdings&fileType=csv,,high
GOOD,GLADSTONE COMMERCIAL REIT CORP,United States,Real Estate,GOOD,NASDAQ,,0.0,EWT,https://www.ishares.com/us/products/239724/ishares-msci-taiwan-etf/1467271812596.ajax?dataType=fund&fileName=EWT_holdings&fileType=csv,,high
LAND,GLADSTONE LAND REIT CORP,United States,Real Estate,LAND,NASDAQ,,0.0,EWT,https://www.ishares.com/us/products/239724/ishares-msci-taiwan-etf/1467271812596.ajax?dataType=fund&fileName=EWT_holdings&fileType=csv,,high
GNL,GLOBAL NET LEASE INC,United States,Real Estate,GNL,NYSE,,0.0,EWT,https://www.ishares.com/us/products/239724/ishares-msci-taiwan-etf/1467271812596.ajax?dataType=fund&fileName=EWT_holdings&fileType=csv,,high
HR,HEALTHCARE REALTY TRUST INC CLASS,United States,Real Estate,HR,NYSE,,0.01,EWT,https://www.ishares.com/us/products/239724/ishares-msci-taiwan-etf/1467271812596.ajax?dataType=fund&fileName=EWT_holdings&fileType=csv,,high
DOC,HEALTHPEAK PROPERTIES INC,United States,Real Estate,DOC,NYSE,,0.02,EWT,https://www.ishares.com/us/products/239724/ishares-msci-taiwan-etf/1467271812596.ajax?dataType=fund&fileName=EWT_holdings&fileType=csv,,high
HIW,HIGHWOODS PROPERTIES REIT INC,United States,Real Estate,HIW,NYSE,,0.0,EWT,https://www.ishares.com/us/products/239724/ishares-msci-taiwan-etf/1467271812596.ajax?dataType=fund&fileName=EWT_holdings&fileType=csv,,high
HST,HOST HOTELS & RESORTS REIT INC,United States,Real Estate,HST,NASDAQ,,0.02,EWT,https://www.ishares.com/us/products/239724/ishares-msci-taiwan-etf/1467271812596.ajax?dataType=fund&fileName=EWT_holdings&fileType=csv,,high
HHH,HOWARD HUGHES HOLDINGS INC,United States,Real Estate,HHH,NYSE,,0.0,EWT,https://www.ishares.com/us/products/239724/ishares-msci-taiwan-etf/1467271812596.ajax?dataType=fund&fileName=EWT_holdings&fileType=csv,,high
HPP,HUDSON PACIFIC PROPERTIES REIT INC,United States,Real Estate,HPP,NYSE,,0.0,EWT,https://www.ishares.com/us/products/239724/ishares-msci-taiwan-etf/1467271812596.ajax?dataType=fund&fileName=EWT_holdings&fileType=csv,,high
IRT,INDEPENDENCE REALTY INC TRUST,United States,Real Estate,IRT,NYSE,,0.01,EWT,https://www.ishares.com/us/products/239724/ishares-msci-taiwan-etf/1467271812596.ajax?dataType=fund&fileName=EWT_holdings&fileType=csv,,high
ILPT,INDUSTRIAL LOGISTICS PROPERTIES TR,United States,Real Estate,ILPT,NASDAQ,,0.0,EWT,https://www.ishares.com/us/products/239724/ishares-msci-taiwan-etf/1467271812596.ajax?dataType=fund&fileName=EWT_holdings&fileType=csv,,high
IIPR,INNOVATIVE INDUSTRIAL PROPERTIES I,United States,Real Estate,IIPR,NYSE,,0.0,EWT,https://www.ishares.com/us/products/239724/ishares-msci-taiwan-etf/1467271812596.ajax?dataType=fund&fileName=EWT_holdings&fileType=csv,,high
IVT,INVENTRUST PROPERTIES CORP,United States,Real Estate,IVT,NYSE,,0.0,EWT,https://www.ishares.com/us/products/239724/ishares-msci-taiwan-etf/1467271812596.ajax?dataType=fund&fileName=EWT_holdings&fileType=csv,,high
INVH,INVITATION HOMES INC,United States,Real Estate,INVH,NYSE,,0.02,EWT,https://www.ishares.com/us/products/239724/ishares-msci-taiwan-etf/1467271812596.ajax?dataType=fund&fileName=EWT_holdings&fileType=csv,,high
IRM,IRON MOUNTAIN INC,United States,Real Estate,IRM,NYSE,,0.05,EWT,https://www.ishares.com/us/products/239724/ishares-msci-taiwan-etf/1467271812596.ajax?dataType=fund&fileName=EWT_holdings&fileType=csv,,high
JBGS,JBG SMITH PROPERTIES,United States,Real Estate,JBGS,NYSE,,0.0,EWT,https://www.ishares.com/us/products/239724/ishares-msci-taiwan-etf/1467271812596.ajax?dataType=fund&fileName=EWT_holdings&fileType=csv,,high
JLL,JONES LANG LASALLE INC,United States,Real Estate,JLL,NYSE,,0.02,EWT,https://www.ishares.com/us/products/239724/ishares-msci-taiwan-etf/1467271812596.ajax?dataType=fund&fileName=EWT_holdings&fileType=csv,,high
KW,KENNEDY WILSON HOLDINGS INC,United States,Real Estate,KW,NYSE,,0.0,EWT,https://www.ishares.com/us/products/239724/ishares-msci-taiwan-etf/1467271812596.ajax?dataType=fund&fileName=EWT_holdings&fileType=csv,,high
KRC,KILROY REALTY REIT CORP,United States,Real Estate,KRC,NYSE,,0.0,EWT,https://www.ishares.com/us/products/239724/ishares-msci-taiwan-etf/1467271812596.ajax?dataType=fund&fileName=EWT_holdings&fileType=csv,,high
KIM,KIMCO REALTY REIT CORP,United States,Real Estate,KIM,NYSE,,0.02,EWT,https://www.ishares.com/us/products/239724/ishares-msci-taiwan-etf/1467271812596.ajax?dataType=fund&fileName=EWT_holdings&fileType=csv,,high
KRG,KITE REALTY GROUP TRUST REIT,United States,Real Estate,KRG,NYSE,,0.01,EWT,https://www.ishares.com/us/products/239724/ishares-msci-taiwan-etf/1467271812596.ajax?dataType=fund&fileName=EWT_holdings&fileType=csv,,high
LAMR,LAMAR ADVERTISING COMPANY CLAS,United States,Real Estate,LAMR,NASDAQ,,0.02,EWT,https://www.ishares.com/us/products/239724/ishares-msci-taiwan-etf/1467271812596.ajax?dataType=fund&fileName=EWT_holdings&fileType=csv,,high
LINE,LINEAGE INC,United States,Real Estate,LINE,NASDAQ,,0.0,EWT,https://www.ishares.com/us/products/239724/ishares-msci-taiwan-etf/1467271812596.ajax?dataType=fund&fileName=EWT_holdings&fileType=csv,,high
LTC,LTC PROPERTIES REIT INC,United States,Real Estate,LTC,NYSE,,0.0,EWT,https://www.ishares.com/us/products/239724/ishares-msci-taiwan-etf/1467271812596.ajax?dataType=fund&fileName=EWT_holdings&fileType=csv,,high
LXP,LXP INDUSTRIAL TRUST,United States,Real Estate,LXP,NYSE,,0.0,EWT,https://www.ishares.com/us/products/239724/ishares-msci-taiwan-etf/1467271812596.ajax?dataType=fund&fileName=EWT_holdings&fileType=csv,,high
MAC,MACERICH REIT,United States,Real Estate,MAC,NYSE,,0.01,EWT,https://www.ishares.com/us/products/239724/ishares-msci-taiwan-etf/1467271812596.ajax?dataType=fund&fileName=EWT_holdings&fileType=csv,,high
MMI,MARCUS & MILLICHAP INC,United States,Real Estate,MMI,NYSE,,0.0,EWT,https://www.ishares.com/us/products/239724/ishares-msci-taiwan-etf/1467271812596.ajax?dataType=fund&fileName=EWT_holdings&fileType=csv,,high
MPT,MEDICAL PROPERTIES TRUST REIT INC,United States,Real Estate,MPT,NYSE,,0.0,EWT,https://www.ishares.com/us/products/239724/ishares-msci-taiwan-etf/1467271812596.ajax?dataType=fund&fileName=EWT_holdings&fileType=csv,,high
MAA,MID AMERICA APARTMENT COMMUNITIES,United States,Real Estate,MAA,NYSE,,0.02,EWT,https://www.ishares.com/us/products/239724/ishares-msci-taiwan-etf/1467271812596.ajax?dataType=fund&fileName=EWT_holdings&fileType=csv,,high
MRP,MILLROSE PROPERTIES INC CLASS A,United States,Real Estate,MRP,NYSE,,0.01,EWT,https://www.ishares.com/us/products/239724/ishares-msci-taiwan-etf/1467271812596.ajax?dataType=fund&fileName=EWT_holdings&fileType=csv,,high
NHI,NATIONAL HEALTH INVESTORS REIT INC,United States,Real Estate,NHI,NYSE,,0.01,EWT,https://www.ishares.com/us/products/239724/ishares-msci-taiwan-etf/1467271812596.ajax?dataType=fund&fileName=EWT_holdings&fileType=csv,,high
NSA,NATIONAL STORAGE AFFILIATES TRUST,United States,Real Estate,NSA,NYSE,,0.0,EWT,https://www.ishares.com/us/products/239724/ishares-msci-taiwan-etf/1467271812596.ajax?dataType=fund&fileName=EWT_holdings&fileType=csv,,high
NLOP,NET LEASE OFFICE PROPERTIES,United States,Real Estate,NLOP,NYSE,,0.0,EWT,https://www.ishares.com/us/products/239724/ishares-msci-taiwan-etf/1467271812596.ajax?dataType=fund&fileName=EWT_holdings&fileType=csv,,high
NTST,NETSTREIT CORP,United States,Real Estate,NTST,NYSE,,0.0,EWT,https://www.ishares.com/us/products/239724/ishares-msci-taiwan-etf/1467271812596.ajax?dataType=fund&fileName=EWT_holdings&fileType=csv,,high
NMRK,NEWMARK GROUP INC CLASS A,United States,Real Estate,NMRK,NASDAQ,,0.0,EWT,https://www.ishares.com/us/products/239724/ishares-msci-taiwan-etf/1467271812596.ajax?dataType=fund&fileName=EWT_holdings&fileType=csv,,high
NXRT,NEXPOINT RESIDENTIAL TRUST INC,United States,Real Estate,NXRT,NYSE,,0.0,EWT,https://www.ishares.com/us/products/239724/ishares-msci-taiwan-etf/1467271812596.ajax?dataType=fund&fileName=EWT_holdings&fileType=csv,,high
NNN,NNN REIT INC,United States,Real Estate,NNN,NYSE,,0.01,EWT,https://www.ishares.com/us/products/239724/ishares-msci-taiwan-etf/1467271812596.ajax?dataType=fund&fileName=EWT_holdings&fileType=csv,,high
OHI,OMEGA HEALTHCARE INVESTORS REIT IN,United States,Real Estate,OHI,NYSE,,0.02,EWT,https://www.ishares.com/us/products/239724/ishares-msci-taiwan-etf/1467271812596.ajax?dataType=fund&fileName=EWT_holdings&fileType=csv,,high
OLP,ONE LIBERTY PROPERTIES REIT INC,United States,Real Estate,OLP,NYSE,,0.0,EWT,https://www.ishares.com/us/products/239724/ishares-msci-taiwan-etf/1467271812596.ajax?dataType=fund&fileName=EWT_holdings&fileType=csv,,high
OPENZ,OPENDOOR TECHNOLOGIES EQUITY WARRA,United States,Real Estate,OPENZ,NASDAQ,,0.0,EWT,https://www.ishares.com/us/products/239724/ishares-msci-taiwan-etf/1467271812596.ajax?dataType=fund&fileName=EWT_holdings&fileType=csv,,high
OPEN,OPENDOOR TECHNOLOGIES INC CLASS A,United States,Real Estate,OPEN,NASDAQ,,0.01,EWT,https://www.ishares.com/us/products/239724/ishares-msci-taiwan-etf/1467271812596.ajax?dataType=fund&fileName=EWT_holdings&fileType=csv,,high
ONL,ORION PROPERTIES INC,United States,Real Estate,ONL,NYSE,,0.0,EWT,https://www.ishares.com/us/products/239724/ishares-msci-taiwan-etf/1467271812596.ajax?dataType=fund&fileName=EWT_holdings&fileType=csv,,high
OUT,OUTFRONT MEDIA INC,United States,Real Estate,OUT,NYSE,,0.01,EWT,https://www.ishares.com/us/products/239724/ishares-msci-taiwan-etf/1467271812596.ajax?dataType=fund&fileName=EWT_holdings&fileType=csv,,high
PK,PARK HOTELS RESORTS INC,United States,Real Estate,PK,NYSE,,0.0,EWT,https://www.ishares.com/us/products/239724/ishares-msci-taiwan-etf/1467271812596.ajax?dataType=fund&fileName=EWT_holdings&fileType=csv,,high
PKST,PEAKSTONE REALTY TRUST CLASS E,United States,Real Estate,PKST,NYSE,,0.0,EWT,https://www.ishares.com/us/products/239724/ishares-msci-taiwan-etf/1467271812596.ajax?dataType=fund&fileName=EWT_holdings&fileType=csv,,high
PEB,PEBBLEBROOK HOTEL TRUST REIT,United States,Real Estate,PEB,NYSE,,0.0,EWT,https://www.ishares.com/us/products/239724/ishares-msci-taiwan-etf/1467271812596.ajax?dataType=fund&fileName=EWT_holdings&fileType=csv,,high
PECO,PHILLIPS EDISON AND COMPANY INC,United States,Real Estate,PECO,NASDAQ,,0.01,EWT,https://www.ishares.com/us/products/239724/ishares-msci-taiwan-etf/1467271812596.ajax?dataType=fund&fileName=EWT_holdings&fileType=csv,,high
PDM,PIEDMONT REALTY TRUST INC CLASS A,United States,Real Estate,PDM,NYSE,,0.0,EWT,https://www.ishares.com/us/products/239724/ishares-msci-taiwan-etf/1467271812596.ajax?dataType=fund&fileName=EWT_holdings&fileType=csv,,high
PSTL,POSTAL REALTY TRUST INC CLASS A,United States,Real Estate,PSTL,NYSE,,0.0,EWT,https://www.ishares.com/us/products/239724/ishares-msci-taiwan-etf/1467271812596.ajax?dataType=fund&fileName=EWT_holdings&fileType=csv,,high
PLD,PROLOGIS REIT INC,United States,Real Estate,PLD,NYSE,,0.19,EWT,https://www.ishares.com/us/products/239724/ishares-msci-taiwan-etf/1467271812596.ajax?dataType=fund&fileName=EWT_holdings&fileType=csv,,high
PSA,PUBLIC STORAGE REIT,United States,Real Estate,PSA,NYSE,,0.07,EWT,https://www.ishares.com/us/products/239724/ishares-msci-taiwan-etf/1467271812596.ajax?dataType=fund&fileName=EWT_holdings&fileType=csv,,high
RYN,RAYONIER REIT INC,United States,Real Estate,RYN,NYSE,,0.01,EWT,https://www.ishares.com/us/products/239724/ishares-msci-taiwan-etf/1467271812596.ajax?dataType=fund&fileName=EWT_holdings&fileType=csv,,high
RMAX,RE MAX HOLDINGS INC CLASS A,United States,Real Estate,RMAX,NYSE,,0.0,EWT,https://www.ishares.com/us/products/239724/ishares-msci-taiwan-etf/1467271812596.ajax?dataType=fund&fileName=EWT_holdings&fileType=csv,,high
O,REALTY INCOME REIT CORP,United States,Real Estate,O,NYSE,,0.09,EWT,https://www.ishares.com/us/products/239724/ishares-msci-taiwan-etf/1467271812596.ajax?dataType=fund&fileName=EWT_holdings&fileType=csv,,high
REG,REGENCY CENTERS REIT CORP,United States,Real Estate,REG,NASDAQ,,0.02,EWT,https://www.ishares.com/us/products/239724/ishares-msci-taiwan-etf/1467271812596.ajax?dataType=fund&fileName=EWT_holdings&fileType=csv,,high
REXR,REXFORD INDUSTRIAL REALTY REIT INC,United States,Real Estate,REXR,NYSE,,0.01,EWT,https://www.ishares.com/us/products/239724/ishares-msci-taiwan-etf/1467271812596.ajax?dataType=fund&fileName=EWT_holdings&fileType=csv,,high
RLJ,RLJ LODGING TRUST REIT,United States,Real Estate,RLJ,NYSE,,0.0,EWT,https://www.ishares.com/us/products/239724/ishares-msci-taiwan-etf/1467271812596.ajax?dataType=fund&fileName=EWT_holdings&fileType=csv,,high
RMR,RMR GROUP INC CLASS A,United States,Real Estate,RMR,NASDAQ,,0.0,EWT,https://www.ishares.com/us/products/239724/ishares-msci-taiwan-etf/1467271812596.ajax?dataType=fund&fileName=EWT_holdings&fileType=csv,,high
RHP,RYMAN HOSPITALITY PROPERTIES REIT,United States,Real Estate,RHP,NYSE,,0.01,EWT,https://www.ishares.com/us/products/239724/ishares-msci-taiwan-etf/1467271812596.ajax?dataType=fund&fileName=EWT_holdings&fileType=csv,,high
SBRA,SABRA HEALTH CARE REIT INC,United States,Real Estate,SBRA,NASDAQ,,0.01,EWT,https://www.ishares.com/us/products/239724/ishares-msci-taiwan-etf/1467271812596.ajax?dataType=fund&fileName=EWT_holdings&fileType=csv,,high
SAFE,SAFEHOLD INC,United States,Real Estate,SAFE,NYSE,,0.0,EWT,https://www.ishares.com/us/products/239724/ishares-msci-taiwan-etf/1467271812596.ajax?dataType=fund&fileName=EWT_holdings&fileType=csv,,high
BFS,SAUL CENTERS REIT INC,United States,Real Estate,BFS,NYSE,,0.0,EWT,https://www.ishares.com/us/products/239724/ishares-msci-taiwan-etf/1467271812596.ajax?dataType=fund&fileName=EWT_holdings&fileType=csv,,high
SBAC,SBA COMMUNICATIONS REIT CORP CLASS,United States,Real Estate,SBAC,NASDAQ,,0.03,EWT,https://www.ishares.com/us/products/239724/ishares-msci-taiwan-etf/1467271812596.ajax?dataType=fund&fileName=EWT_holdings&fileType=csv,,high
SVC,SERVICE PROPERTIES TRUST,United States,Real Estate,SVC,NASDAQ,,0.0,EWT,https://www.ishares.com/us/products/239724/ishares-msci-taiwan-etf/1467271812596.ajax?dataType=fund&fileName=EWT_holdings&fileType=csv,,high
SILA,SILA RLTY TR INC TRUST,United States,Real Estate,SILA,NYSE,,0.0,EWT,https://www.ishares.com/us/products/239724/ishares-msci-taiwan-etf/1467271812596.ajax?dataType=fund&fileName=EWT_holdings&fileType=csv,,high
SPG,SIMON PROPERTY GROUP REIT INC,United States,Real Estate,SPG,NYSE,,0.1,EWT,https://www.ishares.com/us/products/239724/ishares-msci-taiwan-etf/1467271812596.ajax?dataType=fund&fileName=EWT_holdings&fileType=csv,,high
SITC,SITE CENTERS CORP,United States,Real Estate,SITC,NYSE,,0.0,EWT,https://www.ishares.com/us/products/239724/ishares-msci-taiwan-etf/1467271812596.ajax?dataType=fund&fileName=EWT_holdings&fileType=csv,,high
SLG,SL GREEN REALTY REIT CORP,United States,Real Estate,SLG,NYSE,,0.0,EWT,https://www.ishares.com/us/products/239724/ishares-msci-taiwan-etf/1467271812596.ajax?dataType=fund&fileName=EWT_holdings&fileType=csv,,high
SMA,SMARTSTOP SELF STORAGE REIT INC,United States,Real Estate,SMA,NYSE,,0.0,EWT,https://www.ishares.com/us/products/239724/ishares-msci-taiwan-etf/1467271812596.ajax?dataType=fund&fileName=EWT_holdings&fileType=csv,,high
JOE,ST JOE,United States,Real Estate,JOE,NYSE,,0.0,EWT,https://www.ishares.com/us/products/239724/ishares-msci-taiwan-etf/1467271812596.ajax?dataType=fund&fileName=EWT_holdings&fileType=csv,,high
STAG,STAG INDUSTRIAL REIT INC,United States,Real Estate,STAG,NYSE,,0.01,EWT,https://www.ishares.com/us/products/239724/ishares-msci-taiwan-etf/1467271812596.ajax?dataType=fund&fileName=EWT_holdings&fileType=csv,,high
INN,SUMMIT HOTEL PROPERTIES REIT INC,United States,Real Estate,INN,NYSE,,0.0,EWT,https://www.ishares.com/us/products/239724/ishares-msci-taiwan-etf/1467271812596.ajax?dataType=fund&fileName=EWT_holdings&fileType=csv,,high
SUI,SUN COMMUNITIES REIT INC,United States,Real Estate,SUI,NYSE,,0.02,EWT,https://www.ishares.com/us/products/239724/ishares-msci-taiwan-etf/1467271812596.ajax?dataType=fund&fileName=EWT_holdings&fileType=csv,,high
SHO,SUNSTONE HOTEL INVESTORS REIT INC,United States,Real Estate,SHO,NYSE,,0.0,EWT,https://www.ishares.com/us/products/239724/ishares-msci-taiwan-etf/1467271812596.ajax?dataType=fund&fileName=EWT_holdings&fileType=csv,,high
SKT,TANGER INC,United States,Real Estate,SKT,NYSE,,0.01,EWT,https://www.ishares.com/us/products/239724/ishares-msci-taiwan-etf/1467271812596.ajax?dataType=fund&fileName=EWT_holdings&fileType=csv,,high
TRC,TEJON RANCH,United States,Real Estate,TRC,NYSE,,0.0,EWT,https://www.ishares.com/us/products/239724/ishares-msci-taiwan-etf/1467271812596.ajax?dataType=fund&fileName=EWT_holdings&fileType=csv,,high
TRNO,TERRENO REALTY REIT CORP,United States,Real Estate,TRNO,NYSE,,0.01,EWT,https://www.ishares.com/us/products/239724/ishares-msci-taiwan-etf/1467271812596.ajax?dataType=fund&fileName=EWT_holdings&fileType=csv,,high
UDR,UDR REIT INC,United States,Real Estate,UDR,NYSE,,0.02,EWT,https://www.ishares.com/us/products/239724/ishares-msci-taiwan-etf/1467271812596.ajax?dataType=fund&fileName=EWT_holdings&fileType=csv,,high
UMH,UMH PROPERTIES INC,United States,Real Estate,UMH,NYSE,,0.0,EWT,https://www.ishares.com/us/products/239724/ishares-msci-taiwan-etf/1467271812596.ajax?dataType=fund&fileName=EWT_holdings&fileType=csv,,high
UHT,UNIVERSAL HEALTH REALTY INCOME TRU,United States,Real Estate,UHT,NYSE,,0.0,EWT,https://www.ishares.com/us/products/239724/ishares-msci-taiwan-etf/1467271812596.ajax?dataType=fund&fileName=EWT_holdings&fileType=csv,,high
UE,URBAN EDGE PROPERTIES,United States,Real Estate,UE,NYSE,,0.0,EWT,https://www.ishares.com/us/products/239724/ishares-msci-taiwan-etf/1467271812596.ajax?dataType=fund&fileName=EWT_holdings&fileType=csv,,high
VTR,VENTAS REIT INC,United States,Real Estate,VTR,NYSE,,0.06,EWT,https://www.ishares.com/us/products/239724/ishares-msci-taiwan-etf/1467271812596.ajax?dataType=fund&fileName=EWT_holdings&fileType=csv,,high
VRE,VERIS RESIDENTIAL INC,United States,Real Estate,VRE,NYSE,,0.0,EWT,https://www.ishares.com/us/products/239724/ishares-msci-taiwan-etf/1467271812596.ajax?dataType=fund&fileName=EWT_holdings&fileType=csv,,high
VICI,VICI PPTYS INC,United States,Real Estate,VICI,NYSE,,0.05,EWT,https://www.ishares.com/us/products/239724/ishares-msci-taiwan-etf/1467271812596.ajax?dataType=fund&fileName=EWT_holdings&fileType=csv,,high
VNO,VORNADO REALTY TRUST REIT,United States,Real Estate,VNO,NYSE,,0.01,EWT,https://www.ishares.com/us/products/239724/ishares-msci-taiwan-etf/1467271812596.ajax?dataType=fund&fileName=EWT_holdings&fileType=csv,,high
WPC,W. P. CAREY REIT INC,United States,Real Estate,WPC,NYSE,,0.02,EWT,https://www.ishares.com/us/products/239724/ishares-msci-taiwan-etf/1467271812596.ajax?dataType=fund&fileName=EWT_holdings&fileType=csv,,high
WELL,WELLTOWER INC,United States,Real Estate,WELL,NYSE,,0.22,EWT,https://www.ishares.com/us/products/239724/ishares-msci-taiwan-etf/1467271812596.ajax?dataType=fund&fileName=EWT_holdings&fileType=csv,,high
WY,WEYERHAEUSER REIT,United States,Real Estate,WY,NYSE,,0.03,EWT,https://www.ishares.com/us/products/239724/ishares-msci-taiwan-etf/1467271812596.ajax?dataType=fund&fileName=EWT_holdings&fileType=csv,,high
WSR,WHITESTONE REIT,United States,Real Estate,WSR,NYSE,,0.0,EWT,https://www.ishares.com/us/products/239724/ishares-msci-taiwan-etf/1467271812596.ajax?dataType=fund&fileName=EWT_holdings&fileType=csv,,high
XHR,XENIA HOTELS RESORTS REIT INC,United States,Real Estate,XHR,NYSE,,0.0,EWT,https://www.ishares.com/us/products/239724/ishares-msci-taiwan-etf/1467271812596.ajax?dataType=fund&fileName=EWT_holdings&fileType=csv,,high
ZG,ZILLOW GROUP INC CLASS A,United States,Real Estate,ZG,NASDAQ,,0.0,EWT,https://www.ishares.com/us/products/239724/ishares-msci-taiwan-etf/1467271812596.ajax?dataType=fund&fileName=EWT_holdings&fileType=csv,,high
Z,ZILLOW GROUP INC CLASS C,United States,Real Estate,Z,NASDAQ,,0.01,EWT,https://www.ishares.com/us/products/239724/ishares-msci-taiwan-etf/1467271812596.ajax?dataType=fund&fileName=EWT_holdings&fileType=csv,,high
AES,AES CORP,United States,Utilities,AES,NYSE,,0.02,EWT,https://www.ishares.com/us/products/239724/ishares-msci-taiwan-etf/1467271812596.ajax?dataType=fund&fileName=EWT_holdings&fileType=csv,,high
LNT,ALLIANT ENERGY CORP,United States,Utilities,LNT,NASDAQ,,0.03,EWT,https://www.ishares.com/us/products/239724/ishares-msci-taiwan-etf/1467271812596.ajax?dataType=fund&fileName=EWT_holdings&fileType=csv,,high
AEE,AMEREN CORP,United States,Utilities,AEE,NYSE,,0.05,EWT,https://www.ishares.com/us/products/239724/ishares-msci-taiwan-etf/1467271812596.ajax?dataType=fund&fileName=EWT_holdings&fileType=csv,,high
AEP,AMERICAN ELECTRIC POWER INC,United States,Utilities,AEP,NASDAQ,,0.11,EWT,https://www.ishares.com/us/products/239724/ishares-msci-taiwan-etf/1467271812596.ajax?dataType=fund&fileName=EWT_holdings&fileType=csv,,high
AWR,AMERICAN STATES WATER,United States,Utilities,AWR,NYSE,,0.0,EWT,https://www.ishares.com/us/products/239724/ishares-msci-taiwan-etf/1467271812596.ajax?dataType=fund&fileName=EWT_holdings&fileType=csv,,high
AWK,AMERICAN WATER WORKS INC,United States,Utilities,AWK,NYSE,,0.04,EWT,https://www.ishares.com/us/products/239724/ishares-msci-taiwan-etf/1467271812596.ajax?dataType=fund&fileName=EWT_holdings&fileType=csv,,high
ARTNA,ARTESIAN RESOURCES CORP CLASS A,United States,Utilities,ARTNA,NASDAQ,,0.0,EWT,https://www.ishares.com/us/products/239724/ishares-msci-taiwan-etf/1467271812596.ajax?dataType=fund&fileName=EWT_holdings&fileType=csv,,high
ATO,ATMOS ENERGY CORP,United States,Utilities,ATO,NYSE,,0.04,EWT,https://www.ishares.com/us/products/239724/ishares-msci-taiwan-etf/1467271812596.ajax?dataType=fund&fileName=EWT_holdings&fileType=csv,,high
AVA,AVISTA CORP,United States,Utilities,AVA,NYSE,,0.01,EWT,https://www.ishares.com/us/products/239724/ishares-msci-taiwan-etf/1467271812596.ajax?dataType=fund&fileName=EWT_holdings&fileType=csv,,high
BKH,BLACK HILLS CORP,United States,Utilities,BKH,NYSE,,0.01,EWT,https://www.ishares.com/us/products/239724/ishares-msci-taiwan-etf/1467271812596.ajax?dataType=fund&fileName=EWT_holdings&fileType=csv,,high
CWT,CALIFORNIA WATER SERVICE GROUP,United States,Utilities,CWT,NYSE,,0.0,EWT,https://www.ishares.com/us/products/239724/ishares-msci-taiwan-etf/1467271812596.ajax?dataType=fund&fileName=EWT_holdings&fileType=csv,,high
CNP,CENTERPOINT ENERGY INC,United States,Utilities,CNP,NYSE,,0.04,EWT,https://www.ishares.com/us/products/239724/ishares-msci-taiwan-etf/1467271812596.ajax?dataType=fund&fileName=EWT_holdings&fileType=csv,,high
CPK,CHESAPEAKE UTILITIES CORP,United States,Utilities,CPK,NYSE,,0.0,EWT,https://www.ishares.com/us/products/239724/ishares-msci-taiwan-etf/1467271812596.ajax?dataType=fund&fileName=EWT_holdings&fileType=csv,,high
CWENA,CLEARWAY ENERGY INC CLASS A,United States,Utilities,CWENA,NYSE,,0.0,EWT,https://www.ishares.com/us/products/239724/ishares-msci-taiwan-etf/1467271812596.ajax?dataType=fund&fileName=EWT_holdings&fileType=csv,,high
CWEN,CLEARWAY ENERGY INC CLASS C,United States,Utilities,CWEN,NYSE,,0.0,EWT,https://www.ishares.com/us/products/239724/ishares-msci-taiwan-etf/1467271812596.ajax?dataType=fund&fileName=EWT_holdings&fileType=csv,,high
CMS,CMS ENERGY CORP,United States,Utilities,CMS,NYSE,,0.04,EWT,https://www.ishares.com/us/products/239724/ishares-msci-taiwan-etf/1467271812596.ajax?dataType=fund&fileName=EWT_holdings&fileType=csv,,high
ED,CONSOLIDATED EDISON INC,United States,Utilities,ED,NYSE,,0.06,EWT,https://www.ishares.com/us/products/239724/ishares-msci-taiwan-etf/1467271812596.ajax?dataType=fund&fileName=EWT_holdings&fileType=csv,,high
CWCO,CONSOLIDATED WATER LTD,United States,Utilities,CWCO,NASDAQ,,0.0,EWT,https://www.ishares.com/us/products/239724/ishares-msci-taiwan-etf/1467271812596.ajax?dataType=fund&fileName=EWT_holdings&fileType=csv,,high
CEG,CONSTELLATION ENERGY CORP,United States,Utilities,CEG,NASDAQ,,0.15,EWT,https://www.ishares.com/us/products/239724/ishares-msci-taiwan-etf/1467271812596.ajax?dataType=fund&fileName=EWT_holdings&fileType=csv,,high
D,DOMINION ENERGY INC,United States,Utilities,D,NYSE,,0.08,EWT,https://www.ishares.com/us/products/239724/ishares-msci-taiwan-etf/1467271812596.ajax?dataType=fund&fileName=EWT_holdings&fileType=csv,,high
DTE,DTE ENERGY,United States,Utilities,DTE,NYSE,,0.05,EWT,https://www.ishares.com/us/products/239724/ishares-msci-taiwan-etf/1467271812596.ajax?dataType=fund&fileName=EWT_holdings&fileType=csv,,high
DUK,DUKE ENERGY CORP,United States,Utilities,DUK,NYSE,,0.15,EWT,https://www.ishares.com/us/products/239724/ishares-msci-taiwan-etf/1467271812596.ajax?dataType=fund&fileName=EWT_holdings&fileType=csv,,high
EIX,EDISON INTERNATIONAL,United States,Utilities,EIX,NYSE,,0.04,EWT,https://www.ishares.com/us/products/239724/ishares-msci-taiwan-etf/1467271812596.ajax?dataType=fund&fileName=EWT_holdings&fileType=csv,,high
ETR,ENTERGY CORP,United States,Utilities,ETR,NYSE,,0.07,EWT,https://www.ishares.com/us/products/239724/ishares-msci-taiwan-etf/1467271812596.ajax?dataType=fund&fileName=EWT_holdings&fileType=csv,,high
WTRG,ESSENTIAL UTILITIES INC,United States,Utilities,WTRG,NYSE,,0.02,EWT,https://www.ishares.com/us/products/239724/ishares-msci-taiwan-etf/1467271812596.ajax?dataType=fund&fileName=EWT_holdings&fileType=csv,,high
EVRG,EVERGY INC,United States,Utilities,EVRG,NASDAQ,,0.03,EWT,https://www.ishares.com/us/products/239724/ishares-msci-taiwan-etf/1467271812596.ajax?dataType=fund&fileName=EWT_holdings&fileType=csv,,high
ES,EVERSOURCE ENERGY,United States,Utilities,ES,NYSE,,0.04,EWT,https://www.ishares.com/us/products/239724/ishares-msci-taiwan-etf/1467271812596.ajax?dataType=fund&fileName=EWT_holdings&fileType=csv,,high
EXC,EXELON CORP,United States,Utilities,EXC,NASDAQ,,0.08,EWT,https://www.ishares.com/us/products/239724/ishares-msci-taiwan-etf/1467271812596.ajax?dataType=fund&fileName=EWT_holdings&fileType=csv,,high
FE,FIRSTENERGY CORP,United States,Utilities,FE,NYSE,,0.04,EWT,https://www.ishares.com/us/products/239724/ishares-msci-taiwan-etf/1467271812596.ajax?dataType=fund&fileName=EWT_holdings&fileType=csv,,high
GNE,GENIE ENERGY LTD CLASS B,United States,Utilities,GNE,NYSE,,0.0,EWT,https://www.ishares.com/us/products/239724/ishares-msci-taiwan-etf/1467271812596.ajax?dataType=fund&fileName=EWT_holdings&fileType=csv,,high
HTO,H2O AMERICA,United States,Utilities,HTO,NASDAQ,,0.0,EWT,https://www.ishares.com/us/products/239724/ishares-msci-taiwan-etf/1467271812596.ajax?dataType=fund&fileName=EWT_holdings&fileType=csv,,high
HNRG,HALLADOR ENERGY,United States,Utilities,HNRG,NASDAQ,,0.0,EWT,https://www.ishares.com/us/products/239724/ishares-msci-taiwan-etf/1467271812596.ajax?dataType=fund&fileName=EWT_holdings&fileType=csv,,high
HE,HAWAIIAN ELECTRIC INDUSTRIES INC,United States,Utilities,HE,NYSE,,0.0,EWT,https://www.ishares.com/us/products/239724/ishares-msci-taiwan-etf/1467271812596.ajax?dataType=fund&fileName=EWT_holdings&fileType=csv,,high
IDA,IDACORP INC,United States,Utilities,IDA,NYSE,,0.01,EWT,https://www.ishares.com/us/products/239724/ishares-msci-taiwan-etf/1467271812596.ajax?dataType=fund&fileName=EWT_holdings&fileType=csv,,high
MDU,MDU RESOURCES GROUP INC,United States,Utilities,MDU,NYSE,,0.01,EWT,https://www.ishares.com/us/products/239724/ishares-msci-taiwan-etf/1467271812596.ajax?dataType=fund&fileName=EWT_holdings&fileType=csv,,high
MGEE,MGE ENERGY INC,United States,Utilities,MGEE,NASDAQ,,0.0,EWT,https://www.ishares.com/us/products/239724/ishares-msci-taiwan-etf/1467271812596.ajax?dataType=fund&fileName=EWT_holdings&fileType=csv,,high
MSEX,MIDDLESEX WATER,United States,Utilities,MSEX,NASDAQ,,0.0,EWT,https://www.ishares.com/us/products/239724/ishares-msci-taiwan-etf/1467271812596.ajax?dataType=fund&fileName=EWT_holdings&fileType=csv,,high
NFG,NATIONAL FUEL GAS,United States,Utilities,NFG,NYSE,,0.01,EWT,https://www.ishares.com/us/products/239724/ishares-msci-taiwan-etf/1467271812596.ajax?dataType=fund&fileName=EWT_holdings&fileType=csv,,high
NJR,NEW JERSEY RESOURCES CORP,United States,Utilities,NJR,NYSE,,0.01,EWT,https://www.ishares.com/us/products/239724/ishares-msci-taiwan-etf/1467271812596.ajax?dataType=fund&fileName=EWT_holdings&fileType=csv,,high
NEE,NEXTERA ENERGY INC,United States,Utilities,NEE,NYSE,,0.29,EWT,https://www.ishares.com/us/products/239724/ishares-msci-taiwan-etf/1467271812596.ajax?dataType=fund&fileName=EWT_holdings&fileType=csv,,high
NI,NISOURCE INC,United States,Utilities,NI,NYSE,,0.03,EWT,https://www.ishares.com/us/products/239724/ishares-msci-taiwan-etf/1467271812596.ajax?dataType=fund&fileName=EWT_holdings&fileType=csv,,high
NWN,NORTHWEST NATURAL HOLDING COMPANY,United States,Utilities,NWN,NYSE,,0.0,EWT,https://www.ishares.com/us/products/239724/ishares-msci-taiwan-etf/1467271812596.ajax?dataType=fund&fileName=EWT_holdings&fileType=csv,,high
NWE,NORTHWESTERN ENERGY GROUP INC,United States,Utilities,NWE,NASDAQ,,0.01,EWT,https://www.ishares.com/us/products/239724/ishares-msci-taiwan-etf/1467271812596.ajax?dataType=fund&fileName=EWT_holdings&fileType=csv,,high
NRG,NRG ENERGY INC,United States,Utilities,NRG,NYSE,,0.05,EWT,https://www.ishares.com/us/products/239724/ishares-msci-taiwan-etf/1467271812596.ajax?dataType=fund&fileName=EWT_holdings&fileType=csv,,high
OGE,OGE ENERGY CORP,United States,Utilities,OGE,NYSE,,0.02,EWT,https://www.ishares.com/us/products/239724/ishares-msci-taiwan-etf/1467271812596.ajax?dataType=fund&fileName=EWT_holdings&fileType=csv,,high
OKLO,OKLO INC CLASS A,United States,Utilities,OKLO,NYSE,,0.01,EWT,https://www.ishares.com/us/products/239724/ishares-msci-taiwan-etf/1467271812596.ajax?dataType=fund&fileName=EWT_holdings&fileType=csv,,high
OGS,ONE GAS INC,United States,Utilities,OGS,NYSE,,0.01,EWT,https://www.ishares.com/us/products/239724/ishares-msci-taiwan-etf/1467271812596.ajax?dataType=fund&fileName=EWT_holdings&fileType=csv,,high
ORA,ORMAT TECH INC,United States,Utilities,ORA,NYSE,,0.01,EWT,https://www.ishares.com/us/products/239724/ishares-msci-taiwan-etf/1467271812596.ajax?dataType=fund&fileName=EWT_holdings&fileType=csv,,high
OTTR,OTTER TAIL CORP,United States,Utilities,OTTR,NASDAQ,,0.01,EWT,https://www.ishares.com/us/products/239724/ishares-msci-taiwan-etf/1467271812596.ajax?dataType=fund&fileName=EWT_holdings&fileType=csv,,high
PCG,PG&E CORP,United States,Utilities,PCG,NYSE,,0.06,EWT,https://www.ishares.com/us/products/239724/ishares-msci-taiwan-etf/1467271812596.ajax?dataType=fund&fileName=EWT_holdings&fileType=csv,,high
PNW,PINNACLE WEST CORP,United States,Utilities,PNW,NYSE,,0.02,EWT,https://www.ishares.com/us/products/239724/ishares-msci-taiwan-etf/1467271812596.ajax?dataType=fund&fileName=EWT_holdings&fileType=csv,,high
POR,PORTLAND GENERAL ELECTRIC,United States,Utilities,POR,NYSE,,0.01,EWT,https://www.ishares.com/us/products/239724/ishares-msci-taiwan-etf/1467271812596.ajax?dataType=fund&fileName=EWT_holdings&fileType=csv,,high
PPL,PPL CORP,United States,Utilities,PPL,NYSE,,0.04,EWT,https://www.ishares.com/us/products/239724/ishares-msci-taiwan-etf/1467271812596.ajax?dataType=fund&fileName=EWT_holdings&fileType=csv,,high
PEG,PUBLIC SERVICE ENTERPRISE GROUP IN,United States,Utilities,PEG,NYSE,,0.06,EWT,https://www.ishares.com/us/products/239724/ishares-msci-taiwan-etf/1467271812596.ajax?dataType=fund&fileName=EWT_holdings&fileType=csv,,high
SRE,SEMPRA,United States,Utilities,SRE,NYSE,,0.09,EWT,https://www.ishares.com/us/products/239724/ishares-msci-taiwan-etf/1467271812596.ajax?dataType=fund&fileName=EWT_holdings&fileType=csv,,high
SO,SOUTHERN,United States,Utilities,SO,NYSE,,0.16,EWT,https://www.ishares.com/us/products/239724/ishares-msci-taiwan-etf/1467271812596.ajax?dataType=fund&fileName=EWT_holdings&fileType=csv,,high
SWX,SOUTHWEST GAS HOLDINGS INC,United States,Utilities,SWX,NYSE,,0.01,EWT,https://www.ishares.com/us/products/239724/ishares-msci-taiwan-etf/1467271812596.ajax?dataType=fund&fileName=EWT_holdings&fileType=csv,,high
SR,SPIRE INC,United States,Utilities,SR,NYSE,,0.01,EWT,https://www.ishares.com/us/products/239724/ishares-msci-taiwan-etf/1467271812596.ajax?dataType=fund&fileName=EWT_holdings&fileType=csv,,high
TLN,TALEN ENERGY CORP,United States,Utilities,TLN,NASDAQ,,0.02,EWT,https://www.ishares.com/us/products/239724/ishares-msci-taiwan-etf/1467271812596.ajax?dataType=fund&fileName=EWT_holdings&fileType=csv,,high
TXNM,TXNM ENERGY INC,United States,Utilities,TXNM,NYSE,,0.01,EWT,https://www.ishares.com/us/products/239724/ishares-msci-taiwan-etf/1467271812596.ajax?dataType=fund&fileName=EWT_holdings&fileType=csv,,high
UGI,UGI CORP,United States,Utilities,UGI,NYSE,,0.01,EWT,https://www.ishares.com/us/products/239724/ishares-msci-taiwan-etf/1467271812596.ajax?dataType=fund&fileName=EWT_holdings&fileType=csv,,high
UTL,UNITIL CORP,United States,Utilities,UTL,NYSE,,0.0,EWT,https://www.ishares.com/us/products/239724/ishares-msci-taiwan-etf/1467271812596.ajax?dataType=fund&fileName=EWT_holdings&fileType=csv,,high
VST,VISTRA CORP,United States,Utilities,VST,NYSE,,0.08,EWT,https://www.ishares.com/us/products/239724/ishares-msci-taiwan-etf/1467271812596.ajax?dataType=fund&fileName=EWT_holdings&fileType=csv,,high
WEC,WEC ENERGY GROUP INC,United States,Utilities,WEC,NYSE,,0.06,EWT,https://www.ishares.com/us/products/239724/ishares-msci-taiwan-etf/1467271812596.ajax?dataType=fund&fileName=EWT_holdings&fileType=csv,,high
XEL,XCEL ENERGY INC,United States,Utilities,XEL,NASDAQ,,0.07,EWT,https://www.ishares.com/us/products/239724/ishares-msci-taiwan-etf/1467271812596.ajax?dataType=fund&fileName=EWT_holdings&fileType=csv,,high
YORW,YORK WATER,United States,Utilities,YORW,NASDAQ,,0.0,EWT,https://www.ishares.com/us/products/239724/ishares-msci-taiwan-etf/1467271812596.ajax?dataType=fund&fileName=EWT_holdings&fileType=csv,,high
