Ticker,Company,Country,Sector,RawTicker,Exchange,ISIN,WeightPct,SourceFund,SourceURL,SourceAsOf,MappingConfidence
AAF.L,AIRTEL AFRICA PLC,United Kingdom,Communication Services,AAF,London Stock Exchange,,0.02,EWH,https://www.ishares.com/us/products/239623/ishares-msci-hong-kong-etf/1467271812596.ajax?dataType=fund&fileName=EWH_holdings&fileType=csv,,high
AUTO.L,AUTOTRADER GROUP PLC,United Kingdom,Communication Services,AUTO,London Stock Exchange,,0.03,EWH,https://www.ishares.com/us/products/239623/ishares-msci-hong-kong-etf/1467271812596.ajax?dataType=fund&fileName=EWH_holdings&fileType=csv,,high
BT-A.L,BT GROUP PLC,United Kingdom,Communication Services,BT.A,London Stock Exchange,,0.08,EWH,https://www.ishares.com/us/products/239623/ishares-msci-hong-kong-etf/1467271812596.ajax?dataType=fund&fileName=EWH_holdings&fileType=csv,,high
CAR.AX,CAR GROUP LTD,Australia,Communication Services,CAR,Asx - All Markets,,0.03,EWH,https://www.ishares.com/us/products/239623/ishares-msci-hong-kong-etf/1467271812596.ajax?dataType=fund&fileName=EWH_holdings&fileType=csv,,high
CLNX.MC,CELLNEX TELECOM,Spain,Communication Services,CLNX,Bolsa De Madrid,,0.08,EWH,https://www.ishares.com/us/products/239623/ishares-msci-hong-kong-etf/1467271812596.ajax?dataType=fund&fileName=EWH_holdings&fileType=csv,,high
EVD.DE,CTS EVENTIM AG,Germany,Communication Services,EVD,Xetra,,0.02,EWH,https://www.ishares.com/us/products/239623/ishares-msci-hong-kong-etf/1467271812596.ajax?dataType=fund&fileName=EWH_holdings&fileType=csv,,high
DTE.DE,DEUTSCHE TELEKOM N AG,Germany,Communication Services,DTE,Xetra,,0.67,EWH,https://www.ishares.com/us/products/239623/ishares-msci-hong-kong-etf/1467271812596.ajax?dataType=fund&fileName=EWH_holdings&fileType=csv,,high
ELISA.HE,ELISA,Finland,Communication Services,ELISA,Nasdaq Omx Helsinki Ltd.,,0.03,EWH,https://www.ishares.com/us/products/239623/ishares-msci-hong-kong-etf/1467271812596.ajax?dataType=fund&fileName=EWH_holdings&fileType=csv,,med
INF.L,INFORMA PLC,United Kingdom,Communication Services,INF,London Stock Exchange,,0.06,EWH,https://www.ishares.com/us/products/239623/ishares-msci-hong-kong-etf/1467271812596.ajax?dataType=fund&fileName=EWH_holdings&fileType=csv,,high
KPN.AS,KONINKLIJKE KPN NV,Netherlands,Communication Services,KPN,Euronext Amsterdam,,0.1,EWH,https://www.ishares.com/us/products/239623/ishares-msci-hong-kong-etf/1467271812596.ajax?dataType=fund&fileName=EWH_holdings&fileType=csv,,high
ORA.PA,ORANGE SA,France,Communication Services,ORA,Nyse Euronext - Euronext Paris,,0.18,EWH,https://www.ishares.com/us/products/239623/ishares-msci-hong-kong-etf/1467271812596.ajax?dataType=fund&fileName=EWH_holdings&fileType=csv,,high
PUB.PA,PUBLICIS GROUPE SA,France,Communication Services,PUB,Nyse Euronext - Euronext Paris,,0.1,EWH,https://www.ishares.com/us/products/239623/ishares-msci-hong-kong-etf/1467271812596.ajax?dataType=fund&fileName=EWH_holdings&fileType=csv,,high
REA.AX,REA GROUP LTD,Australia,Communication Services,REA,Asx - All Markets,,0.03,EWH,https://www.ishares.com/us/products/239623/ishares-msci-hong-kong-etf/1467271812596.ajax?dataType=fund&fileName=EWH_holdings&fileType=csv,,high
G24.DE,SCOUT24 N,Germany,Communication Services,G24,Xetra,,0.03,EWH,https://www.ishares.com/us/products/239623/ishares-msci-hong-kong-etf/1467271812596.ajax?dataType=fund&fileName=EWH_holdings&fileType=csv,,high
Z74.SI,SINGAPORE TELECOMMUNICATIONS LTD,Singapore,Communication Services,Z74,Singapore Exchange,,0.14,EWH,https://www.ishares.com/us/products/239623/ishares-msci-hong-kong-etf/1467271812596.ajax?dataType=fund&fileName=EWH_holdings&fileType=csv,,high
SPOT,SPOTIFY TECHNOLOGY SA,Sweden,Communication Services,SPOT,NYSE,,0.41,EWH,https://www.ishares.com/us/products/239623/ishares-msci-hong-kong-etf/1467271812596.ajax?dataType=fund&fileName=EWH_holdings&fileType=csv,,high
SCMN.SW,SWISSCOM AG,Switzerland,Communication Services,SCMN,SIX Swiss Exchange,,0.12,EWH,https://www.ishares.com/us/products/239623/ishares-msci-hong-kong-etf/1467271812596.ajax?dataType=fund&fileName=EWH_holdings&fileType=csv,,med
TEL2-B.ST,TELE2 B,Sweden,Communication Services,TEL2 B,Nasdaq Omx Nordic,,0.05,EWH,https://www.ishares.com/us/products/239623/ishares-msci-hong-kong-etf/1467271812596.ajax?dataType=fund&fileName=EWH_holdings&fileType=csv,,med
TIT.MI,TELECOM ITALIA,Italy,Communication Services,TIT,Borsa Italiana,,0.04,EWH,https://www.ishares.com/us/products/239623/ishares-msci-hong-kong-etf/1467271812596.ajax?dataType=fund&fileName=EWH_holdings&fileType=csv,,high
TITR.MI,TELECOM ITALIA S.P.A.,Italy,Communication Services,TITR,Borsa Italiana,,0.02,EWH,https://www.ishares.com/us/products/239623/ishares-msci-hong-kong-etf/1467271812596.ajax?dataType=fund&fileName=EWH_holdings&fileType=csv,,high
TITIM.MI,TELECOM ITALIA SPA,Italy,Communication Services,TITIM,Borsa Italiana,,0.0,EWH,https://www.ishares.com/us/products/239623/ishares-msci-hong-kong-etf/1467271812596.ajax?dataType=fund&fileName=EWH_holdings&fileType=csv,,high
TEF.MC,TELEFONICA SA,Spain,Communication Services,TEF,Bolsa De Madrid,,0.07,EWH,https://www.ishares.com/us/products/239623/ishares-msci-hong-kong-etf/1467271812596.ajax?dataType=fund&fileName=EWH_holdings&fileType=csv,,high
TEL.OL,TELENOR,Norway,Communication Services,TEL,Oslo Bors Asa,,0.05,EWH,https://www.ishares.com/us/products/239623/ishares-msci-hong-kong-etf/1467271812596.ajax?dataType=fund&fileName=EWH_holdings&fileType=csv,,high
TELIA.ST,TELIA COMPANY,Sweden,Communication Services,TELIA,Nasdaq Omx Nordic,,0.06,EWH,https://www.ishares.com/us/products/239623/ishares-msci-hong-kong-etf/1467271812596.ajax?dataType=fund&fileName=EWH_holdings&fileType=csv,,med
TLS.AX,TELSTRA GROUP LTD,Australia,Communication Services,TLS,Asx - All Markets,,0.07,EWH,https://www.ishares.com/us/products/239623/ishares-msci-hong-kong-etf/1467271812596.ajax?dataType=fund&fileName=EWH_holdings&fileType=csv,,high
UMG.AS,UNIVERSAL MUSIC GROUP NV,Netherlands,Communication Services,UMG,Euronext Amsterdam,,0.11,EWH,https://www.ishares.com/us/products/239623/ishares-msci-hong-kong-etf/1467271812596.ajax?dataType=fund&fileName=EWH_holdings&fileType=csv,,high
VOD.L,VODAFONE GROUP PLC,United Kingdom,Communication Services,VOD,London Stock Exchange,,0.13,EWH,https://www.ishares.com/us/products/239623/ishares-msci-hong-kong-etf/1467271812596.ajax?dataType=fund&fileName=EWH_holdings&fileType=csv,,high
AC.PA,ACCOR SA,France,Consumer Discretionary,AC,Nyse Euronext - Euronext Paris,,0.05,EWH,https://www.ishares.com/us/products/239623/ishares-msci-hong-kong-etf/1467271812596.ajax?dataType=fund&fileName=EWH_holdings&fileType=csv,,high
ADS.DE,ADIDAS N AG,Germany,Consumer Discretionary,ADS,Xetra,,0.13,EWH,https://www.ishares.com/us/products/239623/ishares-msci-hong-kong-etf/1467271812596.ajax?dataType=fund&fileName=EWH_holdings&fileType=csv,,high
AMS.MC,AMADEUS IT GROUP SA,Spain,Consumer Discretionary,AMS,Bolsa De Madrid,,0.14,EWH,https://www.ishares.com/us/products/239623/ishares-msci-hong-kong-etf/1467271812596.ajax?dataType=fund&fileName=EWH_holdings&fileType=csv,,high
ALL.AX,ARISTOCRAT LEISURE LTD,Australia,Consumer Discretionary,ALL,Asx - All Markets,,0.09,EWH,https://www.ishares.com/us/products/239623/ishares-msci-hong-kong-etf/1467271812596.ajax?dataType=fund&fileName=EWH_holdings&fileType=csv,,high
AVOL.SW,AVOLTA AG,Switzerland,Consumer Discretionary,AVOL,SIX Swiss Exchange,,0.02,EWH,https://www.ishares.com/us/products/239623/ishares-msci-hong-kong-etf/1467271812596.ajax?dataType=fund&fileName=EWH_holdings&fileType=csv,,med
BTRW.L,BARRATT REDROW PLC,United Kingdom,Consumer Discretionary,BTRW,London Stock Exchange,,0.03,EWH,https://www.ishares.com/us/products/239623/ishares-msci-hong-kong-etf/1467271812596.ajax?dataType=fund&fileName=EWH_holdings&fileType=csv,,high
BMW.DE,BMW AG,Germany,Consumer Discretionary,BMW,Xetra,,0.12,EWH,https://www.ishares.com/us/products/239623/ishares-msci-hong-kong-etf/1467271812596.ajax?dataType=fund&fileName=EWH_holdings&fileType=csv,,high
BMWG.DE,BMW PREF AG,Germany,Consumer Discretionary,BMW3,Xetra,,0.02,EWH,https://www.ishares.com/us/products/239623/ishares-msci-hong-kong-etf/1467271812596.ajax?dataType=fund&fileName=EWH_holdings&fileType=csv,,high
CFR.SW,COMPAGNIE FINANCIERE RICHEMONT SA,Switzerland,Consumer Discretionary,CFR,SIX Swiss Exchange,,0.46,EWH,https://www.ishares.com/us/products/239623/ishares-msci-hong-kong-etf/1467271812596.ajax?dataType=fund&fileName=EWH_holdings&fileType=csv,,med
CPG.L,COMPASS GROUP PLC,United Kingdom,Consumer Discretionary,CPG,London Stock Exchange,,0.25,EWH,https://www.ishares.com/us/products/239623/ishares-msci-hong-kong-etf/1467271812596.ajax?dataType=fund&fileName=EWH_holdings&fileType=csv,,high
CON.DE,CONTINENTAL AG,Germany,Consumer Discretionary,CON,Xetra,,0.04,EWH,https://www.ishares.com/us/products/239623/ishares-msci-hong-kong-etf/1467271812596.ajax?dataType=fund&fileName=EWH_holdings&fileType=csv,,high
DHER.DE,DELIVERY HERO,Germany,Consumer Discretionary,DHER,Xetra,,0.02,EWH,https://www.ishares.com/us/products/239623/ishares-msci-hong-kong-etf/1467271812596.ajax?dataType=fund&fileName=EWH_holdings&fileType=csv,,high
DIE.BR,DIETEREN (D) SA,Belgium,Consumer Discretionary,DIE,Nyse Euronext - Euronext Brussels,,0.02,EWH,https://www.ishares.com/us/products/239623/ishares-msci-hong-kong-etf/1467271812596.ajax?dataType=fund&fileName=EWH_holdings&fileType=csv,,high
P911.DE,DR ING HC F PORSCHE PRF AG,Germany,Consumer Discretionary,P911,Xetra,,0.02,EWH,https://www.ishares.com/us/products/239623/ishares-msci-hong-kong-etf/1467271812596.ajax?dataType=fund&fileName=EWH_holdings&fileType=csv,,high
ENT.L,ENTAIN PLC,United Kingdom,Consumer Discretionary,ENT,London Stock Exchange,,0.02,EWH,https://www.ishares.com/us/products/239623/ishares-msci-hong-kong-etf/1467271812596.ajax?dataType=fund&fileName=EWH_holdings&fileType=csv,,high
EVO.ST,EVOLUTION,Sweden,Consumer Discretionary,EVO,Nasdaq Omx Nordic,,0.04,EWH,https://www.ishares.com/us/products/239623/ishares-msci-hong-kong-etf/1467271812596.ajax?dataType=fund&fileName=EWH_holdings&fileType=csv,,med
RACE.MI,FERRARI NV,Italy,Consumer Discretionary,RACE,Borsa Italiana,,0.21,EWH,https://www.ishares.com/us/products/239623/ishares-msci-hong-kong-etf/1467271812596.ajax?dataType=fund&fileName=EWH_holdings&fileType=csv,,high
HM-B.ST,HENNES & MAURITZ,Sweden,Consumer Discretionary,HM B,Nasdaq Omx Nordic,,0.05,EWH,https://www.ishares.com/us/products/239623/ishares-msci-hong-kong-etf/1467271812596.ajax?dataType=fund&fileName=EWH_holdings&fileType=csv,,med
RMS.PA,HERMES INTERNATIONAL,France,Consumer Discretionary,RMS,Nyse Euronext - Euronext Paris,,0.34,EWH,https://www.ishares.com/us/products/239623/ishares-msci-hong-kong-etf/1467271812596.ajax?dataType=fund&fileName=EWH_holdings&fileType=csv,,high
ITX.MC,INDUSTRIA DE DISENO TEXTIL SA,Spain,Consumer Discretionary,ITX,Bolsa De Madrid,,0.31,EWH,https://www.ishares.com/us/products/239623/ishares-msci-hong-kong-etf/1467271812596.ajax?dataType=fund&fileName=EWH_holdings&fileType=csv,,high
IHG.L,INTERCONTINENTAL HOTELS GROUP PLC,United Kingdom,Consumer Discretionary,IHG,London Stock Exchange,,0.09,EWH,https://www.ishares.com/us/products/239623/ishares-msci-hong-kong-etf/1467271812596.ajax?dataType=fund&fileName=EWH_holdings&fileType=csv,,high
JD.L,JD SPORTS FASHION PLC,United Kingdom,Consumer Discretionary,JD.,London Stock Exchange,,0.01,EWH,https://www.ishares.com/us/products/239623/ishares-msci-hong-kong-etf/1467271812596.ajax?dataType=fund&fileName=EWH_holdings&fileType=csv,,high
KER.PA,KERING SA,France,Consumer Discretionary,KER,Nyse Euronext - Euronext Paris,,0.11,EWH,https://www.ishares.com/us/products/239623/ishares-msci-hong-kong-etf/1467271812596.ajax?dataType=fund&fileName=EWH_holdings&fileType=csv,,high
KGF.L,KINGFISHER PLC,United Kingdom,Consumer Discretionary,KGF,London Stock Exchange,,0.04,EWH,https://www.ishares.com/us/products/239623/ishares-msci-hong-kong-etf/1467271812596.ajax?dataType=fund&fileName=EWH_holdings&fileType=csv,,high
MC.PA,LVMH,France,Consumer Discretionary,MC,Nyse Euronext - Euronext Paris,,0.69,EWH,https://www.ishares.com/us/products/239623/ishares-msci-hong-kong-etf/1467271812596.ajax?dataType=fund&fileName=EWH_holdings&fileType=csv,,high
MBG.DE,MERCEDES-BENZ GROUP N AG,Germany,Consumer Discretionary,MBG,Xetra,,0.22,EWH,https://www.ishares.com/us/products/239623/ishares-msci-hong-kong-etf/1467271812596.ajax?dataType=fund&fileName=EWH_holdings&fileType=csv,,high
ML.PA,MICHELIN,France,Consumer Discretionary,ML,Nyse Euronext - Euronext Paris,,0.11,EWH,https://www.ishares.com/us/products/239623/ishares-msci-hong-kong-etf/1467271812596.ajax?dataType=fund&fileName=EWH_holdings&fileType=csv,,high
MONC.MI,MONCLER,Italy,Consumer Discretionary,MONC,Borsa Italiana,,0.07,EWH,https://www.ishares.com/us/products/239623/ishares-msci-hong-kong-etf/1467271812596.ajax?dataType=fund&fileName=EWH_holdings&fileType=csv,,high
NXT.L,NEXT PLC,United Kingdom,Consumer Discretionary,NXT,London Stock Exchange,,0.1,EWH,https://www.ishares.com/us/products/239623/ishares-msci-hong-kong-etf/1467271812596.ajax?dataType=fund&fileName=EWH_holdings&fileType=csv,,high
PNDORA.CO,PANDORA,Denmark,Consumer Discretionary,PNDORA,Omx Nordic Exchange Copenhagen A/S,,0.03,EWH,https://www.ishares.com/us/products/239623/ishares-msci-hong-kong-etf/1467271812596.ajax?dataType=fund&fileName=EWH_holdings&fileType=csv,,med
PSON.L,PEARSON PLC,United Kingdom,Consumer Discretionary,PSON,London Stock Exchange,,0.04,EWH,https://www.ishares.com/us/products/239623/ishares-msci-hong-kong-etf/1467271812596.ajax?dataType=fund&fileName=EWH_holdings&fileType=csv,,high
PAH3.DE,PORSCHE AUTOMOBIL HOLDING PREF,Germany,Consumer Discretionary,PAH3,Xetra,,0.03,EWH,https://www.ishares.com/us/products/239623/ishares-msci-hong-kong-etf/1467271812596.ajax?dataType=fund&fileName=EWH_holdings&fileType=csv,,high
PRX.AS,PROSUS NV CLASS N,Netherlands,Consumer Discretionary,PRX,Euronext Amsterdam,,0.31,EWH,https://www.ishares.com/us/products/239623/ishares-msci-hong-kong-etf/1467271812596.ajax?dataType=fund&fileName=EWH_holdings&fileType=csv,,high
RNO.PA,RENAULT SA,France,Consumer Discretionary,RNO,Nyse Euronext - Euronext Paris,,0.03,EWH,https://www.ishares.com/us/products/239623/ishares-msci-hong-kong-etf/1467271812596.ajax?dataType=fund&fileName=EWH_holdings&fileType=csv,,high
SE,SEA ADS REPRESENTING LTD CLASS A,Singapore,Consumer Discretionary,SE,NYSE,,0.17,EWH,https://www.ishares.com/us/products/239623/ishares-msci-hong-kong-etf/1467271812596.ajax?dataType=fund&fileName=EWH_holdings&fileType=csv,,high
SW.PA,SODEXO SA,France,Consumer Discretionary,SW,Nyse Euronext - Euronext Paris,,0.02,EWH,https://www.ishares.com/us/products/239623/ishares-msci-hong-kong-etf/1467271812596.ajax?dataType=fund&fileName=EWH_holdings&fileType=csv,,high
STLAM.MI,STELLANTIS NV,Italy,Consumer Discretionary,STLAM,Borsa Italiana,,0.07,EWH,https://www.ishares.com/us/products/239623/ishares-msci-hong-kong-etf/1467271812596.ajax?dataType=fund&fileName=EWH_holdings&fileType=csv,,high
TLC.AX,THE LOTTERY CORPORATION LTD,Australia,Consumer Discretionary,TLC,Asx - All Markets,,0.04,EWH,https://www.ishares.com/us/products/239623/ishares-msci-hong-kong-etf/1467271812596.ajax?dataType=fund&fileName=EWH_holdings&fileType=csv,,high
UHR.SW,THE SWATCH GROUP AG,Switzerland,Consumer Discretionary,UHR,SIX Swiss Exchange,,0.03,EWH,https://www.ishares.com/us/products/239623/ishares-msci-hong-kong-etf/1467271812596.ajax?dataType=fund&fileName=EWH_holdings&fileType=csv,,med
VOW3.DE,VOLKSWAGEN NON-VOTING PREF AG,Germany,Consumer Discretionary,VOW3,Xetra,,0.1,EWH,https://www.ishares.com/us/products/239623/ishares-msci-hong-kong-etf/1467271812596.ajax?dataType=fund&fileName=EWH_holdings&fileType=csv,,high
WES.AX,WESFARMERS LTD,Australia,Consumer Discretionary,WES,Asx - All Markets,,0.29,EWH,https://www.ishares.com/us/products/239623/ishares-msci-hong-kong-etf/1467271812596.ajax?dataType=fund&fileName=EWH_holdings&fileType=csv,,high
WTB.L,WHITBREAD PLC,United Kingdom,Consumer Discretionary,WTB,London Stock Exchange,,0.03,EWH,https://www.ishares.com/us/products/239623/ishares-msci-hong-kong-etf/1467271812596.ajax?dataType=fund&fileName=EWH_holdings&fileType=csv,,high
ZAL.DE,ZALANDO,Germany,Consumer Discretionary,ZAL,Xetra,,0.02,EWH,https://www.ishares.com/us/products/239623/ishares-msci-hong-kong-etf/1467271812596.ajax?dataType=fund&fileName=EWH_holdings&fileType=csv,,high
ABI.BR,ANHEUSER-BUSCH INBEV SA,Belgium,Consumer Staples,ABI,Nyse Euronext - Euronext Brussels,,0.35,EWH,https://www.ishares.com/us/products/239623/ishares-msci-hong-kong-etf/1467271812596.ajax?dataType=fund&fileName=EWH_holdings&fileType=csv,,high
ABF.L,ASSOCIATED BRITISH FOODS PLC,United Kingdom,Consumer Staples,ABF,London Stock Exchange,,0.04,EWH,https://www.ishares.com/us/products/239623/ishares-msci-hong-kong-etf/1467271812596.ajax?dataType=fund&fileName=EWH_holdings&fileType=csv,,high
BARN.SW,BARRY CALLEBAUT AG,Switzerland,Consumer Staples,BARN,SIX Swiss Exchange,,0.03,EWH,https://www.ishares.com/us/products/239623/ishares-msci-hong-kong-etf/1467271812596.ajax?dataType=fund&fileName=EWH_holdings&fileType=csv,,med
BEI.DE,BEIERSDORF AG,Germany,Consumer Staples,BEI,Xetra,,0.04,EWH,https://www.ishares.com/us/products/239623/ishares-msci-hong-kong-etf/1467271812596.ajax?dataType=fund&fileName=EWH_holdings&fileType=csv,,high
BATS.L,BRITISH AMERICAN TOBACCO,United Kingdom,Consumer Staples,BATS,London Stock Exchange,,0.61,EWH,https://www.ishares.com/us/products/239623/ishares-msci-hong-kong-etf/1467271812596.ajax?dataType=fund&fileName=EWH_holdings&fileType=csv,,high
CARL-B.CO,CARLSBERG AS CL B,Denmark,Consumer Staples,CARL B,Omx Nordic Exchange Copenhagen A/S,,0.06,EWH,https://www.ishares.com/us/products/239623/ishares-msci-hong-kong-etf/1467271812596.ajax?dataType=fund&fileName=EWH_holdings&fileType=csv,,med
CA.PA,CARREFOUR SA,France,Consumer Staples,CA,Nyse Euronext - Euronext Paris,,0.05,EWH,https://www.ishares.com/us/products/239623/ishares-msci-hong-kong-etf/1467271812596.ajax?dataType=fund&fileName=EWH_holdings&fileType=csv,,high
LISN.SW,CHOCOLADEFABRIKEN LINDT & SPRUENGL,Switzerland,Consumer Staples,LISN,SIX Swiss Exchange,,0.08,EWH,https://www.ishares.com/us/products/239623/ishares-msci-hong-kong-etf/1467271812596.ajax?dataType=fund&fileName=EWH_holdings&fileType=csv,,med
LISP.SW,CHOCOLADEFABRIKEN LINDT & SPRUENGL,Switzerland,Consumer Staples,LISP,SIX Swiss Exchange,,0.07,EWH,https://www.ishares.com/us/products/239623/ishares-msci-hong-kong-etf/1467271812596.ajax?dataType=fund&fileName=EWH_holdings&fileType=csv,,med
CCEP,COCA COLA EUROPACIFIC PARTNERS PLC,Netherlands,Consumer Staples,CCEP,NASDAQ,,0.1,EWH,https://www.ishares.com/us/products/239623/ishares-msci-hong-kong-etf/1467271812596.ajax?dataType=fund&fileName=EWH_holdings&fileType=csv,,high
CCH.L,COCA COLA HBC AG,United Kingdom,Consumer Staples,CCH,London Stock Exchange,,0.06,EWH,https://www.ishares.com/us/products/239623/ishares-msci-hong-kong-etf/1467271812596.ajax?dataType=fund&fileName=EWH_holdings&fileType=csv,,high
COL.AX,COLES GROUP LTD,Australia,Consumer Staples,COL,Asx - All Markets,,0.1,EWH,https://www.ishares.com/us/products/239623/ishares-msci-hong-kong-etf/1467271812596.ajax?dataType=fund&fileName=EWH_holdings&fileType=csv,,high
BN.PA,DANONE SA,France,Consumer Staples,BN,Nyse Euronext - Euronext Paris,,0.25,EWH,https://www.ishares.com/us/products/239623/ishares-msci-hong-kong-etf/1467271812596.ajax?dataType=fund&fileName=EWH_holdings&fileType=csv,,high
CPR.MI,DAVIDE CAMPARI MILANO NV,Italy,Consumer Staples,CPR,Borsa Italiana,,0.02,EWH,https://www.ishares.com/us/products/239623/ishares-msci-hong-kong-etf/1467271812596.ajax?dataType=fund&fileName=EWH_holdings&fileType=csv,,high
DGE.L,DIAGEO PLC,United Kingdom,Consumer Staples,DGE,London Stock Exchange,,0.22,EWH,https://www.ishares.com/us/products/239623/ishares-msci-hong-kong-etf/1467271812596.ajax?dataType=fund&fileName=EWH_holdings&fileType=csv,,high
ESSITY-B.ST,ESSITY CLASS B,Sweden,Consumer Staples,ESSITY B,Nasdaq Omx Nordic,,0.08,EWH,https://www.ishares.com/us/products/239623/ishares-msci-hong-kong-etf/1467271812596.ajax?dataType=fund&fileName=EWH_holdings&fileType=csv,,med
HEIO.AS,HEINEKEN HOLDING NV,Netherlands,Consumer Staples,HEIO,Euronext Amsterdam,,0.05,EWH,https://www.ishares.com/us/products/239623/ishares-msci-hong-kong-etf/1467271812596.ajax?dataType=fund&fileName=EWH_holdings&fileType=csv,,high
HEIA.AS,HEINEKEN NV,Netherlands,Consumer Staples,HEIA,Euronext Amsterdam,,0.11,EWH,https://www.ishares.com/us/products/239623/ishares-msci-hong-kong-etf/1467271812596.ajax?dataType=fund&fileName=EWH_holdings&fileType=csv,,high
HEN3.DE,HENKEL & KGAA PREF AG,Germany,Consumer Staples,HEN3,Xetra,,0.07,EWH,https://www.ishares.com/us/products/239623/ishares-msci-hong-kong-etf/1467271812596.ajax?dataType=fund&fileName=EWH_holdings&fileType=csv,,high
HEN.DE,HENKEL AG,Germany,Consumer Staples,HEN,Xetra,,0.04,EWH,https://www.ishares.com/us/products/239623/ishares-msci-hong-kong-etf/1467271812596.ajax?dataType=fund&fileName=EWH_holdings&fileType=csv,,high
IMB.L,IMPERIAL BRANDS PLC,United Kingdom,Consumer Staples,IMB,London Stock Exchange,,0.15,EWH,https://www.ishares.com/us/products/239623/ishares-msci-hong-kong-etf/1467271812596.ajax?dataType=fund&fileName=EWH_holdings&fileType=csv,,high
JDEP.AS,JDE PEETS NV,Netherlands,Consumer Staples,JDEP,Euronext Amsterdam,,0.03,EWH,https://www.ishares.com/us/products/239623/ishares-msci-hong-kong-etf/1467271812596.ajax?dataType=fund&fileName=EWH_holdings&fileType=csv,,high
JMT.LS,JERONIMO MARTINS SA,Portugal,Consumer Staples,JMT,Nyse Euronext - Euronext Lisbon,,0.03,EWH,https://www.ishares.com/us/products/239623/ishares-msci-hong-kong-etf/1467271812596.ajax?dataType=fund&fileName=EWH_holdings&fileType=csv,,med
KRZ.IR,KERRY GROUP PLC,Ireland,Consumer Staples,KRZ,Irish Stock Exchange - All Market,,0.06,EWH,https://www.ishares.com/us/products/239623/ishares-msci-hong-kong-etf/1467271812596.ajax?dataType=fund&fileName=EWH_holdings&fileType=csv,,low
KESKOB.HE,KESKO CLASS B,Finland,Consumer Staples,KESKOB,Nasdaq Omx Helsinki Ltd.,,0.03,EWH,https://www.ishares.com/us/products/239623/ishares-msci-hong-kong-etf/1467271812596.ajax?dataType=fund&fileName=EWH_holdings&fileType=csv,,med
AD.AS,KONINKLIJKE AHOLD DELHAIZE NV,Netherlands,Consumer Staples,AD,Euronext Amsterdam,,0.21,EWH,https://www.ishares.com/us/products/239623/ishares-msci-hong-kong-etf/1467271812596.ajax?dataType=fund&fileName=EWH_holdings&fileType=csv,,high
OR.PA,LOREAL SA,France,Consumer Staples,OR,Nyse Euronext - Euronext Paris,,0.49,EWH,https://www.ishares.com/us/products/239623/ishares-msci-hong-kong-etf/1467271812596.ajax?dataType=fund&fileName=EWH_holdings&fileType=csv,,high
LOTB.BR,LOTUS BAKERIES NV,Belgium,Consumer Staples,LOTB,Nyse Euronext - Euronext Brussels,,0.02,EWH,https://www.ishares.com/us/products/239623/ishares-msci-hong-kong-etf/1467271812596.ajax?dataType=fund&fileName=EWH_holdings&fileType=csv,,high
MICC.AS,MAGNUM ICE CREAM NV,Netherlands,Consumer Staples,MICC,Euronext Amsterdam,,0.04,EWH,https://www.ishares.com/us/products/239623/ishares-msci-hong-kong-etf/1467271812596.ajax?dataType=fund&fileName=EWH_holdings&fileType=csv,,high
MKS.L,MARKS AND SPENCER GROUP PLC,United Kingdom,Consumer Staples,MKS,London Stock Exchange,,0.05,EWH,https://www.ishares.com/us/products/239623/ishares-msci-hong-kong-etf/1467271812596.ajax?dataType=fund&fileName=EWH_holdings&fileType=csv,,high
MOWI.OL,MOWI,Norway,Consumer Staples,MOWI,Oslo Bors Asa,,0.05,EWH,https://www.ishares.com/us/products/239623/ishares-msci-hong-kong-etf/1467271812596.ajax?dataType=fund&fileName=EWH_holdings&fileType=csv,,high
NESN.SW,NESTLE SA,Switzerland,Consumer Staples,NESN,SIX Swiss Exchange,,1.28,EWH,https://www.ishares.com/us/products/239623/ishares-msci-hong-kong-etf/1467271812596.ajax?dataType=fund&fileName=EWH_holdings&fileType=csv,,med
ORK.OL,ORKLA,Norway,Consumer Staples,ORK,Oslo Bors Asa,,0.04,EWH,https://www.ishares.com/us/products/239623/ishares-msci-hong-kong-etf/1467271812596.ajax?dataType=fund&fileName=EWH_holdings&fileType=csv,,high
RI.PA,PERNOD RICARD SA,France,Consumer Staples,RI,Nyse Euronext - Euronext Paris,,0.08,EWH,https://www.ishares.com/us/products/239623/ishares-msci-hong-kong-etf/1467271812596.ajax?dataType=fund&fileName=EWH_holdings&fileType=csv,,high
RKT.L,RECKITT BENCKISER GROUP PLC,United Kingdom,Consumer Staples,RKT,London Stock Exchange,,0.23,EWH,https://www.ishares.com/us/products/239623/ishares-msci-hong-kong-etf/1467271812596.ajax?dataType=fund&fileName=EWH_holdings&fileType=csv,,high
SBRY.L,SAINSBURY(J) PLC,United Kingdom,Consumer Staples,SBRY,London Stock Exchange,,0.04,EWH,https://www.ishares.com/us/products/239623/ishares-msci-hong-kong-etf/1467271812596.ajax?dataType=fund&fileName=EWH_holdings&fileType=csv,,high
SALM.OL,SALMAR,Norway,Consumer Staples,SALM,Oslo Bors Asa,,0.02,EWH,https://www.ishares.com/us/products/239623/ishares-msci-hong-kong-etf/1467271812596.ajax?dataType=fund&fileName=EWH_holdings&fileType=csv,,high
TSCO.L,TESCO PLC,United Kingdom,Consumer Staples,TSCO,London Stock Exchange,,0.2,EWH,https://www.ishares.com/us/products/239623/ishares-msci-hong-kong-etf/1467271812596.ajax?dataType=fund&fileName=EWH_holdings&fileType=csv,,high
ULVR.L,UNILEVER PLC,United Kingdom,Consumer Staples,ULVR,London Stock Exchange,,0.69,EWH,https://www.ishares.com/us/products/239623/ishares-msci-hong-kong-etf/1467271812596.ajax?dataType=fund&fileName=EWH_holdings&fileType=csv,,high
F34.SI,WILMAR INTERNATIONAL LTD,Singapore,Consumer Staples,F34,Singapore Exchange,,0.03,EWH,https://www.ishares.com/us/products/239623/ishares-msci-hong-kong-etf/1467271812596.ajax?dataType=fund&fileName=EWH_holdings&fileType=csv,,high
WOW.AX,WOOLWORTHS GROUP LTD,Australia,Consumer Staples,WOW,Asx - All Markets,,0.15,EWH,https://www.ishares.com/us/products/239623/ishares-msci-hong-kong-etf/1467271812596.ajax?dataType=fund&fileName=EWH_holdings&fileType=csv,,high
AKRBP.OL,AKER BP,Norway,Energy,AKRBP,Oslo Bors Asa,,0.05,EWH,https://www.ishares.com/us/products/239623/ishares-msci-hong-kong-etf/1467271812596.ajax?dataType=fund&fileName=EWH_holdings&fileType=csv,,high
BOL.PA,BOLLORE,France,Energy,BOL,Nyse Euronext - Euronext Paris,,0.02,EWH,https://www.ishares.com/us/products/239623/ishares-msci-hong-kong-etf/1467271812596.ajax?dataType=fund&fileName=EWH_holdings&fileType=csv,,high
BP.L,BP PLC,United Kingdom,Energy,BP.,London Stock Exchange,,0.52,EWH,https://www.ishares.com/us/products/239623/ishares-msci-hong-kong-etf/1467271812596.ajax?dataType=fund&fileName=EWH_holdings&fileType=csv,,high
ENI.MI,ENI,Italy,Energy,ENI,Borsa Italiana,,0.24,EWH,https://www.ishares.com/us/products/239623/ishares-msci-hong-kong-etf/1467271812596.ajax?dataType=fund&fileName=EWH_holdings&fileType=csv,,high
EQNR.OL,EQUINOR,Norway,Energy,EQNR,Oslo Bors Asa,,0.13,EWH,https://www.ishares.com/us/products/239623/ishares-msci-hong-kong-etf/1467271812596.ajax?dataType=fund&fileName=EWH_holdings&fileType=csv,,high
GALP.LS,GALP ENERGIA SGPS SA CLASS B,Portugal,Energy,GALP,Nyse Euronext - Euronext Lisbon,,0.05,EWH,https://www.ishares.com/us/products/239623/ishares-msci-hong-kong-etf/1467271812596.ajax?dataType=fund&fileName=EWH_holdings&fileType=csv,,med
NESTE.HE,NESTE,Finland,Energy,NESTE,Nasdaq Omx Helsinki Ltd.,,0.06,EWH,https://www.ishares.com/us/products/239623/ishares-msci-hong-kong-etf/1467271812596.ajax?dataType=fund&fileName=EWH_holdings&fileType=csv,,med
OMV.VI,OMV AG,Austria,Energy,OMV,Wiener Boerse Ag,,0.05,EWH,https://www.ishares.com/us/products/239623/ishares-msci-hong-kong-etf/1467271812596.ajax?dataType=fund&fileName=EWH_holdings&fileType=csv,,med
REP.MC,REPSOL SA,Spain,Energy,REP,Bolsa De Madrid,,0.13,EWH,https://www.ishares.com/us/products/239623/ishares-msci-hong-kong-etf/1467271812596.ajax?dataType=fund&fileName=EWH_holdings&fileType=csv,,high
STO.AX,SANTOS LTD,Australia,Energy,STO,Asx - All Markets,,0.08,EWH,https://www.ishares.com/us/products/239623/ishares-msci-hong-kong-etf/1467271812596.ajax?dataType=fund&fileName=EWH_holdings&fileType=csv,,high
SHEL.L,SHELL PLC,United Kingdom,Energy,SHEL,London Stock Exchange,,1.18,EWH,https://www.ishares.com/us/products/239623/ishares-msci-hong-kong-etf/1467271812596.ajax?dataType=fund&fileName=EWH_holdings&fileType=csv,,high
TEN.MI,TENARIS SA,Italy,Energy,TEN,Borsa Italiana,,0.05,EWH,https://www.ishares.com/us/products/239623/ishares-msci-hong-kong-etf/1467271812596.ajax?dataType=fund&fileName=EWH_holdings&fileType=csv,,high
WDS.AX,WOODSIDE ENERGY GROUP LTD,Australia,Energy,WDS,Asx - All Markets,,0.2,EWH,https://www.ishares.com/us/products/239623/ishares-msci-hong-kong-etf/1467271812596.ajax?dataType=fund&fileName=EWH_holdings&fileType=csv,,high
III.L,3I GROUP PLC,United Kingdom,Financials,III,London Stock Exchange,,0.19,EWH,https://www.ishares.com/us/products/239623/ishares-msci-hong-kong-etf/1467271812596.ajax?dataType=fund&fileName=EWH_holdings&fileType=csv,,high
ABN.AS,ABN AMRO BANK NV,Netherlands,Financials,ABN,Euronext Amsterdam,,0.09,EWH,https://www.ishares.com/us/products/239623/ishares-msci-hong-kong-etf/1467271812596.ajax?dataType=fund&fileName=EWH_holdings&fileType=csv,,high
ADM.L,ADMIRAL GROUP PLC,United Kingdom,Financials,ADM,London Stock Exchange,,0.05,EWH,https://www.ishares.com/us/products/239623/ishares-msci-hong-kong-etf/1467271812596.ajax?dataType=fund&fileName=EWH_holdings&fileType=csv,,high
ADYEN.AS,ADYEN NV,Netherlands,Financials,ADYEN,Euronext Amsterdam,,0.13,EWH,https://www.ishares.com/us/products/239623/ishares-msci-hong-kong-etf/1467271812596.ajax?dataType=fund&fileName=EWH_holdings&fileType=csv,,high
AGN.AS,AEGON LTD,Netherlands,Financials,AGN,Euronext Amsterdam,,0.04,EWH,https://www.ishares.com/us/products/239623/ishares-msci-hong-kong-etf/1467271812596.ajax?dataType=fund&fileName=EWH_holdings&fileType=csv,,high
AGS.BR,AGEAS SA,Belgium,Financials,AGS,Nyse Euronext - Euronext Brussels,,0.05,EWH,https://www.ishares.com/us/products/239623/ishares-msci-hong-kong-etf/1467271812596.ajax?dataType=fund&fileName=EWH_holdings&fileType=csv,,high
A5G.IR,AIB GROUP PLC,Ireland,Financials,A5G,Irish Stock Exchange - All Market,,0.11,EWH,https://www.ishares.com/us/products/239623/ishares-msci-hong-kong-etf/1467271812596.ajax?dataType=fund&fileName=EWH_holdings&fileType=csv,,low
ALV.DE,ALLIANZ,Germany,Financials,ALV,Xetra,,0.73,EWH,https://www.ishares.com/us/products/239623/ishares-msci-hong-kong-etf/1467271812596.ajax?dataType=fund&fileName=EWH_holdings&fileType=csv,,high
AMUN.PA,AMUNDI SA,France,Financials,AMUN,Nyse Euronext - Euronext Paris,,0.03,EWH,https://www.ishares.com/us/products/239623/ishares-msci-hong-kong-etf/1467271812596.ajax?dataType=fund&fileName=EWH_holdings&fileType=csv,,high
ANZ.AX,ANZ GROUP HOLDINGS LTD,Australia,Financials,ANZ,Asx - All Markets,,0.38,EWH,https://www.ishares.com/us/products/239623/ishares-msci-hong-kong-etf/1467271812596.ajax?dataType=fund&fileName=EWH_holdings&fileType=csv,,high
ASRNL.AS,ASR NEDERLAND NV,Netherlands,Financials,ASRNL,Euronext Amsterdam,,0.05,EWH,https://www.ishares.com/us/products/239623/ishares-msci-hong-kong-etf/1467271812596.ajax?dataType=fund&fileName=EWH_holdings&fileType=csv,,high
G.MI,ASSICURAZIONI GENERALI,Italy,Financials,G,Borsa Italiana,,0.16,EWH,https://www.ishares.com/us/products/239623/ishares-msci-hong-kong-etf/1467271812596.ajax?dataType=fund&fileName=EWH_holdings&fileType=csv,,high
ASX.AX,ASX LTD,Australia,Financials,ASX,Asx - All Markets,,0.03,EWH,https://www.ishares.com/us/products/239623/ishares-msci-hong-kong-etf/1467271812596.ajax?dataType=fund&fileName=EWH_holdings&fileType=csv,,high
AV.L,AVIVA PLC,United Kingdom,Financials,AV.,London Stock Exchange,,0.12,EWH,https://www.ishares.com/us/products/239623/ishares-msci-hong-kong-etf/1467271812596.ajax?dataType=fund&fileName=EWH_holdings&fileType=csv,,high
CS.PA,AXA SA,France,Financials,CS,Nyse Euronext - Euronext Paris,,0.35,EWH,https://www.ishares.com/us/products/239623/ishares-msci-hong-kong-etf/1467271812596.ajax?dataType=fund&fileName=EWH_holdings&fileType=csv,,high
BMED.MI,BANCA MEDIOLANUM,Italy,Financials,BMED,Borsa Italiana,,0.02,EWH,https://www.ishares.com/us/products/239623/ishares-msci-hong-kong-etf/1467271812596.ajax?dataType=fund&fileName=EWH_holdings&fileType=csv,,high
BMPS.MI,BANCA MONTE DEI PASCHI DI SIENA SP,Italy,Financials,BMPS,Borsa Italiana,,0.08,EWH,https://www.ishares.com/us/products/239623/ishares-msci-hong-kong-etf/1467271812596.ajax?dataType=fund&fileName=EWH_holdings&fileType=csv,,high
BBVA.MC,BANCO BILBAO VIZCAYA ARGENTARIA SA,Spain,Financials,BBVA,Bolsa De Madrid,,0.58,EWH,https://www.ishares.com/us/products/239623/ishares-msci-hong-kong-etf/1467271812596.ajax?dataType=fund&fileName=EWH_holdings&fileType=csv,,high
BAMI.MI,BANCO BPM,Italy,Financials,BAMI,Borsa Italiana,,0.07,EWH,https://www.ishares.com/us/products/239623/ishares-msci-hong-kong-etf/1467271812596.ajax?dataType=fund&fileName=EWH_holdings&fileType=csv,,high
BCP.LS,BANCO COMERCIAL PORTUGUES SA,Portugal,Financials,BCP,Nyse Euronext - Euronext Lisbon,,0.03,EWH,https://www.ishares.com/us/products/239623/ishares-msci-hong-kong-etf/1467271812596.ajax?dataType=fund&fileName=EWH_holdings&fileType=csv,,med
SAB.MC,BANCO DE SABADELL SA,Spain,Financials,SAB,Bolsa De Madrid,,0.09,EWH,https://www.ishares.com/us/products/239623/ishares-msci-hong-kong-etf/1467271812596.ajax?dataType=fund&fileName=EWH_holdings&fileType=csv,,high
SAN.MC,BANCO SANTANDER SA,Spain,Financials,SAN,Bolsa De Madrid,,0.78,EWH,https://www.ishares.com/us/products/239623/ishares-msci-hong-kong-etf/1467271812596.ajax?dataType=fund&fileName=EWH_holdings&fileType=csv,,high
POLI.TA,BANK HAPOALIM BM,Israel,Financials,POLI,Tel Aviv Stock Exchange,,0.15,EWH,https://www.ishares.com/us/products/239623/ishares-msci-hong-kong-etf/1467271812596.ajax?dataType=fund&fileName=EWH_holdings&fileType=csv,,high
LUMI.TA,BANK LEUMI LE ISRAEL,Israel,Financials,LUMI,Tel Aviv Stock Exchange,,0.17,EWH,https://www.ishares.com/us/products/239623/ishares-msci-hong-kong-etf/1467271812596.ajax?dataType=fund&fileName=EWH_holdings&fileType=csv,,high
BIRG.IR,BANK OF IRELAND GROUP PLC,Ireland,Financials,BIRG,Irish Stock Exchange - All Market,,0.08,EWH,https://www.ishares.com/us/products/239623/ishares-msci-hong-kong-etf/1467271812596.ajax?dataType=fund&fileName=EWH_holdings&fileType=csv,,low
BKT.MC,BANKINTER SA,Spain,Financials,BKT,Bolsa De Madrid,,0.05,EWH,https://www.ishares.com/us/products/239623/ishares-msci-hong-kong-etf/1467271812596.ajax?dataType=fund&fileName=EWH_holdings&fileType=csv,,high
BARC.L,BARCLAYS PLC,United Kingdom,Financials,BARC,London Stock Exchange,,0.36,EWH,https://www.ishares.com/us/products/239623/ishares-msci-hong-kong-etf/1467271812596.ajax?dataType=fund&fileName=EWH_holdings&fileType=csv,,high
BG.VI,BAWAG GROUP AG,Austria,Financials,BG,Wiener Boerse Ag,,0.05,EWH,https://www.ishares.com/us/products/239623/ishares-msci-hong-kong-etf/1467271812596.ajax?dataType=fund&fileName=EWH_holdings&fileType=csv,,med
BCVN.SW,BC VAUD N,Switzerland,Financials,BCVN,SIX Swiss Exchange,,0.02,EWH,https://www.ishares.com/us/products/239623/ishares-msci-hong-kong-etf/1467271812596.ajax?dataType=fund&fileName=EWH_holdings&fileType=csv,,med
BNP.PA,BNP PARIBAS SA,France,Financials,BNP,Nyse Euronext - Euronext Paris,,0.48,EWH,https://www.ishares.com/us/products/239623/ishares-msci-hong-kong-etf/1467271812596.ajax?dataType=fund&fileName=EWH_holdings&fileType=csv,,high
BPE.MI,BPER BANCA,Italy,Financials,BPE,Borsa Italiana,,0.09,EWH,https://www.ishares.com/us/products/239623/ishares-msci-hong-kong-etf/1467271812596.ajax?dataType=fund&fileName=EWH_holdings&fileType=csv,,high
CABK.MC,CAIXABANK SA,Spain,Financials,CABK,Bolsa De Madrid,,0.22,EWH,https://www.ishares.com/us/products/239623/ishares-msci-hong-kong-etf/1467271812596.ajax?dataType=fund&fileName=EWH_holdings&fileType=csv,,high
CBK.DE,COMMERZBANK AG,Germany,Financials,CBK,Xetra,,0.12,EWH,https://www.ishares.com/us/products/239623/ishares-msci-hong-kong-etf/1467271812596.ajax?dataType=fund&fileName=EWH_holdings&fileType=csv,,high
CBA.AX,COMMONWEALTH BANK OF AUSTRALIA,Australia,Financials,CBA,Asx - All Markets,,0.96,EWH,https://www.ishares.com/us/products/239623/ishares-msci-hong-kong-etf/1467271812596.ajax?dataType=fund&fileName=EWH_holdings&fileType=csv,,high
ACA.PA,CREDIT AGRICOLE SA,France,Financials,ACA,Nyse Euronext - Euronext Paris,,0.1,EWH,https://www.ishares.com/us/products/239623/ishares-msci-hong-kong-etf/1467271812596.ajax?dataType=fund&fileName=EWH_holdings&fileType=csv,,high
CVC.AS,CVC CAPITAL PARTNERS PLC,Netherlands,Financials,CVC,Euronext Amsterdam,,0.01,EWH,https://www.ishares.com/us/products/239623/ishares-msci-hong-kong-etf/1467271812596.ajax?dataType=fund&fileName=EWH_holdings&fileType=csv,,high
DANSKE.CO,DANSKE BANK,Denmark,Financials,DANSKE,Omx Nordic Exchange Copenhagen A/S,,0.16,EWH,https://www.ishares.com/us/products/239623/ishares-msci-hong-kong-etf/1467271812596.ajax?dataType=fund&fileName=EWH_holdings&fileType=csv,,med
D05.SI,DBS GROUP HOLDINGS LTD,Singapore,Financials,D05,Singapore Exchange,,0.43,EWH,https://www.ishares.com/us/products/239623/ishares-msci-hong-kong-etf/1467271812596.ajax?dataType=fund&fileName=EWH_holdings&fileType=csv,,high
DBK.DE,DEUTSCHE BANK AG,Germany,Financials,DBK,Xetra,,0.27,EWH,https://www.ishares.com/us/products/239623/ishares-msci-hong-kong-etf/1467271812596.ajax?dataType=fund&fileName=EWH_holdings&fileType=csv,,high
DB1.DE,DEUTSCHE BOERSE AG,Germany,Financials,DB1,Xetra,,0.26,EWH,https://www.ishares.com/us/products/239623/ishares-msci-hong-kong-etf/1467271812596.ajax?dataType=fund&fileName=EWH_holdings&fileType=csv,,high
DNB.OL,DNB BANK,Norway,Financials,DNB,Oslo Bors Asa,,0.13,EWH,https://www.ishares.com/us/products/239623/ishares-msci-hong-kong-etf/1467271812596.ajax?dataType=fund&fileName=EWH_holdings&fileType=csv,,high
EQT.ST,EQT,Sweden,Financials,EQT,Nasdaq Omx Nordic,,0.07,EWH,https://www.ishares.com/us/products/239623/ishares-msci-hong-kong-etf/1467271812596.ajax?dataType=fund&fileName=EWH_holdings&fileType=csv,,med
EBS.VI,ERSTE GROUP BANK AG,Austria,Financials,EBS,Wiener Boerse Ag,,0.16,EWH,https://www.ishares.com/us/products/239623/ishares-msci-hong-kong-etf/1467271812596.ajax?dataType=fund&fileName=EWH_holdings&fileType=csv,,med
ENX.PA,EURONEXT NV,France,Financials,ENX,Nyse Euronext - Euronext Paris,,0.06,EWH,https://www.ishares.com/us/products/239623/ishares-msci-hong-kong-etf/1467271812596.ajax?dataType=fund&fileName=EWH_holdings&fileType=csv,,high
EXO.AS,EXOR NV,Netherlands,Financials,EXO,Euronext Amsterdam,,0.04,EWH,https://www.ishares.com/us/products/239623/ishares-msci-hong-kong-etf/1467271812596.ajax?dataType=fund&fileName=EWH_holdings&fileType=csv,,high
FBK.MI,FINECOBANK BANCA FINECO,Italy,Financials,FBK,Borsa Italiana,,0.07,EWH,https://www.ishares.com/us/products/239623/ishares-msci-hong-kong-etf/1467271812596.ajax?dataType=fund&fileName=EWH_holdings&fileType=csv,,high
FUTU,FUTU HOLDINGS ADR LTD,Hong Kong,Financials,FUTU,NASDAQ,,0.04,EWH,https://www.ishares.com/us/products/239623/ishares-msci-hong-kong-etf/1467271812596.ajax?dataType=fund&fileName=EWH_holdings&fileType=csv,,high
GJF.OL,GJENSIDIGE FORSIKRING,Norway,Financials,GJF,Oslo Bors Asa,,0.03,EWH,https://www.ishares.com/us/products/239623/ishares-msci-hong-kong-etf/1467271812596.ajax?dataType=fund&fileName=EWH_holdings&fileType=csv,,high
GBLB.BR,GROUPE BRUXELLES LAMBERT NV,Belgium,Financials,GBLB,Nyse Euronext - Euronext Brussels,,0.04,EWH,https://www.ishares.com/us/products/239623/ishares-msci-hong-kong-etf/1467271812596.ajax?dataType=fund&fileName=EWH_holdings&fileType=csv,,high
HNR1.DE,HANNOVER RUECK,Germany,Financials,HNR1,Xetra,,0.08,EWH,https://www.ishares.com/us/products/239623/ishares-msci-hong-kong-etf/1467271812596.ajax?dataType=fund&fileName=EWH_holdings&fileType=csv,,high
HBAN.SW,HELVETIA BALOISE HOLDING N AG,Switzerland,Financials,HBAN,SIX Swiss Exchange,,0.09,EWH,https://www.ishares.com/us/products/239623/ishares-msci-hong-kong-etf/1467271812596.ajax?dataType=fund&fileName=EWH_holdings&fileType=csv,,med
HSBA.L,HSBC HOLDINGS PLC,United Kingdom,Financials,HSBA,London Stock Exchange,,1.39,EWH,https://www.ishares.com/us/products/239623/ishares-msci-hong-kong-etf/1467271812596.ajax?dataType=fund&fileName=EWH_holdings&fileType=csv,,high
INDU-A.ST,INDUSTRIVARDEN A,Sweden,Financials,INDU A,Nasdaq Omx Nordic,,0.03,EWH,https://www.ishares.com/us/products/239623/ishares-msci-hong-kong-etf/1467271812596.ajax?dataType=fund&fileName=EWH_holdings&fileType=csv,,med
INDU-C.ST,INDUSTRIVARDEN SERIES,Sweden,Financials,INDU C,Nasdaq Omx Nordic,,0.04,EWH,https://www.ishares.com/us/products/239623/ishares-msci-hong-kong-etf/1467271812596.ajax?dataType=fund&fileName=EWH_holdings&fileType=csv,,med
IFT,INFRATIL LTD,New Zealand,Financials,IFT,New Zealand Exchange Ltd,,0.03,EWH,https://www.ishares.com/us/products/239623/ishares-msci-hong-kong-etf/1467271812596.ajax?dataType=fund&fileName=EWH_holdings&fileType=csv,,low
INGA.AS,ING GROEP NV,Netherlands,Financials,INGA,Euronext Amsterdam,,0.37,EWH,https://www.ishares.com/us/products/239623/ishares-msci-hong-kong-etf/1467271812596.ajax?dataType=fund&fileName=EWH_holdings&fileType=csv,,high
IAG.AX,INSURANCE AUSTRALIA GROUP LTD,Australia,Financials,IAG,Asx - All Markets,,0.05,EWH,https://www.ishares.com/us/products/239623/ishares-msci-hong-kong-etf/1467271812596.ajax?dataType=fund&fileName=EWH_holdings&fileType=csv,,high
ISP.MI,INTESA SANPAOLO,Italy,Financials,ISP,Borsa Italiana,,0.41,EWH,https://www.ishares.com/us/products/239623/ishares-msci-hong-kong-etf/1467271812596.ajax?dataType=fund&fileName=EWH_holdings&fileType=csv,,high
INVE-B.ST,INVESTOR CLASS B,Sweden,Financials,INVE B,Nasdaq Omx Nordic,,0.34,EWH,https://www.ishares.com/us/products/239623/ishares-msci-hong-kong-etf/1467271812596.ajax?dataType=fund&fileName=EWH_holdings&fileType=csv,,med
DSCT.TA,ISRAEL DISCOUNT BANK LTD,Israel,Financials,DSCT,Tel Aviv Stock Exchange,,0.07,EWH,https://www.ishares.com/us/products/239623/ishares-msci-hong-kong-etf/1467271812596.ajax?dataType=fund&fileName=EWH_holdings&fileType=csv,,high
BAER.SW,JULIUS BAER GRUPPE AG,Switzerland,Financials,BAER,SIX Swiss Exchange,,0.08,EWH,https://www.ishares.com/us/products/239623/ishares-msci-hong-kong-etf/1467271812596.ajax?dataType=fund&fileName=EWH_holdings&fileType=csv,,med
KBC.BR,KBC GROEP,Belgium,Financials,KBC,Nyse Euronext - Euronext Brussels,,0.14,EWH,https://www.ishares.com/us/products/239623/ishares-msci-hong-kong-etf/1467271812596.ajax?dataType=fund&fileName=EWH_holdings&fileType=csv,,high
LGEN.L,LEGAL AND GENERAL GROUP PLC,United Kingdom,Financials,LGEN,London Stock Exchange,,0.09,EWH,https://www.ishares.com/us/products/239623/ishares-msci-hong-kong-etf/1467271812596.ajax?dataType=fund&fileName=EWH_holdings&fileType=csv,,high
LLOY.L,LLOYDS BANKING GROUP PLC,United Kingdom,Financials,LLOY,London Stock Exchange,,0.36,EWH,https://www.ishares.com/us/products/239623/ishares-msci-hong-kong-etf/1467271812596.ajax?dataType=fund&fileName=EWH_holdings&fileType=csv,,high
LSEG.L,LONDON STOCK EXCHANGE GROUP PLC,United Kingdom,Financials,LSEG,London Stock Exchange,,0.26,EWH,https://www.ishares.com/us/products/239623/ishares-msci-hong-kong-etf/1467271812596.ajax?dataType=fund&fileName=EWH_holdings&fileType=csv,,high
LUND-B.ST,LUNDBERGFORETAGEN CLASS B,Sweden,Financials,LUND B,Nasdaq Omx Nordic,,0.02,EWH,https://www.ishares.com/us/products/239623/ishares-msci-hong-kong-etf/1467271812596.ajax?dataType=fund&fileName=EWH_holdings&fileType=csv,,med
MNG.L,M&G PLC,United Kingdom,Financials,MNG,London Stock Exchange,,0.04,EWH,https://www.ishares.com/us/products/239623/ishares-msci-hong-kong-etf/1467271812596.ajax?dataType=fund&fileName=EWH_holdings&fileType=csv,,high
MQG.AX,MACQUARIE GROUP LTD DEF,Australia,Financials,MQG,Asx - All Markets,,0.24,EWH,https://www.ishares.com/us/products/239623/ishares-msci-hong-kong-etf/1467271812596.ajax?dataType=fund&fileName=EWH_holdings&fileType=csv,,high
MAP.MC,MAPFRE SA,Spain,Financials,MAP,Bolsa De Madrid,,0.02,EWH,https://www.ishares.com/us/products/239623/ishares-msci-hong-kong-etf/1467271812596.ajax?dataType=fund&fileName=EWH_holdings&fileType=csv,,high
MPL.AX,MEDIBANK PRIVATE LTD,Australia,Financials,MPL,Asx - All Markets,,0.04,EWH,https://www.ishares.com/us/products/239623/ishares-msci-hong-kong-etf/1467271812596.ajax?dataType=fund&fileName=EWH_holdings&fileType=csv,,high
MZTF.TA,MIZRAHI TEFAHOT BANK LTD,Israel,Financials,MZTF,Tel Aviv Stock Exchange,,0.06,EWH,https://www.ishares.com/us/products/239623/ishares-msci-hong-kong-etf/1467271812596.ajax?dataType=fund&fileName=EWH_holdings&fileType=csv,,high
MUV2.DE,MUENCHENER RUECKVERSICHERUNGS-GESE,Germany,Financials,MUV2,Xetra,,0.38,EWH,https://www.ishares.com/us/products/239623/ishares-msci-hong-kong-etf/1467271812596.ajax?dataType=fund&fileName=EWH_holdings&fileType=csv,,high
NAB.AX,NATIONAL AUSTRALIA BANK LTD,Australia,Financials,NAB,Asx - All Markets,,0.48,EWH,https://www.ishares.com/us/products/239623/ishares-msci-hong-kong-etf/1467271812596.ajax?dataType=fund&fileName=EWH_holdings&fileType=csv,,high
NWG.L,NATWEST GROUP PLC,United Kingdom,Financials,NWG,London Stock Exchange,,0.3,EWH,https://www.ishares.com/us/products/239623/ishares-msci-hong-kong-etf/1467271812596.ajax?dataType=fund&fileName=EWH_holdings&fileType=csv,,high
NN.AS,NN GROUP NV,Netherlands,Financials,NN,Euronext Amsterdam,,0.1,EWH,https://www.ishares.com/us/products/239623/ishares-msci-hong-kong-etf/1467271812596.ajax?dataType=fund&fileName=EWH_holdings&fileType=csv,,high
NDA-FI.HE,NORDEA BANK,Finland,Financials,NDA FI,Nasdaq Omx Helsinki Ltd.,,0.27,EWH,https://www.ishares.com/us/products/239623/ishares-msci-hong-kong-etf/1467271812596.ajax?dataType=fund&fileName=EWH_holdings&fileType=csv,,med
O39.SI,OVERSEA-CHINESE BANKING LTD,Singapore,Financials,O39,Singapore Exchange,,0.26,EWH,https://www.ishares.com/us/products/239623/ishares-msci-hong-kong-etf/1467271812596.ajax?dataType=fund&fileName=EWH_holdings&fileType=csv,,high
PGHN.SW,PARTNERS GROUP HOLDING AG,Switzerland,Financials,PGHN,SIX Swiss Exchange,,0.11,EWH,https://www.ishares.com/us/products/239623/ishares-msci-hong-kong-etf/1467271812596.ajax?dataType=fund&fileName=EWH_holdings&fileType=csv,,med
PHOE.TA,PHOENIX FINANCIAL LTD,Israel,Financials,PHOE,Tel Aviv Stock Exchange,,0.06,EWH,https://www.ishares.com/us/products/239623/ishares-msci-hong-kong-etf/1467271812596.ajax?dataType=fund&fileName=EWH_holdings&fileType=csv,,high
PST.MI,POSTE ITALIANE,Italy,Financials,PST,Borsa Italiana,,0.05,EWH,https://www.ishares.com/us/products/239623/ishares-msci-hong-kong-etf/1467271812596.ajax?dataType=fund&fileName=EWH_holdings&fileType=csv,,high
PRU.L,PRUDENTIAL PLC,United Kingdom,Financials,PRU,London Stock Exchange,,0.18,EWH,https://www.ishares.com/us/products/239623/ishares-msci-hong-kong-etf/1467271812596.ajax?dataType=fund&fileName=EWH_holdings&fileType=csv,,high
QBE.AX,QBE INSURANCE GROUP LTD,Australia,Financials,QBE,Asx - All Markets,,0.11,EWH,https://www.ishares.com/us/products/239623/ishares-msci-hong-kong-etf/1467271812596.ajax?dataType=fund&fileName=EWH_holdings&fileType=csv,,high
RBI.VI,RAIFFEISEN BANK INTERNATIONAL AG,Austria,Financials,RBI,Wiener Boerse Ag,,0.03,EWH,https://www.ishares.com/us/products/239623/ishares-msci-hong-kong-etf/1467271812596.ajax?dataType=fund&fileName=EWH_holdings&fileType=csv,,med
SAMPO.HE,SAMPO CLASS A,Finland,Financials,SAMPO,Nasdaq Omx Helsinki Ltd.,,0.12,EWH,https://www.ishares.com/us/products/239623/ishares-msci-hong-kong-etf/1467271812596.ajax?dataType=fund&fileName=EWH_holdings&fileType=csv,,med
SDR.L,SCHRODERS PLC,United Kingdom,Financials,SDR,London Stock Exchange,,0.03,EWH,https://www.ishares.com/us/products/239623/ishares-msci-hong-kong-etf/1467271812596.ajax?dataType=fund&fileName=EWH_holdings&fileType=csv,,high
S68.SI,SINGAPORE EXCHANGE LTD,Singapore,Financials,S68,Singapore Exchange,,0.06,EWH,https://www.ishares.com/us/products/239623/ishares-msci-hong-kong-etf/1467271812596.ajax?dataType=fund&fileName=EWH_holdings&fileType=csv,,high
SEB-A.ST,SKANDINAVISKA ENSKILDA BANKEN,Sweden,Financials,SEB A,Nasdaq Omx Nordic,,0.15,EWH,https://www.ishares.com/us/products/239623/ishares-msci-hong-kong-etf/1467271812596.ajax?dataType=fund&fileName=EWH_holdings&fileType=csv,,med
GLE.PA,SOCIETE GENERALE SA,France,Financials,GLE,Nyse Euronext - Euronext Paris,,0.25,EWH,https://www.ishares.com/us/products/239623/ishares-msci-hong-kong-etf/1467271812596.ajax?dataType=fund&fileName=EWH_holdings&fileType=csv,,high
SOF.BR,SOFINA SA,Belgium,Financials,SOF,Nyse Euronext - Euronext Brussels,,0.02,EWH,https://www.ishares.com/us/products/239623/ishares-msci-hong-kong-etf/1467271812596.ajax?dataType=fund&fileName=EWH_holdings&fileType=csv,,high
STAN.L,STANDARD CHARTERED PLC,United Kingdom,Financials,STAN,London Stock Exchange,,0.2,EWH,https://www.ishares.com/us/products/239623/ishares-msci-hong-kong-etf/1467271812596.ajax?dataType=fund&fileName=EWH_holdings&fileType=csv,,high
SDLF.L,STANDARD LIFE PLC,United Kingdom,Financials,SDLF,London Stock Exchange,,0.03,EWH,https://www.ishares.com/us/products/239623/ishares-msci-hong-kong-etf/1467271812596.ajax?dataType=fund&fileName=EWH_holdings&fileType=csv,,high
SUN.AX,SUNCORP GROUP LTD,Australia,Financials,SUN,Asx - All Markets,,0.05,EWH,https://www.ishares.com/us/products/239623/ishares-msci-hong-kong-etf/1467271812596.ajax?dataType=fund&fileName=EWH_holdings&fileType=csv,,high
SHB-A.ST,SVENSKA HANDELSBANKEN-A SHS,Sweden,Financials,SHB A,Nasdaq Omx Nordic,,0.11,EWH,https://www.ishares.com/us/products/239623/ishares-msci-hong-kong-etf/1467271812596.ajax?dataType=fund&fileName=EWH_holdings&fileType=csv,,med
SWED-A.ST,SWEDBANK,Sweden,Financials,SWED A,Nasdaq Omx Nordic,,0.15,EWH,https://www.ishares.com/us/products/239623/ishares-msci-hong-kong-etf/1467271812596.ajax?dataType=fund&fileName=EWH_holdings&fileType=csv,,med
SLHN.SW,SWISS LIFE HOLDING AG,Switzerland,Financials,SLHN,SIX Swiss Exchange,,0.15,EWH,https://www.ishares.com/us/products/239623/ishares-msci-hong-kong-etf/1467271812596.ajax?dataType=fund&fileName=EWH_holdings&fileType=csv,,med
SREN.SW,SWISS RE AG,Switzerland,Financials,SREN,SIX Swiss Exchange,,0.24,EWH,https://www.ishares.com/us/products/239623/ishares-msci-hong-kong-etf/1467271812596.ajax?dataType=fund&fileName=EWH_holdings&fileType=csv,,med
TLX.DE,TALANX AG,Germany,Financials,TLX,Xetra,,0.04,EWH,https://www.ishares.com/us/products/239623/ishares-msci-hong-kong-etf/1467271812596.ajax?dataType=fund&fileName=EWH_holdings&fileType=csv,,high
TRYG.CO,TRYG,Denmark,Financials,TRYG,Omx Nordic Exchange Copenhagen A/S,,0.04,EWH,https://www.ishares.com/us/products/239623/ishares-msci-hong-kong-etf/1467271812596.ajax?dataType=fund&fileName=EWH_holdings&fileType=csv,,med
UBSG.SW,UBS GROUP AG,Switzerland,Financials,UBSG,SIX Swiss Exchange,,0.58,EWH,https://www.ishares.com/us/products/239623/ishares-msci-hong-kong-etf/1467271812596.ajax?dataType=fund&fileName=EWH_holdings&fileType=csv,,med
UCG.MI,UNICREDIT,Italy,Financials,UCG,Borsa Italiana,,0.51,EWH,https://www.ishares.com/us/products/239623/ishares-msci-hong-kong-etf/1467271812596.ajax?dataType=fund&fileName=EWH_holdings&fileType=csv,,high
UNI.MI,UNIPOL ASSICURAZIONI SPA,Italy,Financials,UNI,Borsa Italiana,,0.04,EWH,https://www.ishares.com/us/products/239623/ishares-msci-hong-kong-etf/1467271812596.ajax?dataType=fund&fileName=EWH_holdings&fileType=csv,,high
U11.SI,UNITED OVERSEAS BANK LTD,Singapore,Financials,U11,Singapore Exchange,,0.17,EWH,https://www.ishares.com/us/products/239623/ishares-msci-hong-kong-etf/1467271812596.ajax?dataType=fund&fileName=EWH_holdings&fileType=csv,,high
SOL.AX,WASHINGTON H SOUL PATTINSON & COMP,Australia,Financials,SOL,Asx - All Markets,,0.04,EWH,https://www.ishares.com/us/products/239623/ishares-msci-hong-kong-etf/1467271812596.ajax?dataType=fund&fileName=EWH_holdings&fileType=csv,,high
WBC.AX,WESTPAC BANKING CORPORATION CORP,Australia,Financials,WBC,Asx - All Markets,,0.47,EWH,https://www.ishares.com/us/products/239623/ishares-msci-hong-kong-etf/1467271812596.ajax?dataType=fund&fileName=EWH_holdings&fileType=csv,,high
WISE.L,WISE PLC CLASS A,United Kingdom,Financials,WISE,London Stock Exchange,,0.04,EWH,https://www.ishares.com/us/products/239623/ishares-msci-hong-kong-etf/1467271812596.ajax?dataType=fund&fileName=EWH_holdings&fileType=csv,,high
ZURN.SW,ZURICH INSURANCE GROUP LTD,Switzerland,Financials,ZURN,SIX Swiss Exchange,,0.48,EWH,https://www.ishares.com/us/products/239623/ishares-msci-hong-kong-etf/1467271812596.ajax?dataType=fund&fileName=EWH_holdings&fileType=csv,,med
ALC.SW,ALCON INC,Switzerland,Health Care,ALC,SIX Swiss Exchange,,0.19,EWH,https://www.ishares.com/us/products/239623/ishares-msci-hong-kong-etf/1467271812596.ajax?dataType=fund&fileName=EWH_holdings&fileType=csv,,med
ARGX.BR,ARGENX,Belgium,Health Care,ARGX,Nyse Euronext - Euronext Brussels,,0.22,EWH,https://www.ishares.com/us/products/239623/ishares-msci-hong-kong-etf/1467271812596.ajax?dataType=fund&fileName=EWH_holdings&fileType=csv,,high
AZN.L,ASTRAZENECA PLC,United Kingdom,Health Care,AZN,London Stock Exchange,,1.45,EWH,https://www.ishares.com/us/products/239623/ishares-msci-hong-kong-etf/1467271812596.ajax?dataType=fund&fileName=EWH_holdings&fileType=csv,,high
BAYN.DE,BAYER AG,Germany,Health Care,BAYN,Xetra,,0.21,EWH,https://www.ishares.com/us/products/239623/ishares-msci-hong-kong-etf/1467271812596.ajax?dataType=fund&fileName=EWH_holdings&fileType=csv,,high
BIM.PA,BIOMERIEUX SA,France,Health Care,BIM,Nyse Euronext - Euronext Paris,,0.02,EWH,https://www.ishares.com/us/products/239623/ishares-msci-hong-kong-etf/1467271812596.ajax?dataType=fund&fileName=EWH_holdings&fileType=csv,,high
COH.AX,COCHLEAR LTD,Australia,Health Care,COH,Asx - All Markets,,0.04,EWH,https://www.ishares.com/us/products/239623/ishares-msci-hong-kong-etf/1467271812596.ajax?dataType=fund&fileName=EWH_holdings&fileType=csv,,high
COLO-B.CO,COLOPLAST B,Denmark,Health Care,COLO B,Omx Nordic Exchange Copenhagen A/S,,0.04,EWH,https://www.ishares.com/us/products/239623/ishares-msci-hong-kong-etf/1467271812596.ajax?dataType=fund&fileName=EWH_holdings&fileType=csv,,med
CSL.AX,CSL LTD,Australia,Health Care,CSL,Asx - All Markets,,0.23,EWH,https://www.ishares.com/us/products/239623/ishares-msci-hong-kong-etf/1467271812596.ajax?dataType=fund&fileName=EWH_holdings&fileType=csv,,high
DEMANT.CO,DEMANT,Denmark,Health Care,DEMANT,Omx Nordic Exchange Copenhagen A/S,,0.01,EWH,https://www.ishares.com/us/products/239623/ishares-msci-hong-kong-etf/1467271812596.ajax?dataType=fund&fileName=EWH_holdings&fileType=csv,,med
EL.PA,ESSILORLUXOTTICA SA,France,Health Care,EL,Nyse Euronext - Euronext Paris,,0.35,EWH,https://www.ishares.com/us/products/239623/ishares-msci-hong-kong-etf/1467271812596.ajax?dataType=fund&fileName=EWH_holdings&fileType=csv,,high
ERF.PA,EUROFINS SCIENTIFIC,France,Health Care,ERF,Nyse Euronext - Euronext Paris,,0.04,EWH,https://www.ishares.com/us/products/239623/ishares-msci-hong-kong-etf/1467271812596.ajax?dataType=fund&fileName=EWH_holdings&fileType=csv,,high
TUB.BR,FINANCIERE DE TUBIZE SA,Belgium,Health Care,TUB,Nyse Euronext - Euronext Brussels,,0.02,EWH,https://www.ishares.com/us/products/239623/ishares-msci-hong-kong-etf/1467271812596.ajax?dataType=fund&fileName=EWH_holdings&fileType=csv,,high
FPH,FISHER AND PAYKEL HEALTHCARE CORPO,New Zealand,Health Care,FPH,New Zealand Exchange Ltd,,0.06,EWH,https://www.ishares.com/us/products/239623/ishares-msci-hong-kong-etf/1467271812596.ajax?dataType=fund&fileName=EWH_holdings&fileType=csv,,low
FME.DE,FRESENIUS MEDICAL CARE AG,Germany,Health Care,FME,Xetra,,0.05,EWH,https://www.ishares.com/us/products/239623/ishares-msci-hong-kong-etf/1467271812596.ajax?dataType=fund&fileName=EWH_holdings&fileType=csv,,high
FRE.DE,FRESENIUS SE AND CO KGAA,Germany,Health Care,FRE,Xetra,,0.11,EWH,https://www.ishares.com/us/products/239623/ishares-msci-hong-kong-etf/1467271812596.ajax?dataType=fund&fileName=EWH_holdings&fileType=csv,,high
GALD.SW,GALDERMA GROUP N LTD,Switzerland,Health Care,GALD,SIX Swiss Exchange,,0.15,EWH,https://www.ishares.com/us/products/239623/ishares-msci-hong-kong-etf/1467271812596.ajax?dataType=fund&fileName=EWH_holdings&fileType=csv,,med
GMAB.CO,GENMAB,Denmark,Health Care,GMAB,Omx Nordic Exchange Copenhagen A/S,,0.08,EWH,https://www.ishares.com/us/products/239623/ishares-msci-hong-kong-etf/1467271812596.ajax?dataType=fund&fileName=EWH_holdings&fileType=csv,,med
GSK.L,GLAXOSMITHKLINE,United Kingdom,Health Care,GSK,London Stock Exchange,,0.54,EWH,https://www.ishares.com/us/products/239623/ishares-msci-hong-kong-etf/1467271812596.ajax?dataType=fund&fileName=EWH_holdings&fileType=csv,,high
GRF.MC,GRIFOLS SA CLASS A,Spain,Health Care,GRF,Bolsa De Madrid,,0.02,EWH,https://www.ishares.com/us/products/239623/ishares-msci-hong-kong-etf/1467271812596.ajax?dataType=fund&fileName=EWH_holdings&fileType=csv,,high
HLN.L,HALEON PLC,United Kingdom,Health Care,HLN,London Stock Exchange,,0.21,EWH,https://www.ishares.com/us/products/239623/ishares-msci-hong-kong-etf/1467271812596.ajax?dataType=fund&fileName=EWH_holdings&fileType=csv,,high
IPN.PA,IPSEN SA,France,Health Care,IPN,Nyse Euronext - Euronext Paris,,0.03,EWH,https://www.ishares.com/us/products/239623/ishares-msci-hong-kong-etf/1467271812596.ajax?dataType=fund&fileName=EWH_holdings&fileType=csv,,high
PHIA.AS,KONINKLIJKE PHILIPS NV,Netherlands,Health Care,PHIA,Euronext Amsterdam,,0.11,EWH,https://www.ishares.com/us/products/239623/ishares-msci-hong-kong-etf/1467271812596.ajax?dataType=fund&fileName=EWH_holdings&fileType=csv,,high
LONN.SW,LONZA GROUP AG,Switzerland,Health Care,LONN,SIX Swiss Exchange,,0.22,EWH,https://www.ishares.com/us/products/239623/ishares-msci-hong-kong-etf/1467271812596.ajax?dataType=fund&fileName=EWH_holdings&fileType=csv,,med
MRK.DE,MERCK,Germany,Health Care,MRK,Xetra,,0.08,EWH,https://www.ishares.com/us/products/239623/ishares-msci-hong-kong-etf/1467271812596.ajax?dataType=fund&fileName=EWH_holdings&fileType=csv,,high
NMC.L,NMC HEALTH PLC,United Kingdom,Health Care,NMC,London Stock Exchange,,0.0,EWH,https://www.ishares.com/us/products/239623/ishares-msci-hong-kong-etf/1467271812596.ajax?dataType=fund&fileName=EWH_holdings&fileType=csv,,high
NOVN.SW,NOVARTIS AG,Switzerland,Health Care,NOVN,SIX Swiss Exchange,,1.48,EWH,https://www.ishares.com/us/products/239623/ishares-msci-hong-kong-etf/1467271812596.ajax?dataType=fund&fileName=EWH_holdings&fileType=csv,,med
NOVO-B.CO,NOVO NORDISK CLASS B,Denmark,Health Care,NOVO B,Omx Nordic Exchange Copenhagen A/S,,0.61,EWH,https://www.ishares.com/us/products/239623/ishares-msci-hong-kong-etf/1467271812596.ajax?dataType=fund&fileName=EWH_holdings&fileType=csv,,med
ORNBV.HE,ORION CLASS B,Finland,Health Care,ORNBV,Nasdaq Omx Helsinki Ltd.,,0.04,EWH,https://www.ishares.com/us/products/239623/ishares-msci-hong-kong-etf/1467271812596.ajax?dataType=fund&fileName=EWH_holdings&fileType=csv,,med
PME.AX,PRO MEDICUS LTD,Australia,Health Care,PME,Asx - All Markets,,0.03,EWH,https://www.ishares.com/us/products/239623/ishares-msci-hong-kong-etf/1467271812596.ajax?dataType=fund&fileName=EWH_holdings&fileType=csv,,high
QIA.DE,QIAGEN NV,Germany,Health Care,QIA,Xetra,,0.04,EWH,https://www.ishares.com/us/products/239623/ishares-msci-hong-kong-etf/1467271812596.ajax?dataType=fund&fileName=EWH_holdings&fileType=csv,,high
REC.MI,RECORDATI INDUSTRIA CHIMICA E FARM,Italy,Health Care,REC,Borsa Italiana,,0.03,EWH,https://www.ishares.com/us/products/239623/ishares-msci-hong-kong-etf/1467271812596.ajax?dataType=fund&fileName=EWH_holdings&fileType=csv,,high
RO.SW,ROCHE HOLDING AG,Switzerland,Health Care,RO,SIX Swiss Exchange,,0.07,EWH,https://www.ishares.com/us/products/239623/ishares-msci-hong-kong-etf/1467271812596.ajax?dataType=fund&fileName=EWH_holdings&fileType=csv,,med
ROG.SW,ROCHE HOLDING PAR AG,Switzerland,Health Care,ROG,SIX Swiss Exchange,,1.45,EWH,https://www.ishares.com/us/products/239623/ishares-msci-hong-kong-etf/1467271812596.ajax?dataType=fund&fileName=EWH_holdings&fileType=csv,,med
SDZ.SW,SANDOZ GROUP AG,Switzerland,Health Care,SDZ,SIX Swiss Exchange,,0.17,EWH,https://www.ishares.com/us/products/239623/ishares-msci-hong-kong-etf/1467271812596.ajax?dataType=fund&fileName=EWH_holdings&fileType=csv,,med
SAN.PA,SANOFI SA,France,Health Care,SAN,Nyse Euronext - Euronext Paris,,0.47,EWH,https://www.ishares.com/us/products/239623/ishares-msci-hong-kong-etf/1467271812596.ajax?dataType=fund&fileName=EWH_holdings&fileType=csv,,high
SRT3.DE,SARTORIUS PREF AG,Germany,Health Care,SRT3,Xetra,,0.03,EWH,https://www.ishares.com/us/products/239623/ishares-msci-hong-kong-etf/1467271812596.ajax?dataType=fund&fileName=EWH_holdings&fileType=csv,,high
DIM.PA,SARTORIUS STEDIM BIOTECH SA,France,Health Care,DIM,Nyse Euronext - Euronext Paris,,0.03,EWH,https://www.ishares.com/us/products/239623/ishares-msci-hong-kong-etf/1467271812596.ajax?dataType=fund&fileName=EWH_holdings&fileType=csv,,high
SHL.DE,SIEMENS HEALTHINEERS AG,Germany,Health Care,SHL,Xetra,,0.08,EWH,https://www.ishares.com/us/products/239623/ishares-msci-hong-kong-etf/1467271812596.ajax?dataType=fund&fileName=EWH_holdings&fileType=csv,,high
SIG.AX,SIGMA HEALTHCARE LTD,Australia,Health Care,SIG,Asx - All Markets,,0.05,EWH,https://www.ishares.com/us/products/239623/ishares-msci-hong-kong-etf/1467271812596.ajax?dataType=fund&fileName=EWH_holdings&fileType=csv,,high
SN.L,SMITH AND NEPHEW PLC,United Kingdom,Health Care,SN.,London Stock Exchange,,0.06,EWH,https://www.ishares.com/us/products/239623/ishares-msci-hong-kong-etf/1467271812596.ajax?dataType=fund&fileName=EWH_holdings&fileType=csv,,high
SHL.AX,SONIC HEALTHCARE LTD,Australia,Health Care,SHL,Asx - All Markets,,0.04,EWH,https://www.ishares.com/us/products/239623/ishares-msci-hong-kong-etf/1467271812596.ajax?dataType=fund&fileName=EWH_holdings&fileType=csv,,high
SOON.SW,SONOVA HOLDING AG,Switzerland,Health Care,SOON,SIX Swiss Exchange,,0.06,EWH,https://www.ishares.com/us/products/239623/ishares-msci-hong-kong-etf/1467271812596.ajax?dataType=fund&fileName=EWH_holdings&fileType=csv,,med
STMN.SW,STRAUMANN HOLDING AG,Switzerland,Health Care,STMN,SIX Swiss Exchange,,0.06,EWH,https://www.ishares.com/us/products/239623/ishares-msci-hong-kong-etf/1467271812596.ajax?dataType=fund&fileName=EWH_holdings&fileType=csv,,med
SOBI.ST,SWEDISH ORPHAN BIOVITRUM,Sweden,Health Care,SOBI,Nasdaq Omx Nordic,,0.04,EWH,https://www.ishares.com/us/products/239623/ishares-msci-hong-kong-etf/1467271812596.ajax?dataType=fund&fileName=EWH_holdings&fileType=csv,,med
TEVA,TEVA PHARMACEUTICAL INDUSTRIES ADR,Israel,Health Care,TEVA,NYSE,,0.17,EWH,https://www.ishares.com/us/products/239623/ishares-msci-hong-kong-etf/1467271812596.ajax?dataType=fund&fileName=EWH_holdings&fileType=csv,,high
UCB.BR,UCB SA,Belgium,Health Care,UCB,Nyse Euronext - Euronext Brussels,,0.18,EWH,https://www.ishares.com/us/products/239623/ishares-msci-hong-kong-etf/1467271812596.ajax?dataType=fund&fileName=EWH_holdings&fileType=csv,,high
MAERSK-A.CO,A P MOLLER MAERSK,Denmark,Industrials,MAERSK A,Omx Nordic Exchange Copenhagen A/S,,0.04,EWH,https://www.ishares.com/us/products/239623/ishares-msci-hong-kong-etf/1467271812596.ajax?dataType=fund&fileName=EWH_holdings&fileType=csv,,med
MAERSK-B.CO,A P MOLLER MAERSK B,Denmark,Industrials,MAERSK B,Omx Nordic Exchange Copenhagen A/S,,0.05,EWH,https://www.ishares.com/us/products/239623/ishares-msci-hong-kong-etf/1467271812596.ajax?dataType=fund&fileName=EWH_holdings&fileType=csv,,med
ABBN.SW,ABB LTD,Switzerland,Industrials,ABBN,SIX Swiss Exchange,,0.63,EWH,https://www.ishares.com/us/products/239623/ishares-msci-hong-kong-etf/1467271812596.ajax?dataType=fund&fileName=EWH_holdings&fileType=csv,,med
ACS.MC,ACS ACTIVIDADES DE CONSTRUCCION Y,Spain,Industrials,ACS,Bolsa De Madrid,,0.1,EWH,https://www.ishares.com/us/products/239623/ishares-msci-hong-kong-etf/1467271812596.ajax?dataType=fund&fileName=EWH_holdings&fileType=csv,,high
ADDT-B.ST,ADDTECH CLASS B,Sweden,Industrials,ADDT B,Nasdaq Omx Nordic,,0.04,EWH,https://www.ishares.com/us/products/239623/ishares-msci-hong-kong-etf/1467271812596.ajax?dataType=fund&fileName=EWH_holdings&fileType=csv,,med
AENA.MC,AENA SME SA,Spain,Industrials,AENA,Bolsa De Madrid,,0.11,EWH,https://www.ishares.com/us/products/239623/ishares-msci-hong-kong-etf/1467271812596.ajax?dataType=fund&fileName=EWH_holdings&fileType=csv,,high
AER,AERCAP HOLDINGS NV,Netherlands,Industrials,AER,NYSE,,0.11,EWH,https://www.ishares.com/us/products/239623/ishares-msci-hong-kong-etf/1467271812596.ajax?dataType=fund&fileName=EWH_holdings&fileType=csv,,high
ADP.PA,AEROPORTS DE PARIS SA,France,Industrials,ADP,Nyse Euronext - Euronext Paris,,0.02,EWH,https://www.ishares.com/us/products/239623/ishares-msci-hong-kong-etf/1467271812596.ajax?dataType=fund&fileName=EWH_holdings&fileType=csv,,high
AIR.PA,AIRBUS GROUP,France,Industrials,AIR,Nyse Euronext - Euronext Paris,,0.58,EWH,https://www.ishares.com/us/products/239623/ishares-msci-hong-kong-etf/1467271812596.ajax?dataType=fund&fileName=EWH_holdings&fileType=csv,,high
ALFA.ST,ALFA LAVAL,Sweden,Industrials,ALFA,Nasdaq Omx Nordic,,0.08,EWH,https://www.ishares.com/us/products/239623/ishares-msci-hong-kong-etf/1467271812596.ajax?dataType=fund&fileName=EWH_holdings&fileType=csv,,med
ALO.PA,ALSTOM SA,France,Industrials,ALO,Nyse Euronext - Euronext Paris,,0.05,EWH,https://www.ishares.com/us/products/239623/ishares-msci-hong-kong-etf/1467271812596.ajax?dataType=fund&fileName=EWH_holdings&fileType=csv,,high
ASSA-B.ST,ASSA ABLOY B,Sweden,Industrials,ASSA B,Nasdaq Omx Nordic,,0.18,EWH,https://www.ishares.com/us/products/239623/ishares-msci-hong-kong-etf/1467271812596.ajax?dataType=fund&fileName=EWH_holdings&fileType=csv,,med
ATCO-A.ST,ATLAS COPCO CLASS A,Sweden,Industrials,ATCO A,Nasdaq Omx Nordic,,0.24,EWH,https://www.ishares.com/us/products/239623/ishares-msci-hong-kong-etf/1467271812596.ajax?dataType=fund&fileName=EWH_holdings&fileType=csv,,med
ATCO-B.ST,ATLAS COPCO CLASS B,Sweden,Industrials,ATCO B,Nasdaq Omx Nordic,,0.12,EWH,https://www.ishares.com/us/products/239623/ishares-msci-hong-kong-etf/1467271812596.ajax?dataType=fund&fileName=EWH_holdings&fileType=csv,,med
1299.HK,AUCKLAND INTERNATIONAL AIRPORT LTD,New Zealand,Industrials,AIA,New Zealand Exchange Ltd,,0.04,EWH,https://www.ishares.com/us/products/239623/ishares-msci-hong-kong-etf/1467271812596.ajax?dataType=fund&fileName=EWH_holdings&fileType=csv,,low
AYV.PA,AYVENS SA,France,Industrials,AYV,Nyse Euronext - Euronext Paris,,0.02,EWH,https://www.ishares.com/us/products/239623/ishares-msci-hong-kong-etf/1467271812596.ajax?dataType=fund&fileName=EWH_holdings&fileType=csv,,high
BA.L,BAE SYSTEMS PLC,United Kingdom,Industrials,BA.,London Stock Exchange,,0.44,EWH,https://www.ishares.com/us/products/239623/ishares-msci-hong-kong-etf/1467271812596.ajax?dataType=fund&fileName=EWH_holdings&fileType=csv,,high
BEIJ-B.ST,BEIJER REF CLASS B,Sweden,Industrials,BEIJ B,Nasdaq Omx Nordic,,0.03,EWH,https://www.ishares.com/us/products/239623/ishares-msci-hong-kong-etf/1467271812596.ajax?dataType=fund&fileName=EWH_holdings&fileType=csv,,med
BEAN.SW,BELIMO N AG,Switzerland,Industrials,BEAN,SIX Swiss Exchange,,0.04,EWH,https://www.ishares.com/us/products/239623/ishares-msci-hong-kong-etf/1467271812596.ajax?dataType=fund&fileName=EWH_holdings&fileType=csv,,med
EN.PA,BOUYGUES SA,France,Industrials,EN,Nyse Euronext - Euronext Paris,,0.05,EWH,https://www.ishares.com/us/products/239623/ishares-msci-hong-kong-etf/1467271812596.ajax?dataType=fund&fileName=EWH_holdings&fileType=csv,,high
BXB.AX,BRAMBLES LTD,Australia,Industrials,BXB,Asx - All Markets,,0.11,EWH,https://www.ishares.com/us/products/239623/ishares-msci-hong-kong-etf/1467271812596.ajax?dataType=fund&fileName=EWH_holdings&fileType=csv,,high
BNR.DE,BRENNTAG,Germany,Industrials,BNR,Xetra,,0.03,EWH,https://www.ishares.com/us/products/239623/ishares-msci-hong-kong-etf/1467271812596.ajax?dataType=fund&fileName=EWH_holdings&fileType=csv,,high
BNZL.L,BUNZL,United Kingdom,Industrials,BNZL,London Stock Exchange,,0.05,EWH,https://www.ishares.com/us/products/239623/ishares-msci-hong-kong-etf/1467271812596.ajax?dataType=fund&fileName=EWH_holdings&fileType=csv,,high
BVI.PA,BUREAU VERITAS SA,France,Industrials,BVI,Nyse Euronext - Euronext Paris,,0.05,EWH,https://www.ishares.com/us/products/239623/ishares-msci-hong-kong-etf/1467271812596.ajax?dataType=fund&fileName=EWH_holdings&fileType=csv,,high
SGO.PA,COMPAGNIE DE SAINT GOBAIN SA,France,Industrials,SGO,Nyse Euronext - Euronext Paris,,0.18,EWH,https://www.ishares.com/us/products/239623/ishares-msci-hong-kong-etf/1467271812596.ajax?dataType=fund&fileName=EWH_holdings&fileType=csv,,high
CPU.AX,COMPUTERSHARE LTD,Australia,Industrials,CPU,Asx - All Markets,,0.05,EWH,https://www.ishares.com/us/products/239623/ishares-msci-hong-kong-etf/1467271812596.ajax?dataType=fund&fileName=EWH_holdings&fileType=csv,,high
CS.AS,CSG CLASS A NV,Netherlands,Industrials,CSG,Euronext Amsterdam,,0.04,EWH,https://www.ishares.com/us/products/239623/ishares-msci-hong-kong-etf/1467271812596.ajax?dataType=fund&fileName=EWH_holdings&fileType=csv,,high
DTG.DE,DAIMLER TRUCK HOLDING E AG,Germany,Industrials,DTG,Xetra,,0.11,EWH,https://www.ishares.com/us/products/239623/ishares-msci-hong-kong-etf/1467271812596.ajax?dataType=fund&fileName=EWH_holdings&fileType=csv,,high
AM.PA,DASSAULT AVIATION SA,France,Industrials,AM,Nyse Euronext - Euronext Paris,,0.04,EWH,https://www.ishares.com/us/products/239623/ishares-msci-hong-kong-etf/1467271812596.ajax?dataType=fund&fileName=EWH_holdings&fileType=csv,,high
LHA.DE,DEUTSCHE LUFTHANSA AG,Germany,Industrials,LHA,Xetra,,0.03,EWH,https://www.ishares.com/us/products/239623/ishares-msci-hong-kong-etf/1467271812596.ajax?dataType=fund&fileName=EWH_holdings&fileType=csv,,high
DHL.DE,DEUTSCHE POST AG,Germany,Industrials,DHL,Xetra,,0.23,EWH,https://www.ishares.com/us/products/239623/ishares-msci-hong-kong-etf/1467271812596.ajax?dataType=fund&fileName=EWH_holdings&fileType=csv,,high
DSV.CO,DSV,Denmark,Industrials,DSV,Omx Nordic Exchange Copenhagen A/S,,0.24,EWH,https://www.ishares.com/us/products/239623/ishares-msci-hong-kong-etf/1467271812596.ajax?dataType=fund&fileName=EWH_holdings&fileType=csv,,med
FGR.PA,EIFFAGE SA,France,Industrials,FGR,Nyse Euronext - Euronext Paris,,0.05,EWH,https://www.ishares.com/us/products/239623/ishares-msci-hong-kong-etf/1467271812596.ajax?dataType=fund&fileName=EWH_holdings&fileType=csv,,high
ESLT.TA,ELBIT SYSTEMS LTD,Israel,Industrials,ESLT,Tel Aviv Stock Exchange,,0.12,EWH,https://www.ishares.com/us/products/239623/ishares-msci-hong-kong-etf/1467271812596.ajax?dataType=fund&fileName=EWH_holdings&fileType=csv,,high
EPI-A.ST,EPIROC CLASS A,Sweden,Industrials,EPI A,Nasdaq Omx Nordic,,0.08,EWH,https://www.ishares.com/us/products/239623/ishares-msci-hong-kong-etf/1467271812596.ajax?dataType=fund&fileName=EWH_holdings&fileType=csv,,med
EPI-B.ST,EPIROC CLASS B,Sweden,Industrials,EPI B,Nasdaq Omx Nordic,,0.04,EWH,https://www.ishares.com/us/products/239623/ishares-msci-hong-kong-etf/1467271812596.ajax?dataType=fund&fileName=EWH_holdings&fileType=csv,,med
EXPN.L,EXPERIAN PLC,United Kingdom,Industrials,EXPN,London Stock Exchange,,0.16,EWH,https://www.ishares.com/us/products/239623/ishares-msci-hong-kong-etf/1467271812596.ajax?dataType=fund&fileName=EWH_holdings&fileType=csv,,high
FER.MC,FERROVIAL,Spain,Industrials,FER,Bolsa De Madrid,,0.16,EWH,https://www.ishares.com/us/products/239623/ishares-msci-hong-kong-etf/1467271812596.ajax?dataType=fund&fileName=EWH_holdings&fileType=csv,,high
G1A.DE,GEA GROUP AG,Germany,Industrials,G1A,Xetra,,0.05,EWH,https://www.ishares.com/us/products/239623/ishares-msci-hong-kong-etf/1467271812596.ajax?dataType=fund&fileName=EWH_holdings&fileType=csv,,high
GEBN.SW,GEBERIT AG,Switzerland,Industrials,GEBN,SIX Swiss Exchange,,0.12,EWH,https://www.ishares.com/us/products/239623/ishares-msci-hong-kong-etf/1467271812596.ajax?dataType=fund&fileName=EWH_holdings&fileType=csv,,med
GET.PA,GETLINK,France,Industrials,GET,Nyse Euronext - Euronext Paris,,0.03,EWH,https://www.ishares.com/us/products/239623/ishares-msci-hong-kong-etf/1467271812596.ajax?dataType=fund&fileName=EWH_holdings&fileType=csv,,high
GRAB,GRAB HOLDINGS LTD CLASS A,Singapore,Industrials,GRAB,NASDAQ,,0.05,EWH,https://www.ishares.com/us/products/239623/ishares-msci-hong-kong-etf/1467271812596.ajax?dataType=fund&fileName=EWH_holdings&fileType=csv,,high
HAG.DE,HENSOLDT AG,Germany,Industrials,HAG,Xetra,,0.03,EWH,https://www.ishares.com/us/products/239623/ishares-msci-hong-kong-etf/1467271812596.ajax?dataType=fund&fileName=EWH_holdings&fileType=csv,,high
HOT.DE,HOCHTIEF AG,Germany,Industrials,HOT,Xetra,,0.03,EWH,https://www.ishares.com/us/products/239623/ishares-msci-hong-kong-etf/1467271812596.ajax?dataType=fund&fileName=EWH_holdings&fileType=csv,,high
INDT.ST,INDUTRADE,Sweden,Industrials,INDT,Nasdaq Omx Nordic,,0.03,EWH,https://www.ishares.com/us/products/239623/ishares-msci-hong-kong-etf/1467271812596.ajax?dataType=fund&fileName=EWH_holdings&fileType=csv,,med
INPST.AS,INPOST SA,Netherlands,Industrials,INPST,Euronext Amsterdam,,0.02,EWH,https://www.ishares.com/us/products/239623/ishares-msci-hong-kong-etf/1467271812596.ajax?dataType=fund&fileName=EWH_holdings&fileType=csv,,high
IAG.MC,INTERNATIONAL AIRLINES GROUP SA,Spain,Industrials,IAG,Bolsa De Madrid,,0.03,EWH,https://www.ishares.com/us/products/239623/ishares-msci-hong-kong-etf/1467271812596.ajax?dataType=fund&fileName=EWH_holdings&fileType=csv,,high
ITRK.L,INTERTEK GROUP PLC,United Kingdom,Industrials,ITRK,London Stock Exchange,,0.04,EWH,https://www.ishares.com/us/products/239623/ishares-msci-hong-kong-etf/1467271812596.ajax?dataType=fund&fileName=EWH_holdings&fileType=csv,,high
J36.SI,JARDINE MATHESON HOLDINGS LTD,Hong Kong,Industrials,J36,Singapore Exchange,,0.06,EWH,https://www.ishares.com/us/products/239623/ishares-msci-hong-kong-etf/1467271812596.ajax?dataType=fund&fileName=EWH_holdings&fileType=csv,,high
BN4.SI,KEPPEL LTD,Singapore,Industrials,BN4,Singapore Exchange,,0.06,EWH,https://www.ishares.com/us/products/239623/ishares-msci-hong-kong-etf/1467271812596.ajax?dataType=fund&fileName=EWH_holdings&fileType=csv,,high
KRX.IR,KINGSPAN GROUP PLC,Ireland,Industrials,KRX,Irish Stock Exchange - All Market,,0.06,EWH,https://www.ishares.com/us/products/239623/ishares-msci-hong-kong-etf/1467271812596.ajax?dataType=fund&fileName=EWH_holdings&fileType=csv,,low
KBX.DE,KNORR BREMSE AG,Germany,Industrials,KBX,Xetra,,0.04,EWH,https://www.ishares.com/us/products/239623/ishares-msci-hong-kong-etf/1467271812596.ajax?dataType=fund&fileName=EWH_holdings&fileType=csv,,high
KNEBV.HE,KONE,Finland,Industrials,KNEBV,Nasdaq Omx Helsinki Ltd.,,0.11,EWH,https://www.ishares.com/us/products/239623/ishares-msci-hong-kong-etf/1467271812596.ajax?dataType=fund&fileName=EWH_holdings&fileType=csv,,med
KOG.OL,KONGSBERG GRUPPEN,Norway,Industrials,KOG,Oslo Bors Asa,,0.09,EWH,https://www.ishares.com/us/products/239623/ishares-msci-hong-kong-etf/1467271812596.ajax?dataType=fund&fileName=EWH_holdings&fileType=csv,,high
KNIN.SW,KUEHNE UND NAGEL INTERNATIONAL AG,Switzerland,Industrials,KNIN,SIX Swiss Exchange,,0.05,EWH,https://www.ishares.com/us/products/239623/ishares-msci-hong-kong-etf/1467271812596.ajax?dataType=fund&fileName=EWH_holdings&fileType=csv,,med
LATO-B.ST,LATOUR INVESTMENT CLASS B,Sweden,Industrials,LATO B,Nasdaq Omx Nordic,,0.02,EWH,https://www.ishares.com/us/products/239623/ishares-msci-hong-kong-etf/1467271812596.ajax?dataType=fund&fileName=EWH_holdings&fileType=csv,,med
LR.PA,LEGRAND SA,France,Industrials,LR,Nyse Euronext - Euronext Paris,,0.2,EWH,https://www.ishares.com/us/products/239623/ishares-msci-hong-kong-etf/1467271812596.ajax?dataType=fund&fileName=EWH_holdings&fileType=csv,,high
LDO.MI,LEONARDO FINMECCANICA SPA,Italy,Industrials,LDO,Borsa Italiana,,0.14,EWH,https://www.ishares.com/us/products/239623/ishares-msci-hong-kong-etf/1467271812596.ajax?dataType=fund&fileName=EWH_holdings&fileType=csv,,high
LIFCO-B.ST,LIFCO CLASS B,Sweden,Industrials,LIFCO B,Nasdaq Omx Nordic,,0.04,EWH,https://www.ishares.com/us/products/239623/ishares-msci-hong-kong-etf/1467271812596.ajax?dataType=fund&fileName=EWH_holdings&fileType=csv,,med
MRO.L,MELROSE INDUSTRIES PLC,United Kingdom,Industrials,MRO,London Stock Exchange,,0.04,EWH,https://www.ishares.com/us/products/239623/ishares-msci-hong-kong-etf/1467271812596.ajax?dataType=fund&fileName=EWH_holdings&fileType=csv,,high
METSO.HE,METSO CORPORATION,Finland,Industrials,METSO,Nasdaq Omx Helsinki Ltd.,,0.06,EWH,https://www.ishares.com/us/products/239623/ishares-msci-hong-kong-etf/1467271812596.ajax?dataType=fund&fileName=EWH_holdings&fileType=csv,,med
MTX.DE,MTU AERO ENGINES HOLDING AG,Germany,Industrials,MTX,Xetra,,0.1,EWH,https://www.ishares.com/us/products/239623/ishares-msci-hong-kong-etf/1467271812596.ajax?dataType=fund&fileName=EWH_holdings&fileType=csv,,high
NIBE-B.ST,NIBE INDUSTRIER CLASS B,Sweden,Industrials,NIBE B,Nasdaq Omx Nordic,,0.03,EWH,https://www.ishares.com/us/products/239623/ishares-msci-hong-kong-etf/1467271812596.ajax?dataType=fund&fileName=EWH_holdings&fileType=csv,,med
PRY.MI,PRYSMIAN,Italy,Industrials,PRY,Borsa Italiana,,0.15,EWH,https://www.ishares.com/us/products/239623/ishares-msci-hong-kong-etf/1467271812596.ajax?dataType=fund&fileName=EWH_holdings&fileType=csv,,high
QAN.AX,QANTAS AIRWAYS LTD,Australia,Industrials,QAN,Asx - All Markets,,0.02,EWH,https://www.ishares.com/us/products/239623/ishares-msci-hong-kong-etf/1467271812596.ajax?dataType=fund&fileName=EWH_holdings&fileType=csv,,high
RAND.AS,RANDSTAD HOLDING,Netherlands,Industrials,RAND,Euronext Amsterdam,,0.02,EWH,https://www.ishares.com/us/products/239623/ishares-msci-hong-kong-etf/1467271812596.ajax?dataType=fund&fileName=EWH_holdings&fileType=csv,,high
RAA.DE,RATIONAL AG,Germany,Industrials,RAA,Xetra,,0.02,EWH,https://www.ishares.com/us/products/239623/ishares-msci-hong-kong-etf/1467271812596.ajax?dataType=fund&fileName=EWH_holdings&fileType=csv,,high
REL.L,RELX PLC,United Kingdom,Industrials,REL,London Stock Exchange,,0.31,EWH,https://www.ishares.com/us/products/239623/ishares-msci-hong-kong-etf/1467271812596.ajax?dataType=fund&fileName=EWH_holdings&fileType=csv,,high
RTO.L,RENTOKIL INITIAL PLC,United Kingdom,Industrials,RTO,London Stock Exchange,,0.07,EWH,https://www.ishares.com/us/products/239623/ishares-msci-hong-kong-etf/1467271812596.ajax?dataType=fund&fileName=EWH_holdings&fileType=csv,,high
RXL.PA,REXEL SA,France,Industrials,RXL,Nyse Euronext - Euronext Paris,,0.04,EWH,https://www.ishares.com/us/products/239623/ishares-msci-hong-kong-etf/1467271812596.ajax?dataType=fund&fileName=EWH_holdings&fileType=csv,,high
RHM.DE,RHEINMETALL AG,Germany,Industrials,RHM,Xetra,,0.42,EWH,https://www.ishares.com/us/products/239623/ishares-msci-hong-kong-etf/1467271812596.ajax?dataType=fund&fileName=EWH_holdings&fileType=csv,,high
ROCK-B.CO,ROCKWOOL CLASS B,Denmark,Industrials,ROCK B,Omx Nordic Exchange Copenhagen A/S,,0.01,EWH,https://www.ishares.com/us/products/239623/ishares-msci-hong-kong-etf/1467271812596.ajax?dataType=fund&fileName=EWH_holdings&fileType=csv,,med
RR.L,ROLLS-ROYCE HOLDINGS PLC,United Kingdom,Industrials,RR.,London Stock Exchange,,0.67,EWH,https://www.ishares.com/us/products/239623/ishares-msci-hong-kong-etf/1467271812596.ajax?dataType=fund&fileName=EWH_holdings&fileType=csv,,high
RYA.IR,RYANAIR HOLDINGS PLC,Ireland,Industrials,RYA,Irish Stock Exchange - All Market,,0.12,EWH,https://www.ishares.com/us/products/239623/ishares-msci-hong-kong-etf/1467271812596.ajax?dataType=fund&fileName=EWH_holdings&fileType=csv,,low
SAAB-B.ST,SAAB CLASS B,Sweden,Industrials,SAAB B,Nasdaq Omx Nordic,,0.11,EWH,https://www.ishares.com/us/products/239623/ishares-msci-hong-kong-etf/1467271812596.ajax?dataType=fund&fileName=EWH_holdings&fileType=csv,,med
SAF.PA,SAFRAN SA,France,Industrials,SAF,Nyse Euronext - Euronext Paris,,0.63,EWH,https://www.ishares.com/us/products/239623/ishares-msci-hong-kong-etf/1467271812596.ajax?dataType=fund&fileName=EWH_holdings&fileType=csv,,high
SAND.ST,SANDVIK,Sweden,Industrials,SAND,Nasdaq Omx Nordic,,0.2,EWH,https://www.ishares.com/us/products/239623/ishares-msci-hong-kong-etf/1467271812596.ajax?dataType=fund&fileName=EWH_holdings&fileType=csv,,med
SCHN.SW,SCHINDLER HOLDING AG,Switzerland,Industrials,SCHN,SIX Swiss Exchange,,0.04,EWH,https://www.ishares.com/us/products/239623/ishares-msci-hong-kong-etf/1467271812596.ajax?dataType=fund&fileName=EWH_holdings&fileType=csv,,med
SCHP.SW,SCHINDLER HOLDING PAR AG,Switzerland,Industrials,SCHP,SIX Swiss Exchange,,0.07,EWH,https://www.ishares.com/us/products/239623/ishares-msci-hong-kong-etf/1467271812596.ajax?dataType=fund&fileName=EWH_holdings&fileType=csv,,med
SU.PA,SCHNEIDER ELECTRIC,France,Industrials,SU,Nyse Euronext - Euronext Paris,,0.75,EWH,https://www.ishares.com/us/products/239623/ishares-msci-hong-kong-etf/1467271812596.ajax?dataType=fund&fileName=EWH_holdings&fileType=csv,,high
SECU-B.ST,SECURITAS B,Sweden,Industrials,SECU B,Nasdaq Omx Nordic,,0.04,EWH,https://www.ishares.com/us/products/239623/ishares-msci-hong-kong-etf/1467271812596.ajax?dataType=fund&fileName=EWH_holdings&fileType=csv,,med
SGH.AX,SGH LTD,Australia,Industrials,SGH,Asx - All Markets,,0.03,EWH,https://www.ishares.com/us/products/239623/ishares-msci-hong-kong-etf/1467271812596.ajax?dataType=fund&fileName=EWH_holdings&fileType=csv,,high
SGSN.SW,SGS SA,Switzerland,Industrials,SGSN,SIX Swiss Exchange,,0.09,EWH,https://www.ishares.com/us/products/239623/ishares-msci-hong-kong-etf/1467271812596.ajax?dataType=fund&fileName=EWH_holdings&fileType=csv,,med
ENR.DE,SIEMENS ENERGY N AG,Germany,Industrials,ENR,Xetra,,0.64,EWH,https://www.ishares.com/us/products/239623/ishares-msci-hong-kong-etf/1467271812596.ajax?dataType=fund&fileName=EWH_holdings&fileType=csv,,high
SIE.DE,SIEMENS N AG,Germany,Industrials,SIE,Xetra,,0.94,EWH,https://www.ishares.com/us/products/239623/ishares-msci-hong-kong-etf/1467271812596.ajax?dataType=fund&fileName=EWH_holdings&fileType=csv,,high
C6L.SI,SINGAPORE AIRLINES LTD,Singapore,Industrials,C6L,Singapore Exchange,,0.04,EWH,https://www.ishares.com/us/products/239623/ishares-msci-hong-kong-etf/1467271812596.ajax?dataType=fund&fileName=EWH_holdings&fileType=csv,,high
S63.SI,SINGAPORE TECHNOLOGIES ENGINEERING,Singapore,Industrials,S63,Singapore Exchange,,0.06,EWH,https://www.ishares.com/us/products/239623/ishares-msci-hong-kong-etf/1467271812596.ajax?dataType=fund&fileName=EWH_holdings&fileType=csv,,high
SKA-B.ST,SKANSKA B,Sweden,Industrials,SKA B,Nasdaq Omx Nordic,,0.05,EWH,https://www.ishares.com/us/products/239623/ishares-msci-hong-kong-etf/1467271812596.ajax?dataType=fund&fileName=EWH_holdings&fileType=csv,,med
SKF-B.ST,SKF B,Sweden,Industrials,SKF B,Nasdaq Omx Nordic,,0.04,EWH,https://www.ishares.com/us/products/239623/ishares-msci-hong-kong-etf/1467271812596.ajax?dataType=fund&fileName=EWH_holdings&fileType=csv,,med
SMIN.L,SMITHS GROUP PLC,United Kingdom,Industrials,SMIN,London Stock Exchange,,0.05,EWH,https://www.ishares.com/us/products/239623/ishares-msci-hong-kong-etf/1467271812596.ajax?dataType=fund&fileName=EWH_holdings&fileType=csv,,high
SPX.L,SPIRAX GROUP PLC,United Kingdom,Industrials,SPX,London Stock Exchange,,0.03,EWH,https://www.ishares.com/us/products/239623/ishares-msci-hong-kong-etf/1467271812596.ajax?dataType=fund&fileName=EWH_holdings&fileType=csv,,high
SUNB.L,SUNBELT RENTALS HOLDINGS INC,United Kingdom,Industrials,SUNB,London Stock Exchange,,0.15,EWH,https://www.ishares.com/us/products/239623/ishares-msci-hong-kong-etf/1467271812596.ajax?dataType=fund&fileName=EWH_holdings&fileType=csv,,high
HO.PA,THALES SA,France,Industrials,HO,Nyse Euronext - Euronext Paris,,0.13,EWH,https://www.ishares.com/us/products/239623/ishares-msci-hong-kong-etf/1467271812596.ajax?dataType=fund&fileName=EWH_holdings&fileType=csv,,high
TCL.AX,TRANSURBAN GROUP STAPLED UNITS,Australia,Industrials,TCL,Asx - All Markets,,0.15,EWH,https://www.ishares.com/us/products/239623/ishares-msci-hong-kong-etf/1467271812596.ajax?dataType=fund&fileName=EWH_holdings&fileType=csv,,high
TREL-B.ST,TRELLEBORG B,Sweden,Industrials,TREL B,Nasdaq Omx Nordic,,0.04,EWH,https://www.ishares.com/us/products/239623/ishares-msci-hong-kong-etf/1467271812596.ajax?dataType=fund&fileName=EWH_holdings&fileType=csv,,med
VACN.SW,VAT GROUP AG,Switzerland,Industrials,VACN,SIX Swiss Exchange,,0.08,EWH,https://www.ishares.com/us/products/239623/ishares-msci-hong-kong-etf/1467271812596.ajax?dataType=fund&fileName=EWH_holdings&fileType=csv,,med
VSURE.ST,VERISURE PLC,Sweden,Industrials,VSURE,Nasdaq Omx Nordic,,0.01,EWH,https://www.ishares.com/us/products/239623/ishares-msci-hong-kong-etf/1467271812596.ajax?dataType=fund&fileName=EWH_holdings&fileType=csv,,med
VWS.CO,VESTAS WIND SYSTEMS,Denmark,Industrials,VWS,Omx Nordic Exchange Copenhagen A/S,,0.12,EWH,https://www.ishares.com/us/products/239623/ishares-msci-hong-kong-etf/1467271812596.ajax?dataType=fund&fileName=EWH_holdings&fileType=csv,,med
DG.PA,VINCI SA,France,Industrials,DG,Nyse Euronext - Euronext Paris,,0.35,EWH,https://www.ishares.com/us/products/239623/ishares-msci-hong-kong-etf/1467271812596.ajax?dataType=fund&fileName=EWH_holdings&fileType=csv,,high
VOLV-B.ST,VOLVO CLASS B,Sweden,Industrials,VOLV B,Nasdaq Omx Nordic,,0.27,EWH,https://www.ishares.com/us/products/239623/ishares-msci-hong-kong-etf/1467271812596.ajax?dataType=fund&fileName=EWH_holdings&fileType=csv,,med
WRT1V.HE,WARTSILA,Finland,Industrials,WRT1V,Nasdaq Omx Helsinki Ltd.,,0.09,EWH,https://www.ishares.com/us/products/239623/ishares-msci-hong-kong-etf/1467271812596.ajax?dataType=fund&fileName=EWH_holdings&fileType=csv,,med
WKL.AS,WOLTERS KLUWER NV,Netherlands,Industrials,WKL,Euronext Amsterdam,,0.09,EWH,https://www.ishares.com/us/products/239623/ishares-msci-hong-kong-etf/1467271812596.ajax?dataType=fund&fileName=EWH_holdings&fileType=csv,,high
BS6.SI,YANGZIJIANG SHIPBUILDING (HOLDINGS,Singapore,Industrials,BS6,Singapore Exchange,,0.04,EWH,https://www.ishares.com/us/products/239623/ishares-msci-hong-kong-etf/1467271812596.ajax?dataType=fund&fileName=EWH_holdings&fileType=csv,,high
ASM.AS,ASM INTERNATIONAL NV,Netherlands,Information Technology,ASM,Euronext Amsterdam,,0.18,EWH,https://www.ishares.com/us/products/239623/ishares-msci-hong-kong-etf/1467271812596.ajax?dataType=fund&fileName=EWH_holdings&fileType=csv,,high
ASML.AS,ASML HOLDING NV,Netherlands,Information Technology,ASML,Euronext Amsterdam,,2.49,EWH,https://www.ishares.com/us/products/239623/ishares-msci-hong-kong-etf/1467271812596.ajax?dataType=fund&fileName=EWH_holdings&fileType=csv,,high
BESI.AS,BE SEMICONDUCTOR INDUSTRIES NV,Netherlands,Information Technology,BESI,Euronext Amsterdam,,0.07,EWH,https://www.ishares.com/us/products/239623/ishares-msci-hong-kong-etf/1467271812596.ajax?dataType=fund&fileName=EWH_holdings&fileType=csv,,high
CAP.PA,CAPGEMINI,France,Information Technology,CAP,Nyse Euronext - Euronext Paris,,0.09,EWH,https://www.ishares.com/us/products/239623/ishares-msci-hong-kong-etf/1467271812596.ajax?dataType=fund&fileName=EWH_holdings&fileType=csv,,high
CHKP,CHECK POINT SOFTWARE TECHNOLOGIES,Israel,Information Technology,CHKP,NASDAQ,,0.07,EWH,https://www.ishares.com/us/products/239623/ishares-msci-hong-kong-etf/1467271812596.ajax?dataType=fund&fileName=EWH_holdings&fileType=csv,,high
DSY.PA,DASSAULT SYSTEMES,France,Information Technology,DSY,Nyse Euronext - Euronext Paris,,0.07,EWH,https://www.ishares.com/us/products/239623/ishares-msci-hong-kong-etf/1467271812596.ajax?dataType=fund&fileName=EWH_holdings&fileType=csv,,high
ERIC-B.ST,ERICSSON B,Sweden,Information Technology,ERIC B,Nasdaq Omx Nordic,,0.15,EWH,https://www.ishares.com/us/products/239623/ishares-msci-hong-kong-etf/1467271812596.ajax?dataType=fund&fileName=EWH_holdings&fileType=csv,,med
HLMA.L,HALMA PLC,United Kingdom,Information Technology,HLMA,London Stock Exchange,,0.09,EWH,https://www.ishares.com/us/products/239623/ishares-msci-hong-kong-etf/1467271812596.ajax?dataType=fund&fileName=EWH_holdings&fileType=csv,,high
HEXA-B.ST,HEXAGON CLASS B,Sweden,Information Technology,HEXA B,Nasdaq Omx Nordic,,0.11,EWH,https://www.ishares.com/us/products/239623/ishares-msci-hong-kong-etf/1467271812596.ajax?dataType=fund&fileName=EWH_holdings&fileType=csv,,med
IDR.MC,INDRA SISTEMAS SA,Spain,Information Technology,IDR,Bolsa De Madrid,,0.03,EWH,https://www.ishares.com/us/products/239623/ishares-msci-hong-kong-etf/1467271812596.ajax?dataType=fund&fileName=EWH_holdings&fileType=csv,,high
IFX.DE,INFINEON TECHNOLOGIES AG,Germany,Information Technology,IFX,Xetra,,0.28,EWH,https://www.ishares.com/us/products/239623/ishares-msci-hong-kong-etf/1467271812596.ajax?dataType=fund&fileName=EWH_holdings&fileType=csv,,high
285A.T,KIOXIA HOLDINGS CORP,Japan,Information Technology,285A,Tokyo Stock Exchange,,0.1,EWH,https://www.ishares.com/us/products/239623/ishares-msci-hong-kong-etf/1467271812596.ajax?dataType=fund&fileName=EWH_holdings&fileType=csv,,high
LOGN.SW,LOGITECH INTERNATIONAL SA,Switzerland,Information Technology,LOGN,SIX Swiss Exchange,,0.07,EWH,https://www.ishares.com/us/products/239623/ishares-msci-hong-kong-etf/1467271812596.ajax?dataType=fund&fileName=EWH_holdings&fileType=csv,,med
MNDY,MONDAYCOM LTD,Israel,Information Technology,MNDY,NASDAQ,,0.02,EWH,https://www.ishares.com/us/products/239623/ishares-msci-hong-kong-etf/1467271812596.ajax?dataType=fund&fileName=EWH_holdings&fileType=csv,,high
NBIS,NEBIUS NV CLASS A,Netherlands,Information Technology,NBIS,NASDAQ,,0.1,EWH,https://www.ishares.com/us/products/239623/ishares-msci-hong-kong-etf/1467271812596.ajax?dataType=fund&fileName=EWH_holdings&fileType=csv,,high
NEM.DE,NEMETSCHEK,Germany,Information Technology,NEM,Xetra,,0.02,EWH,https://www.ishares.com/us/products/239623/ishares-msci-hong-kong-etf/1467271812596.ajax?dataType=fund&fileName=EWH_holdings&fileType=csv,,high
NICE.TA,NICE LTD,Israel,Information Technology,NICE,Tel Aviv Stock Exchange,,0.04,EWH,https://www.ishares.com/us/products/239623/ishares-msci-hong-kong-etf/1467271812596.ajax?dataType=fund&fileName=EWH_holdings&fileType=csv,,high
NOKIA.HE,NOKIA,Finland,Information Technology,NOKIA,Nasdaq Omx Helsinki Ltd.,,0.2,EWH,https://www.ishares.com/us/products/239623/ishares-msci-hong-kong-etf/1467271812596.ajax?dataType=fund&fileName=EWH_holdings&fileType=csv,,med
NVMI.TA,NOVA LTD,Israel,Information Technology,NVMI,Tel Aviv Stock Exchange,,0.06,EWH,https://www.ishares.com/us/products/239623/ishares-msci-hong-kong-etf/1467271812596.ajax?dataType=fund&fileName=EWH_holdings&fileType=csv,,high
SAP.DE,SAP,Germany,Information Technology,SAP,Xetra,,1.0,EWH,https://www.ishares.com/us/products/239623/ishares-msci-hong-kong-etf/1467271812596.ajax?dataType=fund&fileName=EWH_holdings&fileType=csv,,high
STMPA.PA,STMICROELECTRONICS NV,France,Information Technology,STMPA,Nyse Euronext - Euronext Paris,,0.1,EWH,https://www.ishares.com/us/products/239623/ishares-msci-hong-kong-etf/1467271812596.ajax?dataType=fund&fileName=EWH_holdings&fileType=csv,,high
SGE.L,THE SAGE GROUP PLC,United Kingdom,Information Technology,SGE,London Stock Exchange,,0.05,EWH,https://www.ishares.com/us/products/239623/ishares-msci-hong-kong-etf/1467271812596.ajax?dataType=fund&fileName=EWH_holdings&fileType=csv,,high
TSEM.TA,TOWER SEMICONDUCTOR LTD,Israel,Information Technology,TSEM,Tel Aviv Stock Exchange,,0.06,EWH,https://www.ishares.com/us/products/239623/ishares-msci-hong-kong-etf/1467271812596.ajax?dataType=fund&fileName=EWH_holdings&fileType=csv,,high
WTC.AX,WISETECH GLOBAL LTD,Australia,Information Technology,WTC,Asx - All Markets,,0.03,EWH,https://www.ishares.com/us/products/239623/ishares-msci-hong-kong-etf/1467271812596.ajax?dataType=fund&fileName=EWH_holdings&fileType=csv,,high
XRO.AX,XERO LTD,Australia,Information Technology,XRO,Asx - All Markets,,0.05,EWH,https://www.ishares.com/us/products/239623/ishares-msci-hong-kong-etf/1467271812596.ajax?dataType=fund&fileName=EWH_holdings&fileType=csv,,high
AKZA.AS,AKZO NOBEL NV,Netherlands,Materials,AKZA,Euronext Amsterdam,,0.05,EWH,https://www.ishares.com/us/products/239623/ishares-msci-hong-kong-etf/1467271812596.ajax?dataType=fund&fileName=EWH_holdings&fileType=csv,,high
AAL.L,ANGLO AMERICAN PLC,United Kingdom,Materials,AAL,London Stock Exchange,,0.23,EWH,https://www.ishares.com/us/products/239623/ishares-msci-hong-kong-etf/1467271812596.ajax?dataType=fund&fileName=EWH_holdings&fileType=csv,,high
ANTO.L,ANTOFAGASTA PLC,United Kingdom,Materials,ANTO,London Stock Exchange,,0.09,EWH,https://www.ishares.com/us/products/239623/ishares-msci-hong-kong-etf/1467271812596.ajax?dataType=fund&fileName=EWH_holdings&fileType=csv,,high
MT.AS,ARCELORMITTAL SA,France,Materials,MT,Euronext Amsterdam,,0.11,EWH,https://www.ishares.com/us/products/239623/ishares-msci-hong-kong-etf/1467271812596.ajax?dataType=fund&fileName=EWH_holdings&fileType=csv,,high
BAS.DE,BASF N,Germany,Materials,BAS,Xetra,,0.22,EWH,https://www.ishares.com/us/products/239623/ishares-msci-hong-kong-etf/1467271812596.ajax?dataType=fund&fileName=EWH_holdings&fileType=csv,,high
BHP.AX,BHP GROUP LTD,Australia,Materials,BHP,Asx - All Markets,,0.87,EWH,https://www.ishares.com/us/products/239623/ishares-msci-hong-kong-etf/1467271812596.ajax?dataType=fund&fileName=EWH_holdings&fileType=csv,,high
BOL.ST,BOLIDEN,Sweden,Materials,BOL,Nasdaq Omx Nordic,,0.09,EWH,https://www.ishares.com/us/products/239623/ishares-msci-hong-kong-etf/1467271812596.ajax?dataType=fund&fileName=EWH_holdings&fileType=csv,,med
BZU.MI,BUZZI,Italy,Materials,BZU,Borsa Italiana,,0.02,EWH,https://www.ishares.com/us/products/239623/ishares-msci-hong-kong-etf/1467271812596.ajax?dataType=fund&fileName=EWH_holdings&fileType=csv,,high
DSFIR.AS,DSM FIRMENICH AG,Netherlands,Materials,DSFIR,Euronext Amsterdam,,0.05,EWH,https://www.ishares.com/us/products/239623/ishares-msci-hong-kong-etf/1467271812596.ajax?dataType=fund&fileName=EWH_holdings&fileType=csv,,high
EMSN.SW,EMS-CHEMIE HOLDING AG,Switzerland,Materials,EMSN,SIX Swiss Exchange,,0.03,EWH,https://www.ishares.com/us/products/239623/ishares-msci-hong-kong-etf/1467271812596.ajax?dataType=fund&fileName=EWH_holdings&fileType=csv,,med
EDV.L,ENDEAVOUR MINING,United Kingdom,Materials,EDV,London Stock Exchange,,0.06,EWH,https://www.ishares.com/us/products/239623/ishares-msci-hong-kong-etf/1467271812596.ajax?dataType=fund&fileName=EWH_holdings&fileType=csv,,high
EVN.AX,EVOLUTION MINING LTD,Australia,Materials,EVN,Asx - All Markets,,0.1,EWH,https://www.ishares.com/us/products/239623/ishares-msci-hong-kong-etf/1467271812596.ajax?dataType=fund&fileName=EWH_holdings&fileType=csv,,high
EVK.DE,EVONIK INDUSTRIES AG,Germany,Materials,EVK,Xetra,,0.02,EWH,https://www.ishares.com/us/products/239623/ishares-msci-hong-kong-etf/1467271812596.ajax?dataType=fund&fileName=EWH_holdings&fileType=csv,,high
FMG.AX,FORTESCUE LTD,Australia,Materials,FMG,Asx - All Markets,,0.11,EWH,https://www.ishares.com/us/products/239623/ishares-msci-hong-kong-etf/1467271812596.ajax?dataType=fund&fileName=EWH_holdings&fileType=csv,,high
FRES.L,FRESNILLO PLC,United Kingdom,Materials,FRES,London Stock Exchange,,0.05,EWH,https://www.ishares.com/us/products/239623/ishares-msci-hong-kong-etf/1467271812596.ajax?dataType=fund&fileName=EWH_holdings&fileType=csv,,high
GIVN.SW,GIVAUDAN SA,Switzerland,Materials,GIVN,SIX Swiss Exchange,,0.16,EWH,https://www.ishares.com/us/products/239623/ishares-msci-hong-kong-etf/1467271812596.ajax?dataType=fund&fileName=EWH_holdings&fileType=csv,,med
GLEN.L,GLENCORE PLC,United Kingdom,Materials,GLEN,London Stock Exchange,,0.33,EWH,https://www.ishares.com/us/products/239623/ishares-msci-hong-kong-etf/1467271812596.ajax?dataType=fund&fileName=EWH_holdings&fileType=csv,,high
HEI.DE,HEIDELBERG MATERIALS AG,Germany,Materials,HEI,Xetra,,0.13,EWH,https://www.ishares.com/us/products/239623/ishares-msci-hong-kong-etf/1467271812596.ajax?dataType=fund&fileName=EWH_holdings&fileType=csv,,high
HOLN.SW,HOLCIM LTD AG,Switzerland,Materials,HOLN,SIX Swiss Exchange,,0.2,EWH,https://www.ishares.com/us/products/239623/ishares-msci-hong-kong-etf/1467271812596.ajax?dataType=fund&fileName=EWH_holdings&fileType=csv,,med
HOLM-B.ST,HOLMEN CLASS B,Sweden,Materials,HOLM B,Nasdaq Omx Nordic,,0.01,EWH,https://www.ishares.com/us/products/239623/ishares-msci-hong-kong-etf/1467271812596.ajax?dataType=fund&fileName=EWH_holdings&fileType=csv,,med
ICL.TA,ICL GROUP LTD,Israel,Materials,ICL,Tel Aviv Stock Exchange,,0.02,EWH,https://www.ishares.com/us/products/239623/ishares-msci-hong-kong-etf/1467271812596.ajax?dataType=fund&fileName=EWH_holdings&fileType=csv,,high
AI.PA,LAIR LIQUIDE SOCIETE ANONYME POUR,France,Materials,AI,Nyse Euronext - Euronext Paris,,0.54,EWH,https://www.ishares.com/us/products/239623/ishares-msci-hong-kong-etf/1467271812596.ajax?dataType=fund&fileName=EWH_holdings&fileType=csv,,high
LYC.AX,LYNAS RARE EARTHS LTD,Australia,Materials,LYC,Asx - All Markets,,0.05,EWH,https://www.ishares.com/us/products/239623/ishares-msci-hong-kong-etf/1467271812596.ajax?dataType=fund&fileName=EWH_holdings&fileType=csv,,high
NHY.OL,NORSK HYDRO,Norway,Materials,NHY,Oslo Bors Asa,,0.06,EWH,https://www.ishares.com/us/products/239623/ishares-msci-hong-kong-etf/1467271812596.ajax?dataType=fund&fileName=EWH_holdings&fileType=csv,,high
NST.AX,NORTHERN STAR RESOURCES LTD,Australia,Materials,NST,Asx - All Markets,,0.12,EWH,https://www.ishares.com/us/products/239623/ishares-msci-hong-kong-etf/1467271812596.ajax?dataType=fund&fileName=EWH_holdings&fileType=csv,,high
NSIS-B.CO,NOVOZYMES B,Denmark,Materials,NSIS B,Omx Nordic Exchange Copenhagen A/S,,0.09,EWH,https://www.ishares.com/us/products/239623/ishares-msci-hong-kong-etf/1467271812596.ajax?dataType=fund&fileName=EWH_holdings&fileType=csv,,med
RIO.AX,RIO TINTO LTD,Australia,Materials,RIO,Asx - All Markets,,0.19,EWH,https://www.ishares.com/us/products/239623/ishares-msci-hong-kong-etf/1467271812596.ajax?dataType=fund&fileName=EWH_holdings&fileType=csv,,high
RIO.L,RIO TINTO PLC,United Kingdom,Materials,RIO,London Stock Exchange,,0.48,EWH,https://www.ishares.com/us/products/239623/ishares-msci-hong-kong-etf/1467271812596.ajax?dataType=fund&fileName=EWH_holdings&fileType=csv,,high
SIKA.SW,SIKA AG,Switzerland,Materials,SIKA,SIX Swiss Exchange,,0.13,EWH,https://www.ishares.com/us/products/239623/ishares-msci-hong-kong-etf/1467271812596.ajax?dataType=fund&fileName=EWH_holdings&fileType=csv,,med
S32.AX,SOUTH32 LTD,Australia,Materials,S32,Asx - All Markets,,0.07,EWH,https://www.ishares.com/us/products/239623/ishares-msci-hong-kong-etf/1467271812596.ajax?dataType=fund&fileName=EWH_holdings&fileType=csv,,high
STERV.HE,STORA ENSO CLASS R,Finland,Materials,STERV,Nasdaq Omx Helsinki Ltd.,,0.03,EWH,https://www.ishares.com/us/products/239623/ishares-msci-hong-kong-etf/1467271812596.ajax?dataType=fund&fileName=EWH_holdings&fileType=csv,,med
SCA-B.ST,SVENSKA CELLULOSA B,Sweden,Materials,SCA B,Nasdaq Omx Nordic,,0.04,EWH,https://www.ishares.com/us/products/239623/ishares-msci-hong-kong-etf/1467271812596.ajax?dataType=fund&fileName=EWH_holdings&fileType=csv,,med
SYENS.BR,SYENSQO NV,Belgium,Materials,SYENS,Nyse Euronext - Euronext Brussels,,0.02,EWH,https://www.ishares.com/us/products/239623/ishares-msci-hong-kong-etf/1467271812596.ajax?dataType=fund&fileName=EWH_holdings&fileType=csv,,high
SY1.DE,SYMRISE AG,Germany,Materials,SY1,Xetra,,0.05,EWH,https://www.ishares.com/us/products/239623/ishares-msci-hong-kong-etf/1467271812596.ajax?dataType=fund&fileName=EWH_holdings&fileType=csv,,high
UPM.HE,UPM-KYMMENE,Finland,Materials,UPM,Nasdaq Omx Helsinki Ltd.,,0.08,EWH,https://www.ishares.com/us/products/239623/ishares-msci-hong-kong-etf/1467271812596.ajax?dataType=fund&fileName=EWH_holdings&fileType=csv,,med
YAR.OL,YARA INTERNATIONAL,Norway,Materials,YAR,Oslo Bors Asa,,0.04,EWH,https://www.ishares.com/us/products/239623/ishares-msci-hong-kong-etf/1467271812596.ajax?dataType=fund&fileName=EWH_holdings&fileType=csv,,high
AZRG.TA,AZRIELI GROUP LTD,Israel,Real Estate,AZRG,Tel Aviv Stock Exchange,,0.03,EWH,https://www.ishares.com/us/products/239623/ishares-msci-hong-kong-etf/1467271812596.ajax?dataType=fund&fileName=EWH_holdings&fileType=csv,,high
A17U.SI,CAPITALAND ASCENDAS REIT,Singapore,Real Estate,A17U,Singapore Exchange,,0.04,EWH,https://www.ishares.com/us/products/239623/ishares-msci-hong-kong-etf/1467271812596.ajax?dataType=fund&fileName=EWH_holdings&fileType=csv,,high
C38U.SI,CAPITALAND INTEGRATED COMMERCIAL T,Singapore,Real Estate,CICT,Singapore Exchange,,0.05,EWH,https://www.ishares.com/us/products/239623/ishares-msci-hong-kong-etf/1467271812596.ajax?dataType=fund&fileName=EWH_holdings&fileType=csv,,high
9CI.SI,CAPITALAND INVESTMENT LTD,Singapore,Real Estate,9CI,Singapore Exchange,,0.02,EWH,https://www.ishares.com/us/products/239623/ishares-msci-hong-kong-etf/1467271812596.ajax?dataType=fund&fileName=EWH_holdings&fileType=csv,,high
COV.PA,COVIVIO SA,France,Real Estate,COV,Nyse Euronext - Euronext Paris,,0.02,EWH,https://www.ishares.com/us/products/239623/ishares-msci-hong-kong-etf/1467271812596.ajax?dataType=fund&fileName=EWH_holdings&fileType=csv,,high
BALD-B.ST,FASTIGHETS BALDER CLASS B,Sweden,Real Estate,BALD B,Nasdaq Omx Nordic,,0.02,EWH,https://www.ishares.com/us/products/239623/ishares-msci-hong-kong-etf/1467271812596.ajax?dataType=fund&fileName=EWH_holdings&fileType=csv,,med
GFC.PA,GECINA SA,France,Real Estate,GFC,Nyse Euronext - Euronext Paris,,0.02,EWH,https://www.ishares.com/us/products/239623/ishares-msci-hong-kong-etf/1467271812596.ajax?dataType=fund&fileName=EWH_holdings&fileType=csv,,high
GMG.AX,GOODMAN GROUP UNITS,Australia,Real Estate,GMG,Asx - All Markets,,0.19,EWH,https://www.ishares.com/us/products/239623/ishares-msci-hong-kong-etf/1467271812596.ajax?dataType=fund&fileName=EWH_holdings&fileType=csv,,high
H78.SI,HONGKONG LAND HOLDINGS LTD,Hong Kong,Real Estate,H78,Singapore Exchange,,0.04,EWH,https://www.ishares.com/us/products/239623/ishares-msci-hong-kong-etf/1467271812596.ajax?dataType=fund&fileName=EWH_holdings&fileType=csv,,high
LI.PA,KLEPIERRE REIT SA,France,Real Estate,LI,Nyse Euronext - Euronext Paris,,0.04,EWH,https://www.ishares.com/us/products/239623/ishares-msci-hong-kong-etf/1467271812596.ajax?dataType=fund&fileName=EWH_holdings&fileType=csv,,high
LAND.L,LAND SECURITIES GROUP REIT PLC,United Kingdom,Real Estate,LAND,London Stock Exchange,,0.03,EWH,https://www.ishares.com/us/products/239623/ishares-msci-hong-kong-etf/1467271812596.ajax?dataType=fund&fileName=EWH_holdings&fileType=csv,,high
LEG.DE,LEG IMMOBILIEN N,Germany,Real Estate,LEG,Xetra,,0.03,EWH,https://www.ishares.com/us/products/239623/ishares-msci-hong-kong-etf/1467271812596.ajax?dataType=fund&fileName=EWH_holdings&fileType=csv,,high
SAGA-B.ST,SAGAX CLASS B,Sweden,Real Estate,SAGA B,Nasdaq Omx Nordic,,0.02,EWH,https://www.ishares.com/us/products/239623/ishares-msci-hong-kong-etf/1467271812596.ajax?dataType=fund&fileName=EWH_holdings&fileType=csv,,med
SCG.AX,SCENTRE GROUP,Australia,Real Estate,SCG,Asx - All Markets,,0.06,EWH,https://www.ishares.com/us/products/239623/ishares-msci-hong-kong-etf/1467271812596.ajax?dataType=fund&fileName=EWH_holdings&fileType=csv,,high
SGRO.L,SEGRO REIT PLC,United Kingdom,Real Estate,SGRO,London Stock Exchange,,0.06,EWH,https://www.ishares.com/us/products/239623/ishares-msci-hong-kong-etf/1467271812596.ajax?dataType=fund&fileName=EWH_holdings&fileType=csv,,high
SGP.AX,STOCKLAND STAPLED UNITS LTD,Australia,Real Estate,SGP,Asx - All Markets,,0.04,EWH,https://www.ishares.com/us/products/239623/ishares-msci-hong-kong-etf/1467271812596.ajax?dataType=fund&fileName=EWH_holdings&fileType=csv,,high
SPSN.SW,SWISS PRIME SITE AG,Switzerland,Real Estate,SPSN,SIX Swiss Exchange,,0.07,EWH,https://www.ishares.com/us/products/239623/ishares-msci-hong-kong-etf/1467271812596.ajax?dataType=fund&fileName=EWH_holdings&fileType=csv,,med
URW.PA,UNIBAIL RODAMCO WE STAPLED UNITS,France,Real Estate,URW,Nyse Euronext - Euronext Paris,,0.06,EWH,https://www.ishares.com/us/products/239623/ishares-msci-hong-kong-etf/1467271812596.ajax?dataType=fund&fileName=EWH_holdings&fileType=csv,,high
VCX.AX,VICINITY CENTRES,Australia,Real Estate,VCX,Asx - All Markets,,0.03,EWH,https://www.ishares.com/us/products/239623/ishares-msci-hong-kong-etf/1467271812596.ajax?dataType=fund&fileName=EWH_holdings&fileType=csv,,high
VNA.DE,VONOVIA SE,Germany,Real Estate,VNA,Xetra,,0.11,EWH,https://www.ishares.com/us/products/239623/ishares-msci-hong-kong-etf/1467271812596.ajax?dataType=fund&fileName=EWH_holdings&fileType=csv,,high
ANA.MC,ACCIONA SA,Spain,Utilities,ANA,Bolsa De Madrid,,0.03,EWH,https://www.ishares.com/us/products/239623/ishares-msci-hong-kong-etf/1467271812596.ajax?dataType=fund&fileName=EWH_holdings&fileType=csv,,high
APA.AX,APA GROUP UNITS,Australia,Utilities,APA,Asx - All Markets,,0.04,EWH,https://www.ishares.com/us/products/239623/ishares-msci-hong-kong-etf/1467271812596.ajax?dataType=fund&fileName=EWH_holdings&fileType=csv,,high
BKW.SW,BKW N AG,Switzerland,Utilities,BKW,SIX Swiss Exchange,,0.02,EWH,https://www.ishares.com/us/products/239623/ishares-msci-hong-kong-etf/1467271812596.ajax?dataType=fund&fileName=EWH_holdings&fileType=csv,,med
CNA.L,CENTRICA PLC,United Kingdom,Utilities,CNA,London Stock Exchange,,0.06,EWH,https://www.ishares.com/us/products/239623/ishares-msci-hong-kong-etf/1467271812596.ajax?dataType=fund&fileName=EWH_holdings&fileType=csv,,high
CEN,CONTACT ENERGY LTD,New Zealand,Utilities,CEN,New Zealand Exchange Ltd,,0.02,EWH,https://www.ishares.com/us/products/239623/ishares-msci-hong-kong-etf/1467271812596.ajax?dataType=fund&fileName=EWH_holdings&fileType=csv,,low
EOAN.DE,E.ON N,Germany,Utilities,EOAN,Xetra,,0.23,EWH,https://www.ishares.com/us/products/239623/ishares-msci-hong-kong-etf/1467271812596.ajax?dataType=fund&fileName=EWH_holdings&fileType=csv,,high
EDP.LS,EDP ENERGIAS DE PORTUGAL SA,Portugal,Utilities,EDP,Nyse Euronext - Euronext Lisbon,,0.07,EWH,https://www.ishares.com/us/products/239623/ishares-msci-hong-kong-etf/1467271812596.ajax?dataType=fund&fileName=EWH_holdings&fileType=csv,,med
EDPR.LS,EDP RENOVAVEIS SA,Portugal,Utilities,EDPR,Nyse Euronext - Euronext Lisbon,,0.02,EWH,https://www.ishares.com/us/products/239623/ishares-msci-hong-kong-etf/1467271812596.ajax?dataType=fund&fileName=EWH_holdings&fileType=csv,,med
ELI.BR,ELIA GROUP SA,Belgium,Utilities,ELI,Nyse Euronext - Euronext Brussels,,0.03,EWH,https://www.ishares.com/us/products/239623/ishares-msci-hong-kong-etf/1467271812596.ajax?dataType=fund&fileName=EWH_holdings&fileType=csv,,high
ELE.MC,ENDESA SA,Spain,Utilities,ELE,Bolsa De Madrid,,0.06,EWH,https://www.ishares.com/us/products/239623/ishares-msci-hong-kong-etf/1467271812596.ajax?dataType=fund&fileName=EWH_holdings&fileType=csv,,high
ENEL.MI,ENEL,Italy,Utilities,ENEL,Borsa Italiana,,0.43,EWH,https://www.ishares.com/us/products/239623/ishares-msci-hong-kong-etf/1467271812596.ajax?dataType=fund&fileName=EWH_holdings&fileType=csv,,high
ENGI.PA,ENGIE SA,France,Utilities,ENGI,Nyse Euronext - Euronext Paris,,0.27,EWH,https://www.ishares.com/us/products/239623/ishares-msci-hong-kong-etf/1467271812596.ajax?dataType=fund&fileName=EWH_holdings&fileType=csv,,high
FORTUM.HE,FORTUM,Finland,Utilities,FORTUM,Nasdaq Omx Helsinki Ltd.,,0.05,EWH,https://www.ishares.com/us/products/239623/ishares-msci-hong-kong-etf/1467271812596.ajax?dataType=fund&fileName=EWH_holdings&fileType=csv,,med
IBE.MC,IBERDROLA SA,Spain,Utilities,IBE,Bolsa De Madrid,,0.69,EWH,https://www.ishares.com/us/products/239623/ishares-msci-hong-kong-etf/1467271812596.ajax?dataType=fund&fileName=EWH_holdings&fileType=csv,,high
IG.MI,ITALGAS,Italy,Utilities,IG,Borsa Italiana,,0.04,EWH,https://www.ishares.com/us/products/239623/ishares-msci-hong-kong-etf/1467271812596.ajax?dataType=fund&fileName=EWH_holdings&fileType=csv,,high
MEL,MERIDIAN ENERGY LTD,New Zealand,Utilities,MEL,New Zealand Exchange Ltd,,0.02,EWH,https://www.ishares.com/us/products/239623/ishares-msci-hong-kong-etf/1467271812596.ajax?dataType=fund&fileName=EWH_holdings&fileType=csv,,low
NG.L,NATIONAL GRID PLC,United Kingdom,Utilities,NG.,London Stock Exchange,,0.43,EWH,https://www.ishares.com/us/products/239623/ishares-msci-hong-kong-etf/1467271812596.ajax?dataType=fund&fileName=EWH_holdings&fileType=csv,,high
NTGY.MC,NATURGY ENERGY GROUP SA,Spain,Utilities,NTGY,Bolsa De Madrid,,0.04,EWH,https://www.ishares.com/us/products/239623/ishares-msci-hong-kong-etf/1467271812596.ajax?dataType=fund&fileName=EWH_holdings&fileType=csv,,high
ORG.AX,ORIGIN ENERGY LTD,Australia,Utilities,ORG,Asx - All Markets,,0.07,EWH,https://www.ishares.com/us/products/239623/ishares-msci-hong-kong-etf/1467271812596.ajax?dataType=fund&fileName=EWH_holdings&fileType=csv,,high
ORSTED.CO,ORSTED A/S,Denmark,Utilities,ORSTED,Omx Nordic Exchange Copenhagen A/S,,0.06,EWH,https://www.ishares.com/us/products/239623/ishares-msci-hong-kong-etf/1467271812596.ajax?dataType=fund&fileName=EWH_holdings&fileType=csv,,med
RED.MC,REDEIA CORPORACION SA,Spain,Utilities,RED,Bolsa De Madrid,,0.03,EWH,https://www.ishares.com/us/products/239623/ishares-msci-hong-kong-etf/1467271812596.ajax?dataType=fund&fileName=EWH_holdings&fileType=csv,,high
RWE.DE,RWE AG,Germany,Utilities,RWE,Xetra,,0.19,EWH,https://www.ishares.com/us/products/239623/ishares-msci-hong-kong-etf/1467271812596.ajax?dataType=fund&fileName=EWH_holdings&fileType=csv,,high
U96.SI,SEMBCORP INDUSTRIES LTD,Singapore,Utilities,U96,Singapore Exchange,,0.02,EWH,https://www.ishares.com/us/products/239623/ishares-msci-hong-kong-etf/1467271812596.ajax?dataType=fund&fileName=EWH_holdings&fileType=csv,,high
SVT.L,SEVERN TRENT PLC,United Kingdom,Utilities,SVT,London Stock Exchange,,0.05,EWH,https://www.ishares.com/us/products/239623/ishares-msci-hong-kong-etf/1467271812596.ajax?dataType=fund&fileName=EWH_holdings&fileType=csv,,high
SRG.MI,SNAM,Italy,Utilities,SRG,Borsa Italiana,,0.07,EWH,https://www.ishares.com/us/products/239623/ishares-msci-hong-kong-etf/1467271812596.ajax?dataType=fund&fileName=EWH_holdings&fileType=csv,,high
SSE.L,SSE PLC,United Kingdom,Utilities,SSE,London Stock Exchange,,0.2,EWH,https://www.ishares.com/us/products/239623/ishares-msci-hong-kong-etf/1467271812596.ajax?dataType=fund&fileName=EWH_holdings&fileType=csv,,high
TRN.MI,TERNA RETE ELETTRICA NAZIONALE,Italy,Utilities,TRN,Borsa Italiana,,0.08,EWH,https://www.ishares.com/us/products/239623/ishares-msci-hong-kong-etf/1467271812596.ajax?dataType=fund&fileName=EWH_holdings&fileType=csv,,high
UU.L,UNITED UTILITIES GROUP PLC,United Kingdom,Utilities,UU.,London Stock Exchange,,0.06,EWH,https://www.ishares.com/us/products/239623/ishares-msci-hong-kong-etf/1467271812596.ajax?dataType=fund&fileName=EWH_holdings&fileType=csv,,high
VIE.PA,VEOLIA ENVIRON. SA,France,Utilities,VIE,Nyse Euronext - Euronext Paris,,0.11,EWH,https://www.ishares.com/us/products/239623/ishares-msci-hong-kong-etf/1467271812596.ajax?dataType=fund&fileName=EWH_holdings&fileType=csv,,high
VER.VI,VERBUND AG,Austria,Utilities,VER,Wiener Boerse Ag,,0.03,EWH,https://www.ishares.com/us/products/239623/ishares-msci-hong-kong-etf/1467271812596.ajax?dataType=fund&fileName=EWH_holdings&fileType=csv,,med
